customer_id,company_name,signup_date,country,industry,company_size,acquisition_channel,sales_region
C00001,Fusion Solutions,2024-04-12,Australia,Technology,Medium,Referral,APAC
C00002,Bright Works,2024-08-02,USA,Manufacturing,Medium,Partner,North America
C00003,Digital Networks,2024-12-09,Germany,Retail,Small,Organic Search,Europe
C00004,Digital Solutions,2024-01-22,USA,Technology,Medium,Paid Search,North America
C00005,Apex Software,2025-07-20,Other,Healthcare,Large,Referral,Other
C00006,Blue Technologies,2024-09-30,Other,Other,Large,Paid Search,Other
C00007,Prime Labs,2024-12-05,USA,Education,Medium,Sales,North America
C00008,Bright Technologies,2025-07-15,UK,Retail,Medium,Paid Social,Europe
C00009,Next Software,2025-07-09,Other,Marketing,Medium,Email Marketing,Other
C00010,Blue Analytics,2024-09-08,USA,Retail,Small,Paid Search,North America
C00011,Cloud Services,2024-08-04,USA,Finance,Small,Sales,North America
C00012,Cloud Analytics,2025-06-04,Australia,Technology,Small,Sales,APAC
C00013,Digital Software,2025-11-05,Australia,Education,Large,Referral,APAC
C00014,Next Works,2024-07-19,UK,Retail,Small,Paid Search,Europe
C00015,Prime Labs,2024-04-08,UK,Retail,Medium,Paid Search,Europe
C00016,Fusion Networks,2024-01-05,UK,Professional Services,Medium,Paid Social,Europe
C00017,Vertex Works,2025-04-05,USA,Marketing,Medium,Referral,North America
C00018,Summit Solutions,2025-02-10,UK,Finance,Small,Email Marketing,Europe
C00019,Digital Systems,2024-03-26,Singapore,Education,Small,Organic Search,APAC
C00020,Cloud Services,2024-11-26,USA,Technology,Small,Sales,North America
C00021,Next Services,2024-10-09,India,Manufacturing,Large,Organic Search,APAC
C00022,Bright Analytics,2024-11-13,USA,Technology,Small,Email Marketing,North America
C00023,Summit Technologies,2024-08-20,India,Technology,Small,Organic Search,APAC
C00024,Nova Group,2025-01-21,USA,Retail,Small,Referral,North America
C00025,Bright Software,2024-08-12,UK,Education,Medium,Paid Social,Europe
C00026,Vertex Technologies,2025-03-14,Australia,Retail,Medium,Paid Search,APAC
C00027,Core Group,2024-07-16,India,Manufacturing,Medium,Organic Search,APAC
C00028,Prime Solutions,2025-04-08,USA,Education,Medium,Organic Search,North America
C00029,Nova Analytics,2024-05-27,UK,Technology,Medium,Paid Search,Europe
C00030,Fusion Solutions,2025-10-02,Canada,Professional Services,Small,Paid Social,North America
C00031,Nova Labs,2024-09-19,UK,Manufacturing,Medium,Paid Social,Europe
C00032,Apex Solutions,2024-10-30,Other,Finance,Large,Organic Search,Other
C00033,Next Systems,2025-10-20,Canada,Marketing,Large,Partner,North America
C00034,Apex Solutions,2025-08-09,Other,Professional Services,Medium,Referral,Other
C00035,Apex Systems,2024-06-01,USA,Technology,Medium,Referral,North America
C00036,Next Software,2024-06-09,USA,Finance,Small,Paid Search,North America
C00037,Summit Group,2024-07-13,UK,Finance,Small,Paid Search,Europe
C00038,Nova Works,2025-10-31,Other,Healthcare,Large,Referral,Other
C00039,Prime Systems,2025-08-31,UK,Finance,Small,Partner,Europe
C00040,Blue Group,2025-06-30,Australia,Technology,Enterprise,Paid Social,APAC
C00041,Prime Labs,2024-04-08,Canada,Other,Small,Referral,North America
C00042,Nova Services,2024-04-25,USA,Healthcare,Large,Paid Search,North America
C00043,Bright Software,2025-07-19,Canada,Finance,Small,Referral,North America
C00044,Core Group,2025-09-30,India,Marketing,Medium,Referral,APAC
C00045,Next Networks,2024-06-24,UK,Retail,Small,Paid Search,Europe
C00046,Digital Solutions,2024-02-05,Australia,Education,Medium,Partner,APAC
C00047,Prime Services,2025-04-15,USA,Finance,Small,Referral,North America
C00048,Vertex Networks,2025-11-28,India,Retail,Medium,Organic Search,APAC
C00049,Digital Works,2024-02-23,India,Retail,Large,Paid Search,APAC
C00050,Summit Analytics,2024-04-12,USA,Technology,Medium,Paid Social,North America
C00051,Prime Networks,2025-10-17,Other,Finance,Small,Partner,Other
C00052,Blue Labs,2024-12-11,USA,Other,Large,Referral,North America
C00053,Apex Analytics,2024-02-27,Singapore,Healthcare,Small,Organic Search,APAC
C00054,Bright Software,2024-08-24,USA,Other,Medium,Referral,North America
C00055,Digital Works,2024-03-16,UK,Technology,Small,Paid Search,Europe
C00056,Fusion Networks,2024-02-16,USA,Manufacturing,Medium,Paid Social,North America
C00057,Fusion Networks,2025-03-07,Australia,Retail,Medium,Referral,APAC
C00058,Cloud Analytics,2024-04-09,USA,Healthcare,Medium,Paid Social,North America
C00059,Digital Systems,2024-11-20,Canada,Education,Large,Email Marketing,North America
C00060,Core Works,2025-10-25,Canada,Finance,Small,Sales,North America
C00061,Digital Technologies,2024-09-24,India,Other,Large,Organic Search,APAC
C00062,Fusion Networks,2024-09-09,USA,Education,Small,Paid Search,North America
C00063,Nova Analytics,2025-08-24,USA,Retail,Medium,Referral,North America
C00064,Next Solutions,2025-02-23,India,Other,Medium,Paid Search,APAC
C00065,Summit Works,2025-11-19,Canada,Technology,Small,Referral,North America
C00066,Cloud Systems,2025-01-03,Canada,Professional Services,Small,Paid Search,North America
C00067,Prime Services,2024-12-07,USA,Technology,Small,Email Marketing,North America
C00068,Blue Works,2025-03-30,Other,Education,Medium,Paid Social,Other
C00069,Apex Software,2024-04-08,UK,Finance,Small,Email Marketing,Europe
C00070,Prime Software,2024-04-18,Other,Other,Enterprise,Organic Search,Other
C00071,Cloud Group,2024-08-22,Canada,Other,Medium,Sales,North America
C00072,Nova Works,2025-06-02,India,Retail,Small,Sales,APAC
C00073,Vertex Labs,2024-01-29,USA,Other,Small,Paid Search,North America
C00074,Prime Group,2025-05-25,Singapore,Education,Small,Partner,APAC
C00075,Nova Networks,2024-06-15,India,Marketing,Small,Paid Social,APAC
C00076,Digital Services,2025-10-21,USA,Technology,Medium,Partner,North America
C00077,Fusion Works,2024-07-09,India,Technology,Medium,Paid Social,APAC
C00078,Vertex Services,2024-03-20,India,Other,Small,Referral,APAC
C00079,Bright Group,2025-02-05,USA,Retail,Small,Email Marketing,North America
C00080,Next Group,2024-09-15,Singapore,Technology,Small,Email Marketing,APAC
C00081,Fusion Technologies,2025-02-11,UK,Retail,Small,Paid Social,Europe
C00082,Cloud Services,2025-06-23,USA,Other,Enterprise,Referral,North America
C00083,Nova Solutions,2025-04-05,Canada,Technology,Large,Sales,North America
C00084,Core Works,2024-09-12,UK,Marketing,Small,Sales,Europe
C00085,Core Works,2024-04-28,India,Professional Services,Medium,Email Marketing,APAC
C00086,Nova Services,2024-10-08,India,Other,Large,Sales,APAC
C00087,Blue Works,2024-04-08,USA,Technology,Small,Referral,North America
C00088,Blue Services,2025-03-12,UK,Professional Services,Medium,Paid Search,Europe
C00089,Nova Analytics,2024-01-01,Other,Education,Small,Referral,Other
C00090,Digital Labs,2025-07-04,Canada,Finance,Medium,Paid Social,North America
C00091,Summit Works,2024-02-23,Other,Technology,Medium,Referral,Other
C00092,Nova Technologies,2025-07-31,Australia,Marketing,Medium,Email Marketing,APAC
C00093,Next Software,2024-11-30,India,Marketing,Small,Paid Social,APAC
C00094,Fusion Labs,2024-04-15,Germany,Marketing,Small,Email Marketing,Europe
C00095,Core Solutions,2025-05-22,USA,Technology,Medium,Paid Search,North America
C00096,Next Systems,2024-04-20,USA,Technology,Small,Organic Search,North America
C00097,Nova Networks,2024-12-25,Canada,Healthcare,Large,Paid Social,North America
C00098,Blue Group,2024-02-20,USA,Technology,Small,Organic Search,North America
C00099,Fusion Services,2025-05-27,India,Healthcare,Large,Organic Search,APAC
C00100,Cloud Networks,2024-09-05,India,Education,Medium,Organic Search,APAC
C00101,Next Group,2024-09-13,USA,Education,Enterprise,Paid Social,North America
C00102,Core Analytics,2025-06-09,UK,Healthcare,Medium,Partner,Europe
C00103,Nova Networks,2024-01-07,Canada,Manufacturing,Medium,Organic Search,North America
C00104,Cloud Software,2024-01-15,USA,Professional Services,Small,Referral,North America
C00105,Vertex Networks,2024-03-26,USA,Technology,Large,Referral,North America
C00106,Next Analytics,2024-03-07,UK,Finance,Medium,Partner,Europe
C00107,Nova Analytics,2025-01-03,UK,Healthcare,Small,Sales,Europe
C00108,Bright Group,2024-11-10,Other,Education,Small,Organic Search,Other
C00109,Next Software,2025-05-17,India,Manufacturing,Small,Sales,APAC
C00110,Bright Technologies,2024-05-16,USA,Finance,Small,Email Marketing,North America
C00111,Next Group,2025-04-12,Other,Manufacturing,Large,Paid Search,Other
C00112,Digital Works,2025-07-27,Other,Finance,Medium,Paid Search,Other
C00113,Digital Labs,2024-11-21,Other,Professional Services,Small,Partner,Other
C00114,Core Solutions,2024-03-30,Australia,Technology,Medium,Email Marketing,APAC
C00115,Nova Analytics,2025-11-03,India,Healthcare,Medium,Paid Social,APAC
C00116,Next Group,2025-10-03,USA,Technology,Small,Organic Search,North America
C00117,Blue Analytics,2025-02-22,USA,Marketing,Large,Email Marketing,North America
C00118,Bright Analytics,2025-04-03,Other,Technology,Small,Partner,Other
C00119,Core Networks,2024-08-16,USA,Technology,Small,Sales,North America
C00120,Summit Analytics,2025-07-27,India,Marketing,Small,Sales,APAC
C00121,Cloud Services,2025-06-09,Singapore,Education,Medium,Paid Social,APAC
C00122,Prime Software,2024-05-24,Singapore,Healthcare,Medium,Sales,APAC
C00123,Cloud Systems,2024-07-16,Other,Education,Small,Organic Search,Other
C00124,Blue Software,2025-04-22,Singapore,Professional Services,Small,Paid Search,APAC
C00125,Cloud Group,2024-10-15,USA,Finance,Medium,Sales,North America
C00126,Next Works,2024-06-07,India,Healthcare,Medium,Paid Social,APAC
C00127,Prime Systems,2024-06-05,USA,Professional Services,Medium,Referral,North America
C00128,Next Group,2024-10-18,Canada,Education,Large,Email Marketing,North America
C00129,Next Technologies,2024-05-13,India,Healthcare,Large,Organic Search,APAC
C00130,Blue Analytics,2025-09-14,Canada,Education,Small,Sales,North America
C00131,Next Services,2024-05-06,USA,Finance,Medium,Paid Search,North America
C00132,Summit Services,2025-02-10,USA,Retail,Small,Organic Search,North America
C00133,Apex Works,2024-01-01,Germany,Finance,Medium,Paid Search,Europe
C00134,Vertex Services,2024-05-16,USA,Professional Services,Medium,Organic Search,North America
C00135,Cloud Solutions,2025-08-24,Singapore,Retail,Small,Partner,APAC
C00136,Cloud Group,2024-06-30,USA,Finance,Small,Sales,North America
C00137,Cloud Systems,2025-10-27,USA,Education,Small,Email Marketing,North America
C00138,Summit Solutions,2025-09-21,Germany,Finance,Small,Paid Search,Europe
C00139,Next Solutions,2024-11-13,USA,Technology,Small,Paid Social,North America
C00140,Cloud Technologies,2024-01-18,USA,Professional Services,Medium,Paid Social,North America
C00141,Summit Solutions,2024-08-09,UK,Technology,Small,Sales,Europe
C00142,Nova Software,2025-04-02,Singapore,Finance,Large,Email Marketing,APAC
C00143,Next Group,2024-12-14,India,Finance,Small,Organic Search,APAC
C00144,Prime Analytics,2024-08-26,UK,Marketing,Medium,Partner,Europe
C00145,Bright Works,2024-03-18,UK,Manufacturing,Enterprise,Email Marketing,Europe
C00146,Prime Systems,2024-01-07,UK,Professional Services,Large,Organic Search,Europe
C00147,Fusion Technologies,2024-10-11,India,Marketing,Large,Paid Search,APAC
C00148,Apex Technologies,2025-04-15,USA,Manufacturing,Small,Partner,North America
C00149,Fusion Analytics,2024-02-22,USA,Marketing,Medium,Organic Search,North America
C00150,Apex Analytics,2024-02-28,Singapore,Manufacturing,Small,Organic Search,APAC
C00151,Fusion Networks,2024-08-24,India,Retail,Medium,Paid Search,APAC
C00152,Blue Networks,2024-01-29,USA,Retail,Small,Sales,North America
C00153,Digital Software,2024-12-21,India,Technology,Small,Paid Social,APAC
C00154,Next Technologies,2025-09-20,USA,Technology,Large,Sales,North America
C00155,Blue Networks,2024-09-24,UK,Finance,Medium,Sales,Europe
C00156,Vertex Solutions,2025-07-11,USA,Technology,Medium,Organic Search,North America
C00157,Summit Analytics,2024-01-29,India,Retail,Small,Partner,APAC
C00158,Next Labs,2024-08-14,Other,Healthcare,Enterprise,Organic Search,Other
C00159,Core Technologies,2025-07-01,India,Technology,Large,Sales,APAC
C00160,Apex Analytics,2024-07-19,Australia,Technology,Small,Partner,APAC
C00161,Prime Group,2024-02-11,India,Technology,Small,Organic Search,APAC
C00162,Fusion Services,2025-06-07,India,Technology,Large,Organic Search,APAC
C00163,Blue Labs,2025-05-11,USA,Finance,Large,Partner,North America
C00164,Core Networks,2025-04-29,Canada,Manufacturing,Small,Paid Social,North America
C00165,Summit Networks,2025-05-03,Other,Technology,Medium,Email Marketing,Other
C00166,Next Technologies,2024-03-26,Singapore,Technology,Medium,Paid Search,APAC
C00167,Fusion Software,2025-04-21,India,Manufacturing,Large,Paid Search,APAC
C00168,Prime Works,2024-09-29,UK,Healthcare,Medium,Paid Social,Europe
C00169,Cloud Systems,2024-06-19,USA,Professional Services,Small,Paid Search,North America
C00170,Digital Technologies,2024-12-14,UK,Professional Services,Medium,Paid Search,Europe
C00171,Nova Solutions,2024-11-06,India,Other,Small,Organic Search,APAC
C00172,Digital Services,2024-02-08,USA,Technology,Small,Organic Search,North America
C00173,Summit Systems,2024-09-28,Germany,Other,Medium,Paid Search,Europe
C00174,Nova Systems,2025-01-23,Canada,Technology,Medium,Paid Search,North America
C00175,Apex Labs,2024-05-25,USA,Technology,Small,Email Marketing,North America
C00176,Digital Group,2024-12-09,USA,Other,Medium,Paid Search,North America
C00177,Summit Systems,2025-03-15,Singapore,Education,Large,Email Marketing,APAC
C00178,Fusion Technologies,2025-07-24,India,Manufacturing,Small,Sales,APAC
C00179,Bright Software,2024-08-05,USA,Other,Large,Sales,North America
C00180,Prime Technologies,2025-11-19,India,Education,Medium,Paid Search,APAC
C00181,Apex Services,2024-03-02,Other,Marketing,Medium,Referral,Other
C00182,Digital Services,2025-08-02,UK,Technology,Large,Paid Search,Europe
C00183,Blue Technologies,2024-07-13,Other,Manufacturing,Large,Referral,Other
C00184,Bright Works,2024-05-03,India,Retail,Medium,Paid Social,APAC
C00185,Prime Networks,2024-11-11,USA,Marketing,Enterprise,Organic Search,North America
C00186,Bright Analytics,2024-11-18,USA,Education,Medium,Paid Search,North America
C00187,Core Services,2024-05-26,Germany,Retail,Small,Organic Search,Europe
C00188,Core Networks,2025-11-23,Canada,Education,Medium,Organic Search,North America
C00189,Nova Systems,2024-01-31,Germany,Technology,Small,Partner,Europe
C00190,Core Labs,2024-09-14,Germany,Finance,Small,Paid Search,Europe
C00191,Prime Group,2024-08-20,UK,Retail,Medium,Paid Social,Europe
C00192,Digital Works,2025-04-11,Australia,Finance,Enterprise,Paid Search,APAC
C00193,Cloud Group,2024-10-04,Other,Education,Small,Paid Search,Other
C00194,Nova Systems,2025-02-04,UK,Retail,Medium,Organic Search,Europe
C00195,Prime Networks,2024-08-14,UK,Healthcare,Small,Sales,Europe
C00196,Apex Software,2025-06-21,USA,Healthcare,Large,Organic Search,North America
C00197,Vertex Group,2024-09-27,Australia,Professional Services,Small,Organic Search,APAC
C00198,Blue Works,2025-04-03,USA,Other,Small,Paid Social,North America
C00199,Digital Group,2024-03-24,India,Retail,Enterprise,Paid Search,APAC
C00200,Nova Analytics,2025-06-10,Canada,Retail,Large,Partner,North America
C00201,Nova Systems,2024-02-29,USA,Manufacturing,Medium,Partner,North America
C00202,Prime Systems,2024-07-17,UK,Technology,Small,Email Marketing,Europe
C00203,Vertex Systems,2025-07-11,India,Technology,Medium,Referral,APAC
C00204,Blue Technologies,2025-06-04,USA,Finance,Small,Referral,North America
C00205,Nova Group,2024-12-09,India,Other,Small,Paid Social,APAC
C00206,Core Group,2025-06-27,UK,Professional Services,Enterprise,Sales,Europe
C00207,Bright Group,2025-11-21,USA,Retail,Enterprise,Organic Search,North America
C00208,Nova Labs,2024-04-01,Canada,Finance,Small,Paid Search,North America
C00209,Fusion Technologies,2025-08-11,USA,Healthcare,Small,Referral,North America
C00210,Prime Group,2024-05-22,USA,Technology,Small,Referral,North America
C00211,Next Analytics,2024-01-09,Other,Technology,Medium,Partner,Other
C00212,Core Systems,2025-11-20,UK,Professional Services,Medium,Paid Social,Europe
C00213,Apex Networks,2024-07-26,India,Manufacturing,Medium,Referral,APAC
C00214,Prime Networks,2024-01-14,USA,Technology,Small,Organic Search,North America
C00215,Summit Solutions,2024-05-26,Other,Retail,Small,Partner,Other
C00216,Core Solutions,2025-08-16,USA,Education,Small,Paid Social,North America
C00217,Cloud Works,2024-02-04,USA,Healthcare,Small,Sales,North America
C00218,Vertex Analytics,2024-06-07,India,Manufacturing,Medium,Partner,APAC
C00219,Vertex Technologies,2025-07-15,Germany,Finance,Small,Partner,Europe
C00220,Bright Solutions,2024-11-30,Singapore,Healthcare,Small,Referral,APAC
C00221,Vertex Software,2024-08-24,India,Manufacturing,Small,Partner,APAC
C00222,Apex Group,2024-10-24,USA,Other,Small,Sales,North America
C00223,Bright Labs,2025-01-15,India,Finance,Small,Referral,APAC
C00224,Next Systems,2024-01-28,USA,Education,Small,Partner,North America
C00225,Fusion Networks,2024-10-27,USA,Retail,Large,Paid Social,North America
C00226,Bright Systems,2024-12-26,India,Retail,Medium,Partner,APAC
C00227,Cloud Analytics,2024-10-10,USA,Professional Services,Medium,Paid Social,North America
C00228,Vertex Technologies,2025-07-09,India,Manufacturing,Medium,Paid Social,APAC
C00229,Summit Solutions,2024-11-29,USA,Finance,Large,Organic Search,North America
C00230,Digital Networks,2024-07-16,USA,Technology,Small,Referral,North America
C00231,Nova Services,2024-10-02,Other,Other,Small,Email Marketing,Other
C00232,Vertex Software,2024-02-08,India,Finance,Medium,Referral,APAC
C00233,Next Technologies,2025-01-18,USA,Technology,Large,Partner,North America
C00234,Bright Technologies,2024-12-06,USA,Education,Small,Sales,North America
C00235,Cloud Networks,2024-07-11,Germany,Marketing,Medium,Paid Social,Europe
C00236,Vertex Labs,2025-10-09,Germany,Professional Services,Small,Partner,Europe
C00237,Fusion Technologies,2024-01-01,USA,Education,Small,Referral,North America
C00238,Apex Systems,2025-07-28,Other,Healthcare,Large,Partner,Other
C00239,Nova Services,2025-09-01,India,Retail,Medium,Sales,APAC
C00240,Apex Works,2024-10-05,India,Manufacturing,Small,Paid Social,APAC
C00241,Apex Labs,2025-10-16,UK,Education,Medium,Paid Search,Europe
C00242,Next Networks,2024-10-31,India,Healthcare,Small,Referral,APAC
C00243,Fusion Services,2024-01-03,India,Other,Large,Sales,APAC
C00244,Core Software,2024-01-12,USA,Finance,Small,Paid Social,North America
C00245,Core Software,2024-11-21,Canada,Professional Services,Medium,Sales,North America
C00246,Vertex Works,2024-12-01,UK,Marketing,Small,Email Marketing,Europe
C00247,Vertex Solutions,2024-05-20,India,Technology,Medium,Paid Search,APAC
C00248,Vertex Networks,2025-10-09,USA,Education,Medium,Paid Search,North America
C00249,Summit Analytics,2024-12-10,India,Technology,Large,Partner,APAC
C00250,Summit Group,2024-08-28,UK,Retail,Enterprise,Paid Social,Europe
C00251,Bright Group,2025-01-19,India,Finance,Small,Organic Search,APAC
C00252,Fusion Services,2024-10-03,Singapore,Retail,Small,Referral,APAC
C00253,Vertex Technologies,2025-09-28,Singapore,Professional Services,Medium,Paid Search,APAC
C00254,Vertex Networks,2025-10-25,Germany,Healthcare,Medium,Organic Search,Europe
C00255,Summit Works,2025-03-14,UK,Technology,Medium,Sales,Europe
C00256,Fusion Services,2025-10-23,USA,Education,Medium,Paid Social,North America
C00257,Summit Works,2025-08-12,UK,Technology,Small,Paid Search,Europe
C00258,Summit Analytics,2025-10-19,India,Healthcare,Medium,Referral,APAC
C00259,Vertex Analytics,2025-11-30,Australia,Education,Small,Sales,APAC
C00260,Summit Systems,2024-12-18,UK,Healthcare,Small,Paid Search,Europe
C00261,Next Group,2025-07-14,Germany,Education,Small,Referral,Europe
C00262,Nova Software,2025-07-15,Canada,Retail,Medium,Organic Search,North America
C00263,Next Group,2024-06-20,UK,Finance,Medium,Paid Social,Europe
C00264,Fusion Services,2025-03-17,Other,Technology,Medium,Organic Search,Other
C00265,Summit Solutions,2024-02-24,Australia,Retail,Medium,Partner,APAC
C00266,Blue Systems,2024-04-13,USA,Professional Services,Medium,Organic Search,North America
C00267,Bright Systems,2025-02-09,USA,Professional Services,Small,Sales,North America
C00268,Blue Technologies,2025-05-23,USA,Retail,Small,Paid Search,North America
C00269,Summit Group,2025-03-24,USA,Healthcare,Small,Referral,North America
C00270,Digital Labs,2025-02-22,Australia,Finance,Medium,Paid Search,APAC
C00271,Bright Solutions,2024-02-11,India,Education,Medium,Paid Social,APAC
C00272,Nova Solutions,2024-01-07,USA,Technology,Small,Organic Search,North America
C00273,Bright Labs,2025-04-10,Other,Finance,Large,Referral,Other
C00274,Vertex Solutions,2024-06-12,UK,Technology,Large,Sales,Europe
C00275,Nova Systems,2025-04-27,India,Technology,Small,Organic Search,APAC
C00276,Digital Systems,2025-06-20,USA,Technology,Medium,Organic Search,North America
C00277,Nova Software,2025-10-19,USA,Manufacturing,Small,Organic Search,North America
C00278,Core Technologies,2025-04-11,India,Finance,Small,Organic Search,APAC
C00279,Blue Services,2024-09-09,UK,Retail,Small,Organic Search,Europe
C00280,Vertex Systems,2024-06-04,USA,Technology,Medium,Organic Search,North America
C00281,Vertex Group,2025-09-06,USA,Retail,Small,Organic Search,North America
C00282,Prime Software,2024-08-18,Canada,Manufacturing,Small,Referral,North America
C00283,Summit Technologies,2024-06-03,India,Manufacturing,Medium,Partner,APAC
C00284,Fusion Analytics,2025-07-27,India,Technology,Small,Partner,APAC
C00285,Blue Technologies,2025-02-26,UK,Retail,Large,Referral,Europe
C00286,Blue Systems,2024-06-21,USA,Healthcare,Small,Referral,North America
C00287,Nova Analytics,2024-07-01,USA,Technology,Large,Organic Search,North America
C00288,Cloud Services,2024-08-14,India,Healthcare,Medium,Partner,APAC
C00289,Cloud Networks,2024-07-10,Australia,Retail,Medium,Paid Social,APAC
C00290,Nova Analytics,2024-08-29,USA,Marketing,Medium,Referral,North America
C00291,Blue Labs,2024-07-18,USA,Marketing,Medium,Sales,North America
C00292,Prime Analytics,2024-03-27,Canada,Technology,Small,Partner,North America
C00293,Vertex Systems,2025-04-27,USA,Other,Medium,Paid Search,North America
C00294,Blue Group,2025-02-02,Other,Professional Services,Small,Paid Search,Other
C00295,Cloud Analytics,2024-12-17,USA,Healthcare,Small,Paid Social,North America
C00296,Vertex Services,2024-12-25,UK,Healthcare,Small,Organic Search,Europe
C00297,Vertex Analytics,2024-06-17,Other,Finance,Large,Paid Search,Other
C00298,Nova Networks,2025-01-08,India,Marketing,Medium,Referral,APAC
C00299,Digital Networks,2024-09-29,Other,Retail,Small,Paid Social,Other
C00300,Cloud Analytics,2025-09-17,Other,Retail,Small,Organic Search,Other
C00301,Nova Works,2024-05-01,Australia,Manufacturing,Large,Sales,APAC
C00302,Summit Group,2025-01-31,USA,Other,Medium,Referral,North America
C00303,Blue Systems,2025-10-23,Other,Marketing,Small,Organic Search,Other
C00304,Bright Works,2024-10-09,Other,Finance,Small,Paid Search,Other
C00305,Summit Services,2025-12-01,Canada,Education,Small,Organic Search,North America
C00306,Digital Works,2024-05-07,India,Technology,Medium,Sales,APAC
C00307,Core Services,2025-05-29,Other,Technology,Small,Sales,Other
C00308,Apex Systems,2024-01-10,Canada,Manufacturing,Medium,Referral,North America
C00309,Apex Technologies,2025-08-20,Germany,Manufacturing,Large,Organic Search,Europe
C00310,Next Solutions,2025-03-12,India,Retail,Small,Paid Search,APAC
C00311,Bright Solutions,2024-04-10,USA,Healthcare,Medium,Partner,North America
C00312,Bright Systems,2024-06-02,India,Healthcare,Medium,Organic Search,APAC
C00313,Prime Analytics,2024-07-06,Australia,Technology,Medium,Paid Social,APAC
C00314,Nova Solutions,2024-12-01,USA,Professional Services,Small,Paid Social,North America
C00315,Next Networks,2024-06-07,USA,Retail,Medium,Organic Search,North America
C00316,Summit Labs,2024-04-26,Australia,Finance,Small,Organic Search,APAC
C00317,Core Services,2024-07-01,USA,Healthcare,Small,Sales,North America
C00318,Core Group,2024-04-27,UK,Healthcare,Medium,Partner,Europe
C00319,Apex Systems,2025-07-12,Germany,Healthcare,Medium,Referral,Europe
C00320,Bright Group,2025-07-26,Other,Technology,Medium,Referral,Other
C00321,Blue Systems,2025-07-16,Other,Retail,Small,Sales,Other
C00322,Summit Software,2024-02-18,India,Marketing,Medium,Referral,APAC
C00323,Digital Services,2025-10-02,Australia,Technology,Small,Organic Search,APAC
C00324,Fusion Group,2025-06-26,Other,Finance,Small,Paid Search,Other
C00325,Bright Networks,2024-08-07,USA,Retail,Medium,Email Marketing,North America
C00326,Nova Networks,2024-07-23,USA,Technology,Large,Organic Search,North America
C00327,Nova Analytics,2025-03-16,USA,Retail,Medium,Organic Search,North America
C00328,Digital Analytics,2024-07-21,Other,Finance,Large,Organic Search,Other
C00329,Fusion Works,2024-05-21,Canada,Other,Small,Referral,North America
C00330,Apex Labs,2024-10-31,India,Other,Medium,Paid Search,APAC
C00331,Cloud Labs,2024-06-26,Canada,Healthcare,Small,Referral,North America
C00332,Bright Labs,2025-10-25,USA,Manufacturing,Medium,Organic Search,North America
C00333,Blue Technologies,2025-06-12,UK,Retail,Large,Paid Search,Europe
C00334,Summit Group,2024-01-22,Germany,Education,Medium,Paid Search,Europe
C00335,Prime Labs,2025-08-10,USA,Finance,Large,Paid Social,North America
C00336,Bright Analytics,2024-02-01,USA,Technology,Small,Partner,North America
C00337,Next Networks,2024-07-31,UK,Technology,Small,Email Marketing,Europe
C00338,Digital Labs,2024-01-26,UK,Finance,Small,Paid Search,Europe
C00339,Nova Solutions,2025-07-07,India,Technology,Medium,Sales,APAC
C00340,Apex Systems,2024-11-02,USA,Technology,Small,Paid Search,North America
C00341,Next Technologies,2025-04-29,UK,Manufacturing,Small,Sales,Europe
C00342,Prime Technologies,2025-07-07,India,Finance,Small,Referral,APAC
C00343,Digital Works,2024-02-09,India,Education,Small,Paid Search,APAC
C00344,Core Software,2024-09-16,Australia,Other,Large,Organic Search,APAC
C00345,Nova Systems,2024-01-16,Other,Finance,Small,Partner,Other
C00346,Prime Labs,2024-04-11,Other,Education,Small,Referral,Other
C00347,Digital Services,2024-07-14,Canada,Marketing,Small,Partner,North America
C00348,Nova Services,2025-01-06,Singapore,Technology,Medium,Email Marketing,APAC
C00349,Digital Analytics,2024-08-13,Australia,Marketing,Medium,Organic Search,APAC
C00350,Nova Networks,2024-08-05,USA,Retail,Small,Paid Search,North America
C00351,Core Solutions,2024-03-15,UK,Education,Small,Sales,Europe
C00352,Digital Software,2024-10-15,USA,Education,Small,Referral,North America
C00353,Prime Systems,2025-03-29,Germany,Retail,Large,Paid Search,Europe
C00354,Blue Works,2025-03-17,India,Retail,Small,Organic Search,APAC
C00355,Digital Technologies,2024-10-28,Australia,Marketing,Small,Sales,APAC
C00356,Next Group,2024-04-24,Singapore,Education,Medium,Organic Search,APAC
C00357,Core Systems,2024-05-21,Germany,Finance,Small,Email Marketing,Europe
C00358,Apex Solutions,2024-10-07,India,Technology,Enterprise,Organic Search,APAC
C00359,Summit Services,2025-09-13,Singapore,Professional Services,Large,Organic Search,APAC
C00360,Bright Works,2025-09-27,Germany,Retail,Large,Organic Search,Europe
C00361,Apex Works,2025-11-06,USA,Retail,Small,Paid Social,North America
C00362,Apex Group,2024-11-29,Canada,Technology,Large,Sales,North America
C00363,Digital Solutions,2025-09-23,USA,Technology,Small,Partner,North America
C00364,Blue Solutions,2025-07-29,Australia,Finance,Medium,Paid Search,APAC
C00365,Cloud Technologies,2025-11-14,USA,Technology,Large,Referral,North America
C00366,Digital Services,2025-04-24,UK,Finance,Small,Paid Search,Europe
C00367,Vertex Services,2025-10-20,Singapore,Healthcare,Medium,Referral,APAC
C00368,Digital Solutions,2025-10-30,UK,Education,Small,Organic Search,Europe
C00369,Summit Group,2025-05-06,Other,Education,Medium,Paid Social,Other
C00370,Core Analytics,2024-09-18,Singapore,Technology,Small,Referral,APAC
C00371,Next Solutions,2025-04-11,USA,Other,Small,Paid Social,North America
C00372,Cloud Analytics,2025-03-07,USA,Retail,Medium,Organic Search,North America
C00373,Fusion Group,2025-07-08,Germany,Retail,Medium,Paid Social,Europe
C00374,Blue Solutions,2025-01-16,USA,Manufacturing,Small,Sales,North America
C00375,Prime Labs,2025-07-24,India,Marketing,Medium,Partner,APAC
C00376,Digital Labs,2024-06-16,India,Healthcare,Large,Partner,APAC
C00377,Summit Software,2024-10-27,Canada,Other,Medium,Sales,North America
C00378,Vertex Technologies,2025-11-19,UK,Education,Small,Paid Search,Europe
C00379,Fusion Solutions,2025-04-29,USA,Healthcare,Medium,Organic Search,North America
C00380,Prime Networks,2025-10-16,Canada,Healthcare,Medium,Referral,North America
C00381,Bright Works,2024-07-28,USA,Technology,Small,Organic Search,North America
C00382,Apex Solutions,2025-05-28,India,Manufacturing,Enterprise,Sales,APAC
C00383,Cloud Services,2024-08-22,India,Finance,Small,Organic Search,APAC
C00384,Vertex Solutions,2024-10-05,Australia,Technology,Small,Sales,APAC
C00385,Nova Solutions,2025-03-04,USA,Retail,Medium,Paid Social,North America
C00386,Fusion Services,2024-07-13,Germany,Marketing,Small,Paid Search,Europe
C00387,Blue Software,2024-04-27,Canada,Education,Small,Organic Search,North America
C00388,Fusion Technologies,2024-07-14,USA,Professional Services,Large,Paid Search,North America
C00389,Bright Works,2025-02-22,USA,Technology,Small,Paid Search,North America
C00390,Vertex Labs,2025-01-26,India,Retail,Enterprise,Paid Social,APAC
C00391,Vertex Networks,2025-03-09,India,Technology,Medium,Email Marketing,APAC
C00392,Bright Works,2024-06-03,USA,Marketing,Small,Paid Search,North America
C00393,Prime Software,2025-06-25,USA,Manufacturing,Small,Paid Search,North America
C00394,Vertex Labs,2025-10-07,UK,Manufacturing,Enterprise,Paid Search,Europe
C00395,Nova Group,2024-04-18,Other,Professional Services,Enterprise,Paid Social,Other
C00396,Fusion Labs,2025-01-13,Germany,Healthcare,Large,Partner,Europe
C00397,Prime Labs,2024-12-06,USA,Retail,Enterprise,Referral,North America
C00398,Vertex Solutions,2025-08-26,UK,Other,Small,Sales,Europe
C00399,Fusion Solutions,2025-05-23,Other,Marketing,Medium,Referral,Other
C00400,Bright Solutions,2024-06-13,Canada,Technology,Large,Partner,North America
C00401,Bright Works,2024-03-04,UK,Education,Small,Paid Social,Europe
C00402,Fusion Group,2025-01-29,India,Technology,Medium,Paid Social,APAC
C00403,Bright Software,2025-06-12,Other,Finance,Small,Partner,Other
C00404,Core Services,2024-08-15,USA,Retail,Medium,Paid Search,North America
C00405,Prime Systems,2025-05-13,UK,Manufacturing,Enterprise,Paid Search,Europe
C00406,Cloud Labs,2024-12-30,India,Other,Small,Organic Search,APAC
C00407,Summit Technologies,2024-05-26,USA,Retail,Small,Email Marketing,North America
C00408,Blue Technologies,2025-04-24,Other,Technology,Large,Paid Social,Other
C00409,Prime Technologies,2025-11-11,USA,Retail,Enterprise,Organic Search,North America
C00410,Vertex Services,2024-09-20,Other,Technology,Small,Organic Search,Other
C00411,Apex Labs,2025-07-02,Canada,Technology,Medium,Partner,North America
C00412,Vertex Group,2025-11-06,Canada,Technology,Small,Partner,North America
C00413,Nova Solutions,2024-03-15,USA,Technology,Large,Email Marketing,North America
C00414,Digital Group,2024-05-02,Germany,Education,Small,Sales,Europe
C00415,Nova Software,2024-07-06,USA,Professional Services,Medium,Organic Search,North America
C00416,Summit Works,2025-03-26,Australia,Marketing,Small,Sales,APAC
C00417,Prime Services,2024-11-16,India,Retail,Small,Organic Search,APAC
C00418,Fusion Systems,2024-10-07,USA,Marketing,Medium,Paid Social,North America
C00419,Vertex Works,2025-03-31,UK,Education,Medium,Paid Social,Europe
C00420,Next Technologies,2025-02-11,USA,Finance,Small,Sales,North America
C00421,Core Services,2024-01-12,India,Retail,Small,Referral,APAC
C00422,Bright Group,2025-07-14,USA,Technology,Medium,Organic Search,North America
C00423,Apex Services,2024-07-27,USA,Manufacturing,Small,Organic Search,North America
C00424,Nova Solutions,2025-07-30,USA,Finance,Large,Referral,North America
C00425,Cloud Networks,2024-05-20,India,Healthcare,Large,Referral,APAC
C00426,Fusion Software,2025-04-15,India,Healthcare,Medium,Partner,APAC
C00427,Apex Services,2024-08-22,UK,Other,Medium,Email Marketing,Europe
C00428,Bright Software,2025-06-16,India,Education,Enterprise,Organic Search,APAC
C00429,Prime Services,2025-06-23,Germany,Finance,Small,Referral,Europe
C00430,Apex Services,2025-03-30,Australia,Healthcare,Large,Sales,APAC
C00431,Nova Services,2024-06-14,India,Marketing,Small,Referral,APAC
C00432,Digital Analytics,2024-09-19,USA,Professional Services,Enterprise,Organic Search,North America
C00433,Cloud Group,2025-03-13,UK,Technology,Small,Referral,Europe
C00434,Blue Group,2024-02-23,India,Retail,Large,Organic Search,APAC
C00435,Bright Systems,2025-02-01,India,Finance,Small,Paid Social,APAC
C00436,Cloud Systems,2025-06-19,Canada,Marketing,Small,Paid Search,North America
C00437,Core Group,2024-04-28,Australia,Professional Services,Medium,Email Marketing,APAC
C00438,Summit Works,2025-11-23,USA,Healthcare,Small,Organic Search,North America
C00439,Core Works,2025-10-26,Australia,Finance,Small,Paid Search,APAC
C00440,Next Labs,2025-04-28,India,Marketing,Medium,Paid Social,APAC
C00441,Apex Technologies,2025-05-18,India,Healthcare,Small,Organic Search,APAC
C00442,Fusion Analytics,2024-08-13,India,Professional Services,Medium,Organic Search,APAC
C00443,Digital Group,2025-01-27,USA,Finance,Medium,Referral,North America
C00444,Apex Networks,2024-08-20,USA,Professional Services,Medium,Sales,North America
C00445,Digital Labs,2025-05-21,UK,Technology,Large,Referral,Europe
C00446,Apex Technologies,2024-02-18,Other,Retail,Medium,Paid Social,Other
C00447,Bright Technologies,2024-01-05,India,Retail,Small,Paid Search,APAC
C00448,Bright Technologies,2024-01-15,India,Marketing,Enterprise,Referral,APAC
C00449,Next Labs,2025-08-12,India,Healthcare,Small,Organic Search,APAC
C00450,Vertex Solutions,2024-11-26,Australia,Manufacturing,Small,Email Marketing,APAC
C00451,Core Works,2024-09-08,Other,Professional Services,Enterprise,Referral,Other
C00452,Bright Systems,2025-08-23,Singapore,Technology,Small,Organic Search,APAC
C00453,Blue Technologies,2025-09-11,Australia,Marketing,Large,Email Marketing,APAC
C00454,Cloud Software,2024-09-03,India,Manufacturing,Medium,Paid Search,APAC
C00455,Apex Works,2025-08-15,USA,Finance,Medium,Paid Social,North America
C00456,Blue Analytics,2024-03-14,Australia,Healthcare,Medium,Sales,APAC
C00457,Blue Services,2024-06-18,USA,Manufacturing,Medium,Organic Search,North America
C00458,Next Software,2024-12-14,India,Education,Small,Paid Search,APAC
C00459,Prime Systems,2025-10-28,Other,Finance,Medium,Paid Social,Other
C00460,Cloud Technologies,2025-02-07,Australia,Marketing,Enterprise,Referral,APAC
C00461,Nova Labs,2025-11-15,USA,Finance,Small,Referral,North America
C00462,Apex Services,2024-02-27,Germany,Other,Small,Sales,Europe
C00463,Blue Analytics,2024-07-11,USA,Manufacturing,Small,Email Marketing,North America
C00464,Summit Software,2025-10-22,India,Professional Services,Small,Paid Search,APAC
C00465,Nova Systems,2024-06-02,Singapore,Healthcare,Medium,Paid Social,APAC
C00466,Digital Services,2024-04-18,UK,Technology,Small,Sales,Europe
C00467,Next Analytics,2025-04-19,USA,Marketing,Medium,Paid Search,North America
C00468,Nova Services,2024-07-07,Canada,Professional Services,Small,Sales,North America
C00469,Blue Services,2025-03-08,India,Retail,Small,Organic Search,APAC
C00470,Summit Software,2025-05-23,India,Finance,Small,Email Marketing,APAC
C00471,Digital Group,2024-03-25,USA,Retail,Small,Partner,North America
C00472,Blue Services,2025-05-25,UK,Healthcare,Medium,Referral,Europe
C00473,Bright Systems,2024-04-21,Australia,Technology,Small,Sales,APAC
C00474,Core Software,2025-07-04,USA,Professional Services,Medium,Organic Search,North America
C00475,Fusion Group,2024-07-20,USA,Retail,Medium,Paid Search,North America
C00476,Blue Group,2025-05-19,India,Marketing,Medium,Organic Search,APAC
C00477,Next Software,2024-07-09,India,Healthcare,Large,Sales,APAC
C00478,Cloud Technologies,2024-07-16,Other,Professional Services,Medium,Sales,Other
C00479,Prime Labs,2025-11-11,USA,Retail,Small,Email Marketing,North America
C00480,Cloud Solutions,2025-07-28,Australia,Education,Small,Paid Social,APAC
C00481,Prime Systems,2025-04-18,USA,Professional Services,Medium,Paid Search,North America
C00482,Vertex Analytics,2025-02-22,USA,Professional Services,Enterprise,Paid Social,North America
C00483,Blue Labs,2024-11-10,India,Professional Services,Medium,Paid Social,APAC
C00484,Prime Solutions,2025-03-28,Canada,Manufacturing,Small,Sales,North America
C00485,Summit Technologies,2025-08-14,USA,Manufacturing,Small,Paid Search,North America
C00486,Summit Solutions,2025-01-10,Australia,Finance,Small,Paid Search,APAC
C00487,Digital Labs,2025-09-17,Germany,Marketing,Small,Referral,Europe
C00488,Bright Labs,2024-04-22,USA,Healthcare,Small,Paid Search,North America
C00489,Nova Services,2025-05-31,Canada,Healthcare,Small,Partner,North America
C00490,Cloud Systems,2024-01-19,Canada,Technology,Small,Paid Search,North America
C00491,Next Systems,2025-11-24,Canada,Technology,Medium,Partner,North America
C00492,Fusion Labs,2024-01-29,USA,Marketing,Large,Organic Search,North America
C00493,Fusion Systems,2024-11-17,Other,Technology,Small,Partner,Other
C00494,Nova Services,2025-02-28,USA,Finance,Small,Referral,North America
C00495,Summit Software,2024-07-26,UK,Finance,Medium,Organic Search,Europe
C00496,Digital Solutions,2024-08-06,USA,Other,Small,Organic Search,North America
C00497,Bright Networks,2025-08-18,USA,Finance,Medium,Partner,North America
C00498,Digital Technologies,2024-03-13,Canada,Education,Small,Paid Search,North America
C00499,Core Group,2025-02-16,USA,Technology,Small,Referral,North America
C00500,Digital Labs,2025-07-13,USA,Professional Services,Medium,Paid Search,North America
C00501,Vertex Services,2024-10-27,UK,Retail,Medium,Email Marketing,Europe
C00502,Fusion Technologies,2024-08-24,UK,Professional Services,Small,Referral,Europe
C00503,Vertex Services,2024-02-23,USA,Marketing,Small,Sales,North America
C00504,Next Software,2024-09-04,USA,Finance,Medium,Partner,North America
C00505,Cloud Services,2025-01-03,Australia,Technology,Large,Organic Search,APAC
C00506,Prime Networks,2024-12-31,USA,Retail,Small,Paid Social,North America
C00507,Bright Solutions,2024-06-09,Canada,Technology,Enterprise,Sales,North America
C00508,Cloud Software,2024-06-12,Other,Finance,Small,Referral,Other
C00509,Bright Services,2025-08-25,India,Technology,Small,Email Marketing,APAC
C00510,Next Works,2024-10-21,USA,Healthcare,Large,Referral,North America
C00511,Nova Works,2025-03-20,Germany,Education,Large,Paid Social,Europe
C00512,Apex Systems,2024-11-30,USA,Manufacturing,Small,Paid Social,North America
C00513,Cloud Software,2024-08-01,India,Technology,Medium,Email Marketing,APAC
C00514,Blue Labs,2024-01-03,India,Education,Small,Organic Search,APAC
C00515,Vertex Works,2024-01-21,Canada,Professional Services,Large,Paid Social,North America
C00516,Blue Networks,2024-05-08,USA,Retail,Medium,Paid Social,North America
C00517,Blue Systems,2024-02-21,Germany,Manufacturing,Small,Sales,Europe
C00518,Blue Services,2025-09-13,India,Finance,Large,Sales,APAC
C00519,Fusion Software,2024-01-06,UK,Finance,Small,Sales,Europe
C00520,Apex Works,2025-04-09,USA,Healthcare,Small,Organic Search,North America
C00521,Cloud Software,2025-08-21,USA,Professional Services,Small,Organic Search,North America
C00522,Bright Labs,2025-09-07,Germany,Finance,Medium,Paid Search,Europe
C00523,Fusion Solutions,2025-02-17,USA,Technology,Large,Organic Search,North America
C00524,Bright Solutions,2025-11-04,India,Education,Small,Organic Search,APAC
C00525,Cloud Labs,2024-04-27,USA,Other,Medium,Referral,North America
C00526,Nova Solutions,2024-01-19,Canada,Healthcare,Medium,Organic Search,North America
C00527,Cloud Works,2024-05-20,Germany,Education,Medium,Organic Search,Europe
C00528,Blue Networks,2024-11-12,USA,Technology,Medium,Organic Search,North America
C00529,Cloud Services,2024-10-31,Canada,Professional Services,Enterprise,Partner,North America
C00530,Digital Services,2024-09-07,India,Finance,Medium,Referral,APAC
C00531,Apex Solutions,2025-10-29,Canada,Professional Services,Medium,Sales,North America
C00532,Nova Services,2024-12-29,USA,Manufacturing,Medium,Organic Search,North America
C00533,Nova Solutions,2025-03-04,India,Technology,Small,Referral,APAC
C00534,Apex Analytics,2025-01-18,USA,Technology,Large,Paid Search,North America
C00535,Bright Systems,2024-10-18,Germany,Finance,Enterprise,Paid Social,Europe
C00536,Next Software,2024-08-08,UK,Retail,Small,Paid Search,Europe
C00537,Core Technologies,2025-07-27,India,Healthcare,Small,Paid Search,APAC
C00538,Next Services,2024-03-02,Germany,Healthcare,Medium,Organic Search,Europe
C00539,Fusion Systems,2024-05-15,India,Finance,Medium,Paid Search,APAC
C00540,Apex Group,2024-12-20,Canada,Education,Medium,Organic Search,North America
C00541,Vertex Networks,2025-03-17,Singapore,Professional Services,Medium,Referral,APAC
C00542,Core Group,2025-04-29,India,Professional Services,Small,Paid Search,APAC
C00543,Digital Networks,2025-06-11,USA,Retail,Small,Organic Search,North America
C00544,Prime Networks,2024-10-26,Canada,Finance,Medium,Organic Search,North America
C00545,Prime Group,2025-10-19,Other,Healthcare,Medium,Paid Social,Other
C00546,Core Systems,2024-08-09,USA,Finance,Large,Paid Social,North America
C00547,Bright Analytics,2025-08-08,UK,Manufacturing,Medium,Partner,Europe
C00548,Blue Group,2024-12-05,Australia,Professional Services,Small,Organic Search,APAC
C00549,Nova Group,2024-03-10,India,Marketing,Large,Referral,APAC
C00550,Next Group,2024-08-04,Singapore,Marketing,Small,Sales,APAC
C00551,Core Systems,2024-09-14,Canada,Manufacturing,Medium,Email Marketing,North America
C00552,Core Solutions,2025-10-13,USA,Professional Services,Large,Sales,North America
C00553,Core Works,2024-12-16,USA,Healthcare,Small,Organic Search,North America
C00554,Bright Group,2025-05-13,India,Technology,Small,Paid Search,APAC
C00555,Core Networks,2025-02-18,Australia,Education,Medium,Organic Search,APAC
C00556,Vertex Solutions,2024-12-20,Other,Healthcare,Small,Paid Search,Other
C00557,Summit Analytics,2025-11-13,Canada,Technology,Medium,Referral,North America
C00558,Prime Works,2025-10-12,Other,Retail,Medium,Organic Search,Other
C00559,Core Technologies,2025-07-15,UK,Manufacturing,Medium,Referral,Europe
C00560,Blue Software,2024-06-03,Canada,Healthcare,Large,Organic Search,North America
C00561,Cloud Software,2025-02-28,UK,Other,Small,Referral,Europe
C00562,Cloud Technologies,2024-09-16,India,Retail,Small,Referral,APAC
C00563,Next Group,2025-02-07,Canada,Technology,Small,Paid Social,North America
C00564,Nova Works,2025-06-15,Other,Finance,Medium,Paid Search,Other
C00565,Next Analytics,2025-03-13,UK,Education,Small,Organic Search,Europe
C00566,Core Analytics,2025-10-01,UK,Retail,Medium,Referral,Europe
C00567,Vertex Works,2024-06-03,Canada,Retail,Large,Email Marketing,North America
C00568,Blue Systems,2024-08-21,Canada,Education,Medium,Email Marketing,North America
C00569,Prime Technologies,2025-01-14,USA,Other,Large,Sales,North America
C00570,Fusion Systems,2024-03-11,USA,Retail,Medium,Paid Search,North America
C00571,Digital Analytics,2025-04-29,India,Other,Small,Organic Search,APAC
C00572,Fusion Software,2024-12-25,USA,Education,Small,Organic Search,North America
C00573,Bright Systems,2025-06-23,India,Education,Small,Organic Search,APAC
C00574,Bright Technologies,2024-08-10,Australia,Technology,Enterprise,Paid Search,APAC
C00575,Bright Networks,2024-01-31,USA,Finance,Large,Organic Search,North America
C00576,Summit Labs,2025-02-27,USA,Retail,Small,Organic Search,North America
C00577,Next Technologies,2024-03-05,India,Retail,Large,Organic Search,APAC
C00578,Summit Software,2024-03-29,UK,Education,Medium,Sales,Europe
C00579,Nova Services,2025-06-08,Other,Marketing,Small,Organic Search,Other
C00580,Nova Software,2025-03-22,UK,Education,Medium,Organic Search,Europe
C00581,Blue Group,2024-07-05,Australia,Technology,Small,Email Marketing,APAC
C00582,Summit Analytics,2025-08-11,UK,Finance,Medium,Organic Search,Europe
C00583,Prime Solutions,2025-11-02,USA,Technology,Large,Organic Search,North America
C00584,Summit Analytics,2024-08-24,India,Marketing,Medium,Referral,APAC
C00585,Digital Labs,2024-07-03,Australia,Retail,Large,Sales,APAC
C00586,Blue Networks,2024-12-14,Australia,Technology,Medium,Organic Search,APAC
C00587,Nova Labs,2025-08-18,USA,Retail,Small,Sales,North America
C00588,Cloud Analytics,2024-10-02,India,Retail,Small,Referral,APAC
C00589,Core Networks,2024-02-27,USA,Marketing,Large,Referral,North America
C00590,Summit Technologies,2024-04-20,Singapore,Healthcare,Medium,Partner,APAC
C00591,Nova Works,2025-05-25,UK,Other,Medium,Paid Search,Europe
C00592,Apex Systems,2025-08-28,USA,Retail,Medium,Referral,North America
C00593,Vertex Services,2024-12-29,India,Technology,Small,Referral,APAC
C00594,Digital Labs,2025-11-24,Other,Manufacturing,Medium,Organic Search,Other
C00595,Cloud Analytics,2024-08-24,USA,Education,Small,Organic Search,North America
C00596,Fusion Works,2024-02-11,India,Professional Services,Small,Partner,APAC
C00597,Prime Group,2025-02-27,Other,Healthcare,Small,Organic Search,Other
C00598,Nova Analytics,2024-08-20,USA,Healthcare,Small,Paid Search,North America
C00599,Bright Software,2025-10-29,UK,Education,Small,Paid Search,Europe
C00600,Fusion Systems,2024-10-19,Singapore,Professional Services,Small,Paid Search,APAC
C00601,Fusion Solutions,2025-07-23,Canada,Professional Services,Medium,Email Marketing,North America
C00602,Digital Analytics,2025-11-26,India,Retail,Small,Sales,APAC
C00603,Next Analytics,2025-04-16,India,Marketing,Small,Organic Search,APAC
C00604,Bright Networks,2025-01-09,Other,Healthcare,Medium,Organic Search,Other
C00605,Blue Solutions,2024-03-13,Australia,Professional Services,Medium,Sales,APAC
C00606,Fusion Technologies,2024-10-09,USA,Technology,Small,Referral,North America
C00607,Cloud Group,2024-12-16,India,Professional Services,Small,Paid Search,APAC
C00608,Vertex Group,2025-08-23,Canada,Marketing,Medium,Sales,North America
C00609,Fusion Systems,2025-04-13,Canada,Finance,Small,Paid Social,North America
C00610,Core Software,2024-10-28,UK,Finance,Small,Paid Search,Europe
C00611,Prime Analytics,2024-03-31,Other,Manufacturing,Medium,Referral,Other
C00612,Blue Networks,2024-08-29,UK,Marketing,Small,Paid Search,Europe
C00613,Blue Services,2024-08-24,USA,Healthcare,Small,Referral,North America
C00614,Digital Software,2025-07-24,UK,Professional Services,Small,Referral,Europe
C00615,Digital Networks,2025-08-24,Australia,Professional Services,Medium,Organic Search,APAC
C00616,Summit Systems,2025-08-28,USA,Other,Small,Paid Search,North America
C00617,Apex Networks,2025-08-10,India,Retail,Enterprise,Referral,APAC
C00618,Next Labs,2025-11-24,Singapore,Professional Services,Small,Sales,APAC
C00619,Bright Solutions,2025-06-12,UK,Technology,Large,Paid Search,Europe
C00620,Cloud Works,2024-12-31,USA,Technology,Medium,Partner,North America
C00621,Nova Networks,2025-11-05,USA,Education,Small,Paid Search,North America
C00622,Vertex Labs,2024-01-05,USA,Retail,Medium,Referral,North America
C00623,Prime Solutions,2024-09-05,Canada,Technology,Small,Organic Search,North America
C00624,Digital Analytics,2024-12-02,UK,Retail,Medium,Email Marketing,Europe
C00625,Vertex Group,2024-11-12,India,Marketing,Enterprise,Paid Social,APAC
C00626,Core Systems,2024-05-07,UK,Technology,Small,Organic Search,Europe
C00627,Next Analytics,2025-03-04,USA,Finance,Medium,Organic Search,North America
C00628,Digital Solutions,2024-06-19,USA,Retail,Large,Organic Search,North America
C00629,Nova Technologies,2024-04-12,UK,Education,Small,Partner,Europe
C00630,Summit Works,2024-07-15,Australia,Healthcare,Small,Sales,APAC
C00631,Summit Group,2024-12-15,India,Manufacturing,Small,Paid Search,APAC
C00632,Fusion Systems,2024-10-14,India,Retail,Medium,Paid Search,APAC
C00633,Cloud Systems,2024-01-06,USA,Technology,Small,Organic Search,North America
C00634,Prime Group,2025-03-27,USA,Retail,Large,Sales,North America
C00635,Prime Services,2024-07-11,India,Professional Services,Small,Email Marketing,APAC
C00636,Apex Software,2024-11-11,USA,Healthcare,Small,Paid Search,North America
C00637,Apex Technologies,2024-03-23,Singapore,Healthcare,Medium,Sales,APAC
C00638,Fusion Software,2024-08-24,UK,Healthcare,Medium,Partner,Europe
C00639,Prime Works,2025-09-30,USA,Education,Medium,Organic Search,North America
C00640,Nova Services,2025-02-08,Other,Retail,Small,Paid Search,Other
C00641,Core Networks,2024-02-23,USA,Healthcare,Small,Sales,North America
C00642,Digital Systems,2025-10-17,USA,Professional Services,Small,Organic Search,North America
C00643,Summit Analytics,2025-10-03,USA,Finance,Medium,Partner,North America
C00644,Vertex Works,2024-01-12,India,Technology,Small,Paid Search,APAC
C00645,Digital Works,2025-06-03,Other,Technology,Medium,Paid Search,Other
C00646,Blue Solutions,2025-10-24,USA,Professional Services,Small,Paid Social,North America
C00647,Blue Software,2024-08-15,Canada,Finance,Small,Organic Search,North America
C00648,Nova Works,2024-10-11,USA,Retail,Small,Paid Search,North America
C00649,Vertex Group,2024-01-30,India,Professional Services,Small,Referral,APAC
C00650,Bright Systems,2025-11-22,Singapore,Retail,Small,Paid Search,APAC
C00651,Blue Systems,2024-08-26,Australia,Technology,Medium,Organic Search,APAC
C00652,Fusion Services,2025-09-29,India,Technology,Small,Email Marketing,APAC
C00653,Prime Services,2025-09-09,India,Technology,Small,Paid Search,APAC
C00654,Fusion Technologies,2024-07-07,UK,Other,Medium,Paid Social,Europe
C00655,Blue Analytics,2024-07-12,USA,Finance,Large,Organic Search,North America
C00656,Digital Labs,2024-05-08,USA,Technology,Medium,Paid Social,North America
C00657,Summit Technologies,2024-08-12,India,Technology,Medium,Partner,APAC
C00658,Core Solutions,2025-09-09,Germany,Technology,Small,Email Marketing,Europe
C00659,Nova Group,2024-01-12,USA,Marketing,Large,Partner,North America
C00660,Fusion Analytics,2024-01-30,India,Technology,Small,Paid Social,APAC
C00661,Apex Systems,2024-12-26,UK,Retail,Medium,Organic Search,Europe
C00662,Digital Analytics,2024-12-28,USA,Other,Small,Referral,North America
C00663,Vertex Software,2024-03-13,India,Technology,Small,Paid Search,APAC
C00664,Nova Services,2024-02-29,Australia,Education,Medium,Paid Social,APAC
C00665,Summit Analytics,2024-03-18,India,Manufacturing,Medium,Organic Search,APAC
C00666,Digital Group,2025-09-13,USA,Education,Small,Sales,North America
C00667,Vertex Analytics,2025-03-29,Canada,Retail,Medium,Referral,North America
C00668,Core Works,2024-04-05,Canada,Education,Large,Paid Search,North America
C00669,Digital Labs,2025-03-27,USA,Technology,Small,Organic Search,North America
C00670,Apex Group,2025-08-21,UK,Retail,Small,Organic Search,Europe
C00671,Core Labs,2025-05-09,India,Retail,Large,Referral,APAC
C00672,Summit Analytics,2024-09-01,Canada,Healthcare,Small,Organic Search,North America
C00673,Bright Technologies,2024-09-07,Germany,Marketing,Medium,Sales,Europe
C00674,Core Software,2025-05-22,USA,Healthcare,Medium,Organic Search,North America
C00675,Prime Labs,2025-07-19,India,Finance,Large,Email Marketing,APAC
C00676,Next Solutions,2024-02-27,India,Retail,Medium,Sales,APAC
C00677,Vertex Services,2025-11-03,UK,Technology,Medium,Referral,Europe
C00678,Digital Services,2025-11-09,Germany,Finance,Medium,Referral,Europe
C00679,Next Systems,2024-03-26,USA,Finance,Medium,Organic Search,North America
C00680,Digital Services,2024-07-18,Other,Technology,Medium,Referral,Other
C00681,Summit Networks,2024-01-20,UK,Manufacturing,Enterprise,Paid Social,Europe
C00682,Vertex Group,2024-02-11,Germany,Technology,Medium,Referral,Europe
C00683,Bright Analytics,2025-01-03,UK,Marketing,Large,Referral,Europe
C00684,Digital Solutions,2024-09-19,UK,Healthcare,Small,Partner,Europe
C00685,Bright Group,2025-09-20,India,Professional Services,Large,Email Marketing,APAC
C00686,Core Group,2024-04-25,Canada,Healthcare,Medium,Paid Social,North America
C00687,Apex Group,2024-08-02,Australia,Retail,Medium,Paid Search,APAC
C00688,Cloud Solutions,2025-06-24,USA,Finance,Small,Referral,North America
C00689,Bright Networks,2025-02-17,Other,Marketing,Medium,Email Marketing,Other
C00690,Summit Services,2025-05-21,UK,Healthcare,Medium,Organic Search,Europe
C00691,Apex Software,2025-05-04,Canada,Technology,Small,Organic Search,North America
C00692,Blue Technologies,2025-05-10,UK,Healthcare,Small,Organic Search,Europe
C00693,Nova Services,2025-05-30,Canada,Retail,Small,Referral,North America
C00694,Core Services,2024-07-07,UK,Retail,Large,Paid Social,Europe
C00695,Vertex Works,2025-10-19,USA,Marketing,Medium,Sales,North America
C00696,Bright Technologies,2025-06-12,India,Retail,Medium,Paid Social,APAC
C00697,Cloud Networks,2024-04-17,Singapore,Healthcare,Small,Organic Search,APAC
C00698,Prime Works,2025-08-21,USA,Healthcare,Medium,Sales,North America
C00699,Digital Group,2025-08-29,Other,Technology,Large,Organic Search,Other
C00700,Core Works,2024-06-03,USA,Marketing,Small,Organic Search,North America
C00701,Summit Technologies,2024-09-27,UK,Technology,Small,Organic Search,Europe
C00702,Vertex Technologies,2025-02-25,USA,Healthcare,Small,Sales,North America
C00703,Bright Networks,2024-07-14,India,Manufacturing,Medium,Sales,APAC
C00704,Summit Solutions,2024-01-25,India,Technology,Small,Sales,APAC
C00705,Blue Networks,2025-09-22,India,Technology,Large,Sales,APAC
C00706,Core Solutions,2024-02-22,India,Retail,Medium,Organic Search,APAC
C00707,Bright Solutions,2024-12-04,Canada,Retail,Medium,Paid Search,North America
C00708,Blue Solutions,2024-03-07,India,Manufacturing,Small,Paid Social,APAC
C00709,Blue Services,2025-07-10,UK,Finance,Enterprise,Organic Search,Europe
C00710,Blue Labs,2024-11-22,USA,Technology,Small,Paid Social,North America
C00711,Digital Services,2024-09-22,Other,Manufacturing,Small,Organic Search,Other
C00712,Summit Group,2025-04-09,Australia,Professional Services,Medium,Organic Search,APAC
C00713,Core Services,2025-03-02,USA,Marketing,Small,Paid Search,North America
C00714,Vertex Labs,2024-04-01,UK,Healthcare,Medium,Paid Search,Europe
C00715,Next Software,2024-03-08,USA,Technology,Enterprise,Referral,North America
C00716,Nova Technologies,2025-08-28,India,Technology,Small,Referral,APAC
C00717,Summit Solutions,2025-01-04,USA,Professional Services,Small,Referral,North America
C00718,Next Services,2024-02-04,USA,Education,Enterprise,Partner,North America
C00719,Digital Software,2025-07-16,Canada,Education,Small,Organic Search,North America
C00720,Blue Networks,2025-11-29,India,Finance,Small,Organic Search,APAC
C00721,Summit Group,2025-09-02,USA,Healthcare,Medium,Paid Search,North America
C00722,Digital Software,2025-10-23,USA,Education,Small,Organic Search,North America
C00723,Summit Solutions,2024-08-01,Germany,Marketing,Enterprise,Organic Search,Europe
C00724,Nova Software,2024-03-04,Canada,Professional Services,Medium,Email Marketing,North America
C00725,Nova Analytics,2025-04-07,USA,Finance,Medium,Referral,North America
C00726,Bright Services,2024-10-29,USA,Healthcare,Medium,Referral,North America
C00727,Cloud Software,2024-09-01,UK,Manufacturing,Medium,Referral,Europe
C00728,Apex Networks,2025-10-21,USA,Healthcare,Medium,Paid Social,North America
C00729,Core Technologies,2025-05-12,India,Marketing,Small,Organic Search,APAC
C00730,Cloud Systems,2024-06-16,USA,Finance,Small,Organic Search,North America
C00731,Digital Technologies,2024-12-09,India,Marketing,Small,Organic Search,APAC
C00732,Bright Solutions,2024-12-10,USA,Education,Large,Referral,North America
C00733,Nova Technologies,2025-10-02,USA,Technology,Small,Partner,North America
C00734,Core Software,2024-12-10,UK,Finance,Small,Referral,Europe
C00735,Vertex Services,2024-10-13,USA,Finance,Small,Paid Search,North America
C00736,Vertex Labs,2025-04-23,USA,Education,Medium,Partner,North America
C00737,Nova Technologies,2024-09-28,USA,Finance,Medium,Referral,North America
C00738,Next Solutions,2025-08-27,Other,Other,Medium,Paid Search,Other
C00739,Blue Networks,2025-05-10,USA,Technology,Small,Organic Search,North America
C00740,Vertex Software,2024-06-12,India,Education,Small,Partner,APAC
C00741,Blue Software,2024-05-09,Canada,Marketing,Medium,Sales,North America
C00742,Nova Systems,2025-10-30,USA,Professional Services,Medium,Referral,North America
C00743,Fusion Software,2024-07-01,USA,Education,Medium,Referral,North America
C00744,Blue Solutions,2025-08-04,India,Technology,Small,Paid Search,APAC
C00745,Apex Software,2025-04-11,India,Marketing,Large,Sales,APAC
C00746,Prime Labs,2025-06-30,Germany,Technology,Enterprise,Paid Search,Europe
C00747,Vertex Solutions,2024-05-23,India,Technology,Small,Paid Search,APAC
C00748,Vertex Services,2025-07-07,India,Marketing,Large,Partner,APAC
C00749,Cloud Analytics,2025-06-01,Canada,Marketing,Medium,Paid Search,North America
C00750,Bright Solutions,2024-11-26,India,Technology,Small,Sales,APAC
C00751,Prime Systems,2025-08-24,USA,Education,Small,Email Marketing,North America
C00752,Next Analytics,2024-04-21,USA,Manufacturing,Small,Partner,North America
C00753,Core Group,2024-02-04,Germany,Technology,Small,Partner,Europe
C00754,Vertex Works,2024-06-20,USA,Manufacturing,Medium,Referral,North America
C00755,Vertex Solutions,2025-11-29,UK,Healthcare,Large,Sales,Europe
C00756,Digital Analytics,2024-04-25,India,Professional Services,Large,Organic Search,APAC
C00757,Bright Technologies,2025-09-19,USA,Healthcare,Large,Organic Search,North America
C00758,Next Analytics,2024-09-03,USA,Retail,Large,Paid Search,North America
C00759,Nova Services,2024-12-17,UK,Other,Large,Organic Search,Europe
C00760,Apex Group,2024-12-14,India,Healthcare,Large,Paid Social,APAC
C00761,Next Systems,2024-01-14,Other,Retail,Small,Referral,Other
C00762,Cloud Labs,2025-08-19,India,Manufacturing,Large,Sales,APAC
C00763,Cloud Software,2025-03-17,USA,Marketing,Medium,Partner,North America
C00764,Apex Works,2024-11-20,USA,Technology,Small,Referral,North America
C00765,Bright Technologies,2025-03-01,USA,Technology,Large,Sales,North America
C00766,Cloud Labs,2025-03-14,Australia,Professional Services,Large,Partner,APAC
C00767,Cloud Networks,2024-08-03,USA,Retail,Small,Partner,North America
C00768,Nova Networks,2024-04-14,Canada,Marketing,Small,Organic Search,North America
C00769,Blue Software,2025-04-16,USA,Healthcare,Large,Paid Search,North America
C00770,Fusion Technologies,2024-07-07,India,Manufacturing,Large,Organic Search,APAC
C00771,Cloud Systems,2024-03-11,India,Other,Medium,Organic Search,APAC
C00772,Apex Networks,2025-05-08,India,Manufacturing,Small,Paid Social,APAC
C00773,Next Labs,2025-03-10,USA,Technology,Large,Organic Search,North America
C00774,Apex Software,2025-11-24,USA,Retail,Small,Organic Search,North America
C00775,Prime Services,2025-09-02,India,Healthcare,Enterprise,Sales,APAC
C00776,Cloud Group,2025-07-07,USA,Other,Small,Paid Search,North America
C00777,Summit Solutions,2025-02-01,Canada,Manufacturing,Large,Partner,North America
C00778,Bright Works,2025-07-22,USA,Marketing,Small,Sales,North America
C00779,Bright Analytics,2024-11-16,Other,Retail,Large,Organic Search,Other
C00780,Apex Software,2025-06-21,India,Professional Services,Large,Sales,APAC
C00781,Vertex Software,2025-01-25,USA,Retail,Small,Paid Search,North America
C00782,Bright Group,2025-08-30,Canada,Technology,Small,Paid Social,North America
C00783,Bright Labs,2024-12-05,UK,Technology,Small,Partner,Europe
C00784,Cloud Systems,2024-10-05,Other,Retail,Small,Email Marketing,Other
C00785,Fusion Labs,2025-09-12,Germany,Technology,Medium,Paid Social,Europe
C00786,Prime Software,2025-08-21,UK,Finance,Medium,Partner,Europe
C00787,Nova Software,2025-02-16,USA,Marketing,Large,Sales,North America
C00788,Summit Networks,2025-09-08,USA,Retail,Medium,Paid Search,North America
C00789,Prime Networks,2024-08-13,Canada,Finance,Small,Paid Search,North America
C00790,Core Technologies,2024-02-25,UK,Finance,Medium,Partner,Europe
C00791,Summit Group,2025-03-17,USA,Technology,Large,Paid Search,North America
C00792,Core Works,2025-05-26,Canada,Retail,Small,Referral,North America
C00793,Next Works,2024-06-14,USA,Finance,Small,Paid Social,North America
C00794,Cloud Works,2024-05-09,India,Retail,Large,Paid Search,APAC
C00795,Next Networks,2025-01-02,UK,Professional Services,Small,Paid Social,Europe
C00796,Cloud Systems,2024-09-30,Canada,Retail,Medium,Organic Search,North America
C00797,Core Works,2024-12-03,India,Finance,Medium,Organic Search,APAC
C00798,Digital Labs,2024-09-03,Canada,Marketing,Small,Paid Search,North America
C00799,Digital Labs,2024-12-03,Germany,Technology,Large,Referral,Europe
C00800,Prime Analytics,2025-08-10,Australia,Retail,Small,Sales,APAC
C00801,Next Group,2024-11-03,Australia,Education,Small,Paid Social,APAC
C00802,Summit Group,2024-05-08,USA,Healthcare,Medium,Paid Social,North America
C00803,Summit Labs,2024-05-27,USA,Professional Services,Medium,Organic Search,North America
C00804,Fusion Technologies,2025-06-21,USA,Healthcare,Small,Paid Social,North America
C00805,Next Technologies,2025-02-01,Australia,Retail,Enterprise,Paid Social,APAC
C00806,Summit Software,2024-10-08,India,Healthcare,Small,Organic Search,APAC
C00807,Prime Software,2024-12-02,Germany,Finance,Small,Partner,Europe
C00808,Digital Group,2024-09-24,Canada,Manufacturing,Small,Paid Search,North America
C00809,Blue Solutions,2024-07-10,USA,Technology,Large,Referral,North America
C00810,Blue Software,2024-03-11,UK,Finance,Small,Sales,Europe
C00811,Blue Works,2025-03-18,Canada,Retail,Large,Partner,North America
C00812,Blue Services,2024-01-09,UK,Technology,Small,Organic Search,Europe
C00813,Summit Networks,2024-09-23,Canada,Marketing,Medium,Paid Search,North America
C00814,Cloud Labs,2025-10-13,USA,Technology,Medium,Sales,North America
C00815,Nova Works,2025-05-30,USA,Professional Services,Medium,Sales,North America
C00816,Prime Services,2024-01-19,Other,Professional Services,Medium,Organic Search,Other
C00817,Fusion Works,2025-10-13,India,Finance,Small,Paid Social,APAC
C00818,Bright Technologies,2024-07-30,USA,Professional Services,Small,Paid Social,North America
C00819,Apex Labs,2025-10-22,USA,Technology,Large,Paid Search,North America
C00820,Summit Networks,2025-02-13,Canada,Technology,Medium,Paid Search,North America
C00821,Next Works,2025-01-24,UK,Professional Services,Medium,Organic Search,Europe
C00822,Nova Analytics,2024-09-04,USA,Retail,Medium,Paid Social,North America
C00823,Fusion Networks,2024-12-17,Germany,Technology,Small,Sales,Europe
C00824,Summit Analytics,2024-01-25,USA,Technology,Small,Sales,North America
C00825,Prime Solutions,2024-10-15,Germany,Retail,Small,Organic Search,Europe
C00826,Fusion Software,2025-02-05,USA,Retail,Small,Paid Search,North America
C00827,Next Services,2025-03-11,Other,Manufacturing,Medium,Paid Social,Other
C00828,Bright Labs,2024-02-11,UK,Healthcare,Medium,Partner,Europe
C00829,Blue Networks,2024-05-19,Other,Technology,Medium,Sales,Other
C00830,Fusion Networks,2025-02-17,USA,Retail,Small,Paid Social,North America
C00831,Bright Technologies,2024-09-11,USA,Technology,Enterprise,Paid Search,North America
C00832,Next Services,2025-09-30,Canada,Marketing,Medium,Organic Search,North America
C00833,Apex Works,2025-06-27,USA,Finance,Small,Partner,North America
C00834,Prime Systems,2024-12-31,USA,Retail,Large,Partner,North America
C00835,Blue Labs,2025-07-30,USA,Professional Services,Large,Email Marketing,North America
C00836,Vertex Analytics,2024-08-06,Germany,Retail,Enterprise,Paid Search,Europe
C00837,Cloud Services,2024-12-01,Australia,Retail,Small,Paid Search,APAC
C00838,Nova Technologies,2025-06-07,India,Education,Medium,Organic Search,APAC
C00839,Vertex Works,2025-09-06,Other,Education,Small,Email Marketing,Other
C00840,Core Services,2025-06-28,USA,Education,Large,Email Marketing,North America
C00841,Digital Group,2025-10-16,Canada,Technology,Small,Paid Search,North America
C00842,Nova Systems,2024-01-04,Singapore,Technology,Small,Paid Search,APAC
C00843,Apex Software,2024-04-10,India,Manufacturing,Small,Email Marketing,APAC
C00844,Digital Networks,2024-08-13,Australia,Healthcare,Medium,Paid Social,APAC
C00845,Fusion Labs,2024-12-01,USA,Retail,Medium,Organic Search,North America
C00846,Fusion Labs,2025-01-02,Other,Manufacturing,Medium,Referral,Other
C00847,Summit Software,2025-03-21,UK,Healthcare,Medium,Paid Search,Europe
C00848,Next Solutions,2025-07-14,Canada,Education,Small,Paid Search,North America
C00849,Core Systems,2025-09-01,Germany,Healthcare,Small,Paid Social,Europe
C00850,Bright Technologies,2025-04-08,India,Healthcare,Enterprise,Referral,APAC
C00851,Digital Networks,2025-05-17,India,Technology,Small,Partner,APAC
C00852,Cloud Technologies,2024-09-02,UK,Technology,Enterprise,Paid Social,Europe
C00853,Vertex Systems,2024-02-06,Germany,Retail,Small,Organic Search,Europe
C00854,Nova Technologies,2024-01-19,India,Retail,Small,Paid Search,APAC
C00855,Fusion Networks,2024-11-20,USA,Healthcare,Small,Organic Search,North America
C00856,Digital Labs,2025-06-05,Canada,Other,Small,Organic Search,North America
C00857,Apex Systems,2024-03-18,USA,Technology,Small,Partner,North America
C00858,Next Labs,2025-03-20,Other,Healthcare,Small,Referral,Other
C00859,Bright Services,2025-03-21,India,Finance,Medium,Paid Search,APAC
C00860,Summit Systems,2024-03-11,USA,Education,Large,Email Marketing,North America
C00861,Bright Services,2025-04-30,USA,Other,Small,Referral,North America
C00862,Prime Services,2025-08-27,Germany,Professional Services,Medium,Sales,Europe
C00863,Vertex Technologies,2025-07-05,USA,Healthcare,Medium,Paid Search,North America
C00864,Summit Services,2024-07-02,Other,Marketing,Small,Referral,Other
C00865,Fusion Systems,2025-05-23,Australia,Marketing,Small,Organic Search,APAC
C00866,Cloud Works,2024-11-24,USA,Retail,Small,Referral,North America
C00867,Next Systems,2025-02-26,Germany,Other,Small,Sales,Europe
C00868,Blue Technologies,2025-10-31,India,Education,Small,Paid Social,APAC
C00869,Summit Labs,2024-02-26,UK,Technology,Large,Sales,Europe
C00870,Prime Group,2025-10-02,USA,Healthcare,Medium,Paid Social,North America
C00871,Fusion Software,2024-07-29,USA,Professional Services,Small,Partner,North America
C00872,Cloud Technologies,2024-05-25,Germany,Technology,Medium,Referral,Europe
C00873,Digital Group,2025-03-03,India,Marketing,Medium,Paid Search,APAC
C00874,Nova Works,2025-05-25,UK,Professional Services,Small,Referral,Europe
C00875,Digital Technologies,2025-02-01,USA,Marketing,Enterprise,Paid Social,North America
C00876,Summit Systems,2024-08-22,USA,Retail,Small,Organic Search,North America
C00877,Blue Technologies,2025-04-07,India,Healthcare,Small,Paid Social,APAC
C00878,Digital Networks,2024-12-23,Australia,Finance,Medium,Paid Social,APAC
C00879,Summit Software,2024-01-17,USA,Education,Medium,Referral,North America
C00880,Nova Group,2024-04-28,USA,Finance,Enterprise,Paid Search,North America
C00881,Prime Solutions,2025-11-20,India,Retail,Large,Referral,APAC
C00882,Vertex Networks,2025-05-23,USA,Retail,Medium,Paid Social,North America
C00883,Apex Solutions,2024-08-18,Canada,Retail,Medium,Partner,North America
C00884,Apex Works,2024-10-03,India,Other,Enterprise,Sales,APAC
C00885,Vertex Group,2024-06-16,Canada,Healthcare,Small,Paid Social,North America
C00886,Vertex Technologies,2025-02-23,USA,Technology,Medium,Organic Search,North America
C00887,Prime Networks,2024-12-13,Canada,Professional Services,Small,Sales,North America
C00888,Blue Analytics,2025-01-30,Canada,Professional Services,Enterprise,Organic Search,North America
C00889,Next Works,2024-12-18,India,Healthcare,Medium,Organic Search,APAC
C00890,Prime Analytics,2025-06-06,Canada,Technology,Medium,Partner,North America
C00891,Vertex Services,2025-06-26,USA,Finance,Small,Organic Search,North America
C00892,Summit Group,2025-04-08,India,Technology,Large,Sales,APAC
C00893,Next Works,2024-06-14,Australia,Professional Services,Small,Referral,APAC
C00894,Bright Group,2024-02-18,UK,Healthcare,Medium,Organic Search,Europe
C00895,Core Technologies,2025-01-07,Germany,Finance,Small,Paid Search,Europe
C00896,Apex Works,2024-03-27,USA,Technology,Small,Sales,North America
C00897,Fusion Networks,2025-01-09,India,Technology,Medium,Referral,APAC
C00898,Digital Technologies,2024-05-07,India,Marketing,Small,Paid Search,APAC
C00899,Bright Networks,2025-07-18,Germany,Professional Services,Small,Partner,Europe
C00900,Core Labs,2024-06-27,India,Healthcare,Medium,Referral,APAC
C00901,Nova Systems,2025-03-17,USA,Retail,Small,Paid Search,North America
C00902,Summit Labs,2024-04-20,UK,Education,Small,Referral,Europe
C00903,Digital Networks,2024-10-07,Australia,Finance,Small,Organic Search,APAC
C00904,Nova Systems,2025-08-03,Germany,Healthcare,Medium,Email Marketing,Europe
C00905,Blue Networks,2025-05-16,Other,Retail,Large,Email Marketing,Other
C00906,Blue Labs,2025-12-01,Canada,Professional Services,Small,Organic Search,North America
C00907,Summit Works,2025-10-17,UK,Manufacturing,Large,Paid Social,Europe
C00908,Apex Analytics,2025-03-13,Canada,Finance,Medium,Organic Search,North America
C00909,Blue Analytics,2025-08-31,UK,Technology,Small,Sales,Europe
C00910,Fusion Networks,2024-09-20,Germany,Healthcare,Small,Paid Social,Europe
C00911,Summit Services,2025-05-16,USA,Technology,Small,Organic Search,North America
C00912,Cloud Services,2024-04-02,USA,Technology,Medium,Sales,North America
C00913,Cloud Analytics,2024-03-13,USA,Other,Enterprise,Paid Social,North America
C00914,Nova Services,2024-08-08,Canada,Retail,Small,Organic Search,North America
C00915,Bright Solutions,2024-03-13,Germany,Other,Medium,Organic Search,Europe
C00916,Summit Technologies,2024-01-06,UK,Education,Medium,Partner,Europe
C00917,Cloud Labs,2024-07-22,Canada,Finance,Enterprise,Paid Search,North America
C00918,Core Analytics,2024-04-26,USA,Finance,Small,Partner,North America
C00919,Next Systems,2025-05-06,USA,Finance,Small,Email Marketing,North America
C00920,Nova Labs,2024-01-16,Australia,Retail,Large,Referral,APAC
C00921,Nova Software,2024-04-24,Singapore,Marketing,Small,Organic Search,APAC
C00922,Summit Labs,2024-10-23,India,Finance,Small,Sales,APAC
C00923,Vertex Systems,2025-06-21,USA,Marketing,Small,Referral,North America
C00924,Prime Group,2025-05-12,Canada,Technology,Medium,Paid Social,North America
C00925,Prime Group,2024-02-05,USA,Technology,Small,Partner,North America
C00926,Vertex Works,2025-09-10,Canada,Manufacturing,Medium,Organic Search,North America
C00927,Digital Software,2025-04-10,India,Education,Medium,Referral,APAC
C00928,Prime Services,2025-07-12,USA,Technology,Medium,Sales,North America
C00929,Core Labs,2025-04-23,Other,Technology,Medium,Referral,Other
C00930,Apex Solutions,2024-04-08,USA,Technology,Large,Paid Search,North America
C00931,Summit Solutions,2024-05-02,Singapore,Healthcare,Medium,Paid Social,APAC
C00932,Fusion Services,2025-01-23,Australia,Marketing,Large,Organic Search,APAC
C00933,Nova Services,2025-03-08,USA,Technology,Small,Sales,North America
C00934,Nova Services,2024-05-22,USA,Manufacturing,Medium,Paid Search,North America
C00935,Fusion Group,2024-06-20,Singapore,Marketing,Enterprise,Sales,APAC
C00936,Apex Group,2025-03-04,UK,Marketing,Small,Organic Search,Europe
C00937,Digital Technologies,2025-04-05,USA,Education,Enterprise,Sales,North America
C00938,Cloud Solutions,2024-08-23,UK,Other,Small,Organic Search,Europe
C00939,Apex Networks,2025-06-25,USA,Professional Services,Small,Paid Search,North America
C00940,Digital Solutions,2025-01-20,Other,Education,Small,Organic Search,Other
C00941,Digital Technologies,2024-11-06,USA,Technology,Small,Referral,North America
C00942,Next Services,2024-12-17,India,Manufacturing,Small,Partner,APAC
C00943,Prime Networks,2024-06-10,UK,Technology,Small,Paid Social,Europe
C00944,Fusion Labs,2024-11-08,Australia,Healthcare,Medium,Referral,APAC
C00945,Next Systems,2025-04-28,UK,Education,Small,Organic Search,Europe
C00946,Digital Analytics,2025-07-11,UK,Retail,Small,Paid Search,Europe
C00947,Blue Analytics,2025-09-01,USA,Other,Large,Sales,North America
C00948,Nova Networks,2024-07-29,USA,Technology,Medium,Paid Social,North America
C00949,Summit Software,2025-02-16,India,Professional Services,Small,Partner,APAC
C00950,Cloud Networks,2025-06-21,USA,Healthcare,Small,Organic Search,North America
C00951,Core Technologies,2024-05-12,USA,Manufacturing,Medium,Paid Social,North America
C00952,Cloud Labs,2024-04-26,UK,Healthcare,Enterprise,Paid Social,Europe
C00953,Nova Services,2025-02-25,USA,Manufacturing,Large,Organic Search,North America
C00954,Bright Group,2024-03-12,UK,Technology,Small,Paid Search,Europe
C00955,Summit Analytics,2025-06-21,India,Education,Medium,Organic Search,APAC
C00956,Vertex Technologies,2025-08-23,UK,Healthcare,Medium,Organic Search,Europe
C00957,Next Group,2024-08-13,Canada,Healthcare,Medium,Organic Search,North America
C00958,Digital Works,2025-03-07,UK,Professional Services,Small,Paid Search,Europe
C00959,Nova Services,2025-10-12,USA,Finance,Enterprise,Organic Search,North America
C00960,Core Software,2024-05-09,USA,Healthcare,Small,Paid Social,North America
C00961,Apex Networks,2024-06-22,Germany,Education,Small,Organic Search,Europe
C00962,Prime Analytics,2024-07-10,Canada,Retail,Small,Email Marketing,North America
C00963,Prime Group,2025-06-24,USA,Manufacturing,Medium,Organic Search,North America
C00964,Core Group,2025-01-27,UK,Technology,Small,Sales,Europe
C00965,Vertex Solutions,2025-07-09,India,Marketing,Large,Organic Search,APAC
C00966,Blue Services,2024-03-16,Australia,Retail,Medium,Email Marketing,APAC
C00967,Cloud Software,2024-03-25,Other,Technology,Small,Paid Social,Other
C00968,Apex Technologies,2025-08-28,India,Other,Medium,Paid Social,APAC
C00969,Vertex Works,2025-09-08,USA,Technology,Medium,Paid Search,North America
C00970,Fusion Group,2024-01-20,India,Technology,Medium,Paid Social,APAC
C00971,Digital Services,2025-11-11,USA,Education,Small,Sales,North America
C00972,Apex Group,2025-01-05,UK,Professional Services,Medium,Paid Search,Europe
C00973,Cloud Analytics,2025-01-21,UK,Marketing,Small,Partner,Europe
C00974,Fusion Software,2024-08-03,India,Finance,Small,Paid Search,APAC
C00975,Apex Analytics,2025-08-23,USA,Technology,Small,Sales,North America
C00976,Vertex Labs,2025-05-12,USA,Education,Enterprise,Sales,North America
C00977,Summit Systems,2024-11-20,USA,Professional Services,Large,Organic Search,North America
C00978,Summit Works,2024-03-30,USA,Retail,Medium,Organic Search,North America
C00979,Cloud Networks,2024-03-19,India,Manufacturing,Large,Paid Social,APAC
C00980,Nova Software,2025-02-01,India,Finance,Medium,Paid Search,APAC
C00981,Bright Labs,2025-03-21,Germany,Manufacturing,Small,Paid Search,Europe
C00982,Vertex Networks,2025-06-14,USA,Manufacturing,Medium,Paid Search,North America
C00983,Cloud Software,2024-07-20,Australia,Technology,Medium,Organic Search,APAC
C00984,Blue Technologies,2024-09-28,Germany,Retail,Small,Paid Search,Europe
C00985,Apex Technologies,2024-08-15,USA,Technology,Medium,Paid Search,North America
C00986,Cloud Software,2025-10-10,Canada,Technology,Small,Partner,North America
C00987,Fusion Group,2024-04-10,USA,Professional Services,Small,Sales,North America
C00988,Next Systems,2025-09-25,India,Technology,Small,Paid Search,APAC
C00989,Vertex Technologies,2025-03-17,USA,Marketing,Enterprise,Paid Search,North America
C00990,Fusion Group,2024-02-06,Canada,Education,Enterprise,Paid Search,North America
C00991,Cloud Software,2025-04-11,USA,Technology,Small,Sales,North America
C00992,Blue Technologies,2024-04-09,Canada,Technology,Medium,Referral,North America
C00993,Nova Group,2025-09-10,USA,Technology,Small,Paid Search,North America
C00994,Core Works,2024-02-28,Australia,Healthcare,Small,Organic Search,APAC
C00995,Prime Solutions,2024-09-30,USA,Finance,Medium,Referral,North America
C00996,Fusion Solutions,2025-11-23,Canada,Finance,Medium,Organic Search,North America
C00997,Blue Systems,2025-07-13,Germany,Technology,Small,Organic Search,Europe
C00998,Next Solutions,2025-06-04,USA,Finance,Medium,Paid Search,North America
C00999,Digital Systems,2025-05-26,India,Technology,Large,Organic Search,APAC
C01000,Summit Labs,2024-01-12,USA,Retail,Medium,Organic Search,North America
C01001,Blue Analytics,2025-02-19,Australia,Retail,Small,Organic Search,APAC
C01002,Next Labs,2024-10-06,USA,Other,Small,Referral,North America
C01003,Summit Works,2024-09-30,Germany,Retail,Small,Partner,Europe
C01004,Core Technologies,2025-11-04,India,Retail,Medium,Email Marketing,APAC
C01005,Next Systems,2024-07-24,India,Technology,Medium,Organic Search,APAC
C01006,Fusion Services,2025-04-19,Other,Technology,Small,Paid Social,Other
C01007,Digital Works,2024-10-19,Australia,Professional Services,Small,Paid Search,APAC
C01008,Digital Works,2025-04-30,Other,Professional Services,Small,Referral,Other
C01009,Prime Software,2025-01-01,India,Manufacturing,Medium,Referral,APAC
C01010,Prime Technologies,2025-12-01,USA,Retail,Medium,Paid Social,North America
C01011,Prime Software,2024-02-10,USA,Manufacturing,Medium,Organic Search,North America
C01012,Prime Works,2024-04-28,USA,Retail,Small,Paid Search,North America
C01013,Prime Works,2025-09-26,Germany,Retail,Small,Sales,Europe
C01014,Core Analytics,2024-04-14,India,Marketing,Small,Sales,APAC
C01015,Fusion Technologies,2024-08-08,Other,Education,Medium,Paid Social,Other
C01016,Digital Analytics,2024-08-23,UK,Retail,Small,Sales,Europe
C01017,Blue Labs,2025-04-24,Australia,Professional Services,Small,Referral,APAC
C01018,Blue Group,2025-07-22,USA,Retail,Medium,Email Marketing,North America
C01019,Nova Group,2025-08-18,Canada,Retail,Medium,Partner,North America
C01020,Next Group,2025-10-12,Canada,Technology,Medium,Organic Search,North America
C01021,Cloud Labs,2025-02-24,India,Healthcare,Medium,Sales,APAC
C01022,Cloud Works,2025-11-17,India,Professional Services,Small,Paid Search,APAC
C01023,Cloud Systems,2025-11-28,UK,Technology,Medium,Paid Social,Europe
C01024,Digital Networks,2024-08-26,USA,Technology,Enterprise,Paid Search,North America
C01025,Fusion Software,2025-11-19,USA,Professional Services,Medium,Paid Social,North America
C01026,Prime Systems,2024-12-25,India,Professional Services,Large,Referral,APAC
C01027,Core Analytics,2025-02-18,UK,Manufacturing,Large,Sales,Europe
C01028,Summit Software,2025-07-23,Canada,Technology,Medium,Organic Search,North America
C01029,Summit Software,2025-07-27,Other,Finance,Medium,Email Marketing,Other
C01030,Nova Analytics,2024-10-18,Germany,Marketing,Medium,Referral,Europe
C01031,Core Services,2025-04-07,USA,Marketing,Medium,Organic Search,North America
C01032,Bright Works,2024-11-28,Canada,Finance,Large,Organic Search,North America
C01033,Bright Solutions,2025-10-14,India,Technology,Small,Paid Social,APAC
C01034,Cloud Systems,2024-03-02,Canada,Retail,Medium,Organic Search,North America
C01035,Core Analytics,2025-08-25,UK,Technology,Small,Referral,Europe
C01036,Nova Systems,2025-02-10,Singapore,Healthcare,Medium,Partner,APAC
C01037,Blue Services,2025-06-11,USA,Marketing,Small,Paid Search,North America
C01038,Apex Software,2025-09-03,USA,Healthcare,Large,Paid Search,North America
C01039,Fusion Systems,2025-11-18,India,Marketing,Medium,Paid Social,APAC
C01040,Next Services,2024-06-11,USA,Finance,Small,Partner,North America
C01041,Apex Works,2024-04-05,India,Technology,Medium,Paid Search,APAC
C01042,Bright Group,2025-08-26,UK,Education,Small,Email Marketing,Europe
C01043,Nova Group,2024-07-10,USA,Education,Small,Organic Search,North America
C01044,Fusion Labs,2024-04-13,India,Retail,Medium,Organic Search,APAC
C01045,Core Group,2024-11-13,India,Education,Small,Partner,APAC
C01046,Fusion Solutions,2024-07-30,USA,Retail,Medium,Email Marketing,North America
C01047,Vertex Software,2025-05-26,USA,Finance,Small,Email Marketing,North America
C01048,Nova Systems,2025-11-02,Germany,Education,Enterprise,Partner,Europe
C01049,Prime Technologies,2024-12-22,UK,Finance,Medium,Partner,Europe
C01050,Nova Systems,2024-06-29,UK,Technology,Small,Paid Social,Europe
C01051,Summit Labs,2025-11-13,India,Professional Services,Medium,Paid Search,APAC
C01052,Fusion Labs,2024-02-18,Other,Technology,Small,Organic Search,Other
C01053,Digital Solutions,2025-08-27,USA,Technology,Medium,Organic Search,North America
C01054,Blue Software,2025-03-22,USA,Finance,Small,Paid Search,North America
C01055,Nova Software,2024-12-09,Australia,Manufacturing,Medium,Paid Social,APAC
C01056,Summit Works,2025-06-10,India,Professional Services,Medium,Paid Social,APAC
C01057,Blue Technologies,2025-08-15,Canada,Professional Services,Small,Paid Search,North America
C01058,Summit Solutions,2024-10-23,Singapore,Marketing,Small,Organic Search,APAC
C01059,Bright Labs,2024-11-21,India,Technology,Medium,Referral,APAC
C01060,Cloud Solutions,2024-06-13,USA,Finance,Enterprise,Referral,North America
C01061,Cloud Systems,2025-06-13,Canada,Professional Services,Small,Paid Social,North America
C01062,Vertex Works,2025-04-10,USA,Retail,Medium,Organic Search,North America
C01063,Vertex Group,2025-10-18,USA,Technology,Medium,Organic Search,North America
C01064,Summit Systems,2025-05-14,USA,Education,Small,Partner,North America
C01065,Next Systems,2024-06-09,USA,Marketing,Small,Partner,North America
C01066,Bright Networks,2025-02-16,India,Finance,Large,Email Marketing,APAC
C01067,Core Services,2025-10-23,India,Finance,Small,Organic Search,APAC
C01068,Prime Labs,2025-01-18,USA,Professional Services,Medium,Paid Social,North America
C01069,Nova Networks,2024-06-25,UK,Marketing,Small,Paid Social,Europe
C01070,Summit Networks,2024-11-25,USA,Finance,Large,Paid Search,North America
C01071,Next Services,2024-09-05,USA,Technology,Small,Partner,North America
C01072,Bright Group,2024-05-04,India,Retail,Small,Paid Social,APAC
C01073,Digital Networks,2024-04-15,Australia,Other,Small,Organic Search,APAC
C01074,Apex Networks,2025-07-04,India,Manufacturing,Medium,Email Marketing,APAC
C01075,Digital Technologies,2024-07-02,USA,Marketing,Medium,Organic Search,North America
C01076,Core Systems,2024-08-17,USA,Education,Medium,Organic Search,North America
C01077,Nova Technologies,2025-08-26,Singapore,Education,Large,Organic Search,APAC
C01078,Summit Group,2025-01-06,India,Healthcare,Medium,Paid Social,APAC
C01079,Nova Works,2025-08-28,USA,Retail,Medium,Paid Social,North America
C01080,Vertex Technologies,2024-05-27,Australia,Retail,Small,Email Marketing,APAC
C01081,Next Software,2025-10-02,USA,Retail,Large,Organic Search,North America
C01082,Bright Labs,2025-04-05,UK,Finance,Large,Organic Search,Europe
C01083,Bright Software,2025-05-11,Australia,Technology,Medium,Paid Social,APAC
C01084,Digital Networks,2024-02-11,India,Finance,Small,Partner,APAC
C01085,Fusion Networks,2025-02-19,UK,Professional Services,Medium,Paid Search,Europe
C01086,Bright Technologies,2024-05-09,USA,Technology,Small,Organic Search,North America
C01087,Next Systems,2024-04-19,Australia,Marketing,Medium,Referral,APAC
C01088,Bright Solutions,2024-04-14,India,Retail,Small,Organic Search,APAC
C01089,Blue Software,2024-02-17,India,Retail,Small,Partner,APAC
C01090,Next Labs,2024-07-29,Canada,Technology,Medium,Partner,North America
C01091,Next Analytics,2025-07-31,Australia,Healthcare,Small,Email Marketing,APAC
C01092,Next Technologies,2025-10-05,UK,Professional Services,Small,Sales,Europe
C01093,Fusion Labs,2024-06-24,USA,Technology,Medium,Sales,North America
C01094,Apex Networks,2024-02-11,Canada,Technology,Enterprise,Paid Search,North America
C01095,Apex Group,2024-11-15,USA,Technology,Small,Paid Social,North America
C01096,Bright Works,2024-06-10,Other,Retail,Small,Organic Search,Other
C01097,Blue Analytics,2024-10-13,Other,Finance,Medium,Paid Social,Other
C01098,Digital Solutions,2025-10-27,USA,Finance,Large,Organic Search,North America
C01099,Summit Technologies,2024-04-13,USA,Technology,Small,Referral,North America
C01100,Apex Technologies,2024-10-03,India,Retail,Medium,Sales,APAC
C01101,Vertex Labs,2025-01-14,Germany,Finance,Small,Paid Search,Europe
C01102,Core Labs,2024-11-28,USA,Healthcare,Small,Email Marketing,North America
C01103,Core Labs,2025-01-03,USA,Finance,Medium,Paid Search,North America
C01104,Bright Labs,2025-05-09,Other,Manufacturing,Medium,Organic Search,Other
C01105,Fusion Services,2024-01-20,Australia,Finance,Small,Paid Social,APAC
C01106,Bright Group,2025-01-21,Canada,Finance,Medium,Email Marketing,North America
C01107,Next Technologies,2024-05-09,USA,Finance,Small,Email Marketing,North America
C01108,Bright Works,2025-06-10,India,Marketing,Large,Organic Search,APAC
C01109,Fusion Services,2024-10-25,Other,Marketing,Small,Organic Search,Other
C01110,Vertex Networks,2024-04-24,Germany,Retail,Medium,Paid Search,Europe
C01111,Core Services,2025-09-14,Other,Marketing,Medium,Organic Search,Other
C01112,Fusion Networks,2024-04-13,UK,Healthcare,Small,Sales,Europe
C01113,Apex Solutions,2025-11-11,USA,Professional Services,Small,Paid Search,North America
C01114,Apex Technologies,2025-11-11,USA,Education,Small,Sales,North America
C01115,Apex Networks,2024-08-17,USA,Professional Services,Small,Partner,North America
C01116,Digital Labs,2025-03-14,India,Manufacturing,Small,Email Marketing,APAC
C01117,Vertex Technologies,2025-04-08,India,Education,Medium,Paid Social,APAC
C01118,Apex Solutions,2024-11-05,USA,Technology,Large,Paid Social,North America
C01119,Cloud Solutions,2024-05-15,UK,Retail,Small,Organic Search,Europe
C01120,Prime Works,2025-06-04,India,Healthcare,Enterprise,Organic Search,APAC
C01121,Bright Works,2025-11-17,India,Professional Services,Medium,Paid Social,APAC
C01122,Digital Services,2025-03-11,UK,Education,Small,Paid Search,Europe
C01123,Fusion Solutions,2024-03-17,Canada,Manufacturing,Medium,Paid Social,North America
C01124,Fusion Group,2024-03-28,Other,Finance,Small,Partner,Other
C01125,Cloud Labs,2025-07-23,UK,Finance,Small,Organic Search,Europe
C01126,Nova Labs,2024-05-31,USA,Retail,Large,Organic Search,North America
C01127,Core Works,2024-08-11,Singapore,Technology,Medium,Sales,APAC
C01128,Core Technologies,2024-06-25,Canada,Other,Medium,Paid Search,North America
C01129,Summit Systems,2024-09-11,India,Professional Services,Large,Sales,APAC
C01130,Apex Systems,2025-07-11,UK,Education,Large,Paid Search,Europe
C01131,Apex Technologies,2024-03-28,USA,Technology,Medium,Email Marketing,North America
C01132,Vertex Labs,2024-12-08,Germany,Technology,Large,Paid Search,Europe
C01133,Nova Solutions,2025-10-23,Canada,Technology,Large,Paid Search,North America
C01134,Cloud Works,2024-01-10,USA,Education,Small,Organic Search,North America
C01135,Summit Systems,2025-08-05,Canada,Healthcare,Small,Sales,North America
C01136,Core Works,2025-10-04,USA,Technology,Medium,Partner,North America
C01137,Bright Systems,2025-02-03,USA,Technology,Small,Partner,North America
C01138,Core Systems,2025-02-05,Other,Manufacturing,Medium,Paid Social,Other
C01139,Apex Technologies,2025-02-20,USA,Technology,Large,Paid Search,North America
C01140,Apex Services,2025-08-28,India,Finance,Medium,Partner,APAC
C01141,Cloud Labs,2024-05-05,Other,Technology,Medium,Partner,Other
C01142,Apex Group,2024-10-07,India,Manufacturing,Small,Paid Social,APAC
C01143,Fusion Services,2025-08-28,USA,Manufacturing,Small,Sales,North America
C01144,Summit Solutions,2025-02-03,USA,Retail,Small,Referral,North America
C01145,Digital Software,2024-03-12,India,Technology,Small,Paid Search,APAC
C01146,Cloud Labs,2025-08-02,Other,Retail,Large,Organic Search,Other
C01147,Digital Technologies,2024-12-11,Canada,Retail,Medium,Paid Social,North America
C01148,Fusion Services,2025-01-14,USA,Education,Medium,Paid Search,North America
C01149,Digital Networks,2025-02-14,USA,Marketing,Medium,Organic Search,North America
C01150,Next Works,2024-08-16,Germany,Technology,Small,Sales,Europe
C01151,Fusion Networks,2025-01-09,UK,Retail,Small,Organic Search,Europe
C01152,Core Works,2025-05-10,Other,Professional Services,Small,Organic Search,Other
C01153,Digital Software,2024-04-10,Singapore,Manufacturing,Small,Referral,APAC
C01154,Fusion Labs,2025-03-22,Australia,Finance,Medium,Referral,APAC
C01155,Nova Networks,2025-06-11,USA,Finance,Small,Partner,North America
C01156,Apex Services,2025-08-06,Canada,Technology,Medium,Partner,North America
C01157,Nova Services,2024-09-25,Australia,Education,Medium,Referral,APAC
C01158,Vertex Solutions,2024-06-11,UK,Marketing,Medium,Organic Search,Europe
C01159,Prime Group,2024-08-12,USA,Retail,Large,Referral,North America
C01160,Summit Solutions,2024-08-31,USA,Professional Services,Small,Sales,North America
C01161,Fusion Analytics,2024-03-13,UK,Education,Small,Partner,Europe
C01162,Prime Analytics,2024-09-09,India,Marketing,Small,Partner,APAC
C01163,Cloud Systems,2025-06-21,Other,Education,Medium,Paid Search,Other
C01164,Prime Technologies,2024-02-13,USA,Retail,Medium,Paid Social,North America
C01165,Bright Labs,2024-03-29,India,Education,Medium,Paid Social,APAC
C01166,Next Group,2024-07-07,Australia,Marketing,Small,Organic Search,APAC
C01167,Cloud Services,2024-04-23,Canada,Education,Large,Organic Search,North America
C01168,Fusion Software,2024-12-04,USA,Retail,Small,Paid Search,North America
C01169,Apex Systems,2025-04-16,Singapore,Marketing,Small,Sales,APAC
C01170,Core Networks,2024-07-21,USA,Technology,Small,Paid Social,North America
C01171,Next Technologies,2024-12-07,USA,Manufacturing,Medium,Referral,North America
C01172,Digital Services,2025-07-08,USA,Healthcare,Small,Paid Social,North America
C01173,Vertex Technologies,2025-03-17,Australia,Other,Medium,Organic Search,APAC
C01174,Cloud Analytics,2025-10-28,Germany,Technology,Medium,Paid Social,Europe
C01175,Fusion Labs,2025-05-30,Germany,Marketing,Small,Sales,Europe
C01176,Core Group,2025-11-06,Other,Other,Large,Partner,Other
C01177,Core Technologies,2025-01-19,UK,Technology,Large,Organic Search,Europe
C01178,Summit Networks,2025-10-01,India,Retail,Enterprise,Referral,APAC
C01179,Cloud Labs,2025-07-13,USA,Education,Small,Partner,North America
C01180,Apex Services,2024-02-07,USA,Technology,Large,Paid Social,North America
C01181,Next Group,2025-03-08,Other,Marketing,Medium,Paid Search,Other
C01182,Prime Technologies,2025-08-23,USA,Education,Medium,Sales,North America
C01183,Cloud Systems,2024-01-02,Australia,Education,Small,Paid Search,APAC
C01184,Fusion Labs,2025-03-09,Germany,Retail,Medium,Organic Search,Europe
C01185,Nova Labs,2024-05-18,India,Technology,Enterprise,Organic Search,APAC
C01186,Prime Group,2024-03-28,Other,Retail,Medium,Paid Social,Other
C01187,Apex Solutions,2024-03-14,UK,Retail,Small,Referral,Europe
C01188,Vertex Software,2024-06-29,USA,Other,Medium,Email Marketing,North America
C01189,Cloud Solutions,2025-04-17,India,Marketing,Small,Referral,APAC
C01190,Cloud Solutions,2025-04-30,India,Professional Services,Large,Paid Search,APAC
C01191,Cloud Networks,2025-10-05,USA,Other,Small,Referral,North America
C01192,Core Works,2025-10-23,Canada,Retail,Small,Referral,North America
C01193,Core Technologies,2024-11-17,India,Healthcare,Medium,Referral,APAC
C01194,Summit Analytics,2025-09-09,UK,Technology,Medium,Organic Search,Europe
C01195,Bright Analytics,2024-07-13,India,Retail,Medium,Referral,APAC
C01196,Core Labs,2025-07-26,UK,Education,Small,Organic Search,Europe
C01197,Digital Works,2025-01-18,Canada,Technology,Small,Referral,North America
C01198,Apex Technologies,2025-09-10,Australia,Technology,Small,Referral,APAC
C01199,Core Systems,2025-08-29,USA,Healthcare,Medium,Referral,North America
C01200,Digital Labs,2024-08-03,USA,Education,Small,Paid Social,North America
C01201,Cloud Networks,2025-06-16,USA,Education,Large,Paid Search,North America
C01202,Blue Systems,2024-08-19,India,Technology,Medium,Organic Search,APAC
C01203,Nova Labs,2025-08-13,USA,Retail,Medium,Referral,North America
C01204,Prime Works,2024-10-17,USA,Healthcare,Large,Sales,North America
C01205,Vertex Labs,2025-04-11,USA,Retail,Small,Referral,North America
C01206,Blue Works,2025-02-20,USA,Professional Services,Medium,Paid Search,North America
C01207,Core Services,2024-06-19,USA,Marketing,Medium,Referral,North America
C01208,Prime Labs,2025-06-24,Other,Education,Small,Organic Search,Other
C01209,Bright Labs,2024-11-29,UK,Technology,Large,Referral,Europe
C01210,Bright Services,2025-01-30,UK,Education,Small,Sales,Europe
C01211,Prime Technologies,2024-04-21,India,Finance,Medium,Organic Search,APAC
C01212,Cloud Technologies,2025-07-17,USA,Healthcare,Medium,Paid Search,North America
C01213,Bright Software,2024-09-04,Other,Education,Large,Organic Search,Other
C01214,Cloud Analytics,2024-10-12,USA,Retail,Medium,Paid Social,North America
C01215,Nova Networks,2025-04-07,India,Manufacturing,Small,Organic Search,APAC
C01216,Blue Software,2024-02-08,USA,Education,Large,Sales,North America
C01217,Digital Labs,2024-09-04,USA,Education,Large,Paid Search,North America
C01218,Nova Solutions,2025-10-04,USA,Professional Services,Medium,Email Marketing,North America
C01219,Blue Solutions,2024-08-13,UK,Finance,Medium,Paid Search,Europe
C01220,Summit Systems,2025-08-23,USA,Finance,Large,Partner,North America
C01221,Vertex Networks,2024-03-12,India,Healthcare,Small,Organic Search,APAC
C01222,Vertex Solutions,2025-05-04,Other,Healthcare,Small,Email Marketing,Other
C01223,Blue Services,2024-03-27,Other,Healthcare,Medium,Paid Social,Other
C01224,Prime Works,2025-02-14,India,Finance,Large,Partner,APAC
C01225,Apex Group,2025-08-05,Canada,Finance,Large,Sales,North America
C01226,Fusion Systems,2025-11-30,USA,Healthcare,Medium,Organic Search,North America
C01227,Prime Works,2025-04-19,Other,Finance,Medium,Partner,Other
C01228,Next Technologies,2024-10-04,USA,Technology,Medium,Referral,North America
C01229,Core Technologies,2025-09-28,India,Technology,Small,Sales,APAC
C01230,Apex Networks,2025-11-19,USA,Other,Small,Organic Search,North America
C01231,Nova Services,2024-11-20,USA,Technology,Medium,Paid Search,North America
C01232,Core Works,2024-08-18,USA,Education,Small,Organic Search,North America
C01233,Digital Labs,2025-01-02,Singapore,Healthcare,Small,Paid Social,APAC
C01234,Prime Solutions,2025-07-29,Other,Technology,Medium,Organic Search,Other
C01235,Nova Software,2024-02-02,India,Education,Large,Paid Social,APAC
C01236,Prime Software,2025-09-03,USA,Finance,Large,Sales,North America
C01237,Apex Technologies,2025-08-28,USA,Technology,Medium,Sales,North America
C01238,Vertex Labs,2025-11-25,USA,Technology,Medium,Paid Social,North America
C01239,Core Analytics,2024-07-19,Canada,Professional Services,Small,Sales,North America
C01240,Apex Software,2024-02-28,Australia,Technology,Small,Partner,APAC
C01241,Apex Solutions,2025-04-15,UK,Professional Services,Medium,Paid Search,Europe
C01242,Next Technologies,2024-07-26,Canada,Manufacturing,Small,Partner,North America
C01243,Summit Analytics,2025-02-23,UK,Professional Services,Enterprise,Organic Search,Europe
C01244,Summit Technologies,2024-05-10,USA,Finance,Medium,Partner,North America
C01245,Digital Services,2024-11-26,USA,Education,Medium,Referral,North America
C01246,Fusion Systems,2024-05-26,Singapore,Finance,Small,Paid Social,APAC
C01247,Next Systems,2025-04-25,USA,Other,Medium,Referral,North America
C01248,Apex Works,2025-05-01,USA,Finance,Medium,Paid Social,North America
C01249,Blue Software,2024-03-17,India,Retail,Small,Organic Search,APAC
C01250,Digital Solutions,2024-01-27,Canada,Technology,Medium,Organic Search,North America
C01251,Summit Labs,2024-09-13,USA,Professional Services,Large,Organic Search,North America
C01252,Apex Networks,2024-07-01,India,Manufacturing,Small,Email Marketing,APAC
C01253,Next Analytics,2024-12-01,Germany,Finance,Medium,Partner,Europe
C01254,Nova Services,2025-09-15,Canada,Technology,Large,Email Marketing,North America
C01255,Apex Services,2025-03-25,USA,Professional Services,Small,Referral,North America
C01256,Bright Services,2024-06-12,USA,Healthcare,Small,Partner,North America
C01257,Summit Services,2025-03-20,UK,Finance,Small,Organic Search,Europe
C01258,Summit Group,2025-06-12,India,Professional Services,Large,Referral,APAC
C01259,Fusion Solutions,2025-06-24,Germany,Retail,Large,Organic Search,Europe
C01260,Next Systems,2024-04-10,Australia,Marketing,Medium,Paid Social,APAC
C01261,Bright Works,2024-10-07,UK,Retail,Small,Paid Search,Europe
C01262,Prime Group,2025-01-15,USA,Healthcare,Medium,Partner,North America
C01263,Next Works,2025-03-29,USA,Retail,Small,Organic Search,North America
C01264,Digital Technologies,2025-02-28,Canada,Retail,Small,Email Marketing,North America
C01265,Nova Labs,2024-02-13,Germany,Retail,Small,Referral,Europe
C01266,Core Technologies,2024-08-04,USA,Finance,Small,Email Marketing,North America
C01267,Core Services,2025-11-09,Canada,Finance,Large,Email Marketing,North America
C01268,Blue Labs,2024-01-25,India,Technology,Large,Organic Search,APAC
C01269,Fusion Solutions,2024-03-26,Canada,Healthcare,Large,Referral,North America
C01270,Nova Software,2025-07-08,India,Manufacturing,Medium,Sales,APAC
C01271,Prime Works,2025-11-06,USA,Education,Small,Sales,North America
C01272,Fusion Networks,2024-08-21,India,Retail,Small,Organic Search,APAC
C01273,Nova Technologies,2025-01-15,UK,Healthcare,Small,Organic Search,Europe
C01274,Next Solutions,2025-09-30,USA,Education,Medium,Partner,North America
C01275,Bright Group,2024-04-19,USA,Healthcare,Small,Paid Search,North America
C01276,Bright Solutions,2024-01-26,India,Finance,Large,Organic Search,APAC
C01277,Cloud Services,2025-02-03,India,Marketing,Medium,Referral,APAC
C01278,Apex Works,2024-06-11,India,Finance,Large,Partner,APAC
C01279,Digital Labs,2024-06-11,UK,Retail,Small,Sales,Europe
C01280,Core Analytics,2024-08-30,USA,Retail,Large,Organic Search,North America
C01281,Apex Networks,2024-02-07,Canada,Healthcare,Medium,Referral,North America
C01282,Bright Systems,2025-03-04,USA,Healthcare,Medium,Partner,North America
C01283,Next Labs,2024-02-20,USA,Education,Small,Referral,North America
C01284,Bright Labs,2025-04-12,Germany,Professional Services,Medium,Paid Search,Europe
C01285,Next Software,2025-03-14,USA,Healthcare,Enterprise,Sales,North America
C01286,Digital Networks,2024-08-27,UK,Marketing,Small,Paid Search,Europe
C01287,Next Group,2024-11-06,UK,Retail,Small,Organic Search,Europe
C01288,Core Networks,2025-10-04,Germany,Marketing,Large,Email Marketing,Europe
C01289,Digital Works,2024-07-08,Germany,Retail,Small,Paid Social,Europe
C01290,Core Solutions,2024-02-24,USA,Technology,Small,Sales,North America
C01291,Apex Works,2025-10-31,USA,Technology,Large,Paid Search,North America
C01292,Core Analytics,2024-10-23,Canada,Professional Services,Small,Organic Search,North America
C01293,Bright Analytics,2025-06-27,India,Professional Services,Medium,Paid Social,APAC
C01294,Apex Technologies,2024-04-04,UK,Retail,Small,Paid Search,Europe
C01295,Apex Technologies,2025-04-26,UK,Retail,Small,Partner,Europe
C01296,Vertex Technologies,2025-10-12,USA,Marketing,Medium,Paid Search,North America
C01297,Vertex Solutions,2024-03-28,Canada,Technology,Medium,Sales,North America
C01298,Fusion Works,2024-08-23,Canada,Professional Services,Medium,Referral,North America
C01299,Vertex Solutions,2024-08-21,India,Manufacturing,Large,Paid Search,APAC
C01300,Digital Technologies,2024-06-10,Germany,Retail,Medium,Sales,Europe
C01301,Nova Analytics,2024-08-30,USA,Technology,Medium,Organic Search,North America
C01302,Fusion Solutions,2025-06-05,India,Technology,Medium,Email Marketing,APAC
C01303,Digital Group,2025-05-22,Canada,Manufacturing,Small,Paid Social,North America
C01304,Cloud Solutions,2025-08-17,USA,Other,Medium,Sales,North America
C01305,Vertex Systems,2024-05-15,USA,Finance,Medium,Referral,North America
C01306,Summit Labs,2025-09-29,India,Marketing,Small,Organic Search,APAC
C01307,Fusion Technologies,2025-06-11,India,Finance,Small,Paid Search,APAC
C01308,Fusion Networks,2025-09-28,USA,Retail,Medium,Partner,North America
C01309,Apex Systems,2024-04-02,Other,Healthcare,Medium,Partner,Other
C01310,Bright Group,2025-07-13,India,Healthcare,Large,Organic Search,APAC
C01311,Prime Systems,2024-03-17,India,Finance,Enterprise,Paid Social,APAC
C01312,Fusion Services,2024-03-14,USA,Healthcare,Medium,Sales,North America
C01313,Vertex Technologies,2025-08-06,Other,Marketing,Enterprise,Paid Search,Other
C01314,Bright Systems,2024-09-01,Canada,Technology,Medium,Organic Search,North America
C01315,Nova Software,2024-01-19,Canada,Retail,Large,Referral,North America
C01316,Core Networks,2025-01-07,Canada,Other,Small,Paid Search,North America
C01317,Blue Systems,2024-03-01,USA,Finance,Medium,Referral,North America
C01318,Fusion Networks,2024-12-07,USA,Healthcare,Enterprise,Paid Social,North America
C01319,Fusion Group,2025-09-28,Canada,Education,Small,Email Marketing,North America
C01320,Nova Systems,2024-07-09,USA,Professional Services,Small,Organic Search,North America
C01321,Vertex Group,2025-09-26,Other,Manufacturing,Small,Partner,Other
C01322,Cloud Services,2024-06-19,Canada,Finance,Medium,Paid Social,North America
C01323,Prime Labs,2025-08-15,India,Healthcare,Small,Referral,APAC
C01324,Apex Group,2025-08-02,UK,Technology,Small,Referral,Europe
C01325,Summit Services,2025-10-02,USA,Professional Services,Small,Organic Search,North America
C01326,Summit Labs,2024-08-22,USA,Other,Small,Organic Search,North America
C01327,Nova Works,2024-09-09,USA,Retail,Small,Organic Search,North America
C01328,Next Group,2024-07-28,USA,Healthcare,Small,Referral,North America
C01329,Cloud Labs,2025-06-30,Other,Technology,Small,Partner,Other
C01330,Blue Labs,2024-11-14,India,Marketing,Large,Email Marketing,APAC
C01331,Fusion Group,2024-10-08,UK,Retail,Small,Partner,Europe
C01332,Fusion Group,2025-06-29,USA,Marketing,Small,Referral,North America
C01333,Blue Works,2025-01-24,USA,Retail,Medium,Paid Search,North America
C01334,Next Technologies,2025-03-21,UK,Technology,Medium,Referral,Europe
C01335,Prime Systems,2024-11-13,USA,Education,Small,Referral,North America
C01336,Fusion Analytics,2025-02-15,Other,Technology,Medium,Paid Search,Other
C01337,Core Networks,2024-09-29,Other,Education,Medium,Organic Search,Other
C01338,Vertex Works,2025-10-13,USA,Manufacturing,Small,Referral,North America
C01339,Fusion Services,2024-10-30,Australia,Technology,Large,Paid Social,APAC
C01340,Nova Analytics,2025-11-18,USA,Technology,Small,Referral,North America
C01341,Digital Networks,2024-09-21,USA,Professional Services,Large,Partner,North America
C01342,Next Works,2025-06-08,Singapore,Healthcare,Small,Partner,APAC
C01343,Nova Technologies,2024-02-06,Australia,Manufacturing,Medium,Referral,APAC
C01344,Digital Group,2025-09-09,USA,Professional Services,Small,Organic Search,North America
C01345,Nova Networks,2024-08-30,USA,Healthcare,Medium,Paid Social,North America
C01346,Apex Networks,2025-10-14,Germany,Marketing,Large,Paid Search,Europe
C01347,Apex Works,2025-05-06,USA,Technology,Small,Paid Search,North America
C01348,Next Software,2024-04-03,USA,Education,Medium,Referral,North America
C01349,Vertex Analytics,2025-07-27,USA,Healthcare,Small,Referral,North America
C01350,Core Software,2025-04-03,USA,Education,Medium,Organic Search,North America
C01351,Nova Works,2025-01-07,Germany,Technology,Medium,Sales,Europe
C01352,Bright Solutions,2025-02-01,Other,Manufacturing,Medium,Partner,Other
C01353,Next Services,2024-08-22,Singapore,Finance,Medium,Email Marketing,APAC
C01354,Bright Services,2025-02-03,USA,Healthcare,Medium,Partner,North America
C01355,Apex Technologies,2024-12-13,Germany,Healthcare,Small,Paid Social,Europe
C01356,Summit Analytics,2024-04-08,India,Retail,Small,Paid Social,APAC
C01357,Digital Group,2024-08-30,India,Technology,Medium,Sales,APAC
C01358,Bright Analytics,2024-06-20,Canada,Retail,Medium,Email Marketing,North America
C01359,Next Analytics,2024-01-19,Canada,Technology,Small,Referral,North America
C01360,Fusion Software,2024-10-30,Other,Finance,Large,Referral,Other
C01361,Bright Labs,2025-10-30,USA,Technology,Small,Paid Social,North America
C01362,Vertex Analytics,2024-07-14,Other,Healthcare,Medium,Organic Search,Other
C01363,Fusion Group,2024-07-26,Canada,Healthcare,Medium,Referral,North America
C01364,Cloud Group,2025-09-26,Australia,Retail,Medium,Organic Search,APAC
C01365,Prime Systems,2024-01-11,USA,Retail,Medium,Paid Search,North America
C01366,Apex Services,2025-10-01,Canada,Education,Small,Partner,North America
C01367,Cloud Technologies,2024-08-21,USA,Education,Medium,Sales,North America
C01368,Next Analytics,2024-05-14,Singapore,Education,Medium,Sales,APAC
C01369,Summit Analytics,2025-06-10,UK,Healthcare,Enterprise,Paid Search,Europe
C01370,Core Solutions,2025-05-11,India,Education,Enterprise,Organic Search,APAC
C01371,Next Networks,2025-01-24,USA,Technology,Small,Organic Search,North America
C01372,Digital Services,2024-10-04,UK,Education,Enterprise,Organic Search,Europe
C01373,Blue Services,2024-01-24,Other,Professional Services,Medium,Organic Search,Other
C01374,Blue Labs,2025-04-06,Other,Technology,Medium,Sales,Other
C01375,Digital Solutions,2025-11-04,Other,Finance,Small,Paid Search,Other
C01376,Cloud Works,2024-04-04,USA,Other,Small,Partner,North America
C01377,Next Software,2025-07-25,Singapore,Retail,Small,Referral,APAC
C01378,Prime Systems,2024-06-18,USA,Technology,Small,Paid Social,North America
C01379,Bright Software,2025-06-10,Germany,Healthcare,Small,Organic Search,Europe
C01380,Blue Analytics,2024-01-26,India,Professional Services,Medium,Paid Search,APAC
C01381,Apex Networks,2024-01-25,Singapore,Technology,Medium,Partner,APAC
C01382,Cloud Analytics,2025-03-06,USA,Retail,Enterprise,Partner,North America
C01383,Vertex Software,2025-04-30,Australia,Education,Small,Paid Social,APAC
C01384,Cloud Works,2025-01-30,USA,Other,Enterprise,Paid Search,North America
C01385,Core Software,2024-09-27,India,Education,Small,Referral,APAC
C01386,Vertex Software,2024-04-02,UK,Healthcare,Enterprise,Referral,Europe
C01387,Bright Systems,2024-09-16,Singapore,Healthcare,Small,Paid Search,APAC
C01388,Nova Works,2024-09-11,USA,Manufacturing,Small,Referral,North America
C01389,Cloud Labs,2025-01-27,USA,Retail,Medium,Sales,North America
C01390,Prime Solutions,2024-03-03,USA,Professional Services,Medium,Paid Social,North America
C01391,Core Works,2025-02-15,USA,Healthcare,Large,Partner,North America
C01392,Fusion Software,2024-07-11,USA,Finance,Medium,Paid Search,North America
C01393,Apex Analytics,2024-01-30,USA,Healthcare,Small,Referral,North America
C01394,Fusion Solutions,2024-11-25,Germany,Healthcare,Large,Email Marketing,Europe
C01395,Blue Labs,2025-04-06,Other,Other,Small,Organic Search,Other
C01396,Nova Services,2024-02-29,USA,Finance,Large,Organic Search,North America
C01397,Bright Solutions,2024-08-18,India,Healthcare,Small,Sales,APAC
C01398,Fusion Analytics,2025-09-10,UK,Marketing,Medium,Sales,Europe
C01399,Next Works,2024-11-28,India,Finance,Medium,Paid Social,APAC
C01400,Digital Technologies,2024-01-01,Canada,Retail,Small,Paid Search,North America
C01401,Fusion Technologies,2024-06-10,India,Finance,Large,Paid Search,APAC
C01402,Fusion Solutions,2024-02-04,Other,Technology,Large,Email Marketing,Other
C01403,Fusion Networks,2025-11-08,USA,Education,Small,Organic Search,North America
C01404,Fusion Solutions,2024-06-23,India,Retail,Small,Paid Search,APAC
C01405,Core Labs,2024-06-04,USA,Healthcare,Large,Email Marketing,North America
C01406,Nova Labs,2024-11-01,UK,Retail,Small,Organic Search,Europe
C01407,Bright Labs,2024-10-26,USA,Manufacturing,Small,Paid Search,North America
C01408,Digital Services,2024-03-30,Other,Finance,Medium,Referral,Other
C01409,Core Group,2025-08-20,USA,Retail,Small,Paid Social,North America
C01410,Prime Networks,2025-02-27,UK,Finance,Medium,Sales,Europe
C01411,Next Works,2025-06-28,USA,Retail,Large,Sales,North America
C01412,Next Networks,2024-10-12,Germany,Professional Services,Small,Organic Search,Europe
C01413,Vertex Analytics,2024-07-06,India,Technology,Large,Paid Social,APAC
C01414,Digital Solutions,2024-03-11,India,Healthcare,Small,Paid Search,APAC
C01415,Apex Systems,2025-06-18,USA,Retail,Medium,Organic Search,North America
C01416,Bright Labs,2024-11-20,USA,Technology,Medium,Organic Search,North America
C01417,Apex Group,2024-11-29,Germany,Healthcare,Small,Paid Search,Europe
C01418,Vertex Networks,2024-10-30,Canada,Technology,Large,Paid Search,North America
C01419,Cloud Works,2024-08-22,Australia,Manufacturing,Small,Paid Search,APAC
C01420,Blue Networks,2025-04-23,USA,Finance,Small,Email Marketing,North America
C01421,Vertex Systems,2024-09-17,USA,Professional Services,Small,Organic Search,North America
C01422,Fusion Solutions,2025-06-21,USA,Healthcare,Medium,Organic Search,North America
C01423,Fusion Systems,2024-11-04,USA,Retail,Enterprise,Paid Social,North America
C01424,Prime Analytics,2024-01-20,India,Technology,Medium,Organic Search,APAC
C01425,Blue Services,2024-12-29,USA,Finance,Medium,Paid Search,North America
C01426,Digital Labs,2024-02-03,USA,Retail,Small,Sales,North America
C01427,Prime Software,2025-06-28,Canada,Finance,Small,Referral,North America
C01428,Fusion Group,2025-06-19,Other,Technology,Small,Sales,Other
C01429,Nova Software,2024-08-03,USA,Retail,Small,Partner,North America
C01430,Nova Systems,2025-05-17,USA,Manufacturing,Medium,Paid Search,North America
C01431,Fusion Technologies,2025-04-22,USA,Technology,Small,Organic Search,North America
C01432,Summit Labs,2024-09-10,India,Technology,Large,Paid Social,APAC
C01433,Digital Services,2024-09-21,Other,Healthcare,Enterprise,Paid Search,Other
C01434,Core Works,2025-08-28,India,Manufacturing,Large,Referral,APAC
C01435,Digital Technologies,2024-01-03,India,Professional Services,Medium,Partner,APAC
C01436,Cloud Networks,2025-01-23,Singapore,Finance,Small,Partner,APAC
C01437,Digital Services,2024-04-06,USA,Manufacturing,Medium,Partner,North America
C01438,Next Software,2025-02-02,India,Technology,Small,Organic Search,APAC
C01439,Digital Services,2025-06-04,India,Technology,Large,Paid Social,APAC
C01440,Next Services,2025-10-14,USA,Technology,Small,Paid Social,North America
C01441,Next Labs,2024-10-08,India,Technology,Small,Sales,APAC
C01442,Core Works,2025-07-26,Germany,Healthcare,Medium,Paid Social,Europe
C01443,Bright Services,2024-01-25,Germany,Technology,Medium,Referral,Europe
C01444,Bright Technologies,2025-09-29,Other,Healthcare,Small,Organic Search,Other
C01445,Digital Systems,2024-09-10,Australia,Technology,Medium,Paid Search,APAC
C01446,Prime Group,2025-11-30,USA,Retail,Large,Paid Search,North America
C01447,Summit Analytics,2024-05-12,Other,Retail,Medium,Paid Search,Other
C01448,Nova Networks,2024-09-19,Australia,Marketing,Small,Referral,APAC
C01449,Apex Services,2025-05-16,USA,Finance,Medium,Organic Search,North America
C01450,Summit Labs,2024-05-04,Australia,Finance,Small,Paid Search,APAC
C01451,Apex Systems,2025-08-02,UK,Retail,Small,Paid Search,Europe
C01452,Apex Analytics,2024-09-08,Canada,Education,Small,Partner,North America
C01453,Digital Technologies,2025-08-08,UK,Technology,Medium,Paid Search,Europe
C01454,Summit Works,2025-01-07,UK,Retail,Small,Paid Search,Europe
C01455,Digital Labs,2025-09-12,Other,Technology,Large,Sales,Other
C01456,Apex Works,2024-04-30,Germany,Finance,Medium,Paid Search,Europe
C01457,Core Group,2024-06-09,USA,Healthcare,Small,Organic Search,North America
C01458,Prime Solutions,2025-11-29,UK,Education,Small,Referral,Europe
C01459,Vertex Analytics,2025-04-20,India,Retail,Medium,Paid Search,APAC
C01460,Fusion Group,2025-11-08,India,Technology,Small,Paid Search,APAC
C01461,Cloud Group,2025-06-14,Germany,Healthcare,Medium,Organic Search,Europe
C01462,Nova Services,2025-01-30,USA,Technology,Small,Email Marketing,North America
C01463,Summit Technologies,2024-01-26,India,Healthcare,Enterprise,Email Marketing,APAC
C01464,Bright Software,2025-07-19,USA,Finance,Enterprise,Sales,North America
C01465,Digital Analytics,2025-07-27,USA,Finance,Large,Sales,North America
C01466,Nova Labs,2025-05-01,Germany,Retail,Large,Paid Search,Europe
C01467,Nova Software,2025-04-19,India,Technology,Medium,Sales,APAC
C01468,Prime Labs,2024-09-11,Other,Professional Services,Medium,Partner,Other
C01469,Prime Works,2024-10-29,USA,Technology,Small,Email Marketing,North America
C01470,Blue Services,2025-10-25,India,Technology,Medium,Partner,APAC
C01471,Next Group,2025-09-19,USA,Technology,Large,Paid Search,North America
C01472,Cloud Labs,2024-12-16,USA,Professional Services,Small,Paid Search,North America
C01473,Summit Solutions,2024-11-21,USA,Professional Services,Large,Paid Social,North America
C01474,Next Software,2025-09-15,USA,Finance,Medium,Email Marketing,North America
C01475,Cloud Group,2025-09-11,USA,Healthcare,Small,Sales,North America
C01476,Cloud Labs,2024-07-23,Canada,Finance,Medium,Email Marketing,North America
C01477,Cloud Networks,2024-03-08,Canada,Finance,Small,Partner,North America
C01478,Fusion Networks,2025-11-25,USA,Finance,Medium,Paid Search,North America
C01479,Apex Works,2025-08-03,USA,Technology,Medium,Paid Search,North America
C01480,Vertex Labs,2024-05-04,Germany,Professional Services,Small,Referral,Europe
C01481,Cloud Works,2024-03-08,USA,Technology,Large,Referral,North America
C01482,Digital Solutions,2024-06-10,Singapore,Education,Medium,Paid Search,APAC
C01483,Vertex Software,2024-04-02,USA,Finance,Small,Organic Search,North America
C01484,Fusion Solutions,2024-01-24,USA,Technology,Small,Organic Search,North America
C01485,Bright Networks,2025-03-07,UK,Technology,Small,Paid Search,Europe
C01486,Apex Labs,2024-07-27,Canada,Healthcare,Enterprise,Organic Search,North America
C01487,Apex Group,2024-03-29,Germany,Healthcare,Medium,Sales,Europe
C01488,Fusion Software,2025-10-28,Germany,Finance,Small,Paid Social,Europe
C01489,Prime Group,2025-02-01,Germany,Finance,Small,Organic Search,Europe
C01490,Prime Group,2025-04-04,USA,Finance,Medium,Organic Search,North America
C01491,Fusion Solutions,2025-06-19,India,Retail,Medium,Referral,APAC
C01492,Digital Group,2024-07-14,India,Retail,Large,Email Marketing,APAC
C01493,Digital Software,2024-09-12,India,Professional Services,Medium,Organic Search,APAC
C01494,Digital Works,2024-06-24,USA,Manufacturing,Small,Referral,North America
C01495,Blue Technologies,2024-08-23,USA,Professional Services,Medium,Partner,North America
C01496,Next Software,2024-06-07,India,Healthcare,Small,Paid Search,APAC
C01497,Bright Solutions,2025-04-23,Germany,Retail,Large,Partner,Europe
C01498,Prime Networks,2025-06-22,Australia,Technology,Medium,Paid Social,APAC
C01499,Blue Networks,2025-04-07,USA,Professional Services,Medium,Referral,North America
C01500,Blue Analytics,2025-06-09,USA,Education,Medium,Organic Search,North America
C01501,Vertex Group,2025-09-08,Other,Education,Small,Email Marketing,Other
C01502,Vertex Analytics,2024-12-22,Canada,Technology,Large,Partner,North America
C01503,Cloud Works,2025-07-07,UK,Manufacturing,Enterprise,Paid Social,Europe
C01504,Digital Systems,2025-04-08,Other,Marketing,Large,Sales,Other
C01505,Fusion Technologies,2025-07-01,Australia,Retail,Small,Organic Search,APAC
C01506,Core Labs,2025-01-30,Singapore,Healthcare,Small,Paid Search,APAC
C01507,Core Systems,2024-06-28,UK,Finance,Medium,Email Marketing,Europe
C01508,Bright Labs,2025-10-19,UK,Finance,Enterprise,Paid Social,Europe
C01509,Cloud Services,2025-08-04,Germany,Technology,Large,Paid Search,Europe
C01510,Vertex Analytics,2024-08-08,UK,Other,Small,Paid Social,Europe
C01511,Vertex Labs,2025-03-18,Germany,Professional Services,Small,Email Marketing,Europe
C01512,Summit Labs,2024-02-26,UK,Manufacturing,Small,Paid Search,Europe
C01513,Fusion Labs,2024-06-04,Canada,Finance,Medium,Organic Search,North America
C01514,Nova Works,2024-01-25,India,Technology,Small,Paid Social,APAC
C01515,Digital Analytics,2024-04-15,UK,Professional Services,Small,Organic Search,Europe
C01516,Cloud Solutions,2024-10-08,UK,Education,Large,Organic Search,Europe
C01517,Summit Analytics,2024-06-03,Other,Professional Services,Medium,Organic Search,Other
C01518,Blue Software,2024-12-01,USA,Healthcare,Medium,Email Marketing,North America
C01519,Cloud Systems,2025-11-27,Canada,Healthcare,Small,Organic Search,North America
C01520,Cloud Networks,2024-03-28,India,Healthcare,Small,Sales,APAC
C01521,Bright Services,2025-03-08,India,Retail,Medium,Organic Search,APAC
C01522,Prime Technologies,2024-11-05,Canada,Professional Services,Small,Paid Social,North America
C01523,Nova Labs,2024-01-16,USA,Manufacturing,Small,Organic Search,North America
C01524,Fusion Systems,2024-09-25,Other,Professional Services,Small,Sales,Other
C01525,Cloud Group,2025-01-23,Germany,Technology,Medium,Paid Search,Europe
C01526,Summit Systems,2024-10-30,USA,Technology,Medium,Paid Search,North America
C01527,Vertex Services,2024-01-13,USA,Other,Medium,Paid Search,North America
C01528,Fusion Services,2024-06-16,USA,Healthcare,Small,Organic Search,North America
C01529,Blue Systems,2024-01-31,Germany,Education,Small,Referral,Europe
C01530,Vertex Works,2024-05-11,India,Manufacturing,Enterprise,Email Marketing,APAC
C01531,Cloud Software,2025-05-23,Germany,Retail,Medium,Organic Search,Europe
C01532,Nova Networks,2024-08-17,UK,Education,Small,Organic Search,Europe
C01533,Bright Software,2024-06-23,Canada,Technology,Small,Partner,North America
C01534,Vertex Analytics,2025-01-01,USA,Technology,Small,Paid Search,North America
C01535,Summit Group,2024-08-26,USA,Technology,Medium,Paid Social,North America
C01536,Bright Labs,2025-01-20,USA,Healthcare,Medium,Organic Search,North America
C01537,Prime Works,2024-06-13,Other,Technology,Small,Organic Search,Other
C01538,Core Systems,2025-11-13,India,Technology,Medium,Referral,APAC
C01539,Digital Software,2025-06-05,UK,Retail,Small,Paid Search,Europe
C01540,Nova Works,2024-03-31,USA,Healthcare,Medium,Email Marketing,North America
C01541,Core Labs,2025-07-22,Canada,Other,Small,Organic Search,North America
C01542,Prime Systems,2025-01-05,UK,Education,Medium,Organic Search,Europe
C01543,Blue Software,2025-04-24,USA,Professional Services,Small,Organic Search,North America
C01544,Prime Technologies,2025-01-09,USA,Finance,Enterprise,Organic Search,North America
C01545,Blue Technologies,2025-01-16,UK,Manufacturing,Small,Paid Social,Europe
C01546,Core Networks,2024-12-06,Singapore,Manufacturing,Medium,Organic Search,APAC
C01547,Core Software,2025-02-13,Singapore,Finance,Large,Paid Search,APAC
C01548,Cloud Networks,2024-03-05,USA,Healthcare,Small,Partner,North America
C01549,Nova Networks,2024-07-04,Other,Healthcare,Small,Organic Search,Other
C01550,Fusion Technologies,2025-05-16,USA,Finance,Medium,Partner,North America
C01551,Fusion Works,2025-11-10,USA,Professional Services,Medium,Organic Search,North America
C01552,Bright Technologies,2025-01-10,USA,Marketing,Medium,Partner,North America
C01553,Summit Networks,2024-03-01,India,Manufacturing,Small,Organic Search,APAC
C01554,Cloud Technologies,2024-01-08,Canada,Retail,Large,Organic Search,North America
C01555,Blue Solutions,2024-12-22,Canada,Marketing,Medium,Organic Search,North America
C01556,Bright Labs,2025-11-18,Singapore,Healthcare,Medium,Sales,APAC
C01557,Nova Software,2025-01-13,Other,Other,Large,Referral,Other
C01558,Nova Solutions,2025-04-02,USA,Marketing,Small,Paid Social,North America
C01559,Nova Works,2024-10-06,USA,Education,Small,Paid Social,North America
C01560,Summit Labs,2025-01-09,Australia,Finance,Medium,Organic Search,APAC
C01561,Fusion Works,2025-01-26,Other,Finance,Medium,Email Marketing,Other
C01562,Core Solutions,2024-10-21,UK,Manufacturing,Medium,Paid Search,Europe
C01563,Cloud Group,2024-08-20,UK,Technology,Small,Paid Search,Europe
C01564,Bright Works,2025-08-27,UK,Finance,Medium,Referral,Europe
C01565,Nova Software,2024-08-15,UK,Marketing,Small,Paid Social,Europe
C01566,Fusion Networks,2025-01-31,USA,Retail,Large,Referral,North America
C01567,Prime Technologies,2024-08-11,USA,Healthcare,Large,Email Marketing,North America
C01568,Core Labs,2024-11-29,India,Finance,Small,Partner,APAC
C01569,Bright Labs,2025-05-09,Australia,Retail,Medium,Sales,APAC
C01570,Bright Analytics,2024-08-25,India,Finance,Small,Sales,APAC
C01571,Vertex Services,2025-11-28,India,Finance,Small,Paid Search,APAC
C01572,Next Works,2025-01-29,Australia,Technology,Medium,Partner,APAC
C01573,Vertex Solutions,2025-01-12,USA,Finance,Medium,Organic Search,North America
C01574,Summit Works,2025-07-28,India,Professional Services,Medium,Referral,APAC
C01575,Digital Services,2024-11-24,USA,Education,Small,Organic Search,North America
C01576,Apex Software,2024-09-01,USA,Education,Medium,Paid Search,North America
C01577,Vertex Group,2024-11-27,USA,Technology,Medium,Partner,North America
C01578,Blue Services,2024-07-22,USA,Technology,Small,Referral,North America
C01579,Core Analytics,2024-02-28,USA,Other,Large,Sales,North America
C01580,Cloud Technologies,2025-11-25,USA,Professional Services,Small,Paid Social,North America
C01581,Summit Works,2025-09-20,India,Manufacturing,Medium,Paid Social,APAC
C01582,Apex Technologies,2025-05-22,UK,Healthcare,Small,Referral,Europe
C01583,Apex Systems,2024-04-14,USA,Retail,Medium,Organic Search,North America
C01584,Digital Labs,2024-10-27,UK,Technology,Medium,Partner,Europe
C01585,Vertex Technologies,2024-09-17,India,Marketing,Medium,Organic Search,APAC
C01586,Vertex Technologies,2025-04-06,USA,Healthcare,Small,Paid Search,North America
C01587,Fusion Works,2025-07-08,USA,Education,Small,Organic Search,North America
C01588,Fusion Works,2024-08-02,Australia,Technology,Medium,Paid Search,APAC
C01589,Digital Services,2024-09-02,USA,Finance,Medium,Paid Social,North America
C01590,Blue Networks,2024-01-16,India,Technology,Small,Partner,APAC
C01591,Bright Solutions,2024-10-04,USA,Technology,Large,Organic Search,North America
C01592,Cloud Works,2024-03-19,Other,Retail,Medium,Organic Search,Other
C01593,Apex Group,2024-03-21,USA,Education,Small,Organic Search,North America
C01594,Nova Analytics,2025-10-27,USA,Finance,Large,Paid Social,North America
C01595,Apex Group,2025-09-30,USA,Technology,Large,Paid Social,North America
C01596,Summit Analytics,2024-08-31,Other,Professional Services,Medium,Paid Search,Other
C01597,Nova Software,2024-04-16,USA,Finance,Small,Organic Search,North America
C01598,Next Technologies,2024-10-07,India,Professional Services,Medium,Referral,APAC
C01599,Fusion Systems,2024-04-11,India,Marketing,Small,Referral,APAC
C01600,Core Technologies,2024-03-03,UK,Retail,Small,Email Marketing,Europe
C01601,Apex Systems,2024-03-20,Australia,Other,Medium,Organic Search,APAC
C01602,Bright Solutions,2024-01-09,India,Technology,Medium,Sales,APAC
C01603,Cloud Group,2025-07-22,USA,Technology,Small,Paid Search,North America
C01604,Cloud Technologies,2025-03-31,UK,Healthcare,Large,Organic Search,Europe
C01605,Fusion Solutions,2024-10-30,USA,Manufacturing,Medium,Referral,North America
C01606,Digital Labs,2025-06-11,India,Other,Large,Sales,APAC
C01607,Fusion Services,2024-06-09,Other,Marketing,Enterprise,Paid Search,Other
C01608,Next Analytics,2025-07-10,USA,Manufacturing,Medium,Organic Search,North America
C01609,Nova Technologies,2024-04-25,USA,Technology,Small,Organic Search,North America
C01610,Fusion Analytics,2025-01-20,UK,Marketing,Medium,Paid Search,Europe
C01611,Nova Labs,2025-08-09,Canada,Professional Services,Medium,Organic Search,North America
C01612,Nova Software,2025-10-07,Germany,Technology,Small,Partner,Europe
C01613,Summit Services,2024-11-12,USA,Retail,Medium,Sales,North America
C01614,Summit Solutions,2025-11-07,Germany,Finance,Small,Paid Search,Europe
C01615,Summit Services,2025-02-26,USA,Marketing,Large,Referral,North America
C01616,Cloud Analytics,2025-02-22,USA,Finance,Large,Organic Search,North America
C01617,Core Solutions,2025-04-29,USA,Education,Medium,Organic Search,North America
C01618,Apex Group,2024-06-07,USA,Marketing,Small,Organic Search,North America
C01619,Next Group,2024-05-11,UK,Finance,Small,Referral,Europe
C01620,Next Software,2025-07-21,USA,Technology,Small,Organic Search,North America
C01621,Summit Group,2024-01-08,UK,Technology,Small,Partner,Europe
C01622,Vertex Analytics,2025-09-12,Other,Other,Small,Paid Search,Other
C01623,Core Analytics,2024-07-07,Other,Technology,Small,Referral,Other
C01624,Prime Works,2025-02-22,USA,Education,Large,Sales,North America
C01625,Nova Solutions,2024-10-02,India,Finance,Small,Partner,APAC
C01626,Bright Systems,2025-01-23,USA,Technology,Medium,Organic Search,North America
C01627,Fusion Group,2024-09-25,Canada,Marketing,Large,Email Marketing,North America
C01628,Core Software,2025-06-01,USA,Other,Small,Organic Search,North America
C01629,Next Group,2025-10-04,USA,Marketing,Small,Paid Search,North America
C01630,Vertex Services,2024-03-21,India,Professional Services,Small,Organic Search,APAC
C01631,Cloud Systems,2024-10-09,Germany,Healthcare,Medium,Partner,Europe
C01632,Vertex Group,2024-04-25,UK,Finance,Small,Organic Search,Europe
C01633,Cloud Solutions,2025-05-09,USA,Finance,Small,Organic Search,North America
C01634,Nova Group,2024-08-09,Canada,Finance,Small,Organic Search,North America
C01635,Summit Group,2025-03-18,USA,Professional Services,Small,Organic Search,North America
C01636,Bright Services,2024-12-28,USA,Manufacturing,Medium,Sales,North America
C01637,Apex Systems,2024-01-28,India,Retail,Small,Paid Social,APAC
C01638,Summit Networks,2024-09-16,UK,Manufacturing,Medium,Organic Search,Europe
C01639,Digital Technologies,2025-03-13,Singapore,Manufacturing,Small,Organic Search,APAC
C01640,Blue Group,2025-06-22,Germany,Manufacturing,Medium,Organic Search,Europe
C01641,Prime Labs,2025-03-07,USA,Manufacturing,Small,Organic Search,North America
C01642,Bright Analytics,2024-07-19,Germany,Finance,Medium,Paid Social,Europe
C01643,Nova Solutions,2024-06-25,India,Retail,Medium,Paid Social,APAC
C01644,Summit Networks,2025-04-01,India,Healthcare,Large,Paid Social,APAC
C01645,Digital Labs,2025-08-09,UK,Professional Services,Medium,Paid Social,Europe
C01646,Apex Services,2024-05-14,Singapore,Retail,Small,Organic Search,APAC
C01647,Blue Systems,2025-06-08,UK,Retail,Small,Sales,Europe
C01648,Core Solutions,2024-06-29,Other,Education,Small,Partner,Other
C01649,Core Software,2025-09-07,USA,Retail,Small,Organic Search,North America
C01650,Next Software,2024-08-26,USA,Education,Enterprise,Paid Search,North America
C01651,Cloud Technologies,2024-08-09,Singapore,Professional Services,Medium,Paid Search,APAC
C01652,Bright Works,2025-08-13,Canada,Professional Services,Enterprise,Paid Search,North America
C01653,Vertex Works,2024-01-02,Canada,Manufacturing,Small,Paid Search,North America
C01654,Digital Solutions,2024-10-19,UK,Education,Medium,Email Marketing,Europe
C01655,Digital Systems,2025-10-19,India,Technology,Small,Paid Search,APAC
C01656,Apex Technologies,2025-10-20,USA,Other,Small,Partner,North America
C01657,Apex Technologies,2025-05-12,USA,Marketing,Medium,Email Marketing,North America
C01658,Summit Labs,2024-11-07,Singapore,Technology,Small,Paid Search,APAC
C01659,Apex Networks,2024-02-14,Other,Manufacturing,Small,Paid Social,Other
C01660,Blue Services,2025-01-30,India,Healthcare,Small,Email Marketing,APAC
C01661,Bright Networks,2025-10-28,USA,Finance,Small,Referral,North America
C01662,Apex Analytics,2025-07-23,India,Marketing,Large,Organic Search,APAC
C01663,Core Group,2024-01-23,Other,Education,Small,Referral,Other
C01664,Bright Software,2025-03-25,Germany,Professional Services,Medium,Organic Search,Europe
C01665,Nova Services,2024-09-27,Singapore,Manufacturing,Small,Email Marketing,APAC
C01666,Nova Services,2024-12-03,USA,Technology,Medium,Paid Search,North America
C01667,Nova Analytics,2025-05-11,Other,Technology,Medium,Paid Social,Other
C01668,Cloud Group,2024-04-17,USA,Manufacturing,Small,Sales,North America
C01669,Vertex Works,2024-05-01,Other,Technology,Large,Paid Search,Other
C01670,Digital Services,2024-05-25,Canada,Finance,Small,Referral,North America
C01671,Fusion Services,2024-02-19,Other,Professional Services,Small,Paid Search,Other
C01672,Fusion Analytics,2025-08-28,India,Manufacturing,Enterprise,Sales,APAC
C01673,Next Services,2024-09-26,India,Finance,Small,Paid Search,APAC
C01674,Bright Systems,2025-05-22,USA,Education,Medium,Partner,North America
C01675,Bright Networks,2025-04-22,UK,Technology,Medium,Paid Search,Europe
C01676,Cloud Group,2025-03-16,USA,Retail,Large,Organic Search,North America
C01677,Nova Systems,2025-11-11,USA,Technology,Medium,Referral,North America
C01678,Bright Services,2025-10-27,Australia,Technology,Large,Referral,APAC
C01679,Digital Software,2025-11-13,Singapore,Technology,Small,Email Marketing,APAC
C01680,Nova Networks,2024-01-05,India,Manufacturing,Medium,Email Marketing,APAC
C01681,Bright Services,2024-06-17,India,Healthcare,Medium,Paid Search,APAC
C01682,Digital Group,2025-05-18,India,Education,Small,Sales,APAC
C01683,Cloud Systems,2024-02-12,UK,Technology,Medium,Partner,Europe
C01684,Vertex Group,2024-10-06,USA,Finance,Small,Organic Search,North America
C01685,Bright Systems,2024-12-24,India,Education,Small,Partner,APAC
C01686,Apex Technologies,2025-11-29,Germany,Technology,Large,Organic Search,Europe
C01687,Summit Networks,2024-08-01,India,Retail,Medium,Paid Social,APAC
C01688,Summit Services,2024-08-17,UK,Retail,Small,Paid Search,Europe
C01689,Prime Software,2025-09-23,Other,Technology,Small,Referral,Other
C01690,Bright Services,2024-12-10,USA,Retail,Small,Organic Search,North America
C01691,Next Group,2025-10-10,India,Healthcare,Small,Organic Search,APAC
C01692,Nova Technologies,2024-09-15,India,Healthcare,Small,Partner,APAC
C01693,Core Networks,2025-05-24,Germany,Manufacturing,Small,Partner,Europe
C01694,Cloud Solutions,2024-03-21,USA,Finance,Enterprise,Partner,North America
C01695,Fusion Analytics,2025-06-02,Australia,Retail,Small,Sales,APAC
C01696,Cloud Systems,2025-11-12,Australia,Finance,Small,Organic Search,APAC
C01697,Bright Analytics,2025-10-17,USA,Education,Small,Paid Social,North America
C01698,Summit Services,2024-10-05,USA,Technology,Small,Partner,North America
C01699,Summit Services,2025-04-13,India,Finance,Medium,Paid Search,APAC
C01700,Blue Analytics,2025-06-21,USA,Professional Services,Medium,Paid Search,North America
C01701,Bright Group,2024-01-09,India,Professional Services,Medium,Paid Social,APAC
C01702,Digital Works,2024-07-14,India,Healthcare,Medium,Referral,APAC
C01703,Vertex Group,2024-01-30,USA,Professional Services,Medium,Email Marketing,North America
C01704,Digital Group,2025-03-19,USA,Technology,Enterprise,Referral,North America
C01705,Prime Works,2025-10-13,UK,Professional Services,Medium,Sales,Europe
C01706,Prime Software,2024-01-23,India,Retail,Small,Paid Social,APAC
C01707,Cloud Technologies,2024-08-06,UK,Technology,Small,Partner,Europe
C01708,Apex Services,2024-05-27,USA,Technology,Large,Paid Social,North America
C01709,Fusion Group,2025-01-27,India,Healthcare,Small,Paid Search,APAC
C01710,Digital Group,2025-09-01,India,Marketing,Large,Email Marketing,APAC
C01711,Vertex Works,2024-03-24,USA,Healthcare,Large,Organic Search,North America
C01712,Vertex Solutions,2025-04-09,USA,Retail,Large,Paid Social,North America
C01713,Digital Systems,2024-12-22,India,Retail,Large,Partner,APAC
C01714,Cloud Technologies,2024-09-14,USA,Finance,Small,Email Marketing,North America
C01715,Summit Solutions,2024-02-01,USA,Education,Large,Partner,North America
C01716,Digital Systems,2024-12-12,Other,Education,Large,Paid Search,Other
C01717,Next Analytics,2025-01-06,USA,Technology,Small,Paid Search,North America
C01718,Bright Technologies,2024-07-26,USA,Healthcare,Small,Partner,North America
C01719,Vertex Services,2024-11-07,UK,Professional Services,Small,Paid Search,Europe
C01720,Nova Labs,2024-04-14,Other,Professional Services,Medium,Organic Search,Other
C01721,Prime Services,2025-03-16,Other,Retail,Small,Sales,Other
C01722,Apex Software,2025-11-20,Other,Healthcare,Small,Paid Search,Other
C01723,Fusion Networks,2024-12-22,UK,Technology,Medium,Paid Search,Europe
C01724,Apex Software,2025-01-12,USA,Marketing,Small,Referral,North America
C01725,Apex Analytics,2025-11-18,USA,Technology,Small,Paid Social,North America
C01726,Vertex Software,2024-03-21,USA,Technology,Medium,Sales,North America
C01727,Bright Labs,2024-10-22,USA,Finance,Enterprise,Organic Search,North America
C01728,Next Group,2025-04-09,USA,Healthcare,Small,Sales,North America
C01729,Digital Software,2024-12-12,USA,Marketing,Large,Email Marketing,North America
C01730,Cloud Software,2025-02-15,USA,Technology,Small,Organic Search,North America
C01731,Next Technologies,2024-02-17,India,Manufacturing,Small,Partner,APAC
C01732,Next Services,2025-03-06,USA,Professional Services,Small,Sales,North America
C01733,Core Analytics,2024-03-22,Canada,Retail,Medium,Sales,North America
C01734,Summit Services,2024-10-16,USA,Professional Services,Medium,Email Marketing,North America
C01735,Prime Analytics,2024-05-23,Germany,Professional Services,Medium,Paid Search,Europe
C01736,Cloud Networks,2025-10-12,USA,Finance,Small,Referral,North America
C01737,Apex Works,2024-11-07,India,Finance,Large,Sales,APAC
C01738,Fusion Works,2024-02-11,UK,Finance,Medium,Organic Search,Europe
C01739,Next Labs,2025-06-14,USA,Professional Services,Small,Paid Search,North America
C01740,Nova Services,2025-10-20,USA,Education,Small,Email Marketing,North America
C01741,Bright Systems,2024-08-27,Canada,Healthcare,Small,Organic Search,North America
C01742,Core Services,2024-10-26,USA,Other,Medium,Sales,North America
C01743,Bright Services,2025-04-14,USA,Retail,Small,Partner,North America
C01744,Fusion Group,2025-07-26,India,Professional Services,Medium,Organic Search,APAC
C01745,Core Networks,2025-09-06,USA,Professional Services,Medium,Paid Search,North America
C01746,Bright Solutions,2025-05-09,Other,Technology,Small,Paid Search,Other
C01747,Blue Group,2024-07-12,Australia,Retail,Small,Paid Search,APAC
C01748,Vertex Networks,2025-03-14,UK,Marketing,Medium,Organic Search,Europe
C01749,Bright Services,2025-05-30,USA,Other,Small,Referral,North America
C01750,Blue Solutions,2025-03-27,USA,Technology,Small,Email Marketing,North America
C01751,Blue Systems,2025-05-12,India,Other,Medium,Sales,APAC
C01752,Vertex Software,2024-12-25,India,Manufacturing,Small,Organic Search,APAC
C01753,Apex Works,2024-05-14,Singapore,Marketing,Small,Paid Social,APAC
C01754,Vertex Solutions,2025-04-03,Australia,Retail,Medium,Partner,APAC
C01755,Digital Services,2024-10-04,Other,Retail,Small,Paid Social,Other
C01756,Fusion Technologies,2024-07-28,USA,Professional Services,Medium,Paid Search,North America
C01757,Prime Solutions,2024-07-26,Other,Other,Medium,Partner,Other
C01758,Prime Systems,2025-09-12,India,Technology,Large,Paid Search,APAC
C01759,Vertex Labs,2024-10-20,UK,Finance,Medium,Organic Search,Europe
C01760,Prime Group,2024-03-06,Canada,Retail,Small,Referral,North America
C01761,Prime Analytics,2024-02-02,USA,Finance,Small,Email Marketing,North America
C01762,Blue Services,2024-03-19,UK,Professional Services,Medium,Referral,Europe
C01763,Digital Analytics,2025-09-11,UK,Marketing,Small,Organic Search,Europe
C01764,Summit Technologies,2024-10-07,Singapore,Manufacturing,Small,Organic Search,APAC
C01765,Vertex Labs,2024-05-21,India,Other,Medium,Organic Search,APAC
C01766,Vertex Software,2025-01-04,Germany,Healthcare,Medium,Sales,Europe
C01767,Blue Group,2024-07-13,USA,Professional Services,Small,Organic Search,North America
C01768,Apex Software,2024-08-07,Germany,Finance,Small,Organic Search,Europe
C01769,Fusion Services,2025-01-04,Singapore,Marketing,Large,Paid Search,APAC
C01770,Fusion Networks,2024-07-30,USA,Marketing,Large,Paid Search,North America
C01771,Core Networks,2024-08-15,UK,Healthcare,Medium,Sales,Europe
C01772,Bright Solutions,2025-11-20,UK,Education,Small,Paid Search,Europe
C01773,Digital Networks,2025-02-23,Canada,Healthcare,Large,Partner,North America
C01774,Next Analytics,2025-02-23,Canada,Education,Large,Paid Search,North America
C01775,Prime Analytics,2024-09-16,USA,Finance,Small,Sales,North America
C01776,Prime Works,2024-09-21,USA,Education,Large,Partner,North America
C01777,Prime Networks,2024-03-23,Singapore,Finance,Large,Paid Social,APAC
C01778,Fusion Group,2025-09-10,Germany,Education,Enterprise,Organic Search,Europe
C01779,Fusion Software,2024-06-26,India,Healthcare,Large,Paid Social,APAC
C01780,Blue Technologies,2024-02-19,USA,Education,Small,Partner,North America
C01781,Cloud Software,2024-07-11,India,Technology,Medium,Paid Social,APAC
C01782,Digital Systems,2025-09-12,India,Technology,Small,Paid Search,APAC
C01783,Nova Software,2024-06-14,UK,Professional Services,Large,Partner,Europe
C01784,Cloud Technologies,2024-02-10,USA,Finance,Medium,Organic Search,North America
C01785,Fusion Systems,2025-11-15,USA,Education,Large,Email Marketing,North America
C01786,Cloud Group,2025-04-25,Other,Technology,Medium,Partner,Other
C01787,Blue Software,2024-05-04,Australia,Technology,Small,Organic Search,APAC
C01788,Fusion Technologies,2025-03-25,India,Retail,Large,Paid Search,APAC
C01789,Core Solutions,2025-06-10,India,Healthcare,Small,Organic Search,APAC
C01790,Next Solutions,2024-07-25,India,Education,Medium,Paid Search,APAC
C01791,Prime Solutions,2025-06-14,India,Education,Enterprise,Partner,APAC
C01792,Vertex Analytics,2025-05-14,UK,Technology,Small,Email Marketing,Europe
C01793,Core Solutions,2025-06-01,India,Other,Small,Paid Search,APAC
C01794,Vertex Solutions,2025-02-15,USA,Education,Medium,Organic Search,North America
C01795,Blue Analytics,2024-05-19,UK,Marketing,Large,Paid Social,Europe
C01796,Core Works,2024-12-21,Other,Healthcare,Medium,Organic Search,Other
C01797,Next Solutions,2024-03-13,India,Healthcare,Large,Partner,APAC
C01798,Fusion Analytics,2025-03-01,Canada,Finance,Small,Paid Search,North America
C01799,Blue Software,2024-01-10,Australia,Technology,Small,Organic Search,APAC
C01800,Apex Works,2025-04-24,USA,Technology,Small,Partner,North America
C01801,Blue Technologies,2024-09-28,UK,Healthcare,Small,Sales,Europe
C01802,Prime Networks,2024-10-27,Other,Technology,Medium,Sales,Other
C01803,Fusion Labs,2024-06-16,India,Finance,Small,Organic Search,APAC
C01804,Core Group,2024-12-09,USA,Retail,Medium,Referral,North America
C01805,Blue Software,2025-10-17,UK,Technology,Medium,Sales,Europe
C01806,Fusion Group,2024-09-02,India,Retail,Small,Paid Social,APAC
C01807,Blue Analytics,2024-02-24,UK,Education,Small,Organic Search,Europe
C01808,Next Technologies,2025-01-19,USA,Finance,Medium,Partner,North America
C01809,Blue Group,2024-12-05,UK,Manufacturing,Medium,Email Marketing,Europe
C01810,Digital Systems,2025-08-25,USA,Technology,Large,Email Marketing,North America
C01811,Cloud Works,2024-12-03,UK,Technology,Large,Organic Search,Europe
C01812,Fusion Software,2024-06-26,India,Healthcare,Small,Paid Search,APAC
C01813,Summit Networks,2024-06-04,India,Healthcare,Medium,Email Marketing,APAC
C01814,Blue Group,2025-08-25,UK,Technology,Medium,Organic Search,Europe
C01815,Prime Group,2025-08-16,Canada,Technology,Medium,Referral,North America
C01816,Core Services,2024-02-12,Other,Retail,Small,Referral,Other
C01817,Apex Services,2024-09-01,UK,Technology,Large,Referral,Europe
C01818,Vertex Software,2025-08-03,USA,Manufacturing,Medium,Paid Search,North America
C01819,Fusion Software,2024-02-13,Canada,Retail,Large,Paid Search,North America
C01820,Digital Solutions,2025-01-02,USA,Manufacturing,Small,Organic Search,North America
C01821,Bright Analytics,2025-06-02,Australia,Retail,Small,Email Marketing,APAC
C01822,Bright Solutions,2024-10-14,USA,Marketing,Small,Paid Social,North America
C01823,Apex Services,2025-10-23,Singapore,Finance,Small,Sales,APAC
C01824,Nova Analytics,2025-10-08,UK,Retail,Small,Organic Search,Europe
C01825,Digital Works,2025-05-12,UK,Retail,Small,Email Marketing,Europe
C01826,Next Services,2025-08-21,USA,Finance,Medium,Email Marketing,North America
C01827,Next Technologies,2025-10-19,Canada,Education,Small,Referral,North America
C01828,Nova Solutions,2025-01-03,UK,Retail,Small,Email Marketing,Europe
C01829,Vertex Labs,2024-02-28,USA,Manufacturing,Small,Sales,North America
C01830,Core Networks,2024-05-24,India,Healthcare,Small,Referral,APAC
C01831,Core Solutions,2024-12-25,India,Professional Services,Large,Paid Social,APAC
C01832,Vertex Solutions,2024-01-30,Germany,Education,Medium,Organic Search,Europe
C01833,Next Networks,2024-03-31,Australia,Technology,Small,Email Marketing,APAC
C01834,Prime Group,2024-09-03,India,Technology,Small,Partner,APAC
C01835,Bright Networks,2024-06-09,UK,Retail,Small,Organic Search,Europe
C01836,Prime Systems,2024-10-24,India,Technology,Small,Organic Search,APAC
C01837,Prime Networks,2024-03-22,USA,Healthcare,Medium,Referral,North America
C01838,Nova Solutions,2025-07-18,USA,Retail,Medium,Paid Social,North America
C01839,Fusion Solutions,2025-04-02,UK,Education,Medium,Paid Search,Europe
C01840,Apex Group,2024-05-27,India,Marketing,Enterprise,Paid Search,APAC
C01841,Vertex Networks,2024-05-22,UK,Technology,Medium,Paid Social,Europe
C01842,Next Software,2025-03-21,Australia,Technology,Large,Referral,APAC
C01843,Fusion Labs,2024-11-24,India,Professional Services,Medium,Partner,APAC
C01844,Vertex Systems,2025-07-24,India,Manufacturing,Small,Organic Search,APAC
C01845,Cloud Services,2024-08-16,India,Retail,Large,Organic Search,APAC
C01846,Core Group,2024-09-02,Singapore,Healthcare,Small,Sales,APAC
C01847,Summit Services,2025-01-23,USA,Healthcare,Medium,Sales,North America
C01848,Blue Systems,2024-03-19,Germany,Technology,Medium,Organic Search,Europe
C01849,Cloud Systems,2024-08-19,UK,Healthcare,Small,Paid Social,Europe
C01850,Cloud Works,2024-06-15,USA,Education,Small,Referral,North America
C01851,Prime Services,2024-11-28,Canada,Retail,Large,Organic Search,North America
C01852,Bright Labs,2024-11-11,Canada,Technology,Medium,Partner,North America
C01853,Nova Systems,2024-08-07,USA,Technology,Medium,Sales,North America
C01854,Summit Services,2025-04-19,India,Professional Services,Medium,Email Marketing,APAC
C01855,Prime Labs,2024-06-26,Australia,Technology,Small,Email Marketing,APAC
C01856,Digital Systems,2025-02-05,USA,Other,Small,Sales,North America
C01857,Apex Software,2024-10-29,India,Manufacturing,Large,Organic Search,APAC
C01858,Vertex Solutions,2024-10-05,USA,Education,Large,Paid Search,North America
C01859,Nova Technologies,2025-08-05,USA,Professional Services,Large,Referral,North America
C01860,Cloud Networks,2025-01-12,USA,Retail,Medium,Email Marketing,North America
C01861,Fusion Systems,2025-06-15,USA,Professional Services,Small,Organic Search,North America
C01862,Vertex Software,2025-09-11,India,Education,Medium,Sales,APAC
C01863,Prime Systems,2024-07-04,India,Healthcare,Small,Paid Social,APAC
C01864,Vertex Software,2024-09-18,Germany,Finance,Medium,Sales,Europe
C01865,Blue Services,2025-01-27,UK,Manufacturing,Large,Organic Search,Europe
C01866,Fusion Solutions,2024-04-14,USA,Manufacturing,Small,Sales,North America
C01867,Cloud Analytics,2025-05-06,USA,Marketing,Large,Paid Social,North America
C01868,Nova Systems,2024-07-29,USA,Professional Services,Small,Referral,North America
C01869,Blue Solutions,2025-01-08,Australia,Technology,Small,Sales,APAC
C01870,Next Analytics,2024-08-29,UK,Healthcare,Small,Partner,Europe
C01871,Vertex Technologies,2025-10-30,Other,Retail,Medium,Sales,Other
C01872,Apex Technologies,2024-08-28,Canada,Retail,Large,Organic Search,North America
C01873,Prime Works,2024-10-09,India,Professional Services,Small,Organic Search,APAC
C01874,Bright Analytics,2025-01-24,Germany,Manufacturing,Medium,Paid Search,Europe
C01875,Next Labs,2025-02-26,USA,Technology,Large,Organic Search,North America
C01876,Summit Technologies,2025-06-20,USA,Technology,Small,Organic Search,North America
C01877,Summit Analytics,2024-10-14,India,Healthcare,Medium,Paid Search,APAC
C01878,Fusion Labs,2024-01-01,USA,Manufacturing,Medium,Partner,North America
C01879,Fusion Software,2024-02-01,Germany,Finance,Large,Sales,Europe
C01880,Nova Systems,2025-08-08,India,Technology,Large,Paid Search,APAC
C01881,Digital Works,2025-05-15,UK,Other,Enterprise,Paid Search,Europe
C01882,Vertex Labs,2024-11-09,Australia,Professional Services,Small,Referral,APAC
C01883,Cloud Technologies,2025-10-04,USA,Retail,Small,Organic Search,North America
C01884,Nova Technologies,2024-01-14,USA,Technology,Medium,Paid Search,North America
C01885,Fusion Services,2024-12-16,India,Retail,Large,Paid Social,APAC
C01886,Digital Analytics,2025-01-27,USA,Education,Small,Referral,North America
C01887,Core Works,2025-06-15,USA,Retail,Medium,Email Marketing,North America
C01888,Nova Systems,2025-11-05,India,Technology,Small,Organic Search,APAC
C01889,Digital Technologies,2025-04-10,USA,Retail,Small,Organic Search,North America
C01890,Blue Works,2025-09-15,India,Retail,Medium,Organic Search,APAC
C01891,Blue Works,2025-05-20,Germany,Finance,Medium,Referral,Europe
C01892,Blue Works,2024-10-13,UK,Retail,Small,Paid Social,Europe
C01893,Apex Analytics,2025-04-13,Singapore,Manufacturing,Small,Sales,APAC
C01894,Summit Labs,2024-09-13,USA,Technology,Large,Organic Search,North America
C01895,Apex Labs,2024-07-14,USA,Healthcare,Medium,Referral,North America
C01896,Summit Group,2025-10-19,USA,Technology,Large,Paid Social,North America
C01897,Cloud Technologies,2024-12-28,UK,Retail,Small,Referral,Europe
C01898,Nova Solutions,2024-06-03,USA,Technology,Small,Organic Search,North America
C01899,Digital Software,2024-08-26,USA,Technology,Medium,Sales,North America
C01900,Blue Analytics,2024-11-13,USA,Other,Medium,Partner,North America
C01901,Cloud Labs,2024-04-17,Germany,Finance,Small,Referral,Europe
C01902,Core Networks,2024-12-21,Other,Technology,Medium,Sales,Other
C01903,Vertex Group,2024-07-14,Australia,Retail,Small,Referral,APAC
C01904,Bright Software,2025-07-28,India,Technology,Medium,Partner,APAC
C01905,Next Services,2024-10-28,USA,Technology,Small,Paid Social,North America
C01906,Core Systems,2024-07-31,Australia,Finance,Small,Paid Social,APAC
C01907,Summit Software,2024-04-21,Australia,Manufacturing,Small,Paid Search,APAC
C01908,Fusion Software,2025-06-17,USA,Healthcare,Large,Partner,North America
C01909,Next Analytics,2025-10-27,Germany,Education,Large,Paid Search,Europe
C01910,Next Solutions,2024-03-14,UK,Marketing,Medium,Email Marketing,Europe
C01911,Fusion Systems,2024-03-24,USA,Other,Large,Email Marketing,North America
C01912,Next Services,2025-04-07,Australia,Healthcare,Medium,Partner,APAC
C01913,Next Analytics,2025-12-01,Germany,Professional Services,Medium,Referral,Europe
C01914,Prime Labs,2024-09-16,Australia,Professional Services,Medium,Partner,APAC
C01915,Cloud Technologies,2025-07-23,UK,Manufacturing,Large,Sales,Europe
C01916,Apex Software,2024-07-04,Canada,Technology,Medium,Organic Search,North America
C01917,Blue Analytics,2024-06-09,USA,Retail,Medium,Paid Search,North America
C01918,Prime Systems,2025-04-07,India,Technology,Medium,Organic Search,APAC
C01919,Blue Networks,2025-05-30,UK,Manufacturing,Medium,Referral,Europe
C01920,Next Works,2024-10-21,Other,Other,Medium,Organic Search,Other
C01921,Core Works,2024-03-15,USA,Marketing,Large,Email Marketing,North America
C01922,Blue Services,2024-02-17,UK,Retail,Medium,Referral,Europe
C01923,Next Software,2025-01-22,USA,Professional Services,Medium,Paid Search,North America
C01924,Core Works,2024-09-30,Canada,Finance,Small,Organic Search,North America
C01925,Digital Labs,2024-12-21,India,Professional Services,Large,Sales,APAC
C01926,Digital Analytics,2025-09-28,Germany,Marketing,Large,Paid Search,Europe
C01927,Blue Technologies,2025-09-20,USA,Education,Small,Organic Search,North America
C01928,Nova Works,2025-05-29,Germany,Education,Enterprise,Paid Social,Europe
C01929,Digital Analytics,2025-10-28,USA,Technology,Medium,Paid Social,North America
C01930,Apex Systems,2024-06-25,India,Retail,Medium,Sales,APAC
C01931,Blue Services,2024-06-27,USA,Manufacturing,Small,Sales,North America
C01932,Blue Software,2025-04-20,USA,Technology,Medium,Organic Search,North America
C01933,Core Technologies,2025-03-29,Canada,Healthcare,Small,Organic Search,North America
C01934,Nova Group,2025-06-08,India,Technology,Enterprise,Email Marketing,APAC
C01935,Prime Analytics,2024-06-04,UK,Technology,Small,Partner,Europe
C01936,Core Labs,2025-01-11,USA,Marketing,Medium,Partner,North America
C01937,Apex Software,2025-02-09,Germany,Retail,Large,Paid Search,Europe
C01938,Blue Group,2024-04-16,Singapore,Marketing,Small,Partner,APAC
C01939,Cloud Analytics,2025-06-09,Canada,Finance,Small,Paid Search,North America
C01940,Summit Technologies,2025-06-10,USA,Technology,Small,Partner,North America
C01941,Prime Systems,2025-10-08,UK,Healthcare,Large,Paid Social,Europe
C01942,Nova Solutions,2024-12-02,Other,Manufacturing,Small,Paid Search,Other
C01943,Vertex Networks,2024-05-17,Canada,Finance,Small,Paid Search,North America
C01944,Apex Solutions,2025-02-14,UK,Other,Medium,Referral,Europe
C01945,Summit Labs,2024-02-20,USA,Education,Small,Referral,North America
C01946,Nova Analytics,2025-09-18,USA,Finance,Large,Partner,North America
C01947,Nova Analytics,2024-11-24,Canada,Technology,Medium,Referral,North America
C01948,Blue Services,2024-09-14,Australia,Technology,Small,Paid Social,APAC
C01949,Fusion Labs,2024-08-21,Germany,Education,Small,Organic Search,Europe
C01950,Next Technologies,2024-02-05,USA,Healthcare,Small,Organic Search,North America
C01951,Cloud Systems,2025-08-13,Germany,Professional Services,Small,Paid Search,Europe
C01952,Fusion Analytics,2025-07-19,Canada,Retail,Large,Email Marketing,North America
C01953,Bright Works,2025-08-06,Australia,Professional Services,Medium,Paid Search,APAC
C01954,Core Works,2024-07-08,USA,Retail,Medium,Organic Search,North America
C01955,Fusion Technologies,2024-03-23,Canada,Healthcare,Medium,Paid Search,North America
C01956,Cloud Technologies,2024-09-20,Germany,Manufacturing,Small,Organic Search,Europe
C01957,Blue Labs,2024-03-07,USA,Finance,Medium,Partner,North America
C01958,Bright Labs,2024-05-10,UK,Technology,Small,Organic Search,Europe
C01959,Digital Technologies,2025-06-16,Other,Technology,Large,Organic Search,Other
C01960,Prime Systems,2024-02-16,India,Technology,Small,Referral,APAC
C01961,Nova Group,2025-06-08,India,Technology,Small,Paid Search,APAC
C01962,Digital Solutions,2025-07-21,USA,Education,Large,Organic Search,North America
C01963,Bright Solutions,2024-08-05,UK,Finance,Small,Paid Search,Europe
C01964,Cloud Software,2025-03-12,India,Technology,Medium,Partner,APAC
C01965,Bright Labs,2025-11-22,USA,Marketing,Small,Paid Search,North America
C01966,Fusion Analytics,2025-08-11,USA,Healthcare,Large,Organic Search,North America
C01967,Summit Software,2025-11-10,Australia,Technology,Medium,Organic Search,APAC
C01968,Summit Networks,2025-05-07,Other,Marketing,Medium,Partner,Other
C01969,Fusion Networks,2025-05-29,India,Manufacturing,Medium,Organic Search,APAC
C01970,Cloud Analytics,2025-05-27,India,Retail,Small,Paid Social,APAC
C01971,Apex Services,2024-03-07,India,Healthcare,Medium,Paid Search,APAC
C01972,Vertex Group,2025-04-17,USA,Retail,Small,Organic Search,North America
C01973,Apex Services,2025-06-12,Australia,Technology,Large,Organic Search,APAC
C01974,Prime Analytics,2025-05-30,Germany,Finance,Small,Referral,Europe
C01975,Bright Group,2024-07-13,Australia,Professional Services,Medium,Partner,APAC
C01976,Fusion Solutions,2024-12-31,Other,Retail,Enterprise,Referral,Other
C01977,Nova Labs,2025-01-09,Canada,Healthcare,Small,Organic Search,North America
C01978,Core Group,2025-03-31,UK,Technology,Large,Email Marketing,Europe
C01979,Prime Technologies,2025-06-09,Canada,Education,Medium,Paid Search,North America
C01980,Fusion Group,2024-05-22,Canada,Education,Enterprise,Organic Search,North America
C01981,Blue Networks,2024-07-03,USA,Healthcare,Large,Paid Search,North America
C01982,Prime Analytics,2025-05-04,USA,Marketing,Medium,Referral,North America
C01983,Digital Technologies,2025-03-28,Other,Finance,Small,Referral,Other
C01984,Bright Networks,2024-03-24,USA,Healthcare,Medium,Organic Search,North America
C01985,Prime Software,2025-06-02,India,Retail,Medium,Organic Search,APAC
C01986,Blue Technologies,2025-12-01,India,Marketing,Large,Email Marketing,APAC
C01987,Summit Technologies,2024-10-04,UK,Retail,Medium,Partner,Europe
C01988,Prime Labs,2024-12-08,USA,Technology,Small,Organic Search,North America
C01989,Next Works,2024-03-03,India,Professional Services,Small,Email Marketing,APAC
C01990,Core Works,2024-07-29,Other,Manufacturing,Small,Referral,Other
C01991,Apex Networks,2024-06-17,USA,Marketing,Large,Organic Search,North America
C01992,Next Networks,2025-06-26,USA,Manufacturing,Medium,Organic Search,North America
C01993,Digital Technologies,2024-08-09,India,Retail,Small,Organic Search,APAC
C01994,Prime Works,2024-04-14,India,Professional Services,Enterprise,Sales,APAC
C01995,Prime Group,2025-03-27,USA,Marketing,Medium,Organic Search,North America
C01996,Next Analytics,2025-05-09,USA,Finance,Medium,Paid Social,North America
C01997,Cloud Networks,2025-07-14,USA,Manufacturing,Large,Referral,North America
C01998,Digital Analytics,2025-07-16,Other,Education,Large,Sales,Other
C01999,Summit Labs,2025-08-15,USA,Retail,Medium,Paid Social,North America
C02000,Blue Solutions,2024-11-10,USA,Other,Small,Organic Search,North America
C02001,Digital Technologies,2024-04-16,USA,Technology,Medium,Paid Search,North America
C02002,Blue Services,2024-10-25,Germany,Professional Services,Medium,Paid Social,Europe
C02003,Cloud Software,2024-01-24,India,Education,Large,Paid Social,APAC
C02004,Fusion Services,2025-09-29,UK,Other,Small,Sales,Europe
C02005,Bright Works,2025-03-06,USA,Healthcare,Small,Email Marketing,North America
C02006,Apex Networks,2024-03-06,USA,Finance,Small,Referral,North America
C02007,Nova Systems,2024-08-07,India,Other,Medium,Paid Search,APAC
C02008,Cloud Technologies,2025-02-25,USA,Manufacturing,Small,Organic Search,North America
C02009,Bright Solutions,2024-08-25,USA,Technology,Medium,Email Marketing,North America
C02010,Digital Systems,2025-09-21,India,Education,Small,Paid Search,APAC
C02011,Prime Group,2024-03-27,Canada,Education,Small,Paid Search,North America
C02012,Nova Software,2025-10-05,India,Healthcare,Small,Paid Social,APAC
C02013,Summit Technologies,2025-06-17,India,Technology,Medium,Organic Search,APAC
C02014,Nova Technologies,2024-01-26,USA,Manufacturing,Large,Organic Search,North America
C02015,Digital Software,2025-07-21,USA,Other,Medium,Paid Social,North America
C02016,Core Group,2024-07-22,USA,Education,Small,Email Marketing,North America
C02017,Summit Software,2025-03-10,India,Healthcare,Small,Paid Search,APAC
C02018,Prime Works,2024-12-01,Other,Healthcare,Medium,Organic Search,Other
C02019,Summit Services,2025-09-03,USA,Education,Small,Organic Search,North America
C02020,Blue Works,2025-03-28,UK,Technology,Small,Organic Search,Europe
C02021,Bright Group,2025-11-15,USA,Technology,Small,Paid Search,North America
C02022,Vertex Software,2024-12-15,India,Manufacturing,Small,Paid Social,APAC
C02023,Core Works,2025-02-08,USA,Education,Medium,Paid Social,North America
C02024,Blue Labs,2025-01-15,Singapore,Finance,Medium,Organic Search,APAC
C02025,Cloud Group,2025-01-21,Australia,Education,Large,Paid Search,APAC
C02026,Apex Analytics,2025-10-15,Other,Manufacturing,Small,Organic Search,Other
C02027,Vertex Group,2024-10-01,USA,Technology,Small,Paid Search,North America
C02028,Core Analytics,2024-09-15,USA,Education,Medium,Paid Social,North America
C02029,Apex Software,2025-11-21,UK,Healthcare,Small,Organic Search,Europe
C02030,Prime Solutions,2024-04-21,India,Professional Services,Large,Referral,APAC
C02031,Cloud Labs,2025-04-30,India,Technology,Small,Paid Social,APAC
C02032,Bright Services,2024-05-21,Australia,Technology,Small,Organic Search,APAC
C02033,Summit Analytics,2025-05-22,Singapore,Education,Small,Organic Search,APAC
C02034,Vertex Networks,2025-04-01,Canada,Education,Medium,Partner,North America
C02035,Bright Solutions,2025-07-01,USA,Healthcare,Large,Referral,North America
C02036,Blue Networks,2024-03-12,USA,Finance,Small,Organic Search,North America
C02037,Fusion Technologies,2024-08-10,Germany,Retail,Medium,Referral,Europe
C02038,Next Technologies,2024-07-14,Australia,Other,Small,Paid Search,APAC
C02039,Summit Analytics,2025-04-10,USA,Manufacturing,Medium,Organic Search,North America
C02040,Fusion Systems,2024-06-09,Other,Manufacturing,Large,Email Marketing,Other
C02041,Bright Systems,2025-06-29,USA,Education,Medium,Referral,North America
C02042,Nova Group,2025-12-01,Germany,Technology,Medium,Organic Search,Europe
C02043,Next Works,2025-03-16,USA,Retail,Medium,Paid Search,North America
C02044,Bright Labs,2024-09-01,USA,Professional Services,Medium,Paid Search,North America
C02045,Digital Solutions,2025-08-02,Germany,Education,Medium,Organic Search,Europe
C02046,Next Networks,2024-09-05,Canada,Technology,Small,Organic Search,North America
C02047,Fusion Technologies,2024-08-07,USA,Finance,Small,Partner,North America
C02048,Bright Software,2024-02-12,USA,Manufacturing,Medium,Paid Search,North America
C02049,Cloud Networks,2024-07-20,India,Technology,Large,Partner,APAC
C02050,Apex Solutions,2024-07-22,UK,Technology,Large,Sales,Europe
C02051,Core Analytics,2025-09-20,Australia,Manufacturing,Medium,Paid Search,APAC
C02052,Prime Technologies,2024-12-20,UK,Education,Enterprise,Email Marketing,Europe
C02053,Bright Labs,2025-06-10,UK,Marketing,Medium,Referral,Europe
C02054,Summit Group,2025-07-23,India,Finance,Medium,Organic Search,APAC
C02055,Blue Systems,2024-11-30,USA,Technology,Small,Organic Search,North America
C02056,Cloud Systems,2024-05-24,Canada,Education,Medium,Paid Social,North America
C02057,Digital Systems,2024-06-13,India,Education,Medium,Paid Social,APAC
C02058,Prime Group,2024-05-08,USA,Technology,Large,Referral,North America
C02059,Summit Software,2024-06-14,USA,Technology,Small,Partner,North America
C02060,Blue Labs,2025-01-10,Canada,Marketing,Small,Paid Search,North America
C02061,Nova Group,2025-02-02,Canada,Professional Services,Small,Referral,North America
C02062,Prime Group,2024-12-30,USA,Manufacturing,Enterprise,Paid Search,North America
C02063,Cloud Analytics,2025-10-02,USA,Healthcare,Small,Organic Search,North America
C02064,Next Group,2025-06-12,Canada,Technology,Large,Sales,North America
C02065,Vertex Labs,2024-05-02,India,Education,Small,Referral,APAC
C02066,Cloud Group,2025-12-01,USA,Technology,Medium,Email Marketing,North America
C02067,Digital Services,2025-01-13,India,Education,Small,Paid Search,APAC
C02068,Fusion Software,2025-02-02,USA,Professional Services,Small,Paid Search,North America
C02069,Prime Solutions,2025-03-03,USA,Healthcare,Small,Paid Search,North America
C02070,Prime Services,2024-07-24,India,Technology,Small,Sales,APAC
C02071,Nova Labs,2024-06-27,India,Retail,Large,Sales,APAC
C02072,Bright Software,2024-09-07,India,Marketing,Medium,Paid Search,APAC
C02073,Blue Networks,2025-03-02,USA,Education,Large,Email Marketing,North America
C02074,Blue Solutions,2025-09-18,USA,Manufacturing,Small,Partner,North America
C02075,Fusion Works,2024-01-31,UK,Professional Services,Large,Paid Search,Europe
C02076,Next Technologies,2025-03-24,Singapore,Education,Small,Paid Search,APAC
C02077,Fusion Services,2024-12-31,UK,Finance,Small,Organic Search,Europe
C02078,Nova Software,2024-10-13,Australia,Technology,Small,Referral,APAC
C02079,Digital Solutions,2025-02-15,Other,Healthcare,Small,Paid Social,Other
C02080,Fusion Analytics,2024-07-25,USA,Retail,Small,Sales,North America
C02081,Next Group,2025-10-10,Germany,Education,Medium,Sales,Europe
C02082,Fusion Solutions,2024-06-28,UK,Other,Enterprise,Organic Search,Europe
C02083,Bright Works,2024-08-06,India,Education,Small,Paid Social,APAC
C02084,Vertex Systems,2024-02-22,Other,Healthcare,Small,Paid Social,Other
C02085,Core Group,2024-01-24,UK,Marketing,Medium,Referral,Europe
C02086,Digital Services,2025-07-21,UK,Technology,Small,Paid Search,Europe
C02087,Prime Works,2025-07-12,Australia,Education,Small,Organic Search,APAC
C02088,Bright Works,2024-02-03,USA,Marketing,Small,Paid Social,North America
C02089,Fusion Software,2024-04-17,USA,Healthcare,Medium,Email Marketing,North America
C02090,Blue Technologies,2024-11-03,India,Healthcare,Enterprise,Organic Search,APAC
C02091,Summit Labs,2025-02-07,USA,Retail,Small,Partner,North America
C02092,Bright Group,2024-09-13,USA,Manufacturing,Small,Referral,North America
C02093,Prime Systems,2025-07-30,UK,Technology,Small,Email Marketing,Europe
C02094,Vertex Technologies,2024-08-02,USA,Marketing,Small,Sales,North America
C02095,Bright Solutions,2025-03-16,USA,Retail,Medium,Paid Social,North America
C02096,Fusion Services,2024-02-02,India,Marketing,Medium,Sales,APAC
C02097,Fusion Group,2024-12-24,UK,Professional Services,Large,Organic Search,Europe
C02098,Blue Solutions,2024-04-21,Australia,Education,Enterprise,Partner,APAC
C02099,Summit Group,2025-05-30,India,Technology,Small,Partner,APAC
C02100,Summit Systems,2024-03-03,USA,Finance,Large,Partner,North America
C02101,Cloud Software,2025-10-12,USA,Technology,Small,Organic Search,North America
C02102,Summit Labs,2025-08-08,USA,Finance,Small,Paid Search,North America
C02103,Summit Systems,2024-12-20,India,Healthcare,Medium,Sales,APAC
C02104,Apex Technologies,2024-09-21,Other,Manufacturing,Small,Referral,Other
C02105,Prime Group,2024-06-18,UK,Technology,Large,Referral,Europe
C02106,Vertex Works,2025-02-09,USA,Finance,Small,Organic Search,North America
C02107,Bright Analytics,2024-07-09,USA,Professional Services,Enterprise,Organic Search,North America
C02108,Vertex Technologies,2025-02-08,India,Manufacturing,Small,Paid Social,APAC
C02109,Prime Networks,2024-01-02,UK,Manufacturing,Large,Paid Search,Europe
C02110,Nova Group,2024-12-13,Singapore,Retail,Large,Paid Search,APAC
C02111,Next Technologies,2025-02-10,USA,Healthcare,Small,Organic Search,North America
C02112,Vertex Group,2024-06-16,Other,Technology,Small,Paid Search,Other
C02113,Prime Solutions,2025-03-12,Australia,Professional Services,Medium,Paid Search,APAC
C02114,Next Labs,2024-07-17,Other,Technology,Small,Paid Search,Other
C02115,Summit Solutions,2025-03-07,Canada,Finance,Small,Referral,North America
C02116,Nova Technologies,2024-12-20,USA,Finance,Small,Organic Search,North America
C02117,Nova Technologies,2024-05-31,Canada,Retail,Medium,Organic Search,North America
C02118,Core Analytics,2025-08-03,UK,Other,Large,Organic Search,Europe
C02119,Vertex Technologies,2024-04-12,India,Retail,Enterprise,Referral,APAC
C02120,Prime Systems,2025-05-26,USA,Healthcare,Medium,Email Marketing,North America
C02121,Fusion Group,2024-06-20,USA,Healthcare,Small,Organic Search,North America
C02122,Next Software,2024-09-04,USA,Education,Medium,Paid Search,North America
C02123,Nova Networks,2025-07-16,USA,Retail,Small,Paid Search,North America
C02124,Apex Analytics,2024-01-13,UK,Education,Large,Partner,Europe
C02125,Bright Services,2024-05-12,UK,Finance,Enterprise,Organic Search,Europe
C02126,Digital Group,2024-06-02,Other,Retail,Small,Paid Search,Other
C02127,Digital Group,2025-10-15,Other,Manufacturing,Small,Organic Search,Other
C02128,Blue Labs,2024-03-05,Germany,Other,Medium,Paid Search,Europe
C02129,Summit Solutions,2025-01-15,India,Finance,Large,Paid Social,APAC
C02130,Core Services,2024-02-21,USA,Education,Large,Organic Search,North America
C02131,Apex Solutions,2024-02-10,UK,Technology,Medium,Organic Search,Europe
C02132,Fusion Technologies,2025-06-01,Germany,Healthcare,Small,Email Marketing,Europe
C02133,Nova Software,2024-06-04,India,Retail,Medium,Paid Search,APAC
C02134,Fusion Technologies,2025-08-18,USA,Healthcare,Large,Organic Search,North America
C02135,Cloud Services,2024-06-16,UK,Retail,Small,Partner,Europe
C02136,Core Software,2025-12-01,USA,Technology,Medium,Partner,North America
C02137,Next Software,2025-09-28,USA,Finance,Medium,Partner,North America
C02138,Nova Analytics,2025-01-01,Germany,Marketing,Large,Organic Search,Europe
C02139,Apex Systems,2025-04-23,USA,Professional Services,Small,Referral,North America
C02140,Digital Technologies,2024-01-31,USA,Education,Small,Paid Social,North America
C02141,Fusion Technologies,2025-06-27,USA,Education,Medium,Paid Search,North America
C02142,Fusion Systems,2025-09-27,India,Manufacturing,Medium,Organic Search,APAC
C02143,Prime Labs,2025-10-21,UK,Other,Large,Paid Search,Europe
C02144,Fusion Services,2025-02-21,India,Technology,Medium,Organic Search,APAC
C02145,Fusion Services,2025-01-15,Singapore,Healthcare,Large,Paid Search,APAC
C02146,Vertex Systems,2024-06-01,USA,Finance,Large,Referral,North America
C02147,Blue Systems,2024-08-08,Other,Finance,Small,Paid Social,Other
C02148,Nova Services,2024-03-05,India,Technology,Small,Paid Social,APAC
C02149,Prime Group,2025-07-07,USA,Finance,Small,Referral,North America
C02150,Summit Solutions,2024-03-07,USA,Education,Large,Paid Social,North America
C02151,Apex Networks,2025-05-02,USA,Technology,Large,Email Marketing,North America
C02152,Next Networks,2025-06-01,India,Manufacturing,Small,Paid Search,APAC
C02153,Nova Technologies,2024-12-25,India,Finance,Small,Paid Social,APAC
C02154,Blue Software,2025-07-24,Germany,Technology,Small,Referral,Europe
C02155,Nova Technologies,2025-07-21,UK,Retail,Medium,Paid Search,Europe
C02156,Next Software,2024-07-30,USA,Education,Small,Sales,North America
C02157,Apex Labs,2025-03-17,USA,Technology,Medium,Paid Social,North America
C02158,Nova Networks,2024-10-05,Other,Education,Medium,Organic Search,Other
C02159,Fusion Works,2024-11-25,India,Healthcare,Small,Referral,APAC
C02160,Digital Solutions,2025-03-25,USA,Retail,Small,Sales,North America
C02161,Digital Systems,2025-01-27,India,Finance,Small,Organic Search,APAC
C02162,Summit Group,2024-10-18,India,Retail,Small,Referral,APAC
C02163,Cloud Labs,2024-10-26,India,Other,Medium,Partner,APAC
C02164,Fusion Services,2024-11-04,Singapore,Healthcare,Small,Email Marketing,APAC
C02165,Core Technologies,2025-05-15,Other,Retail,Large,Referral,Other
C02166,Fusion Group,2025-01-07,Australia,Technology,Small,Referral,APAC
C02167,Core Analytics,2025-08-23,Singapore,Retail,Small,Organic Search,APAC
C02168,Apex Group,2025-02-17,Australia,Healthcare,Medium,Organic Search,APAC
C02169,Fusion Works,2024-02-01,Australia,Education,Large,Paid Social,APAC
C02170,Nova Software,2024-02-13,Australia,Education,Large,Organic Search,APAC
C02171,Prime Solutions,2025-08-04,USA,Technology,Enterprise,Paid Search,North America
C02172,Vertex Services,2024-08-26,Australia,Education,Medium,Paid Social,APAC
C02173,Summit Networks,2025-11-04,India,Technology,Medium,Paid Search,APAC
C02174,Prime Analytics,2024-03-05,USA,Technology,Medium,Paid Search,North America
C02175,Digital Solutions,2025-08-29,USA,Education,Small,Partner,North America
C02176,Blue Software,2024-07-10,India,Manufacturing,Small,Paid Search,APAC
C02177,Prime Technologies,2025-01-27,USA,Healthcare,Medium,Sales,North America
C02178,Nova Technologies,2024-07-02,UK,Technology,Small,Organic Search,Europe
C02179,Prime Systems,2024-09-10,Australia,Retail,Medium,Paid Social,APAC
C02180,Vertex Solutions,2024-08-04,India,Healthcare,Large,Paid Search,APAC
C02181,Fusion Systems,2025-04-02,USA,Manufacturing,Medium,Sales,North America
C02182,Apex Networks,2025-02-06,USA,Retail,Enterprise,Paid Search,North America
C02183,Fusion Services,2025-01-23,Germany,Healthcare,Small,Paid Search,Europe
C02184,Core Systems,2024-05-13,Germany,Technology,Large,Organic Search,Europe
C02185,Cloud Technologies,2024-02-17,UK,Manufacturing,Small,Paid Search,Europe
C02186,Prime Analytics,2024-03-19,Singapore,Technology,Small,Referral,APAC
C02187,Summit Software,2025-04-12,UK,Professional Services,Small,Paid Social,Europe
C02188,Prime Software,2025-04-10,USA,Retail,Large,Paid Search,North America
C02189,Prime Technologies,2025-07-16,India,Finance,Medium,Paid Search,APAC
C02190,Nova Technologies,2024-12-23,Canada,Technology,Small,Organic Search,North America
C02191,Summit Group,2025-05-28,USA,Marketing,Small,Organic Search,North America
C02192,Vertex Group,2024-06-20,Germany,Other,Small,Organic Search,Europe
C02193,Bright Labs,2024-01-06,UK,Retail,Small,Email Marketing,Europe
C02194,Blue Solutions,2025-01-26,India,Finance,Small,Organic Search,APAC
C02195,Core Technologies,2025-01-16,USA,Healthcare,Medium,Sales,North America
C02196,Digital Systems,2024-09-24,India,Professional Services,Small,Paid Search,APAC
C02197,Fusion Software,2025-03-13,USA,Technology,Large,Referral,North America
C02198,Next Group,2025-10-08,India,Finance,Small,Sales,APAC
C02199,Vertex Networks,2024-09-21,USA,Technology,Medium,Referral,North America
C02200,Core Systems,2025-08-27,Canada,Finance,Medium,Referral,North America
C02201,Next Works,2024-02-29,UK,Professional Services,Medium,Paid Social,Europe
C02202,Digital Networks,2025-04-02,USA,Education,Medium,Referral,North America
C02203,Fusion Networks,2024-10-05,USA,Professional Services,Small,Referral,North America
C02204,Next Works,2025-04-02,Germany,Healthcare,Small,Sales,Europe
C02205,Bright Networks,2025-02-01,Other,Marketing,Large,Partner,Other
C02206,Cloud Technologies,2024-07-04,UK,Technology,Large,Paid Social,Europe
C02207,Next Analytics,2025-10-20,India,Retail,Small,Paid Search,APAC
C02208,Fusion Technologies,2024-06-02,Germany,Healthcare,Small,Email Marketing,Europe
C02209,Vertex Works,2025-11-29,India,Manufacturing,Small,Paid Search,APAC
C02210,Summit Group,2025-04-20,Canada,Finance,Medium,Organic Search,North America
C02211,Apex Labs,2025-08-07,India,Marketing,Small,Sales,APAC
C02212,Nova Networks,2024-02-28,USA,Finance,Medium,Paid Search,North America
C02213,Blue Services,2025-11-19,Canada,Retail,Small,Email Marketing,North America
C02214,Fusion Group,2024-03-28,Other,Finance,Small,Organic Search,Other
C02215,Blue Labs,2024-07-21,Germany,Technology,Large,Paid Search,Europe
C02216,Core Technologies,2024-09-19,USA,Other,Medium,Partner,North America
C02217,Nova Labs,2024-04-07,USA,Retail,Small,Organic Search,North America
C02218,Nova Labs,2025-02-03,India,Manufacturing,Medium,Email Marketing,APAC
C02219,Blue Software,2024-12-10,Australia,Finance,Small,Referral,APAC
C02220,Core Technologies,2025-06-08,India,Marketing,Small,Organic Search,APAC
C02221,Bright Networks,2024-01-17,USA,Professional Services,Small,Email Marketing,North America
C02222,Summit Services,2025-02-11,India,Retail,Small,Organic Search,APAC
C02223,Vertex Services,2025-02-14,Canada,Professional Services,Small,Paid Search,North America
C02224,Bright Technologies,2024-11-17,USA,Education,Small,Paid Search,North America
C02225,Digital Services,2025-03-25,UK,Manufacturing,Small,Organic Search,Europe
C02226,Prime Technologies,2024-11-29,USA,Healthcare,Medium,Paid Search,North America
C02227,Fusion Solutions,2025-08-17,USA,Finance,Small,Paid Search,North America
C02228,Digital Works,2024-08-24,Other,Manufacturing,Small,Referral,Other
C02229,Digital Software,2025-07-29,USA,Finance,Small,Organic Search,North America
C02230,Cloud Labs,2024-12-21,India,Technology,Medium,Email Marketing,APAC
C02231,Digital Solutions,2025-02-10,Other,Manufacturing,Medium,Partner,Other
C02232,Fusion Analytics,2024-03-19,USA,Technology,Small,Organic Search,North America
C02233,Core Networks,2025-04-13,USA,Manufacturing,Large,Partner,North America
C02234,Prime Technologies,2024-04-30,USA,Retail,Large,Organic Search,North America
C02235,Next Works,2025-03-02,Australia,Marketing,Large,Paid Search,APAC
C02236,Cloud Group,2025-05-20,USA,Education,Medium,Partner,North America
C02237,Core Analytics,2024-02-07,India,Retail,Small,Sales,APAC
C02238,Next Works,2024-08-01,India,Technology,Medium,Referral,APAC
C02239,Fusion Labs,2024-12-27,Singapore,Education,Small,Organic Search,APAC
C02240,Core Networks,2024-12-12,Canada,Marketing,Medium,Organic Search,North America
C02241,Digital Networks,2025-07-12,USA,Technology,Medium,Partner,North America
C02242,Cloud Group,2024-08-19,India,Finance,Medium,Organic Search,APAC
C02243,Vertex Labs,2024-06-21,UK,Marketing,Medium,Partner,Europe
C02244,Nova Labs,2025-09-29,India,Marketing,Small,Organic Search,APAC
C02245,Blue Group,2024-05-22,USA,Finance,Small,Organic Search,North America
C02246,Summit Technologies,2024-01-14,India,Marketing,Small,Email Marketing,APAC
C02247,Core Works,2024-02-09,Canada,Professional Services,Small,Sales,North America
C02248,Summit Analytics,2025-08-25,Other,Healthcare,Medium,Partner,Other
C02249,Digital Labs,2025-07-15,India,Marketing,Enterprise,Partner,APAC
C02250,Apex Works,2025-03-12,Canada,Technology,Large,Partner,North America
C02251,Next Systems,2025-08-23,India,Retail,Medium,Email Marketing,APAC
C02252,Blue Works,2025-06-07,India,Retail,Medium,Referral,APAC
C02253,Apex Solutions,2025-04-10,USA,Finance,Medium,Sales,North America
C02254,Fusion Solutions,2024-08-21,UK,Retail,Small,Organic Search,Europe
C02255,Summit Solutions,2024-08-03,USA,Manufacturing,Medium,Referral,North America
C02256,Digital Group,2025-01-25,USA,Technology,Small,Organic Search,North America
C02257,Fusion Services,2025-02-02,India,Manufacturing,Small,Sales,APAC
C02258,Nova Software,2024-01-10,USA,Marketing,Medium,Paid Search,North America
C02259,Apex Solutions,2024-10-22,Australia,Marketing,Small,Referral,APAC
C02260,Fusion Services,2024-05-25,Germany,Marketing,Small,Partner,Europe
C02261,Bright Works,2024-11-29,UK,Other,Small,Referral,Europe
C02262,Summit Labs,2024-05-12,India,Retail,Medium,Paid Search,APAC
C02263,Fusion Networks,2025-06-25,USA,Technology,Small,Sales,North America
C02264,Fusion Technologies,2024-02-26,UK,Professional Services,Small,Paid Search,Europe
C02265,Apex Solutions,2024-04-10,India,Healthcare,Medium,Sales,APAC
C02266,Next Services,2025-05-30,USA,Technology,Large,Organic Search,North America
C02267,Blue Services,2024-10-27,India,Technology,Small,Referral,APAC
C02268,Prime Systems,2024-01-17,USA,Manufacturing,Small,Sales,North America
C02269,Cloud Group,2025-01-25,Australia,Marketing,Enterprise,Paid Search,APAC
C02270,Cloud Systems,2025-11-10,USA,Manufacturing,Medium,Organic Search,North America
C02271,Cloud Analytics,2025-05-14,USA,Healthcare,Medium,Paid Social,North America
C02272,Cloud Labs,2024-08-09,Canada,Retail,Medium,Referral,North America
C02273,Prime Analytics,2025-08-26,Australia,Finance,Small,Organic Search,APAC
C02274,Digital Networks,2025-03-24,India,Healthcare,Small,Sales,APAC
C02275,Prime Works,2025-10-04,Canada,Technology,Small,Referral,North America
C02276,Bright Solutions,2025-01-14,India,Healthcare,Small,Email Marketing,APAC
C02277,Core Solutions,2024-02-14,India,Technology,Enterprise,Organic Search,APAC
C02278,Apex Labs,2025-07-02,India,Technology,Enterprise,Paid Search,APAC
C02279,Cloud Analytics,2024-09-27,UK,Retail,Small,Paid Search,Europe
C02280,Bright Analytics,2025-09-01,Canada,Retail,Small,Organic Search,North America
C02281,Apex Group,2024-08-15,Singapore,Professional Services,Medium,Organic Search,APAC
C02282,Next Solutions,2025-05-24,UK,Technology,Enterprise,Paid Social,Europe
C02283,Prime Solutions,2024-06-27,India,Technology,Medium,Sales,APAC
C02284,Nova Solutions,2024-12-19,Germany,Technology,Small,Organic Search,Europe
C02285,Blue Analytics,2024-05-24,Singapore,Retail,Large,Organic Search,APAC
C02286,Apex Networks,2024-03-09,USA,Manufacturing,Large,Partner,North America
C02287,Summit Systems,2025-06-10,USA,Finance,Large,Organic Search,North America
C02288,Summit Systems,2025-05-30,USA,Marketing,Small,Referral,North America
C02289,Summit Labs,2025-02-22,USA,Marketing,Large,Organic Search,North America
C02290,Cloud Systems,2024-03-30,India,Manufacturing,Small,Organic Search,APAC
C02291,Digital Group,2025-04-06,USA,Finance,Small,Organic Search,North America
C02292,Prime Services,2025-10-24,USA,Healthcare,Small,Paid Search,North America
C02293,Apex Analytics,2025-10-20,India,Technology,Small,Organic Search,APAC
C02294,Summit Services,2025-04-09,India,Manufacturing,Enterprise,Referral,APAC
C02295,Core Works,2024-03-23,India,Technology,Small,Organic Search,APAC
C02296,Vertex Networks,2024-10-13,USA,Marketing,Large,Email Marketing,North America
C02297,Bright Services,2024-07-05,India,Technology,Large,Sales,APAC
C02298,Apex Networks,2024-07-18,USA,Technology,Medium,Paid Search,North America
C02299,Next Systems,2024-08-14,Germany,Finance,Large,Sales,Europe
C02300,Core Networks,2024-09-08,USA,Manufacturing,Small,Organic Search,North America
C02301,Prime Labs,2025-02-23,Canada,Retail,Small,Sales,North America
C02302,Cloud Labs,2025-02-19,USA,Healthcare,Medium,Sales,North America
C02303,Apex Labs,2024-08-31,USA,Technology,Medium,Partner,North America
C02304,Next Labs,2025-05-14,UK,Education,Medium,Paid Social,Europe
C02305,Summit Software,2024-05-20,Australia,Retail,Medium,Organic Search,APAC
C02306,Prime Labs,2025-02-13,USA,Technology,Small,Paid Social,North America
C02307,Nova Analytics,2024-02-19,Canada,Technology,Medium,Organic Search,North America
C02308,Blue Services,2024-10-25,USA,Retail,Small,Organic Search,North America
C02309,Prime Systems,2025-07-13,India,Professional Services,Small,Referral,APAC
C02310,Nova Systems,2024-04-25,Germany,Technology,Small,Organic Search,Europe
C02311,Bright Software,2025-08-05,Other,Marketing,Small,Paid Search,Other
C02312,Bright Software,2025-05-12,USA,Technology,Small,Paid Search,North America
C02313,Vertex Software,2025-07-03,Other,Healthcare,Medium,Paid Search,Other
C02314,Nova Technologies,2024-10-30,Australia,Professional Services,Medium,Referral,APAC
C02315,Bright Solutions,2024-06-12,USA,Healthcare,Small,Paid Social,North America
C02316,Fusion Solutions,2024-09-04,India,Other,Small,Sales,APAC
C02317,Apex Solutions,2025-03-22,Germany,Education,Medium,Email Marketing,Europe
C02318,Blue Analytics,2025-02-19,Australia,Professional Services,Small,Email Marketing,APAC
C02319,Core Systems,2025-09-04,India,Marketing,Large,Sales,APAC
C02320,Fusion Analytics,2025-07-02,USA,Marketing,Medium,Paid Search,North America
C02321,Bright Analytics,2024-06-24,Germany,Manufacturing,Medium,Paid Search,Europe
C02322,Prime Analytics,2024-11-02,Australia,Finance,Small,Partner,APAC
C02323,Cloud Labs,2025-07-05,USA,Professional Services,Small,Organic Search,North America
C02324,Apex Software,2024-09-14,Australia,Finance,Small,Organic Search,APAC
C02325,Summit Works,2024-01-28,Canada,Healthcare,Medium,Organic Search,North America
C02326,Prime Networks,2025-08-14,USA,Finance,Small,Sales,North America
C02327,Blue Software,2024-05-14,Other,Finance,Medium,Organic Search,Other
C02328,Next Technologies,2024-03-01,USA,Retail,Medium,Organic Search,North America
C02329,Core Solutions,2025-11-24,India,Retail,Medium,Organic Search,APAC
C02330,Vertex Networks,2025-06-26,India,Healthcare,Large,Sales,APAC
C02331,Cloud Works,2024-11-18,Singapore,Finance,Medium,Email Marketing,APAC
C02332,Nova Works,2024-03-05,India,Other,Small,Paid Search,APAC
C02333,Nova Works,2024-12-31,USA,Other,Small,Organic Search,North America
C02334,Apex Solutions,2024-05-12,USA,Marketing,Medium,Organic Search,North America
C02335,Nova Technologies,2025-02-22,USA,Finance,Medium,Referral,North America
C02336,Nova Systems,2024-09-27,USA,Healthcare,Large,Referral,North America
C02337,Blue Analytics,2025-06-18,USA,Healthcare,Small,Sales,North America
C02338,Apex Works,2025-08-19,Germany,Professional Services,Small,Organic Search,Europe
C02339,Summit Technologies,2024-09-17,Canada,Marketing,Medium,Partner,North America
C02340,Cloud Software,2024-07-02,USA,Technology,Small,Referral,North America
C02341,Bright Services,2025-06-02,USA,Other,Small,Sales,North America
C02342,Prime Analytics,2025-03-21,USA,Healthcare,Small,Paid Social,North America
C02343,Bright Services,2025-05-26,India,Professional Services,Large,Sales,APAC
C02344,Core Works,2024-06-29,India,Finance,Medium,Paid Social,APAC
C02345,Core Labs,2024-08-31,India,Technology,Medium,Partner,APAC
C02346,Summit Group,2025-02-21,USA,Education,Small,Sales,North America
C02347,Vertex Labs,2025-05-13,India,Education,Medium,Referral,APAC
C02348,Bright Software,2024-10-16,Australia,Manufacturing,Small,Paid Search,APAC
C02349,Fusion Services,2024-09-18,India,Healthcare,Large,Partner,APAC
C02350,Next Services,2024-11-15,India,Technology,Enterprise,Sales,APAC
C02351,Bright Analytics,2025-04-08,Other,Finance,Large,Paid Search,Other
C02352,Core Software,2025-04-24,USA,Technology,Small,Organic Search,North America
C02353,Apex Group,2024-08-29,Other,Marketing,Small,Paid Search,Other
C02354,Core Solutions,2024-04-23,Germany,Education,Large,Sales,Europe
C02355,Next Solutions,2024-07-25,Germany,Marketing,Enterprise,Paid Search,Europe
C02356,Summit Group,2024-08-12,USA,Technology,Small,Partner,North America
C02357,Nova Systems,2025-10-31,India,Professional Services,Small,Sales,APAC
C02358,Prime Solutions,2024-11-03,Singapore,Retail,Small,Partner,APAC
C02359,Blue Labs,2024-11-12,USA,Technology,Large,Organic Search,North America
C02360,Summit Technologies,2024-08-02,UK,Retail,Medium,Organic Search,Europe
C02361,Nova Solutions,2024-12-31,Canada,Education,Medium,Partner,North America
C02362,Blue Services,2024-04-21,Singapore,Other,Medium,Paid Social,APAC
C02363,Core Systems,2024-05-29,USA,Marketing,Medium,Organic Search,North America
C02364,Digital Systems,2024-11-14,USA,Other,Large,Partner,North America
C02365,Bright Solutions,2025-09-22,USA,Finance,Small,Referral,North America
C02366,Fusion Technologies,2025-06-26,USA,Marketing,Small,Referral,North America
C02367,Summit Networks,2025-04-08,USA,Finance,Medium,Organic Search,North America
C02368,Digital Systems,2024-03-15,USA,Professional Services,Small,Paid Search,North America
C02369,Digital Solutions,2025-02-14,Australia,Other,Small,Paid Search,APAC
C02370,Next Networks,2024-05-12,USA,Technology,Small,Organic Search,North America
C02371,Cloud Services,2025-08-10,USA,Finance,Medium,Sales,North America
C02372,Core Analytics,2024-03-02,USA,Healthcare,Large,Email Marketing,North America
C02373,Nova Analytics,2024-07-20,India,Technology,Large,Sales,APAC
C02374,Next Systems,2024-07-09,Other,Retail,Small,Referral,Other
C02375,Blue Services,2025-10-26,India,Marketing,Large,Email Marketing,APAC
C02376,Bright Technologies,2025-03-25,USA,Retail,Large,Paid Social,North America
C02377,Core Analytics,2024-06-25,USA,Education,Large,Organic Search,North America
C02378,Prime Services,2025-01-01,India,Finance,Small,Email Marketing,APAC
C02379,Fusion Services,2024-06-06,India,Marketing,Small,Organic Search,APAC
C02380,Blue Solutions,2024-11-28,UK,Marketing,Small,Paid Search,Europe
C02381,Blue Services,2024-05-20,UK,Professional Services,Medium,Organic Search,Europe
C02382,Cloud Systems,2024-11-14,India,Manufacturing,Medium,Paid Search,APAC
C02383,Next Solutions,2025-01-22,Other,Other,Medium,Paid Search,Other
C02384,Blue Services,2025-05-28,Australia,Professional Services,Medium,Organic Search,APAC
C02385,Summit Systems,2025-07-24,India,Professional Services,Small,Organic Search,APAC
C02386,Apex Works,2025-06-16,USA,Technology,Small,Partner,North America
C02387,Cloud Networks,2025-10-07,UK,Professional Services,Medium,Organic Search,Europe
C02388,Core Solutions,2024-09-19,Germany,Education,Enterprise,Paid Search,Europe
C02389,Nova Solutions,2024-06-10,Other,Healthcare,Large,Paid Search,Other
C02390,Cloud Systems,2024-06-04,India,Manufacturing,Large,Partner,APAC
C02391,Blue Labs,2024-03-02,USA,Finance,Medium,Referral,North America
C02392,Vertex Networks,2024-06-25,India,Education,Small,Paid Search,APAC
C02393,Vertex Software,2024-07-13,USA,Retail,Small,Paid Search,North America
C02394,Prime Services,2025-01-02,India,Education,Large,Paid Search,APAC
C02395,Blue Labs,2025-05-13,Canada,Healthcare,Large,Paid Social,North America
C02396,Blue Networks,2025-08-12,India,Manufacturing,Small,Paid Search,APAC
C02397,Summit Software,2025-10-19,USA,Marketing,Medium,Paid Search,North America
C02398,Vertex Systems,2024-01-21,USA,Technology,Large,Organic Search,North America
C02399,Blue Systems,2025-05-25,USA,Professional Services,Medium,Paid Search,North America
C02400,Digital Solutions,2025-05-30,India,Healthcare,Large,Paid Social,APAC
C02401,Cloud Solutions,2025-11-22,Other,Education,Medium,Organic Search,Other
C02402,Digital Group,2025-02-03,USA,Healthcare,Medium,Sales,North America
C02403,Cloud Systems,2025-09-03,USA,Education,Small,Paid Search,North America
C02404,Nova Software,2024-06-06,UK,Technology,Large,Paid Search,Europe
C02405,Apex Analytics,2025-02-21,Australia,Retail,Medium,Paid Search,APAC
C02406,Blue Networks,2024-09-02,Singapore,Marketing,Medium,Paid Social,APAC
C02407,Fusion Technologies,2024-08-01,USA,Retail,Medium,Referral,North America
C02408,Prime Systems,2025-11-24,USA,Marketing,Medium,Sales,North America
C02409,Vertex Labs,2025-05-13,USA,Other,Enterprise,Partner,North America
C02410,Apex Systems,2025-08-15,India,Education,Small,Paid Search,APAC
C02411,Prime Group,2024-01-21,USA,Education,Medium,Sales,North America
C02412,Digital Analytics,2025-04-04,India,Finance,Medium,Sales,APAC
C02413,Fusion Works,2024-06-17,USA,Finance,Large,Referral,North America
C02414,Fusion Works,2024-04-20,Australia,Professional Services,Small,Sales,APAC
C02415,Core Systems,2024-01-13,Canada,Professional Services,Small,Paid Search,North America
C02416,Next Labs,2025-04-25,Germany,Technology,Small,Sales,Europe
C02417,Bright Works,2025-04-17,Other,Finance,Small,Paid Search,Other
C02418,Digital Group,2024-08-06,UK,Technology,Medium,Paid Search,Europe
C02419,Prime Solutions,2024-01-16,UK,Technology,Small,Organic Search,Europe
C02420,Prime Group,2024-08-01,India,Retail,Small,Organic Search,APAC
C02421,Cloud Software,2025-01-14,USA,Technology,Medium,Sales,North America
C02422,Nova Technologies,2025-11-03,Canada,Retail,Large,Organic Search,North America
C02423,Core Works,2025-03-11,Singapore,Retail,Medium,Paid Social,APAC
C02424,Cloud Group,2024-09-21,India,Education,Medium,Referral,APAC
C02425,Summit Solutions,2024-09-20,USA,Technology,Large,Email Marketing,North America
C02426,Nova Labs,2024-09-29,USA,Technology,Medium,Organic Search,North America
C02427,Blue Solutions,2025-10-08,India,Finance,Large,Partner,APAC
C02428,Summit Technologies,2025-03-05,Canada,Technology,Small,Paid Social,North America
C02429,Nova Analytics,2025-03-17,USA,Technology,Small,Organic Search,North America
C02430,Vertex Software,2024-06-08,USA,Education,Small,Email Marketing,North America
C02431,Vertex Technologies,2024-11-04,UK,Technology,Large,Paid Social,Europe
C02432,Next Analytics,2024-03-28,Singapore,Technology,Large,Referral,APAC
C02433,Bright Solutions,2025-04-12,USA,Retail,Small,Sales,North America
C02434,Blue Analytics,2025-01-01,USA,Retail,Medium,Paid Social,North America
C02435,Core Software,2024-12-12,USA,Finance,Medium,Organic Search,North America
C02436,Nova Software,2024-10-27,USA,Finance,Large,Sales,North America
C02437,Digital Technologies,2025-02-23,UK,Healthcare,Small,Paid Social,Europe
C02438,Apex Works,2025-08-20,Other,Healthcare,Large,Organic Search,Other
C02439,Cloud Systems,2024-11-28,India,Technology,Small,Paid Search,APAC
C02440,Cloud Analytics,2025-02-21,Other,Retail,Medium,Partner,Other
C02441,Core Networks,2025-02-01,Other,Healthcare,Medium,Referral,Other
C02442,Apex Analytics,2024-01-14,Australia,Professional Services,Enterprise,Partner,APAC
C02443,Blue Group,2024-07-02,USA,Technology,Small,Paid Search,North America
C02444,Cloud Labs,2024-06-17,Germany,Other,Small,Paid Social,Europe
C02445,Nova Technologies,2025-11-25,USA,Retail,Small,Paid Social,North America
C02446,Apex Systems,2025-02-06,USA,Technology,Medium,Partner,North America
C02447,Core Works,2024-11-19,Canada,Retail,Enterprise,Partner,North America
C02448,Summit Networks,2024-08-26,UK,Finance,Small,Paid Search,Europe
C02449,Prime Works,2024-03-06,USA,Technology,Medium,Partner,North America
C02450,Prime Analytics,2025-01-16,UK,Retail,Large,Partner,Europe
C02451,Core Systems,2025-07-01,UK,Technology,Small,Organic Search,Europe
C02452,Core Systems,2024-12-26,Australia,Professional Services,Small,Organic Search,APAC
C02453,Vertex Networks,2024-08-28,USA,Finance,Medium,Sales,North America
C02454,Fusion Analytics,2024-10-08,Germany,Education,Small,Email Marketing,Europe
C02455,Prime Software,2024-05-19,USA,Technology,Small,Sales,North America
C02456,Next Networks,2024-10-17,India,Finance,Small,Email Marketing,APAC
C02457,Prime Technologies,2025-04-27,India,Finance,Small,Organic Search,APAC
C02458,Apex Networks,2025-01-13,Singapore,Professional Services,Small,Organic Search,APAC
C02459,Summit Labs,2024-08-27,Australia,Retail,Small,Paid Social,APAC
C02460,Apex Networks,2025-08-27,UK,Marketing,Medium,Organic Search,Europe
C02461,Apex Services,2024-09-15,USA,Finance,Medium,Sales,North America
C02462,Core Group,2025-11-13,USA,Technology,Small,Referral,North America
C02463,Summit Services,2024-04-07,India,Finance,Small,Referral,APAC
C02464,Cloud Networks,2025-06-05,USA,Education,Small,Paid Search,North America
C02465,Apex Analytics,2025-07-11,Canada,Professional Services,Large,Partner,North America
C02466,Vertex Systems,2024-09-13,UK,Healthcare,Large,Sales,Europe
C02467,Vertex Services,2024-06-28,USA,Education,Small,Email Marketing,North America
C02468,Nova Technologies,2025-03-28,UK,Technology,Medium,Email Marketing,Europe
C02469,Cloud Systems,2024-07-26,Other,Professional Services,Small,Organic Search,Other
C02470,Digital Software,2025-09-16,Canada,Technology,Small,Paid Search,North America
C02471,Bright Software,2025-09-16,Canada,Technology,Large,Organic Search,North America
C02472,Cloud Works,2024-04-11,USA,Other,Medium,Organic Search,North America
C02473,Apex Analytics,2025-06-28,Singapore,Healthcare,Small,Partner,APAC
C02474,Core Networks,2024-12-14,USA,Professional Services,Small,Paid Search,North America
C02475,Prime Technologies,2024-05-21,Other,Technology,Small,Email Marketing,Other
C02476,Bright Group,2024-07-11,USA,Education,Small,Referral,North America
C02477,Summit Analytics,2024-04-06,USA,Education,Medium,Paid Social,North America
C02478,Blue Solutions,2024-09-10,Other,Manufacturing,Small,Partner,Other
C02479,Apex Labs,2025-09-07,USA,Education,Medium,Paid Social,North America
C02480,Cloud Services,2025-10-11,India,Marketing,Small,Referral,APAC
C02481,Next Works,2024-01-09,Other,Education,Small,Paid Search,Other
C02482,Vertex Networks,2025-02-08,USA,Manufacturing,Small,Sales,North America
C02483,Nova Networks,2024-04-05,Australia,Finance,Small,Organic Search,APAC
C02484,Bright Group,2024-08-18,Other,Retail,Medium,Paid Search,Other
C02485,Next Solutions,2025-05-01,USA,Technology,Medium,Organic Search,North America
C02486,Nova Group,2024-09-15,USA,Healthcare,Medium,Paid Search,North America
C02487,Digital Analytics,2025-05-11,USA,Professional Services,Large,Referral,North America
C02488,Summit Services,2024-05-11,Germany,Retail,Medium,Email Marketing,Europe
C02489,Next Services,2024-10-03,India,Technology,Medium,Organic Search,APAC
C02490,Apex Technologies,2024-12-31,Germany,Technology,Medium,Referral,Europe
C02491,Next Networks,2025-01-08,Other,Marketing,Small,Organic Search,Other
C02492,Apex Analytics,2024-06-16,Other,Finance,Small,Paid Social,Other
C02493,Next Software,2024-12-10,USA,Marketing,Medium,Partner,North America
C02494,Cloud Labs,2024-01-23,Australia,Professional Services,Enterprise,Paid Search,APAC
C02495,Fusion Group,2025-01-09,Australia,Finance,Small,Referral,APAC
C02496,Digital Technologies,2024-08-13,Singapore,Retail,Small,Referral,APAC
C02497,Digital Analytics,2024-09-05,USA,Technology,Small,Organic Search,North America
C02498,Digital Software,2024-03-12,Canada,Finance,Small,Referral,North America
C02499,Cloud Services,2024-09-20,USA,Retail,Medium,Paid Search,North America
C02500,Digital Labs,2025-02-06,UK,Marketing,Small,Referral,Europe
C02501,Apex Services,2024-01-23,India,Technology,Small,Partner,APAC
C02502,Vertex Technologies,2024-09-24,India,Technology,Small,Paid Search,APAC
C02503,Prime Labs,2024-04-16,USA,Other,Small,Sales,North America
C02504,Summit Services,2025-02-15,India,Retail,Enterprise,Sales,APAC
C02505,Summit Group,2024-10-02,USA,Retail,Large,Paid Search,North America
C02506,Digital Software,2025-09-23,UK,Healthcare,Small,Organic Search,Europe
C02507,Next Networks,2025-01-19,Canada,Education,Small,Organic Search,North America
C02508,Digital Labs,2024-11-21,India,Professional Services,Large,Paid Search,APAC
C02509,Summit Services,2024-07-01,Australia,Retail,Small,Paid Social,APAC
C02510,Bright Software,2025-07-19,UK,Technology,Small,Email Marketing,Europe
C02511,Digital Analytics,2024-04-20,Singapore,Healthcare,Medium,Email Marketing,APAC
C02512,Bright Labs,2024-03-23,UK,Manufacturing,Medium,Email Marketing,Europe
C02513,Vertex Labs,2024-03-29,Germany,Other,Medium,Paid Social,Europe
C02514,Apex Technologies,2024-01-10,USA,Education,Medium,Partner,North America
C02515,Nova Networks,2025-06-14,USA,Technology,Large,Partner,North America
C02516,Next Analytics,2024-05-17,USA,Technology,Small,Paid Social,North America
C02517,Next Services,2025-03-09,Canada,Education,Medium,Referral,North America
C02518,Core Works,2025-05-12,UK,Other,Enterprise,Paid Social,Europe
C02519,Nova Solutions,2025-03-30,Other,Healthcare,Small,Sales,Other
C02520,Prime Group,2025-05-15,Germany,Finance,Medium,Paid Search,Europe
C02521,Blue Systems,2024-02-25,India,Marketing,Small,Paid Social,APAC
C02522,Vertex Services,2025-03-03,USA,Manufacturing,Medium,Paid Social,North America
C02523,Nova Group,2025-11-30,USA,Retail,Large,Sales,North America
C02524,Summit Technologies,2024-07-29,USA,Healthcare,Small,Partner,North America
C02525,Next Labs,2024-08-25,USA,Healthcare,Enterprise,Organic Search,North America
C02526,Nova Labs,2025-05-29,UK,Professional Services,Small,Sales,Europe
C02527,Cloud Services,2025-06-05,India,Marketing,Small,Paid Search,APAC
C02528,Fusion Works,2024-01-09,India,Other,Small,Paid Search,APAC
C02529,Summit Solutions,2024-05-31,Germany,Technology,Small,Partner,Europe
C02530,Next Group,2025-07-06,UK,Finance,Medium,Paid Search,Europe
C02531,Next Services,2025-06-06,UK,Education,Small,Paid Social,Europe
C02532,Bright Technologies,2024-10-03,USA,Technology,Small,Organic Search,North America
C02533,Blue Systems,2025-10-25,India,Technology,Medium,Paid Social,APAC
C02534,Vertex Labs,2025-08-07,USA,Manufacturing,Medium,Paid Social,North America
C02535,Prime Services,2024-02-03,USA,Marketing,Medium,Partner,North America
C02536,Cloud Solutions,2025-01-17,USA,Marketing,Small,Paid Social,North America
C02537,Summit Networks,2024-08-26,USA,Healthcare,Small,Paid Search,North America
C02538,Nova Networks,2025-11-27,UK,Finance,Small,Partner,Europe
C02539,Vertex Solutions,2024-04-20,UK,Finance,Medium,Referral,Europe
C02540,Next Solutions,2024-07-04,USA,Technology,Small,Referral,North America
C02541,Prime Software,2024-10-01,Singapore,Manufacturing,Medium,Paid Search,APAC
C02542,Bright Software,2024-11-05,USA,Marketing,Medium,Referral,North America
C02543,Fusion Networks,2024-01-11,UK,Professional Services,Medium,Organic Search,Europe
C02544,Vertex Software,2025-08-31,Canada,Marketing,Small,Organic Search,North America
C02545,Summit Services,2024-05-29,Other,Finance,Small,Referral,Other
C02546,Fusion Solutions,2024-10-09,UK,Healthcare,Small,Paid Search,Europe
C02547,Apex Solutions,2024-03-21,Germany,Finance,Small,Email Marketing,Europe
C02548,Cloud Networks,2025-03-18,Germany,Professional Services,Small,Referral,Europe
C02549,Apex Group,2024-09-18,India,Healthcare,Small,Organic Search,APAC
C02550,Digital Labs,2024-03-31,UK,Professional Services,Small,Referral,Europe
C02551,Prime Services,2025-02-20,Canada,Professional Services,Large,Organic Search,North America
C02552,Vertex Group,2025-02-21,UK,Manufacturing,Small,Sales,Europe
C02553,Fusion Systems,2024-08-03,UK,Retail,Small,Partner,Europe
C02554,Summit Solutions,2025-04-13,USA,Manufacturing,Medium,Sales,North America
C02555,Core Networks,2025-06-08,USA,Healthcare,Small,Referral,North America
C02556,Apex Analytics,2024-02-18,India,Finance,Medium,Paid Search,APAC
C02557,Digital Solutions,2024-10-13,USA,Retail,Large,Paid Social,North America
C02558,Vertex Group,2025-04-02,India,Healthcare,Medium,Organic Search,APAC
C02559,Bright Group,2024-04-17,Australia,Marketing,Large,Paid Search,APAC
C02560,Vertex Labs,2024-12-11,USA,Healthcare,Medium,Paid Search,North America
C02561,Nova Labs,2025-02-04,India,Retail,Small,Paid Search,APAC
C02562,Blue Works,2024-10-11,USA,Finance,Medium,Paid Social,North America
C02563,Core Networks,2025-08-22,India,Technology,Medium,Paid Search,APAC
C02564,Cloud Technologies,2025-06-13,USA,Retail,Small,Organic Search,North America
C02565,Vertex Services,2025-07-30,USA,Other,Medium,Organic Search,North America
C02566,Vertex Labs,2024-08-10,Germany,Healthcare,Small,Referral,Europe
C02567,Blue Services,2025-10-07,Singapore,Marketing,Small,Paid Search,APAC
C02568,Vertex Networks,2024-09-22,USA,Other,Small,Paid Search,North America
C02569,Apex Services,2025-08-01,USA,Retail,Enterprise,Paid Search,North America
C02570,Fusion Group,2024-08-13,Germany,Healthcare,Small,Referral,Europe
C02571,Blue Software,2024-10-14,USA,Technology,Small,Email Marketing,North America
C02572,Nova Networks,2024-11-28,USA,Retail,Small,Organic Search,North America
C02573,Nova Networks,2024-11-05,USA,Technology,Enterprise,Sales,North America
C02574,Nova Group,2025-08-28,USA,Healthcare,Medium,Paid Search,North America
C02575,Fusion Works,2024-04-07,UK,Healthcare,Small,Paid Search,Europe
C02576,Bright Labs,2024-11-23,India,Manufacturing,Small,Organic Search,APAC
C02577,Bright Software,2024-10-19,USA,Other,Medium,Referral,North America
C02578,Nova Networks,2024-03-25,Canada,Finance,Medium,Paid Search,North America
C02579,Prime Systems,2025-03-01,USA,Finance,Medium,Partner,North America
C02580,Blue Technologies,2025-11-19,Other,Retail,Medium,Paid Social,Other
C02581,Apex Networks,2025-02-18,USA,Finance,Small,Organic Search,North America
C02582,Cloud Group,2025-01-09,Other,Retail,Medium,Email Marketing,Other
C02583,Prime Technologies,2025-11-09,USA,Healthcare,Medium,Organic Search,North America
C02584,Bright Technologies,2025-11-20,Canada,Professional Services,Small,Sales,North America
C02585,Nova Systems,2024-08-26,USA,Healthcare,Large,Partner,North America
C02586,Vertex Works,2025-08-04,USA,Technology,Small,Referral,North America
C02587,Summit Systems,2024-03-29,USA,Retail,Medium,Paid Search,North America
C02588,Prime Works,2025-03-17,India,Education,Medium,Sales,APAC
C02589,Cloud Analytics,2025-01-15,USA,Other,Small,Sales,North America
C02590,Nova Group,2024-08-21,Other,Healthcare,Medium,Referral,Other
C02591,Nova Works,2025-10-24,UK,Retail,Small,Organic Search,Europe
C02592,Vertex Services,2025-11-29,UK,Education,Small,Sales,Europe
C02593,Blue Works,2025-01-30,USA,Retail,Enterprise,Partner,North America
C02594,Next Group,2024-10-11,India,Professional Services,Medium,Email Marketing,APAC
C02595,Vertex Solutions,2025-06-06,USA,Professional Services,Small,Paid Search,North America
C02596,Cloud Works,2024-05-23,UK,Finance,Small,Referral,Europe
C02597,Prime Systems,2025-05-25,India,Manufacturing,Medium,Partner,APAC
C02598,Vertex Works,2024-08-21,USA,Retail,Enterprise,Sales,North America
C02599,Bright Solutions,2025-04-09,USA,Retail,Large,Referral,North America
C02600,Fusion Technologies,2025-11-22,India,Finance,Large,Paid Search,APAC
C02601,Core Networks,2025-10-24,Other,Marketing,Small,Organic Search,Other
C02602,Cloud Works,2024-06-07,UK,Marketing,Small,Paid Social,Europe
C02603,Apex Services,2024-04-05,India,Technology,Small,Sales,APAC
C02604,Blue Technologies,2024-10-14,India,Other,Small,Organic Search,APAC
C02605,Summit Networks,2025-06-07,UK,Healthcare,Small,Organic Search,Europe
C02606,Fusion Networks,2025-07-21,UK,Education,Small,Organic Search,Europe
C02607,Next Works,2025-10-12,Germany,Finance,Enterprise,Paid Social,Europe
C02608,Summit Systems,2024-10-03,USA,Retail,Large,Referral,North America
C02609,Bright Services,2024-01-17,USA,Manufacturing,Large,Paid Social,North America
C02610,Fusion Services,2024-02-21,Canada,Retail,Large,Referral,North America
C02611,Blue Labs,2024-09-26,Other,Education,Enterprise,Paid Social,Other
C02612,Next Group,2024-11-26,UK,Professional Services,Medium,Partner,Europe
C02613,Vertex Services,2025-09-19,Other,Technology,Large,Paid Search,Other
C02614,Digital Networks,2025-07-06,Other,Technology,Medium,Paid Search,Other
C02615,Blue Analytics,2024-12-08,USA,Professional Services,Enterprise,Sales,North America
C02616,Fusion Solutions,2024-07-27,USA,Healthcare,Small,Email Marketing,North America
C02617,Cloud Group,2024-01-26,USA,Manufacturing,Small,Organic Search,North America
C02618,Fusion Works,2025-04-12,Canada,Finance,Small,Email Marketing,North America
C02619,Bright Group,2025-08-08,Germany,Technology,Medium,Partner,Europe
C02620,Digital Group,2025-02-09,India,Education,Medium,Organic Search,APAC
C02621,Apex Works,2025-10-22,USA,Retail,Small,Email Marketing,North America
C02622,Vertex Labs,2025-07-05,USA,Professional Services,Small,Referral,North America
C02623,Next Works,2024-04-21,USA,Professional Services,Enterprise,Referral,North America
C02624,Bright Group,2025-04-18,Germany,Retail,Medium,Email Marketing,Europe
C02625,Next Solutions,2025-03-25,USA,Finance,Large,Referral,North America
C02626,Fusion Technologies,2025-04-13,Canada,Finance,Medium,Sales,North America
C02627,Blue Labs,2024-11-26,USA,Technology,Small,Organic Search,North America
C02628,Prime Technologies,2025-10-05,USA,Marketing,Medium,Referral,North America
C02629,Bright Networks,2025-09-28,India,Retail,Medium,Referral,APAC
C02630,Blue Analytics,2024-04-10,Australia,Manufacturing,Large,Paid Search,APAC
C02631,Cloud Systems,2024-01-26,Canada,Retail,Medium,Sales,North America
C02632,Vertex Works,2024-11-19,Australia,Marketing,Small,Organic Search,APAC
C02633,Blue Services,2025-02-09,USA,Retail,Medium,Email Marketing,North America
C02634,Next Analytics,2025-03-22,Other,Retail,Small,Paid Social,Other
C02635,Summit Technologies,2024-11-16,UK,Healthcare,Small,Email Marketing,Europe
C02636,Prime Labs,2025-07-17,USA,Technology,Small,Referral,North America
C02637,Nova Group,2024-11-27,India,Other,Small,Referral,APAC
C02638,Core Technologies,2024-12-23,India,Retail,Large,Paid Search,APAC
C02639,Vertex Analytics,2024-12-18,Germany,Healthcare,Small,Organic Search,Europe
C02640,Cloud Works,2025-03-10,India,Healthcare,Small,Organic Search,APAC
C02641,Blue Analytics,2025-07-06,India,Marketing,Small,Referral,APAC
C02642,Fusion Group,2025-05-04,Canada,Finance,Small,Paid Search,North America
C02643,Digital Group,2024-01-15,USA,Manufacturing,Medium,Organic Search,North America
C02644,Bright Systems,2025-11-26,India,Other,Small,Email Marketing,APAC
C02645,Next Technologies,2025-06-17,India,Healthcare,Large,Sales,APAC
C02646,Fusion Technologies,2025-06-17,India,Marketing,Small,Referral,APAC
C02647,Vertex Services,2024-09-23,India,Finance,Medium,Email Marketing,APAC
C02648,Vertex Services,2025-02-02,UK,Retail,Small,Partner,Europe
C02649,Apex Works,2024-10-28,USA,Education,Small,Referral,North America
C02650,Fusion Group,2024-04-23,Australia,Retail,Small,Referral,APAC
C02651,Fusion Networks,2024-04-12,Other,Retail,Small,Organic Search,Other
C02652,Bright Systems,2025-08-24,Canada,Technology,Large,Sales,North America
C02653,Vertex Works,2025-10-13,USA,Manufacturing,Small,Referral,North America
C02654,Prime Solutions,2024-10-25,Other,Education,Medium,Organic Search,Other
C02655,Summit Analytics,2025-07-25,Australia,Finance,Small,Paid Search,APAC
C02656,Nova Analytics,2024-09-27,Canada,Retail,Small,Referral,North America
C02657,Core Networks,2025-01-24,Australia,Technology,Small,Paid Search,APAC
C02658,Fusion Networks,2025-01-24,India,Professional Services,Small,Paid Social,APAC
C02659,Summit Works,2024-02-17,Canada,Technology,Medium,Organic Search,North America
C02660,Digital Solutions,2024-11-23,USA,Healthcare,Small,Organic Search,North America
C02661,Bright Systems,2024-11-08,USA,Finance,Small,Paid Social,North America
C02662,Nova Labs,2025-09-20,India,Retail,Small,Referral,APAC
C02663,Prime Software,2024-06-15,UK,Finance,Small,Paid Social,Europe
C02664,Summit Analytics,2024-02-07,USA,Finance,Small,Paid Social,North America
C02665,Bright Group,2025-08-19,USA,Retail,Small,Email Marketing,North America
C02666,Next Solutions,2024-01-14,USA,Other,Medium,Referral,North America
C02667,Nova Solutions,2024-09-02,Germany,Finance,Small,Email Marketing,Europe
C02668,Vertex Networks,2024-12-07,India,Retail,Small,Email Marketing,APAC
C02669,Core Services,2024-12-10,India,Retail,Medium,Organic Search,APAC
C02670,Digital Group,2024-05-12,Canada,Technology,Small,Organic Search,North America
C02671,Bright Labs,2024-12-19,USA,Professional Services,Medium,Paid Social,North America
C02672,Bright Labs,2025-07-11,Canada,Marketing,Small,Paid Search,North America
C02673,Blue Services,2024-10-28,USA,Retail,Small,Paid Search,North America
C02674,Fusion Works,2025-03-30,USA,Finance,Medium,Paid Social,North America
C02675,Summit Group,2025-03-29,UK,Technology,Medium,Paid Social,Europe
C02676,Prime Systems,2024-04-16,Other,Other,Medium,Paid Social,Other
C02677,Summit Software,2024-07-02,USA,Education,Medium,Partner,North America
C02678,Apex Labs,2025-07-28,USA,Retail,Small,Organic Search,North America
C02679,Cloud Labs,2025-07-04,Other,Retail,Medium,Paid Search,Other
C02680,Fusion Systems,2024-12-20,UK,Retail,Small,Paid Search,Europe
C02681,Next Group,2025-02-12,UK,Manufacturing,Small,Sales,Europe
C02682,Nova Labs,2025-04-17,UK,Manufacturing,Small,Paid Social,Europe
C02683,Cloud Labs,2025-06-25,India,Technology,Small,Paid Social,APAC
C02684,Blue Group,2024-01-04,USA,Manufacturing,Medium,Paid Search,North America
C02685,Blue Labs,2024-08-21,UK,Education,Large,Organic Search,Europe
C02686,Next Networks,2024-02-24,Other,Finance,Medium,Referral,Other
C02687,Prime Networks,2024-09-22,Canada,Healthcare,Medium,Organic Search,North America
C02688,Nova Networks,2024-11-02,UK,Retail,Small,Referral,Europe
C02689,Cloud Software,2024-05-30,India,Education,Medium,Partner,APAC
C02690,Vertex Systems,2025-09-05,Other,Professional Services,Small,Sales,Other
C02691,Vertex Labs,2025-08-05,Singapore,Retail,Small,Paid Search,APAC
C02692,Bright Services,2025-05-10,USA,Retail,Small,Organic Search,North America
C02693,Vertex Systems,2024-05-31,India,Education,Small,Sales,APAC
C02694,Digital Networks,2024-04-14,India,Retail,Medium,Partner,APAC
C02695,Nova Systems,2024-08-13,India,Technology,Medium,Sales,APAC
C02696,Cloud Group,2025-02-17,Other,Marketing,Small,Organic Search,Other
C02697,Blue Group,2024-02-05,India,Education,Medium,Partner,APAC
C02698,Vertex Group,2024-06-14,India,Manufacturing,Medium,Paid Search,APAC
C02699,Nova Technologies,2024-02-24,USA,Technology,Medium,Organic Search,North America
C02700,Nova Networks,2025-09-10,USA,Technology,Small,Sales,North America
C02701,Core Networks,2024-01-13,Australia,Technology,Large,Referral,APAC
C02702,Prime Services,2025-08-13,USA,Retail,Enterprise,Organic Search,North America
C02703,Summit Services,2024-04-20,USA,Marketing,Small,Paid Social,North America
C02704,Prime Technologies,2025-07-13,USA,Professional Services,Medium,Referral,North America
C02705,Core Solutions,2025-07-24,Singapore,Education,Medium,Paid Social,APAC
C02706,Cloud Software,2025-09-09,India,Other,Small,Paid Search,APAC
C02707,Apex Group,2024-06-02,India,Finance,Medium,Paid Search,APAC
C02708,Next Networks,2024-06-11,Germany,Finance,Medium,Organic Search,Europe
C02709,Apex Group,2025-06-25,USA,Technology,Small,Organic Search,North America
C02710,Apex Labs,2025-01-04,UK,Technology,Medium,Paid Social,Europe
C02711,Bright Works,2024-09-15,Canada,Technology,Medium,Referral,North America
C02712,Prime Labs,2025-10-10,UK,Healthcare,Medium,Paid Social,Europe
C02713,Digital Works,2025-03-13,USA,Professional Services,Medium,Email Marketing,North America
C02714,Vertex Group,2024-10-30,UK,Technology,Small,Paid Social,Europe
C02715,Apex Technologies,2025-10-05,USA,Education,Small,Organic Search,North America
C02716,Summit Analytics,2024-07-13,Singapore,Manufacturing,Large,Partner,APAC
C02717,Next Labs,2025-03-31,USA,Healthcare,Large,Organic Search,North America
C02718,Core Networks,2024-12-10,Canada,Other,Medium,Organic Search,North America
C02719,Cloud Analytics,2025-09-06,India,Marketing,Enterprise,Paid Search,APAC
C02720,Summit Technologies,2024-12-12,Canada,Technology,Medium,Organic Search,North America
C02721,Cloud Software,2025-04-27,Other,Manufacturing,Small,Paid Search,Other
C02722,Digital Technologies,2024-08-18,Australia,Finance,Medium,Paid Search,APAC
C02723,Digital Networks,2024-03-27,UK,Retail,Small,Referral,Europe
C02724,Cloud Software,2024-01-31,Germany,Professional Services,Medium,Organic Search,Europe
C02725,Nova Technologies,2025-07-03,Germany,Technology,Small,Referral,Europe
C02726,Summit Systems,2024-06-25,Other,Healthcare,Small,Sales,Other
C02727,Nova Software,2024-05-31,Singapore,Technology,Medium,Organic Search,APAC
C02728,Summit Technologies,2024-05-12,Other,Manufacturing,Medium,Organic Search,Other
C02729,Core Systems,2024-08-27,Singapore,Finance,Medium,Email Marketing,APAC
C02730,Summit Technologies,2025-04-16,Australia,Education,Small,Organic Search,APAC
C02731,Core Works,2024-08-03,India,Retail,Small,Sales,APAC
C02732,Cloud Solutions,2025-03-30,Other,Healthcare,Large,Organic Search,Other
C02733,Fusion Software,2025-09-15,Germany,Education,Enterprise,Referral,Europe
C02734,Prime Software,2025-08-19,Canada,Finance,Small,Sales,North America
C02735,Fusion Software,2024-07-01,Singapore,Education,Medium,Partner,APAC
C02736,Blue Solutions,2025-07-25,India,Retail,Medium,Paid Social,APAC
C02737,Apex Software,2025-05-26,USA,Finance,Medium,Organic Search,North America
C02738,Fusion Technologies,2024-09-26,USA,Education,Medium,Paid Search,North America
C02739,Nova Labs,2024-04-30,UK,Manufacturing,Small,Organic Search,Europe
C02740,Digital Analytics,2025-07-10,USA,Finance,Medium,Organic Search,North America
C02741,Nova Group,2024-05-17,UK,Professional Services,Small,Sales,Europe
C02742,Fusion Works,2025-05-26,USA,Technology,Small,Referral,North America
C02743,Summit Systems,2024-06-17,USA,Manufacturing,Small,Organic Search,North America
C02744,Summit Systems,2025-07-13,UK,Education,Small,Partner,Europe
C02745,Cloud Analytics,2025-04-14,UK,Professional Services,Small,Paid Search,Europe
C02746,Fusion Software,2025-01-04,Germany,Manufacturing,Medium,Paid Search,Europe
C02747,Bright Technologies,2024-05-19,USA,Manufacturing,Medium,Organic Search,North America
C02748,Summit Group,2025-06-22,USA,Other,Medium,Paid Social,North America
C02749,Cloud Group,2025-11-29,Australia,Retail,Medium,Organic Search,APAC
C02750,Digital Services,2025-11-16,India,Technology,Medium,Organic Search,APAC
C02751,Summit Analytics,2024-12-17,India,Finance,Small,Email Marketing,APAC
C02752,Digital Services,2025-03-03,Canada,Marketing,Small,Sales,North America
C02753,Summit Labs,2025-12-01,USA,Retail,Small,Organic Search,North America
C02754,Prime Systems,2025-07-27,USA,Finance,Small,Organic Search,North America
C02755,Vertex Services,2025-03-19,India,Technology,Large,Referral,APAC
C02756,Prime Solutions,2024-10-28,India,Manufacturing,Small,Email Marketing,APAC
C02757,Fusion Technologies,2025-04-10,Germany,Marketing,Medium,Organic Search,Europe
C02758,Vertex Software,2025-09-27,Germany,Manufacturing,Medium,Paid Search,Europe
C02759,Fusion Systems,2025-07-25,India,Technology,Small,Organic Search,APAC
C02760,Vertex Networks,2024-06-18,UK,Healthcare,Large,Referral,Europe
C02761,Bright Systems,2025-08-28,USA,Finance,Small,Organic Search,North America
C02762,Core Systems,2024-05-08,USA,Professional Services,Medium,Paid Search,North America
C02763,Apex Works,2025-10-21,Australia,Professional Services,Small,Referral,APAC
C02764,Core Group,2025-08-18,UK,Professional Services,Large,Partner,Europe
C02765,Prime Labs,2024-08-19,India,Marketing,Small,Paid Search,APAC
C02766,Prime Technologies,2024-12-23,USA,Other,Medium,Paid Search,North America
C02767,Summit Labs,2025-07-05,Australia,Retail,Large,Referral,APAC
C02768,Next Networks,2024-08-05,India,Technology,Enterprise,Referral,APAC
C02769,Core Software,2024-12-17,India,Professional Services,Medium,Paid Social,APAC
C02770,Prime Technologies,2025-03-30,USA,Technology,Medium,Paid Search,North America
C02771,Bright Group,2025-01-11,Germany,Other,Medium,Paid Social,Europe
C02772,Prime Analytics,2024-08-07,USA,Healthcare,Enterprise,Organic Search,North America
C02773,Bright Networks,2024-05-28,USA,Retail,Small,Organic Search,North America
C02774,Digital Solutions,2024-09-14,Singapore,Marketing,Small,Organic Search,APAC
C02775,Fusion Labs,2025-08-20,India,Finance,Medium,Partner,APAC
C02776,Summit Solutions,2024-05-20,India,Technology,Small,Partner,APAC
C02777,Digital Labs,2024-06-26,USA,Manufacturing,Medium,Paid Search,North America
C02778,Summit Technologies,2025-11-08,Other,Education,Enterprise,Organic Search,Other
C02779,Prime Solutions,2024-12-28,UK,Education,Medium,Partner,Europe
C02780,Cloud Services,2025-06-08,USA,Healthcare,Medium,Email Marketing,North America
C02781,Digital Solutions,2025-06-25,India,Professional Services,Small,Referral,APAC
C02782,Summit Group,2024-03-29,Other,Technology,Medium,Paid Search,Other
C02783,Core Technologies,2025-10-03,Canada,Technology,Small,Referral,North America
C02784,Summit Solutions,2025-03-22,Australia,Healthcare,Medium,Paid Search,APAC
C02785,Prime Systems,2024-04-12,UK,Retail,Small,Paid Social,Europe
C02786,Digital Software,2025-01-01,UK,Healthcare,Small,Paid Search,Europe
C02787,Summit Systems,2024-12-30,Canada,Professional Services,Small,Organic Search,North America
C02788,Next Analytics,2024-05-05,India,Healthcare,Small,Paid Social,APAC
C02789,Vertex Works,2024-01-02,UK,Retail,Medium,Organic Search,Europe
C02790,Cloud Networks,2024-12-05,USA,Manufacturing,Small,Paid Search,North America
C02791,Fusion Group,2025-03-03,UK,Retail,Small,Partner,Europe
C02792,Nova Labs,2025-08-31,India,Professional Services,Large,Referral,APAC
C02793,Fusion Works,2024-03-02,India,Finance,Small,Referral,APAC
C02794,Cloud Analytics,2025-03-22,Australia,Manufacturing,Large,Referral,APAC
C02795,Next Group,2024-04-23,India,Technology,Small,Partner,APAC
C02796,Apex Works,2025-06-25,USA,Retail,Small,Organic Search,North America
C02797,Apex Systems,2025-09-02,Canada,Retail,Medium,Referral,North America
C02798,Fusion Works,2024-09-21,UK,Finance,Medium,Organic Search,Europe
C02799,Core Labs,2024-02-21,USA,Retail,Small,Paid Search,North America
C02800,Core Solutions,2024-09-17,UK,Retail,Large,Organic Search,Europe
C02801,Cloud Networks,2024-02-29,USA,Technology,Small,Partner,North America
C02802,Cloud Works,2024-09-13,Germany,Technology,Large,Referral,Europe
C02803,Bright Analytics,2024-10-04,India,Other,Small,Partner,APAC
C02804,Digital Technologies,2025-03-29,UK,Technology,Medium,Organic Search,Europe
C02805,Vertex Solutions,2025-04-24,Canada,Retail,Medium,Organic Search,North America
C02806,Vertex Group,2025-04-13,India,Technology,Small,Organic Search,APAC
C02807,Apex Solutions,2025-09-29,Australia,Technology,Medium,Partner,APAC
C02808,Fusion Solutions,2025-08-23,USA,Finance,Small,Paid Search,North America
C02809,Digital Systems,2024-04-28,USA,Marketing,Medium,Paid Search,North America
C02810,Summit Group,2025-02-05,USA,Retail,Enterprise,Paid Search,North America
C02811,Fusion Labs,2025-01-20,USA,Other,Small,Email Marketing,North America
C02812,Prime Solutions,2025-03-22,Germany,Other,Small,Sales,Europe
C02813,Summit Analytics,2024-10-06,India,Education,Large,Paid Social,APAC
C02814,Next Software,2024-03-22,Australia,Education,Medium,Paid Search,APAC
C02815,Cloud Works,2025-12-01,India,Healthcare,Medium,Paid Social,APAC
C02816,Apex Services,2024-06-01,India,Technology,Small,Organic Search,APAC
C02817,Prime Group,2024-07-30,USA,Professional Services,Small,Email Marketing,North America
C02818,Prime Analytics,2025-03-20,USA,Retail,Large,Paid Social,North America
C02819,Prime Labs,2025-08-26,India,Marketing,Medium,Organic Search,APAC
C02820,Vertex Group,2025-02-02,Canada,Technology,Large,Paid Search,North America
C02821,Summit Systems,2025-06-28,Germany,Marketing,Large,Organic Search,Europe
C02822,Prime Labs,2025-05-29,India,Manufacturing,Medium,Referral,APAC
C02823,Next Services,2024-07-03,UK,Education,Medium,Referral,Europe
C02824,Blue Technologies,2025-11-04,USA,Healthcare,Small,Paid Social,North America
C02825,Nova Systems,2024-05-20,USA,Technology,Small,Referral,North America
C02826,Core Works,2024-10-16,Canada,Manufacturing,Small,Partner,North America
C02827,Vertex Services,2025-03-09,Australia,Professional Services,Small,Referral,APAC
C02828,Digital Group,2025-04-15,Canada,Other,Small,Organic Search,North America
C02829,Cloud Works,2024-06-08,India,Professional Services,Medium,Paid Social,APAC
C02830,Blue Systems,2025-08-05,Canada,Finance,Small,Paid Social,North America
C02831,Cloud Services,2024-09-23,India,Technology,Medium,Email Marketing,APAC
C02832,Digital Services,2024-01-05,Other,Finance,Small,Sales,Other
C02833,Cloud Labs,2025-05-29,Australia,Professional Services,Large,Email Marketing,APAC
C02834,Nova Analytics,2025-09-19,USA,Technology,Small,Organic Search,North America
C02835,Blue Group,2024-08-09,UK,Retail,Large,Sales,Europe
C02836,Cloud Services,2024-02-21,USA,Marketing,Large,Sales,North America
C02837,Fusion Systems,2024-02-13,USA,Technology,Medium,Partner,North America
C02838,Next Labs,2024-01-16,Australia,Manufacturing,Large,Organic Search,APAC
C02839,Summit Solutions,2025-07-26,India,Technology,Small,Organic Search,APAC
C02840,Prime Group,2024-10-09,India,Professional Services,Medium,Organic Search,APAC
C02841,Fusion Group,2025-09-05,UK,Other,Small,Organic Search,Europe
C02842,Summit Systems,2025-04-29,Other,Finance,Medium,Referral,Other
C02843,Blue Works,2024-02-27,Germany,Professional Services,Medium,Paid Social,Europe
C02844,Nova Solutions,2025-10-17,India,Technology,Small,Paid Social,APAC
C02845,Digital Labs,2024-10-19,India,Retail,Small,Email Marketing,APAC
C02846,Summit Services,2024-03-23,Germany,Technology,Small,Sales,Europe
C02847,Bright Group,2025-10-01,USA,Retail,Medium,Email Marketing,North America
C02848,Nova Services,2024-12-03,USA,Marketing,Small,Sales,North America
C02849,Apex Networks,2025-11-23,India,Finance,Medium,Referral,APAC
C02850,Blue Solutions,2025-03-04,Australia,Education,Large,Paid Search,APAC
C02851,Blue Technologies,2025-04-26,UK,Retail,Medium,Partner,Europe
C02852,Cloud Analytics,2025-02-19,Singapore,Other,Enterprise,Referral,APAC
C02853,Bright Systems,2024-08-07,USA,Technology,Small,Sales,North America
C02854,Next Networks,2025-05-16,UK,Technology,Medium,Referral,Europe
C02855,Blue Labs,2024-09-22,India,Marketing,Small,Organic Search,APAC
C02856,Vertex Systems,2024-07-25,Other,Retail,Large,Paid Social,Other
C02857,Digital Services,2024-02-05,USA,Retail,Small,Referral,North America
C02858,Digital Group,2024-02-29,USA,Manufacturing,Medium,Email Marketing,North America
C02859,Prime Networks,2024-10-15,India,Education,Medium,Referral,APAC
C02860,Vertex Systems,2024-12-26,UK,Healthcare,Medium,Paid Social,Europe
C02861,Apex Group,2024-05-13,Australia,Professional Services,Small,Organic Search,APAC
C02862,Digital Works,2024-02-15,USA,Technology,Small,Partner,North America
C02863,Bright Services,2025-04-06,India,Technology,Small,Partner,APAC
C02864,Digital Analytics,2025-04-28,UK,Manufacturing,Small,Referral,Europe
C02865,Blue Works,2024-01-19,India,Other,Small,Sales,APAC
C02866,Next Group,2025-01-27,India,Education,Small,Referral,APAC
C02867,Cloud Networks,2025-01-11,UK,Retail,Medium,Referral,Europe
C02868,Core Systems,2025-06-30,USA,Retail,Small,Organic Search,North America
C02869,Next Group,2025-08-27,India,Manufacturing,Small,Email Marketing,APAC
C02870,Fusion Networks,2024-05-26,USA,Healthcare,Medium,Paid Search,North America
C02871,Fusion Labs,2024-01-02,USA,Retail,Enterprise,Paid Social,North America
C02872,Prime Works,2024-03-02,Australia,Marketing,Large,Email Marketing,APAC
C02873,Cloud Solutions,2025-05-07,India,Education,Large,Organic Search,APAC
C02874,Prime Group,2024-09-25,UK,Finance,Small,Partner,Europe
C02875,Core Analytics,2025-07-01,USA,Healthcare,Medium,Organic Search,North America
C02876,Bright Services,2025-10-14,India,Healthcare,Small,Organic Search,APAC
C02877,Next Analytics,2024-03-16,Germany,Technology,Enterprise,Paid Search,Europe
C02878,Cloud Systems,2024-01-11,India,Healthcare,Small,Sales,APAC
C02879,Apex Group,2025-05-20,UK,Healthcare,Small,Email Marketing,Europe
C02880,Digital Solutions,2024-06-28,Other,Education,Large,Email Marketing,Other
C02881,Blue Software,2025-06-14,USA,Technology,Small,Paid Social,North America
C02882,Fusion Services,2025-11-11,India,Technology,Small,Organic Search,APAC
C02883,Cloud Networks,2025-06-15,India,Healthcare,Small,Sales,APAC
C02884,Apex Analytics,2024-12-01,USA,Marketing,Medium,Paid Search,North America
C02885,Bright Technologies,2024-11-10,USA,Finance,Large,Referral,North America
C02886,Next Group,2024-02-11,India,Healthcare,Small,Paid Search,APAC
C02887,Cloud Networks,2025-11-04,USA,Healthcare,Large,Email Marketing,North America
C02888,Digital Analytics,2025-08-20,USA,Education,Large,Organic Search,North America
C02889,Apex Solutions,2024-01-09,India,Finance,Large,Organic Search,APAC
C02890,Cloud Networks,2024-12-20,India,Professional Services,Small,Organic Search,APAC
C02891,Prime Labs,2025-10-11,Australia,Healthcare,Medium,Organic Search,APAC
C02892,Cloud Networks,2024-06-24,UK,Healthcare,Enterprise,Sales,Europe
C02893,Summit Labs,2024-11-20,USA,Professional Services,Large,Partner,North America
C02894,Nova Systems,2024-01-13,India,Retail,Medium,Paid Social,APAC
C02895,Blue Technologies,2025-02-03,UK,Professional Services,Small,Email Marketing,Europe
C02896,Cloud Systems,2025-03-26,Other,Retail,Small,Paid Social,Other
C02897,Blue Networks,2024-01-04,Australia,Manufacturing,Small,Paid Search,APAC
C02898,Summit Software,2024-06-03,USA,Technology,Medium,Paid Search,North America
C02899,Nova Analytics,2024-08-27,Canada,Professional Services,Small,Organic Search,North America
C02900,Core Works,2025-10-20,Canada,Technology,Medium,Paid Social,North America
C02901,Core Networks,2025-09-11,USA,Healthcare,Medium,Paid Search,North America
C02902,Nova Analytics,2024-04-07,Canada,Education,Medium,Partner,North America
C02903,Next Networks,2025-05-02,India,Finance,Medium,Sales,APAC
C02904,Core Solutions,2024-03-17,India,Technology,Small,Paid Social,APAC
C02905,Cloud Systems,2024-04-02,Canada,Retail,Large,Paid Social,North America
C02906,Fusion Works,2024-06-30,Singapore,Retail,Small,Organic Search,APAC
C02907,Core Systems,2025-10-12,Canada,Marketing,Large,Referral,North America
C02908,Summit Systems,2024-08-19,Canada,Retail,Large,Email Marketing,North America
C02909,Blue Networks,2024-04-19,UK,Finance,Large,Paid Social,Europe
C02910,Summit Works,2024-12-25,USA,Retail,Large,Sales,North America
C02911,Bright Solutions,2024-01-10,India,Technology,Large,Partner,APAC
C02912,Fusion Solutions,2024-04-02,UK,Education,Small,Organic Search,Europe
C02913,Core Systems,2024-02-09,Other,Professional Services,Medium,Partner,Other
C02914,Apex Solutions,2025-01-19,Other,Professional Services,Small,Partner,Other
C02915,Cloud Labs,2024-02-09,Germany,Education,Small,Organic Search,Europe
C02916,Prime Labs,2025-08-29,Canada,Marketing,Large,Paid Social,North America
C02917,Next Systems,2024-04-25,Australia,Healthcare,Large,Email Marketing,APAC
C02918,Prime Services,2025-04-23,Other,Healthcare,Medium,Paid Search,Other
C02919,Digital Technologies,2025-06-24,USA,Finance,Small,Organic Search,North America
C02920,Core Technologies,2024-05-25,India,Professional Services,Small,Organic Search,APAC
C02921,Core Group,2025-07-13,Singapore,Healthcare,Large,Paid Search,APAC
C02922,Nova Software,2025-06-26,Australia,Marketing,Enterprise,Partner,APAC
C02923,Blue Technologies,2024-08-17,India,Finance,Small,Referral,APAC
C02924,Blue Analytics,2025-09-09,India,Healthcare,Small,Paid Social,APAC
C02925,Next Group,2025-11-20,USA,Marketing,Enterprise,Organic Search,North America
C02926,Digital Technologies,2024-10-19,USA,Technology,Small,Partner,North America
C02927,Bright Works,2025-10-20,USA,Healthcare,Large,Paid Search,North America
C02928,Bright Works,2025-10-18,Canada,Technology,Small,Partner,North America
C02929,Vertex Systems,2025-07-10,Australia,Professional Services,Medium,Paid Social,APAC
C02930,Vertex Group,2024-08-24,USA,Retail,Medium,Email Marketing,North America
C02931,Summit Group,2024-09-04,UK,Healthcare,Large,Partner,Europe
C02932,Core Works,2024-09-30,Singapore,Technology,Small,Email Marketing,APAC
C02933,Digital Networks,2025-10-02,USA,Finance,Small,Organic Search,North America
C02934,Prime Group,2024-12-18,USA,Finance,Medium,Partner,North America
C02935,Core Services,2024-05-26,USA,Technology,Medium,Referral,North America
C02936,Digital Services,2024-10-17,Australia,Healthcare,Small,Paid Search,APAC
C02937,Apex Group,2024-02-19,UK,Manufacturing,Small,Organic Search,Europe
C02938,Apex Works,2024-11-05,USA,Retail,Small,Referral,North America
C02939,Summit Works,2025-06-16,USA,Finance,Medium,Partner,North America
C02940,Prime Systems,2025-07-29,Australia,Other,Small,Referral,APAC
C02941,Summit Group,2025-01-30,USA,Retail,Medium,Paid Search,North America
C02942,Core Services,2024-01-02,USA,Education,Small,Referral,North America
C02943,Bright Networks,2024-11-19,Canada,Manufacturing,Small,Referral,North America
C02944,Apex Works,2024-06-08,Australia,Retail,Small,Paid Search,APAC
C02945,Fusion Analytics,2024-10-20,USA,Finance,Small,Email Marketing,North America
C02946,Core Solutions,2025-07-31,USA,Healthcare,Medium,Partner,North America
C02947,Vertex Labs,2024-11-24,Canada,Retail,Medium,Email Marketing,North America
C02948,Prime Group,2024-09-18,USA,Finance,Large,Referral,North America
C02949,Next Works,2025-05-05,USA,Marketing,Medium,Paid Search,North America
C02950,Apex Analytics,2024-10-12,USA,Education,Small,Referral,North America
C02951,Apex Technologies,2025-02-21,USA,Technology,Large,Paid Search,North America
C02952,Nova Labs,2024-01-10,Singapore,Finance,Medium,Paid Search,APAC
C02953,Vertex Services,2025-06-06,India,Retail,Large,Partner,APAC
C02954,Cloud Analytics,2025-06-24,USA,Professional Services,Medium,Organic Search,North America
C02955,Apex Works,2025-07-24,Singapore,Retail,Small,Paid Search,APAC
C02956,Core Software,2024-11-15,India,Healthcare,Small,Paid Search,APAC
C02957,Cloud Services,2024-02-08,USA,Technology,Medium,Partner,North America
C02958,Prime Labs,2025-03-15,Germany,Professional Services,Medium,Email Marketing,Europe
C02959,Bright Solutions,2025-07-05,Singapore,Professional Services,Large,Organic Search,APAC
C02960,Blue Systems,2025-06-08,India,Technology,Small,Organic Search,APAC
C02961,Apex Networks,2025-06-12,USA,Retail,Small,Email Marketing,North America
C02962,Vertex Services,2024-03-18,Germany,Education,Medium,Referral,Europe
C02963,Blue Software,2025-01-21,Other,Manufacturing,Medium,Referral,Other
C02964,Fusion Group,2025-06-07,India,Technology,Medium,Referral,APAC
C02965,Blue Group,2025-11-15,USA,Finance,Small,Email Marketing,North America
C02966,Next Group,2025-04-11,USA,Retail,Medium,Referral,North America
C02967,Vertex Solutions,2025-08-26,UK,Other,Medium,Organic Search,Europe
C02968,Vertex Services,2025-01-31,Germany,Retail,Medium,Paid Social,Europe
C02969,Bright Services,2025-08-30,Australia,Technology,Small,Organic Search,APAC
C02970,Prime Works,2024-07-04,USA,Education,Medium,Organic Search,North America
C02971,Core Software,2024-08-05,USA,Professional Services,Small,Partner,North America
C02972,Cloud Technologies,2025-02-07,Australia,Professional Services,Small,Paid Search,APAC
C02973,Apex Systems,2024-11-10,USA,Professional Services,Small,Referral,North America
C02974,Nova Group,2024-03-15,Singapore,Finance,Small,Sales,APAC
C02975,Digital Solutions,2025-08-04,UK,Education,Small,Sales,Europe
C02976,Vertex Systems,2025-06-18,Canada,Marketing,Small,Referral,North America
C02977,Apex Systems,2024-04-01,Other,Retail,Small,Email Marketing,Other
C02978,Bright Services,2025-11-11,India,Retail,Medium,Sales,APAC
C02979,Core Systems,2024-07-26,Australia,Technology,Enterprise,Paid Search,APAC
C02980,Digital Solutions,2025-08-15,India,Professional Services,Enterprise,Referral,APAC
C02981,Digital Works,2024-05-21,India,Technology,Small,Partner,APAC
C02982,Summit Works,2024-10-27,USA,Finance,Medium,Paid Social,North America
C02983,Summit Solutions,2024-08-29,India,Education,Enterprise,Paid Search,APAC
C02984,Vertex Services,2025-02-16,Canada,Healthcare,Medium,Partner,North America
C02985,Vertex Systems,2025-06-08,USA,Finance,Large,Paid Social,North America
C02986,Cloud Labs,2024-07-21,Other,Healthcare,Small,Paid Search,Other
C02987,Blue Networks,2024-04-27,India,Other,Small,Sales,APAC
C02988,Blue Systems,2024-05-21,USA,Other,Small,Paid Search,North America
C02989,Summit Labs,2025-03-13,USA,Marketing,Small,Partner,North America
C02990,Bright Group,2024-07-02,UK,Retail,Medium,Paid Social,Europe
C02991,Bright Solutions,2025-04-29,USA,Marketing,Large,Paid Social,North America
C02992,Digital Solutions,2024-04-06,UK,Retail,Enterprise,Organic Search,Europe
C02993,Vertex Analytics,2025-01-09,Australia,Finance,Large,Sales,APAC
C02994,Bright Works,2024-02-12,USA,Retail,Small,Partner,North America
C02995,Blue Technologies,2025-02-12,Canada,Healthcare,Small,Paid Search,North America
C02996,Vertex Analytics,2025-04-09,USA,Manufacturing,Medium,Organic Search,North America
C02997,Summit Solutions,2025-06-14,India,Technology,Medium,Email Marketing,APAC
C02998,Summit Works,2024-11-27,USA,Retail,Medium,Paid Search,North America
C02999,Summit Software,2024-12-31,UK,Retail,Medium,Sales,Europe
C03000,Blue Works,2025-01-30,UK,Professional Services,Medium,Paid Search,Europe
C03001,Vertex Software,2024-06-24,USA,Marketing,Medium,Paid Search,North America
C03002,Bright Networks,2025-03-16,Other,Professional Services,Small,Organic Search,Other
C03003,Prime Solutions,2025-03-14,Germany,Retail,Small,Paid Search,Europe
C03004,Apex Analytics,2024-02-05,India,Manufacturing,Large,Sales,APAC
C03005,Prime Technologies,2025-09-10,India,Manufacturing,Medium,Organic Search,APAC
C03006,Prime Solutions,2024-09-19,Australia,Manufacturing,Small,Partner,APAC
C03007,Summit Solutions,2025-06-16,UK,Manufacturing,Medium,Referral,Europe
C03008,Cloud Networks,2024-12-15,India,Technology,Small,Referral,APAC
C03009,Digital Labs,2025-08-15,USA,Professional Services,Large,Sales,North America
C03010,Blue Labs,2024-05-13,USA,Professional Services,Small,Sales,North America
C03011,Blue Systems,2024-12-15,Singapore,Retail,Enterprise,Partner,APAC
C03012,Prime Systems,2024-12-21,USA,Healthcare,Small,Referral,North America
C03013,Digital Software,2025-05-09,India,Healthcare,Small,Sales,APAC
C03014,Digital Works,2024-05-07,USA,Professional Services,Small,Referral,North America
C03015,Apex Group,2025-04-25,USA,Healthcare,Small,Sales,North America
C03016,Cloud Solutions,2025-03-26,Germany,Professional Services,Enterprise,Sales,Europe
C03017,Next Analytics,2024-05-03,India,Technology,Small,Email Marketing,APAC
C03018,Apex Solutions,2024-04-12,Canada,Finance,Large,Organic Search,North America
C03019,Nova Technologies,2025-01-23,USA,Finance,Large,Sales,North America
C03020,Bright Software,2024-02-21,Canada,Retail,Enterprise,Organic Search,North America
C03021,Vertex Works,2025-01-23,India,Finance,Small,Referral,APAC
C03022,Cloud Networks,2025-05-19,Singapore,Technology,Small,Organic Search,APAC
C03023,Apex Group,2024-10-06,USA,Other,Medium,Organic Search,North America
C03024,Cloud Technologies,2025-11-17,USA,Marketing,Medium,Partner,North America
C03025,Cloud Labs,2024-10-04,USA,Marketing,Small,Partner,North America
C03026,Core Analytics,2024-11-10,USA,Manufacturing,Medium,Email Marketing,North America
C03027,Prime Services,2024-06-03,Australia,Manufacturing,Large,Paid Social,APAC
C03028,Next Labs,2024-04-14,USA,Technology,Small,Sales,North America
C03029,Cloud Systems,2024-11-27,Other,Healthcare,Medium,Partner,Other
C03030,Nova Networks,2025-08-28,USA,Finance,Medium,Sales,North America
C03031,Vertex Software,2025-10-11,USA,Technology,Small,Sales,North America
C03032,Blue Works,2025-01-29,USA,Technology,Large,Referral,North America
C03033,Bright Services,2025-03-23,USA,Finance,Small,Paid Search,North America
C03034,Apex Services,2025-01-19,USA,Healthcare,Large,Referral,North America
C03035,Prime Services,2025-06-21,USA,Technology,Medium,Paid Search,North America
C03036,Fusion Analytics,2025-10-13,UK,Retail,Medium,Organic Search,Europe
C03037,Cloud Technologies,2024-09-12,Australia,Technology,Small,Paid Search,APAC
C03038,Next Analytics,2024-03-01,Australia,Education,Enterprise,Referral,APAC
C03039,Prime Solutions,2024-02-02,USA,Education,Medium,Organic Search,North America
C03040,Nova Group,2024-02-03,Other,Finance,Small,Paid Search,Other
C03041,Cloud Analytics,2024-12-26,Canada,Technology,Small,Partner,North America
C03042,Prime Systems,2024-07-29,UK,Healthcare,Small,Partner,Europe
C03043,Nova Software,2025-08-11,Singapore,Technology,Enterprise,Paid Search,APAC
C03044,Nova Works,2024-08-02,Singapore,Healthcare,Small,Partner,APAC
C03045,Apex Networks,2024-06-30,Other,Technology,Small,Paid Social,Other
C03046,Digital Software,2025-01-09,UK,Healthcare,Medium,Paid Social,Europe
C03047,Cloud Services,2024-11-13,India,Healthcare,Medium,Email Marketing,APAC
C03048,Summit Networks,2024-10-08,India,Manufacturing,Medium,Paid Social,APAC
C03049,Fusion Solutions,2025-05-24,UK,Other,Medium,Referral,Europe
C03050,Digital Software,2024-02-27,Australia,Finance,Enterprise,Paid Social,APAC
C03051,Cloud Software,2024-08-06,Canada,Finance,Small,Referral,North America
C03052,Digital Technologies,2025-11-20,USA,Education,Small,Email Marketing,North America
C03053,Nova Solutions,2024-08-28,Australia,Professional Services,Large,Organic Search,APAC
C03054,Prime Services,2024-08-25,USA,Healthcare,Small,Paid Social,North America
C03055,Bright Analytics,2024-10-18,UK,Education,Small,Organic Search,Europe
C03056,Summit Analytics,2024-11-30,Singapore,Professional Services,Small,Sales,APAC
C03057,Blue Analytics,2025-08-24,India,Manufacturing,Medium,Organic Search,APAC
C03058,Blue Systems,2024-09-10,India,Technology,Small,Organic Search,APAC
C03059,Bright Analytics,2024-09-15,Australia,Technology,Medium,Paid Search,APAC
C03060,Digital Software,2024-09-04,Canada,Retail,Small,Sales,North America
C03061,Summit Software,2025-11-29,USA,Healthcare,Medium,Organic Search,North America
C03062,Blue Software,2024-01-23,India,Technology,Large,Paid Social,APAC
C03063,Next Labs,2024-10-20,USA,Retail,Small,Sales,North America
C03064,Next Systems,2024-04-15,Australia,Technology,Large,Organic Search,APAC
C03065,Cloud Networks,2025-09-12,USA,Technology,Large,Organic Search,North America
C03066,Core Technologies,2025-06-18,USA,Other,Small,Referral,North America
C03067,Fusion Solutions,2025-09-26,USA,Marketing,Medium,Email Marketing,North America
C03068,Core Systems,2024-05-04,India,Finance,Small,Referral,APAC
C03069,Digital Labs,2024-04-04,USA,Healthcare,Medium,Referral,North America
C03070,Blue Labs,2024-02-11,Australia,Other,Small,Sales,APAC
C03071,Blue Technologies,2025-03-05,Other,Other,Enterprise,Organic Search,Other
C03072,Fusion Software,2025-05-08,India,Other,Medium,Organic Search,APAC
C03073,Next Group,2025-02-14,USA,Technology,Medium,Paid Social,North America
C03074,Prime Software,2024-08-07,USA,Technology,Small,Paid Search,North America
C03075,Fusion Software,2024-03-20,India,Retail,Medium,Paid Search,APAC
C03076,Nova Networks,2024-08-24,Canada,Education,Small,Email Marketing,North America
C03077,Summit Labs,2025-07-26,UK,Technology,Large,Partner,Europe
C03078,Vertex Systems,2024-07-23,USA,Marketing,Small,Paid Search,North America
C03079,Bright Services,2025-03-31,UK,Technology,Medium,Email Marketing,Europe
C03080,Bright Software,2024-11-11,India,Retail,Enterprise,Paid Search,APAC
C03081,Nova Works,2024-01-28,India,Healthcare,Medium,Paid Search,APAC
C03082,Prime Technologies,2024-03-30,USA,Technology,Medium,Sales,North America
C03083,Fusion Software,2025-02-16,Other,Manufacturing,Medium,Email Marketing,Other
C03084,Core Services,2025-04-11,USA,Education,Small,Referral,North America
C03085,Nova Labs,2024-01-19,India,Education,Small,Paid Search,APAC
C03086,Fusion Systems,2024-02-28,Canada,Finance,Small,Organic Search,North America
C03087,Summit Technologies,2025-10-16,Canada,Retail,Medium,Paid Social,North America
C03088,Apex Group,2024-08-27,UK,Technology,Small,Referral,Europe
C03089,Vertex Systems,2025-06-06,UK,Technology,Large,Partner,Europe
C03090,Summit Group,2024-10-06,USA,Manufacturing,Medium,Sales,North America
C03091,Next Software,2024-09-09,Canada,Healthcare,Medium,Paid Social,North America
C03092,Next Group,2024-04-16,Singapore,Healthcare,Small,Referral,APAC
C03093,Blue Software,2024-08-06,Australia,Finance,Small,Referral,APAC
C03094,Core Solutions,2025-06-09,India,Retail,Medium,Email Marketing,APAC
C03095,Vertex Group,2024-07-23,India,Technology,Small,Paid Search,APAC
C03096,Bright Analytics,2024-06-03,Other,Other,Small,Email Marketing,Other
C03097,Next Group,2024-10-11,India,Manufacturing,Medium,Paid Search,APAC
C03098,Apex Systems,2024-04-14,USA,Retail,Enterprise,Partner,North America
C03099,Nova Labs,2024-02-03,India,Finance,Small,Partner,APAC
C03100,Summit Systems,2025-03-17,Germany,Marketing,Small,Email Marketing,Europe
C03101,Next Networks,2025-05-06,Germany,Professional Services,Medium,Organic Search,Europe
C03102,Digital Works,2024-03-31,UK,Other,Enterprise,Sales,Europe
C03103,Fusion Group,2025-04-21,UK,Manufacturing,Small,Paid Search,Europe
C03104,Apex Systems,2024-02-27,India,Manufacturing,Small,Organic Search,APAC
C03105,Vertex Labs,2025-05-25,Other,Technology,Small,Sales,Other
C03106,Digital Group,2024-08-15,Australia,Education,Medium,Paid Social,APAC
C03107,Blue Labs,2024-05-26,USA,Healthcare,Small,Email Marketing,North America
C03108,Cloud Analytics,2024-08-27,USA,Retail,Large,Organic Search,North America
C03109,Bright Services,2024-02-29,USA,Healthcare,Large,Sales,North America
C03110,Summit Labs,2025-10-31,Australia,Manufacturing,Enterprise,Organic Search,APAC
C03111,Cloud Software,2025-08-09,Germany,Retail,Medium,Paid Search,Europe
C03112,Nova Services,2025-02-21,USA,Professional Services,Medium,Paid Search,North America
C03113,Fusion Analytics,2024-11-29,USA,Healthcare,Medium,Email Marketing,North America
C03114,Next Group,2024-05-12,USA,Other,Enterprise,Email Marketing,North America
C03115,Fusion Works,2025-05-08,India,Technology,Small,Email Marketing,APAC
C03116,Next Systems,2025-02-18,India,Finance,Small,Paid Search,APAC
C03117,Cloud Solutions,2025-08-05,India,Manufacturing,Small,Organic Search,APAC
C03118,Next Technologies,2024-12-30,USA,Education,Enterprise,Paid Search,North America
C03119,Vertex Labs,2024-11-07,UK,Education,Enterprise,Organic Search,Europe
C03120,Blue Software,2024-12-06,Australia,Retail,Small,Email Marketing,APAC
C03121,Nova Analytics,2024-06-10,USA,Manufacturing,Medium,Referral,North America
C03122,Digital Solutions,2024-08-06,Other,Technology,Medium,Paid Search,Other
C03123,Nova Services,2024-07-05,USA,Professional Services,Medium,Paid Social,North America
C03124,Summit Systems,2024-12-22,Australia,Technology,Medium,Referral,APAC
C03125,Nova Labs,2025-02-05,Germany,Marketing,Small,Paid Social,Europe
C03126,Next Analytics,2025-04-11,Germany,Marketing,Large,Sales,Europe
C03127,Summit Networks,2025-09-13,Australia,Professional Services,Small,Paid Search,APAC
C03128,Cloud Analytics,2024-02-27,UK,Professional Services,Medium,Paid Search,Europe
C03129,Core Systems,2025-03-26,India,Manufacturing,Small,Organic Search,APAC
C03130,Cloud Technologies,2024-11-17,Singapore,Marketing,Large,Email Marketing,APAC
C03131,Apex Labs,2025-08-01,Germany,Technology,Medium,Paid Social,Europe
C03132,Cloud Networks,2024-02-23,USA,Healthcare,Medium,Email Marketing,North America
C03133,Digital Services,2025-07-22,India,Technology,Medium,Sales,APAC
C03134,Summit Systems,2024-03-12,USA,Retail,Small,Paid Social,North America
C03135,Cloud Solutions,2024-11-10,USA,Retail,Small,Referral,North America
C03136,Prime Software,2025-02-24,Canada,Finance,Enterprise,Sales,North America
C03137,Apex Labs,2024-02-09,Australia,Professional Services,Medium,Sales,APAC
C03138,Cloud Technologies,2025-05-11,Singapore,Retail,Small,Referral,APAC
C03139,Next Technologies,2024-11-14,USA,Retail,Small,Organic Search,North America
C03140,Nova Systems,2025-05-01,Other,Professional Services,Small,Referral,Other
C03141,Digital Analytics,2024-08-11,USA,Technology,Small,Referral,North America
C03142,Nova Analytics,2024-11-14,India,Finance,Large,Referral,APAC
C03143,Vertex Networks,2024-04-10,Singapore,Marketing,Small,Referral,APAC
C03144,Next Software,2025-10-13,India,Healthcare,Small,Sales,APAC
C03145,Summit Services,2025-03-25,India,Retail,Enterprise,Referral,APAC
C03146,Prime Services,2025-02-09,Germany,Technology,Small,Referral,Europe
C03147,Digital Works,2024-08-01,USA,Professional Services,Small,Organic Search,North America
C03148,Vertex Technologies,2025-08-11,USA,Marketing,Medium,Partner,North America
C03149,Summit Solutions,2025-01-15,UK,Professional Services,Small,Organic Search,Europe
C03150,Core Analytics,2024-08-16,USA,Marketing,Medium,Organic Search,North America
C03151,Core Networks,2025-09-12,USA,Technology,Small,Paid Search,North America
C03152,Digital Solutions,2025-01-21,USA,Marketing,Small,Email Marketing,North America
C03153,Nova Software,2025-04-30,USA,Professional Services,Small,Paid Search,North America
C03154,Nova Software,2025-06-21,Germany,Finance,Small,Organic Search,Europe
C03155,Nova Systems,2024-06-18,Other,Manufacturing,Small,Partner,Other
C03156,Apex Networks,2025-02-07,UK,Retail,Small,Organic Search,Europe
C03157,Core Analytics,2024-12-09,USA,Technology,Small,Sales,North America
C03158,Next Solutions,2024-09-28,Singapore,Finance,Medium,Partner,APAC
C03159,Apex Works,2025-05-08,UK,Finance,Small,Sales,Europe
C03160,Next Analytics,2024-07-12,USA,Healthcare,Medium,Email Marketing,North America
C03161,Vertex Solutions,2025-11-02,Other,Healthcare,Large,Paid Search,Other
C03162,Next Labs,2024-07-02,USA,Finance,Large,Paid Search,North America
C03163,Cloud Analytics,2025-05-28,Singapore,Healthcare,Small,Organic Search,APAC
C03164,Next Works,2025-08-04,USA,Manufacturing,Small,Paid Search,North America
C03165,Summit Solutions,2025-01-14,Other,Finance,Medium,Referral,Other
C03166,Nova Labs,2025-03-02,India,Healthcare,Medium,Organic Search,APAC
C03167,Summit Software,2025-08-25,USA,Retail,Large,Paid Social,North America
C03168,Nova Labs,2024-01-19,UK,Marketing,Small,Sales,Europe
C03169,Digital Group,2025-01-29,USA,Finance,Medium,Organic Search,North America
C03170,Digital Software,2024-10-05,India,Manufacturing,Large,Paid Social,APAC
C03171,Digital Group,2024-01-26,India,Education,Medium,Paid Social,APAC
C03172,Bright Group,2024-09-10,Germany,Manufacturing,Medium,Referral,Europe
C03173,Digital Labs,2025-10-10,USA,Technology,Small,Organic Search,North America
C03174,Bright Solutions,2024-01-01,UK,Marketing,Small,Paid Social,Europe
C03175,Blue Services,2025-11-01,UK,Other,Large,Organic Search,Europe
C03176,Summit Technologies,2024-12-16,Canada,Retail,Medium,Referral,North America
C03177,Vertex Technologies,2024-01-14,UK,Retail,Medium,Paid Social,Europe
C03178,Bright Technologies,2025-03-16,India,Healthcare,Small,Referral,APAC
C03179,Summit Software,2024-04-09,USA,Healthcare,Small,Organic Search,North America
C03180,Prime Group,2024-01-23,UK,Healthcare,Medium,Paid Search,Europe
C03181,Digital Software,2024-11-04,Canada,Technology,Small,Partner,North America
C03182,Prime Works,2024-04-16,Canada,Technology,Small,Referral,North America
C03183,Digital Works,2024-11-06,India,Education,Small,Organic Search,APAC
C03184,Apex Solutions,2024-10-13,Singapore,Professional Services,Large,Partner,APAC
C03185,Blue Services,2024-10-15,Other,Healthcare,Small,Organic Search,Other
C03186,Blue Networks,2024-12-31,India,Retail,Small,Paid Search,APAC
C03187,Bright Software,2024-07-12,Other,Marketing,Small,Paid Search,Other
C03188,Fusion Software,2025-05-18,USA,Technology,Large,Paid Search,North America
C03189,Core Networks,2025-02-16,USA,Manufacturing,Small,Referral,North America
C03190,Cloud Group,2025-04-27,USA,Education,Small,Organic Search,North America
C03191,Cloud Networks,2024-03-21,UK,Marketing,Medium,Partner,Europe
C03192,Prime Works,2025-06-07,India,Technology,Medium,Sales,APAC
C03193,Cloud Labs,2025-02-22,UK,Technology,Small,Organic Search,Europe
C03194,Apex Works,2024-06-19,USA,Finance,Small,Sales,North America
C03195,Blue Networks,2024-04-09,Other,Technology,Medium,Paid Social,Other
C03196,Next Works,2025-05-18,USA,Professional Services,Large,Paid Search,North America
C03197,Vertex Technologies,2024-09-13,India,Marketing,Medium,Paid Social,APAC
C03198,Vertex Works,2024-02-22,USA,Finance,Small,Sales,North America
C03199,Next Software,2025-10-15,USA,Finance,Small,Organic Search,North America
C03200,Core Technologies,2024-09-15,USA,Finance,Medium,Organic Search,North America
C03201,Summit Software,2024-08-25,Other,Healthcare,Medium,Referral,Other
C03202,Next Networks,2024-03-31,USA,Manufacturing,Small,Sales,North America
C03203,Prime Networks,2024-12-27,Canada,Marketing,Small,Email Marketing,North America
C03204,Summit Services,2024-05-15,India,Finance,Medium,Referral,APAC
C03205,Prime Group,2025-01-02,India,Retail,Small,Organic Search,APAC
C03206,Apex Group,2025-05-12,Other,Professional Services,Small,Organic Search,Other
C03207,Summit Solutions,2024-08-30,India,Other,Medium,Referral,APAC
C03208,Digital Services,2025-06-08,UK,Technology,Large,Sales,Europe
C03209,Bright Labs,2024-10-21,USA,Education,Large,Paid Search,North America
C03210,Nova Software,2024-05-10,USA,Professional Services,Large,Email Marketing,North America
C03211,Prime Services,2024-01-12,Germany,Professional Services,Medium,Organic Search,Europe
C03212,Core Technologies,2025-07-16,USA,Manufacturing,Small,Organic Search,North America
C03213,Prime Analytics,2025-03-27,USA,Healthcare,Medium,Partner,North America
C03214,Core Works,2024-04-28,Other,Retail,Large,Email Marketing,Other
C03215,Bright Networks,2025-04-10,USA,Manufacturing,Large,Referral,North America
C03216,Prime Systems,2025-07-13,USA,Finance,Enterprise,Sales,North America
C03217,Summit Solutions,2025-01-11,USA,Technology,Medium,Paid Social,North America
C03218,Apex Analytics,2025-04-25,USA,Education,Medium,Referral,North America
C03219,Bright Systems,2025-06-06,India,Finance,Small,Referral,APAC
C03220,Prime Technologies,2024-03-23,UK,Retail,Small,Email Marketing,Europe
C03221,Fusion Systems,2025-03-26,India,Manufacturing,Medium,Sales,APAC
C03222,Nova Services,2025-08-10,USA,Finance,Medium,Paid Search,North America
C03223,Cloud Systems,2024-11-29,India,Professional Services,Small,Email Marketing,APAC
C03224,Core Group,2024-02-20,Germany,Technology,Small,Organic Search,Europe
C03225,Core Software,2024-09-14,USA,Retail,Medium,Paid Social,North America
C03226,Nova Solutions,2024-05-24,UK,Education,Medium,Organic Search,Europe
C03227,Next Group,2025-01-18,USA,Retail,Small,Sales,North America
C03228,Cloud Technologies,2024-02-03,USA,Marketing,Medium,Email Marketing,North America
C03229,Apex Analytics,2025-02-18,India,Healthcare,Small,Organic Search,APAC
C03230,Apex Technologies,2024-08-18,India,Retail,Medium,Organic Search,APAC
C03231,Bright Technologies,2024-03-02,USA,Marketing,Small,Organic Search,North America
C03232,Apex Services,2025-03-05,India,Manufacturing,Small,Paid Search,APAC
C03233,Core Labs,2025-04-03,Singapore,Technology,Medium,Referral,APAC
C03234,Next Works,2025-08-18,UK,Marketing,Large,Email Marketing,Europe
C03235,Next Works,2025-06-11,UK,Professional Services,Medium,Sales,Europe
C03236,Nova Group,2024-08-19,UK,Healthcare,Medium,Paid Search,Europe
C03237,Vertex Services,2025-02-06,USA,Professional Services,Small,Organic Search,North America
C03238,Next Technologies,2025-05-08,India,Retail,Medium,Organic Search,APAC
C03239,Digital Networks,2025-06-09,USA,Retail,Small,Referral,North America
C03240,Cloud Solutions,2025-08-18,India,Education,Medium,Paid Search,APAC
C03241,Vertex Networks,2025-07-22,Germany,Technology,Medium,Referral,Europe
C03242,Apex Technologies,2024-08-20,UK,Technology,Large,Sales,Europe
C03243,Vertex Systems,2024-10-09,USA,Technology,Medium,Email Marketing,North America
C03244,Apex Networks,2024-09-27,USA,Professional Services,Large,Paid Social,North America
C03245,Core Labs,2025-11-22,USA,Marketing,Small,Referral,North America
C03246,Blue Networks,2024-11-06,Other,Other,Large,Organic Search,Other
C03247,Summit Software,2025-04-25,Singapore,Finance,Enterprise,Email Marketing,APAC
C03248,Vertex Technologies,2024-07-15,Australia,Technology,Medium,Referral,APAC
C03249,Next Solutions,2024-09-03,USA,Finance,Large,Organic Search,North America
C03250,Core Technologies,2025-03-05,Germany,Technology,Enterprise,Paid Search,Europe
C03251,Cloud Works,2024-07-08,USA,Education,Large,Referral,North America
C03252,Fusion Software,2025-07-25,UK,Healthcare,Medium,Organic Search,Europe
C03253,Summit Solutions,2024-08-01,USA,Technology,Small,Paid Search,North America
C03254,Digital Works,2025-10-03,USA,Retail,Small,Email Marketing,North America
C03255,Fusion Analytics,2024-05-14,Singapore,Healthcare,Large,Paid Search,APAC
C03256,Blue Analytics,2025-11-15,Canada,Finance,Small,Paid Social,North America
C03257,Core Solutions,2025-03-30,Australia,Finance,Small,Partner,APAC
C03258,Apex Labs,2025-05-10,India,Marketing,Medium,Paid Social,APAC
C03259,Summit Networks,2024-03-23,USA,Retail,Small,Organic Search,North America
C03260,Vertex Works,2025-11-14,Australia,Retail,Small,Referral,APAC
C03261,Vertex Analytics,2025-03-19,USA,Marketing,Small,Sales,North America
C03262,Blue Labs,2025-10-13,USA,Manufacturing,Small,Paid Search,North America
C03263,Vertex Group,2025-02-10,Germany,Healthcare,Small,Partner,Europe
C03264,Bright Software,2025-07-21,Germany,Retail,Small,Partner,Europe
C03265,Bright Works,2025-06-19,India,Technology,Small,Paid Social,APAC
C03266,Apex Systems,2025-01-26,Singapore,Retail,Small,Referral,APAC
C03267,Nova Networks,2025-01-10,UK,Technology,Large,Referral,Europe
C03268,Apex Solutions,2024-01-06,India,Marketing,Small,Organic Search,APAC
C03269,Fusion Networks,2025-05-04,USA,Retail,Medium,Referral,North America
C03270,Blue Networks,2025-04-28,USA,Retail,Small,Sales,North America
C03271,Apex Services,2024-06-25,Australia,Professional Services,Medium,Partner,APAC
C03272,Next Technologies,2025-10-22,India,Manufacturing,Medium,Sales,APAC
C03273,Digital Works,2025-06-19,USA,Technology,Medium,Paid Social,North America
C03274,Next Networks,2024-12-15,UK,Technology,Medium,Partner,Europe
C03275,Digital Solutions,2025-05-01,Singapore,Professional Services,Small,Paid Social,APAC
C03276,Cloud Group,2025-09-18,India,Marketing,Medium,Paid Search,APAC
C03277,Core Systems,2024-03-27,India,Finance,Medium,Paid Social,APAC
C03278,Prime Technologies,2024-09-21,USA,Retail,Small,Sales,North America
C03279,Digital Software,2024-10-27,India,Technology,Small,Sales,APAC
C03280,Next Software,2024-05-16,USA,Marketing,Large,Organic Search,North America
C03281,Fusion Systems,2025-11-20,India,Technology,Large,Paid Social,APAC
C03282,Blue Software,2024-02-22,USA,Education,Large,Sales,North America
C03283,Blue Technologies,2025-08-25,UK,Healthcare,Small,Paid Social,Europe
C03284,Bright Systems,2024-05-16,Other,Technology,Medium,Email Marketing,Other
C03285,Blue Networks,2024-08-17,India,Technology,Small,Partner,APAC
C03286,Nova Group,2024-09-30,India,Finance,Medium,Organic Search,APAC
C03287,Fusion Software,2024-06-10,Other,Healthcare,Small,Organic Search,Other
C03288,Bright Systems,2024-06-15,UK,Marketing,Small,Paid Search,Europe
C03289,Vertex Solutions,2024-07-30,USA,Marketing,Large,Organic Search,North America
C03290,Next Analytics,2024-11-20,India,Professional Services,Small,Email Marketing,APAC
C03291,Prime Software,2024-04-03,India,Marketing,Medium,Partner,APAC
C03292,Prime Analytics,2025-04-14,UK,Retail,Medium,Paid Search,Europe
C03293,Nova Networks,2024-10-28,India,Healthcare,Small,Paid Social,APAC
C03294,Nova Services,2024-04-13,UK,Healthcare,Medium,Sales,Europe
C03295,Digital Technologies,2025-03-31,Germany,Education,Medium,Paid Search,Europe
C03296,Core Technologies,2025-01-05,USA,Technology,Small,Paid Search,North America
C03297,Nova Labs,2025-07-01,USA,Retail,Small,Sales,North America
C03298,Fusion Works,2024-04-07,Other,Education,Medium,Referral,Other
C03299,Next Technologies,2025-04-17,India,Retail,Large,Referral,APAC
C03300,Blue Labs,2024-12-03,India,Technology,Enterprise,Organic Search,APAC
C03301,Cloud Analytics,2025-05-10,UK,Education,Small,Sales,Europe
C03302,Fusion Networks,2024-09-16,India,Manufacturing,Medium,Referral,APAC
C03303,Bright Works,2024-11-20,Australia,Healthcare,Small,Paid Search,APAC
C03304,Core Services,2025-01-02,Other,Technology,Small,Referral,Other
C03305,Vertex Networks,2025-07-19,USA,Education,Medium,Sales,North America
C03306,Nova Technologies,2025-06-07,USA,Technology,Enterprise,Organic Search,North America
C03307,Digital Networks,2025-02-10,USA,Retail,Small,Organic Search,North America
C03308,Apex Solutions,2025-09-29,UK,Healthcare,Small,Sales,Europe
C03309,Summit Analytics,2024-10-25,UK,Technology,Enterprise,Paid Social,Europe
C03310,Blue Technologies,2024-02-24,Other,Marketing,Medium,Organic Search,Other
C03311,Digital Analytics,2025-07-01,USA,Healthcare,Medium,Organic Search,North America
C03312,Cloud Labs,2024-06-26,Canada,Marketing,Small,Paid Social,North America
C03313,Next Labs,2024-11-06,UK,Manufacturing,Small,Organic Search,Europe
C03314,Vertex Systems,2025-05-04,UK,Other,Small,Organic Search,Europe
C03315,Vertex Analytics,2024-02-26,USA,Technology,Small,Organic Search,North America
C03316,Core Systems,2024-01-10,USA,Marketing,Small,Paid Search,North America
C03317,Summit Services,2025-05-30,Canada,Technology,Small,Referral,North America
C03318,Prime Technologies,2025-02-23,India,Healthcare,Medium,Email Marketing,APAC
C03319,Cloud Labs,2024-01-09,USA,Healthcare,Large,Paid Search,North America
C03320,Fusion Services,2024-01-11,India,Finance,Large,Paid Social,APAC
C03321,Vertex Analytics,2025-01-02,USA,Healthcare,Medium,Email Marketing,North America
C03322,Prime Analytics,2025-01-03,USA,Other,Medium,Paid Search,North America
C03323,Bright Technologies,2025-01-02,USA,Healthcare,Small,Partner,North America
C03324,Vertex Works,2024-12-07,Singapore,Education,Small,Organic Search,APAC
C03325,Apex Systems,2024-07-04,India,Finance,Medium,Sales,APAC
C03326,Core Services,2024-12-11,India,Technology,Large,Email Marketing,APAC
C03327,Apex Services,2025-07-10,USA,Healthcare,Medium,Partner,North America
C03328,Bright Services,2024-04-01,Germany,Technology,Small,Paid Search,Europe
C03329,Bright Solutions,2024-03-28,USA,Manufacturing,Small,Paid Search,North America
C03330,Apex Solutions,2024-04-19,UK,Education,Small,Organic Search,Europe
C03331,Apex Services,2024-02-06,USA,Finance,Small,Organic Search,North America
C03332,Summit Software,2024-06-04,USA,Technology,Small,Paid Social,North America
C03333,Cloud Systems,2025-07-30,India,Education,Small,Sales,APAC
C03334,Core Networks,2024-12-27,UK,Education,Small,Paid Search,Europe
C03335,Core Works,2025-08-05,USA,Finance,Medium,Referral,North America
C03336,Vertex Analytics,2024-12-29,UK,Manufacturing,Medium,Organic Search,Europe
C03337,Vertex Group,2024-06-28,Germany,Other,Medium,Paid Search,Europe
C03338,Nova Works,2024-09-10,Other,Education,Large,Paid Search,Other
C03339,Bright Services,2024-03-02,USA,Healthcare,Enterprise,Organic Search,North America
C03340,Next Analytics,2025-11-05,UK,Retail,Small,Paid Social,Europe
C03341,Vertex Solutions,2024-02-23,USA,Healthcare,Large,Paid Social,North America
C03342,Nova Networks,2024-04-15,USA,Technology,Large,Partner,North America
C03343,Bright Systems,2025-07-25,Australia,Finance,Small,Email Marketing,APAC
C03344,Bright Works,2025-01-02,India,Healthcare,Small,Paid Search,APAC
C03345,Summit Networks,2025-09-12,Australia,Other,Medium,Email Marketing,APAC
C03346,Cloud Works,2024-03-13,India,Marketing,Medium,Paid Search,APAC
C03347,Apex Services,2024-01-18,USA,Finance,Large,Sales,North America
C03348,Nova Group,2025-04-14,Germany,Healthcare,Small,Paid Search,Europe
C03349,Summit Networks,2024-10-19,Other,Manufacturing,Medium,Organic Search,Other
C03350,Digital Software,2025-08-12,India,Other,Small,Paid Social,APAC
C03351,Nova Works,2024-09-27,Canada,Marketing,Large,Organic Search,North America
C03352,Summit Group,2024-04-14,Australia,Technology,Medium,Partner,APAC
C03353,Apex Systems,2025-04-07,USA,Professional Services,Medium,Paid Search,North America
C03354,Nova Software,2024-04-11,Other,Healthcare,Medium,Referral,Other
C03355,Cloud Systems,2025-02-03,USA,Professional Services,Large,Organic Search,North America
C03356,Vertex Analytics,2024-03-22,India,Manufacturing,Medium,Referral,APAC
C03357,Prime Networks,2025-03-13,Germany,Professional Services,Small,Partner,Europe
C03358,Vertex Group,2024-08-07,USA,Manufacturing,Medium,Referral,North America
C03359,Fusion Solutions,2025-11-20,Australia,Retail,Large,Organic Search,APAC
C03360,Blue Works,2024-06-27,Canada,Retail,Small,Paid Search,North America
C03361,Vertex Group,2025-05-16,India,Education,Small,Sales,APAC
C03362,Cloud Systems,2025-11-20,Other,Marketing,Large,Organic Search,Other
C03363,Vertex Analytics,2025-03-24,India,Education,Small,Email Marketing,APAC
C03364,Next Systems,2024-11-22,India,Marketing,Medium,Paid Search,APAC
C03365,Cloud Solutions,2024-12-17,Other,Technology,Small,Sales,Other
C03366,Blue Analytics,2024-05-16,India,Education,Medium,Organic Search,APAC
C03367,Apex Analytics,2025-07-02,Other,Retail,Large,Paid Search,Other
C03368,Blue Systems,2024-03-20,India,Marketing,Small,Paid Search,APAC
C03369,Digital Systems,2025-08-07,Singapore,Healthcare,Small,Organic Search,APAC
C03370,Core Software,2024-03-11,USA,Retail,Large,Organic Search,North America
C03371,Apex Analytics,2025-11-02,USA,Technology,Small,Partner,North America
C03372,Digital Networks,2025-03-30,UK,Technology,Medium,Paid Social,Europe
C03373,Vertex Technologies,2024-07-17,Australia,Finance,Small,Paid Social,APAC
C03374,Core Systems,2024-12-22,Other,Professional Services,Small,Paid Search,Other
C03375,Next Services,2025-11-04,India,Healthcare,Small,Referral,APAC
C03376,Digital Labs,2025-03-09,India,Manufacturing,Large,Sales,APAC
C03377,Bright Solutions,2024-05-30,Other,Other,Medium,Email Marketing,Other
C03378,Cloud Networks,2025-05-28,Other,Technology,Small,Paid Search,Other
C03379,Cloud Labs,2025-09-19,Australia,Education,Medium,Email Marketing,APAC
C03380,Vertex Networks,2025-01-11,India,Technology,Small,Organic Search,APAC
C03381,Summit Analytics,2024-06-23,India,Marketing,Small,Partner,APAC
C03382,Fusion Group,2025-01-08,India,Other,Medium,Paid Search,APAC
C03383,Blue Services,2024-05-05,USA,Marketing,Small,Paid Search,North America
C03384,Bright Systems,2025-07-26,USA,Retail,Small,Organic Search,North America
C03385,Bright Technologies,2024-04-13,UK,Retail,Medium,Referral,Europe
C03386,Core Works,2024-04-01,USA,Healthcare,Small,Sales,North America
C03387,Fusion Works,2025-04-07,India,Professional Services,Medium,Partner,APAC
C03388,Blue Technologies,2024-12-22,USA,Marketing,Small,Paid Search,North America
C03389,Prime Labs,2025-08-22,Australia,Professional Services,Small,Paid Social,APAC
C03390,Bright Labs,2025-07-10,Canada,Technology,Large,Paid Search,North America
C03391,Blue Software,2024-10-03,USA,Manufacturing,Large,Paid Search,North America
C03392,Summit Solutions,2024-12-28,USA,Retail,Medium,Email Marketing,North America
C03393,Bright Labs,2025-02-23,USA,Technology,Medium,Organic Search,North America
C03394,Digital Group,2025-02-19,Canada,Finance,Enterprise,Email Marketing,North America
C03395,Bright Services,2024-10-24,USA,Manufacturing,Large,Organic Search,North America
C03396,Next Group,2024-06-23,USA,Education,Medium,Sales,North America
C03397,Vertex Systems,2024-07-30,Germany,Retail,Small,Paid Social,Europe
C03398,Apex Works,2024-06-01,UK,Education,Small,Paid Search,Europe
C03399,Bright Networks,2025-08-19,USA,Marketing,Small,Referral,North America
C03400,Core Networks,2025-01-07,USA,Education,Small,Paid Social,North America
C03401,Next Labs,2024-04-10,Other,Education,Small,Sales,Other
C03402,Blue Solutions,2025-01-30,India,Education,Medium,Organic Search,APAC
C03403,Vertex Technologies,2024-07-27,USA,Professional Services,Small,Paid Social,North America
C03404,Digital Works,2024-05-27,India,Marketing,Medium,Referral,APAC
C03405,Apex Systems,2025-09-10,UK,Finance,Small,Partner,Europe
C03406,Blue Group,2024-10-19,Other,Finance,Small,Paid Search,Other
C03407,Prime Networks,2024-11-22,India,Retail,Medium,Partner,APAC
C03408,Blue Group,2024-10-09,USA,Manufacturing,Small,Partner,North America
C03409,Core Technologies,2025-09-02,India,Education,Medium,Organic Search,APAC
C03410,Prime Labs,2025-10-05,USA,Technology,Medium,Organic Search,North America
C03411,Core Services,2025-08-31,UK,Education,Small,Partner,Europe
C03412,Vertex Solutions,2024-03-11,Other,Education,Medium,Organic Search,Other
C03413,Summit Works,2025-02-21,Canada,Other,Small,Organic Search,North America
C03414,Apex Technologies,2024-09-27,UK,Healthcare,Small,Paid Social,Europe
C03415,Digital Systems,2025-10-19,Australia,Technology,Small,Paid Search,APAC
C03416,Fusion Services,2025-05-28,Canada,Healthcare,Small,Organic Search,North America
C03417,Nova Analytics,2024-02-20,USA,Marketing,Medium,Paid Social,North America
C03418,Prime Software,2025-03-06,USA,Other,Medium,Referral,North America
C03419,Nova Labs,2024-09-26,Germany,Professional Services,Medium,Organic Search,Europe
C03420,Cloud Software,2024-08-17,India,Healthcare,Small,Organic Search,APAC
C03421,Vertex Technologies,2025-01-11,USA,Technology,Small,Referral,North America
C03422,Summit Technologies,2025-10-15,USA,Education,Enterprise,Sales,North America
C03423,Next Labs,2025-05-08,India,Retail,Large,Organic Search,APAC
C03424,Prime Analytics,2025-11-11,USA,Technology,Medium,Paid Search,North America
C03425,Core Technologies,2024-03-27,Australia,Marketing,Large,Paid Social,APAC
C03426,Apex Software,2024-03-18,USA,Manufacturing,Medium,Partner,North America
C03427,Digital Networks,2025-01-05,India,Marketing,Large,Organic Search,APAC
C03428,Fusion Software,2025-03-21,USA,Finance,Medium,Paid Social,North America
C03429,Core Technologies,2025-03-16,USA,Finance,Enterprise,Organic Search,North America
C03430,Core Solutions,2024-11-12,Germany,Healthcare,Medium,Organic Search,Europe
C03431,Prime Works,2024-03-17,USA,Professional Services,Medium,Paid Social,North America
C03432,Core Technologies,2025-04-13,USA,Finance,Large,Organic Search,North America
C03433,Next Networks,2024-12-04,Canada,Education,Large,Paid Search,North America
C03434,Cloud Services,2025-01-10,India,Technology,Small,Email Marketing,APAC
C03435,Next Solutions,2025-09-27,UK,Finance,Small,Partner,Europe
C03436,Core Systems,2024-12-08,USA,Retail,Small,Partner,North America
C03437,Summit Networks,2025-03-20,USA,Education,Small,Partner,North America
C03438,Nova Services,2024-09-07,UK,Education,Medium,Organic Search,Europe
C03439,Blue Systems,2025-01-08,USA,Technology,Small,Paid Search,North America
C03440,Summit Analytics,2025-05-18,Other,Marketing,Medium,Sales,Other
C03441,Apex Technologies,2024-11-27,USA,Retail,Large,Organic Search,North America
C03442,Vertex Works,2025-04-30,USA,Retail,Medium,Paid Search,North America
C03443,Fusion Networks,2024-06-12,Canada,Technology,Small,Referral,North America
C03444,Blue Networks,2024-06-20,USA,Professional Services,Medium,Referral,North America
C03445,Vertex Software,2025-08-24,USA,Other,Small,Referral,North America
C03446,Fusion Services,2024-10-24,Singapore,Education,Enterprise,Organic Search,APAC
C03447,Prime Works,2025-07-06,USA,Healthcare,Large,Paid Search,North America
C03448,Summit Group,2025-08-20,USA,Professional Services,Medium,Email Marketing,North America
C03449,Nova Solutions,2024-03-19,Australia,Finance,Large,Partner,APAC
C03450,Cloud Solutions,2025-07-10,India,Technology,Small,Organic Search,APAC
C03451,Summit Software,2024-01-07,Germany,Technology,Medium,Organic Search,Europe
C03452,Blue Works,2024-08-09,Other,Retail,Large,Referral,Other
C03453,Prime Analytics,2024-05-08,Germany,Professional Services,Large,Paid Search,Europe
C03454,Apex Systems,2025-05-11,Canada,Professional Services,Small,Paid Search,North America
C03455,Cloud Works,2025-04-01,USA,Finance,Medium,Organic Search,North America
C03456,Apex Software,2024-07-04,USA,Professional Services,Small,Organic Search,North America
C03457,Prime Software,2024-03-19,Germany,Education,Large,Sales,Europe
C03458,Apex Works,2025-07-08,Australia,Retail,Small,Paid Social,APAC
C03459,Nova Services,2024-06-06,Australia,Other,Small,Paid Search,APAC
C03460,Vertex Works,2025-08-28,Singapore,Professional Services,Small,Sales,APAC
C03461,Summit Works,2024-07-13,UK,Education,Medium,Partner,Europe
C03462,Fusion Technologies,2024-09-29,Germany,Retail,Small,Sales,Europe
C03463,Nova Solutions,2024-07-14,USA,Technology,Medium,Email Marketing,North America
C03464,Vertex Labs,2024-11-29,Other,Manufacturing,Small,Referral,Other
C03465,Vertex Networks,2025-07-30,USA,Finance,Medium,Email Marketing,North America
C03466,Prime Technologies,2025-10-22,UK,Other,Medium,Referral,Europe
C03467,Fusion Works,2024-02-13,Canada,Retail,Small,Sales,North America
C03468,Cloud Technologies,2024-12-22,Singapore,Retail,Small,Sales,APAC
C03469,Core Group,2025-01-16,India,Healthcare,Small,Partner,APAC
C03470,Apex Networks,2025-11-15,USA,Manufacturing,Small,Paid Search,North America
C03471,Blue Labs,2025-09-22,USA,Technology,Small,Sales,North America
C03472,Fusion Networks,2024-06-30,USA,Technology,Medium,Organic Search,North America
C03473,Fusion Works,2025-03-29,USA,Manufacturing,Small,Organic Search,North America
C03474,Digital Labs,2025-10-25,USA,Manufacturing,Medium,Organic Search,North America
C03475,Vertex Analytics,2025-09-10,Canada,Finance,Large,Organic Search,North America
C03476,Cloud Services,2024-10-23,Canada,Manufacturing,Medium,Referral,North America
C03477,Vertex Systems,2024-11-11,Germany,Professional Services,Enterprise,Email Marketing,Europe
C03478,Apex Analytics,2025-05-01,USA,Professional Services,Small,Paid Search,North America
C03479,Summit Technologies,2024-04-27,UK,Education,Small,Paid Social,Europe
C03480,Next Analytics,2024-10-01,India,Healthcare,Medium,Partner,APAC
C03481,Digital Group,2025-10-17,Other,Education,Small,Referral,Other
C03482,Digital Services,2024-11-02,UK,Education,Medium,Organic Search,Europe
C03483,Next Services,2025-02-09,UK,Education,Large,Sales,Europe
C03484,Apex Works,2025-04-30,Australia,Other,Large,Partner,APAC
C03485,Apex Software,2024-06-02,UK,Marketing,Medium,Paid Search,Europe
C03486,Digital Solutions,2025-02-10,Canada,Marketing,Small,Sales,North America
C03487,Core Services,2025-04-15,Singapore,Marketing,Small,Paid Social,APAC
C03488,Apex Services,2024-09-02,Germany,Finance,Medium,Organic Search,Europe
C03489,Bright Works,2024-02-04,USA,Education,Large,Referral,North America
C03490,Nova Systems,2024-10-06,UK,Education,Enterprise,Organic Search,Europe
C03491,Next Works,2024-05-21,USA,Other,Medium,Organic Search,North America
C03492,Core Technologies,2025-09-28,Other,Manufacturing,Small,Email Marketing,Other
C03493,Next Technologies,2024-01-22,Canada,Education,Small,Partner,North America
C03494,Blue Services,2025-02-06,Other,Professional Services,Small,Paid Search,Other
C03495,Apex Labs,2024-02-12,USA,Manufacturing,Large,Referral,North America
C03496,Cloud Labs,2024-04-08,Canada,Retail,Medium,Sales,North America
C03497,Next Services,2024-02-05,USA,Retail,Medium,Sales,North America
C03498,Apex Labs,2024-08-12,USA,Retail,Small,Email Marketing,North America
C03499,Vertex Analytics,2024-07-16,Germany,Retail,Small,Paid Search,Europe
C03500,Core Networks,2024-05-10,Australia,Technology,Small,Paid Search,APAC
C03501,Digital Analytics,2025-08-27,USA,Manufacturing,Medium,Organic Search,North America
C03502,Next Software,2024-12-06,Canada,Healthcare,Small,Paid Search,North America
C03503,Next Works,2025-05-29,India,Healthcare,Medium,Paid Social,APAC
C03504,Next Systems,2025-04-05,Canada,Education,Enterprise,Paid Search,North America
C03505,Cloud Group,2025-11-11,India,Other,Medium,Paid Search,APAC
C03506,Vertex Services,2024-05-18,USA,Professional Services,Medium,Paid Social,North America
C03507,Apex Systems,2024-03-19,India,Marketing,Large,Paid Search,APAC
C03508,Bright Services,2024-05-09,India,Technology,Small,Organic Search,APAC
C03509,Blue Labs,2025-09-18,India,Education,Small,Organic Search,APAC
C03510,Blue Software,2024-05-28,India,Other,Small,Paid Social,APAC
C03511,Fusion Group,2024-03-16,Other,Other,Medium,Paid Search,Other
C03512,Blue Services,2024-05-08,Other,Professional Services,Small,Organic Search,Other
C03513,Fusion Systems,2025-04-10,Australia,Retail,Medium,Paid Social,APAC
C03514,Vertex Software,2024-12-23,Other,Professional Services,Medium,Referral,Other
C03515,Cloud Solutions,2024-12-27,India,Education,Small,Paid Search,APAC
C03516,Cloud Solutions,2025-09-30,India,Technology,Large,Partner,APAC
C03517,Apex Works,2024-08-06,USA,Manufacturing,Medium,Paid Search,North America
C03518,Digital Systems,2024-06-10,Singapore,Technology,Large,Paid Search,APAC
C03519,Nova Analytics,2024-08-18,USA,Technology,Medium,Referral,North America
C03520,Digital Networks,2024-03-20,Other,Marketing,Small,Partner,Other
C03521,Cloud Systems,2024-08-24,USA,Retail,Medium,Referral,North America
C03522,Prime Software,2024-04-09,Canada,Marketing,Small,Paid Search,North America
C03523,Bright Works,2025-02-22,USA,Education,Medium,Sales,North America
C03524,Vertex Software,2024-04-02,Australia,Professional Services,Medium,Partner,APAC
C03525,Vertex Analytics,2024-05-19,USA,Finance,Small,Organic Search,North America
C03526,Blue Analytics,2025-08-15,Singapore,Healthcare,Medium,Paid Search,APAC
C03527,Nova Works,2024-02-13,UK,Marketing,Small,Sales,Europe
C03528,Vertex Group,2025-11-22,India,Healthcare,Small,Referral,APAC
C03529,Summit Systems,2024-09-15,India,Technology,Medium,Partner,APAC
C03530,Core Labs,2025-10-18,India,Finance,Large,Referral,APAC
C03531,Blue Solutions,2024-04-13,USA,Other,Small,Organic Search,North America
C03532,Blue Works,2024-04-26,USA,Other,Large,Referral,North America
C03533,Vertex Works,2024-12-27,Germany,Other,Small,Sales,Europe
C03534,Nova Services,2025-05-01,Germany,Healthcare,Medium,Referral,Europe
C03535,Prime Software,2025-10-17,USA,Manufacturing,Medium,Paid Search,North America
C03536,Summit Works,2025-11-02,USA,Finance,Small,Sales,North America
C03537,Cloud Labs,2025-01-16,USA,Manufacturing,Medium,Organic Search,North America
C03538,Core Labs,2025-06-14,USA,Marketing,Medium,Paid Search,North America
C03539,Prime Analytics,2025-07-26,Canada,Professional Services,Small,Paid Social,North America
C03540,Cloud Systems,2024-01-29,UK,Healthcare,Small,Organic Search,Europe
C03541,Next Labs,2024-09-29,Other,Finance,Medium,Referral,Other
C03542,Fusion Technologies,2024-07-23,India,Education,Medium,Paid Search,APAC
C03543,Vertex Systems,2024-12-07,Canada,Professional Services,Enterprise,Organic Search,North America
C03544,Vertex Labs,2024-11-17,UK,Manufacturing,Enterprise,Paid Social,Europe
C03545,Prime Networks,2024-07-03,USA,Technology,Medium,Organic Search,North America
C03546,Next Solutions,2025-01-31,USA,Education,Small,Paid Search,North America
C03547,Blue Labs,2025-05-01,Other,Finance,Medium,Paid Search,Other
C03548,Prime Software,2024-11-06,India,Healthcare,Medium,Referral,APAC
C03549,Blue Group,2024-05-27,USA,Manufacturing,Small,Referral,North America
C03550,Nova Works,2024-07-29,Australia,Technology,Medium,Partner,APAC
C03551,Summit Services,2025-07-28,India,Other,Medium,Paid Social,APAC
C03552,Fusion Labs,2024-05-10,UK,Technology,Small,Referral,Europe
C03553,Bright Software,2024-10-05,India,Other,Small,Partner,APAC
C03554,Apex Systems,2025-02-22,USA,Finance,Medium,Partner,North America
C03555,Fusion Labs,2025-06-21,Germany,Finance,Medium,Email Marketing,Europe
C03556,Digital Networks,2025-09-28,UK,Professional Services,Small,Partner,Europe
C03557,Vertex Services,2025-02-27,India,Education,Medium,Organic Search,APAC
C03558,Fusion Systems,2025-08-28,USA,Technology,Medium,Paid Social,North America
C03559,Summit Analytics,2025-04-06,India,Finance,Medium,Paid Search,APAC
C03560,Prime Services,2025-01-20,Other,Healthcare,Medium,Organic Search,Other
C03561,Prime Works,2025-05-08,UK,Marketing,Medium,Organic Search,Europe
C03562,Prime Networks,2025-08-12,Germany,Education,Enterprise,Organic Search,Europe
C03563,Cloud Works,2024-09-10,India,Technology,Small,Sales,APAC
C03564,Vertex Networks,2024-04-12,Other,Retail,Large,Paid Search,Other
C03565,Bright Software,2025-11-27,Australia,Manufacturing,Large,Organic Search,APAC
C03566,Fusion Works,2024-06-06,India,Technology,Medium,Referral,APAC
C03567,Nova Labs,2024-07-22,Other,Technology,Small,Sales,Other
C03568,Bright Services,2024-09-14,USA,Other,Large,Sales,North America
C03569,Vertex Systems,2024-05-08,Australia,Professional Services,Small,Organic Search,APAC
C03570,Prime Group,2025-10-04,India,Manufacturing,Small,Paid Search,APAC
C03571,Fusion Solutions,2024-03-07,USA,Manufacturing,Small,Organic Search,North America
C03572,Nova Group,2024-09-30,USA,Healthcare,Medium,Partner,North America
C03573,Blue Services,2025-10-06,Australia,Healthcare,Medium,Partner,APAC
C03574,Summit Networks,2025-10-21,Other,Healthcare,Medium,Referral,Other
C03575,Bright Networks,2024-10-17,Other,Education,Small,Organic Search,Other
C03576,Prime Analytics,2024-01-27,USA,Healthcare,Large,Referral,North America
C03577,Digital Technologies,2024-11-21,India,Retail,Small,Partner,APAC
C03578,Fusion Group,2025-04-02,USA,Marketing,Small,Partner,North America
C03579,Fusion Technologies,2024-12-10,Germany,Professional Services,Large,Paid Search,Europe
C03580,Fusion Services,2025-07-06,USA,Technology,Small,Paid Search,North America
C03581,Apex Solutions,2024-09-05,USA,Healthcare,Small,Paid Social,North America
C03582,Prime Software,2025-02-24,USA,Finance,Medium,Organic Search,North America
C03583,Prime Software,2024-05-07,India,Finance,Small,Organic Search,APAC
C03584,Fusion Works,2025-02-23,Other,Technology,Medium,Partner,Other
C03585,Core Group,2024-04-25,Canada,Technology,Medium,Paid Search,North America
C03586,Summit Works,2024-10-02,India,Technology,Small,Paid Search,APAC
C03587,Cloud Technologies,2025-03-06,USA,Technology,Small,Partner,North America
C03588,Vertex Systems,2025-01-28,USA,Marketing,Medium,Partner,North America
C03589,Apex Analytics,2024-09-25,USA,Marketing,Small,Referral,North America
C03590,Blue Group,2024-01-05,USA,Professional Services,Small,Organic Search,North America
C03591,Cloud Systems,2025-11-13,India,Manufacturing,Small,Partner,APAC
C03592,Digital Services,2025-07-28,USA,Marketing,Medium,Referral,North America
C03593,Apex Solutions,2024-06-17,USA,Other,Medium,Paid Search,North America
C03594,Nova Networks,2024-06-09,India,Manufacturing,Large,Sales,APAC
C03595,Core Networks,2025-08-11,India,Technology,Small,Sales,APAC
C03596,Blue Analytics,2025-03-07,USA,Professional Services,Medium,Organic Search,North America
C03597,Summit Networks,2025-09-18,USA,Healthcare,Small,Referral,North America
C03598,Blue Labs,2024-03-20,India,Education,Medium,Organic Search,APAC
C03599,Summit Technologies,2024-04-12,USA,Healthcare,Small,Sales,North America
C03600,Vertex Group,2024-07-09,USA,Retail,Medium,Referral,North America
C03601,Prime Services,2024-02-06,UK,Finance,Small,Sales,Europe
C03602,Next Systems,2024-07-25,India,Marketing,Medium,Paid Search,APAC
C03603,Blue Group,2024-09-29,UK,Technology,Small,Referral,Europe
C03604,Fusion Solutions,2025-09-01,UK,Retail,Small,Organic Search,Europe
C03605,Cloud Services,2025-06-17,USA,Manufacturing,Large,Organic Search,North America
C03606,Prime Technologies,2024-12-06,Canada,Technology,Small,Organic Search,North America
C03607,Summit Services,2025-02-01,India,Healthcare,Enterprise,Organic Search,APAC
C03608,Bright Labs,2025-03-13,India,Education,Small,Sales,APAC
C03609,Core Analytics,2025-09-08,USA,Retail,Small,Organic Search,North America
C03610,Vertex Services,2024-07-07,USA,Retail,Large,Sales,North America
C03611,Summit Labs,2024-03-15,Other,Retail,Small,Referral,Other
C03612,Digital Solutions,2025-05-29,Canada,Technology,Medium,Organic Search,North America
C03613,Bright Group,2025-02-01,USA,Retail,Small,Organic Search,North America
C03614,Blue Solutions,2025-04-27,USA,Finance,Small,Paid Search,North America
C03615,Blue Technologies,2025-11-07,UK,Technology,Medium,Partner,Europe
C03616,Vertex Solutions,2024-06-20,Other,Technology,Enterprise,Referral,Other
C03617,Apex Technologies,2025-01-31,India,Retail,Small,Email Marketing,APAC
C03618,Fusion Services,2024-10-20,Other,Education,Medium,Paid Search,Other
C03619,Next Technologies,2025-01-16,USA,Technology,Large,Partner,North America
C03620,Apex Labs,2024-05-27,India,Finance,Medium,Referral,APAC
C03621,Nova Solutions,2024-06-28,USA,Finance,Small,Referral,North America
C03622,Summit Systems,2024-04-08,USA,Healthcare,Small,Sales,North America
C03623,Cloud Software,2024-04-16,USA,Technology,Small,Referral,North America
C03624,Blue Solutions,2024-05-22,UK,Technology,Small,Email Marketing,Europe
C03625,Fusion Services,2024-02-15,USA,Finance,Small,Email Marketing,North America
C03626,Apex Works,2024-02-20,USA,Retail,Small,Referral,North America
C03627,Fusion Group,2025-08-05,USA,Professional Services,Medium,Email Marketing,North America
C03628,Nova Software,2025-08-05,Singapore,Education,Small,Sales,APAC
C03629,Nova Software,2025-05-31,Germany,Other,Enterprise,Paid Search,Europe
C03630,Digital Technologies,2025-06-11,India,Education,Medium,Partner,APAC
C03631,Next Analytics,2025-08-24,India,Healthcare,Enterprise,Sales,APAC
C03632,Prime Services,2024-06-06,Australia,Retail,Medium,Organic Search,APAC
C03633,Cloud Group,2025-07-15,USA,Healthcare,Medium,Organic Search,North America
C03634,Core Networks,2024-12-18,UK,Professional Services,Small,Referral,Europe
C03635,Bright Software,2025-08-16,UK,Professional Services,Small,Partner,Europe
C03636,Digital Works,2024-12-07,Germany,Manufacturing,Large,Email Marketing,Europe
C03637,Prime Networks,2025-06-14,Other,Healthcare,Medium,Sales,Other
C03638,Blue Group,2024-01-03,USA,Education,Small,Paid Social,North America
C03639,Digital Group,2024-10-18,Singapore,Professional Services,Medium,Partner,APAC
C03640,Digital Solutions,2024-03-24,UK,Retail,Medium,Referral,Europe
C03641,Summit Solutions,2024-01-31,India,Retail,Large,Email Marketing,APAC
C03642,Summit Labs,2025-10-01,UK,Retail,Medium,Paid Search,Europe
C03643,Fusion Group,2024-04-29,USA,Healthcare,Small,Email Marketing,North America
C03644,Next Technologies,2024-11-01,USA,Healthcare,Medium,Referral,North America
C03645,Blue Labs,2024-01-26,UK,Finance,Enterprise,Paid Search,Europe
C03646,Vertex Services,2024-04-20,Other,Manufacturing,Enterprise,Referral,Other
C03647,Digital Solutions,2025-06-29,UK,Professional Services,Medium,Referral,Europe
C03648,Prime Analytics,2025-03-08,Germany,Technology,Medium,Paid Search,Europe
C03649,Next Works,2025-05-23,USA,Technology,Large,Organic Search,North America
C03650,Next Labs,2024-02-06,USA,Retail,Small,Organic Search,North America
C03651,Summit Networks,2024-09-20,Other,Healthcare,Small,Partner,Other
C03652,Cloud Works,2024-02-18,Canada,Retail,Medium,Paid Social,North America
C03653,Cloud Networks,2025-04-24,UK,Finance,Enterprise,Email Marketing,Europe
C03654,Nova Labs,2025-09-17,India,Manufacturing,Medium,Organic Search,APAC
C03655,Prime Technologies,2024-09-01,USA,Retail,Small,Referral,North America
C03656,Prime Works,2024-12-06,Germany,Retail,Medium,Sales,Europe
C03657,Bright Analytics,2024-12-12,Other,Professional Services,Small,Referral,Other
C03658,Next Solutions,2024-05-12,USA,Education,Medium,Sales,North America
C03659,Next Technologies,2024-07-31,Germany,Professional Services,Small,Paid Social,Europe
C03660,Blue Software,2025-04-30,Australia,Other,Medium,Sales,APAC
C03661,Apex Works,2024-12-11,Other,Healthcare,Large,Organic Search,Other
C03662,Summit Systems,2024-11-21,UK,Education,Medium,Paid Social,Europe
C03663,Bright Software,2024-11-08,Australia,Finance,Medium,Referral,APAC
C03664,Vertex Group,2025-09-23,USA,Retail,Small,Organic Search,North America
C03665,Nova Group,2025-04-21,UK,Finance,Small,Partner,Europe
C03666,Summit Group,2024-04-10,USA,Retail,Small,Paid Social,North America
C03667,Summit Software,2024-12-08,USA,Finance,Medium,Paid Social,North America
C03668,Fusion Software,2025-01-28,Other,Other,Medium,Paid Search,Other
C03669,Prime Software,2024-11-14,Singapore,Retail,Small,Paid Search,APAC
C03670,Fusion Analytics,2024-05-07,USA,Marketing,Small,Paid Social,North America
C03671,Digital Technologies,2025-10-18,Other,Technology,Medium,Partner,Other
C03672,Nova Works,2024-02-25,Canada,Education,Medium,Paid Social,North America
C03673,Vertex Networks,2024-08-03,USA,Technology,Medium,Partner,North America
C03674,Vertex Group,2025-07-24,Canada,Retail,Small,Paid Search,North America
C03675,Prime Technologies,2024-08-19,Canada,Healthcare,Small,Partner,North America
C03676,Prime Labs,2024-01-17,Canada,Manufacturing,Small,Organic Search,North America
C03677,Nova Services,2025-06-16,USA,Manufacturing,Small,Organic Search,North America
C03678,Prime Works,2024-06-21,UK,Education,Large,Organic Search,Europe
C03679,Blue Analytics,2024-05-11,USA,Technology,Medium,Paid Social,North America
C03680,Fusion Works,2024-07-31,UK,Technology,Medium,Referral,Europe
C03681,Cloud Services,2025-09-28,UK,Professional Services,Small,Email Marketing,Europe
C03682,Bright Works,2024-11-06,USA,Professional Services,Medium,Paid Search,North America
C03683,Apex Solutions,2024-11-24,USA,Healthcare,Small,Organic Search,North America
C03684,Core Analytics,2025-03-07,Germany,Education,Large,Sales,Europe
C03685,Nova Group,2024-04-27,USA,Healthcare,Medium,Partner,North America
C03686,Summit Analytics,2024-09-12,UK,Healthcare,Medium,Referral,Europe
C03687,Apex Networks,2025-06-18,UK,Healthcare,Small,Paid Search,Europe
C03688,Blue Labs,2025-11-06,Other,Education,Small,Referral,Other
C03689,Fusion Software,2024-07-08,UK,Education,Medium,Partner,Europe
C03690,Bright Solutions,2025-01-19,USA,Finance,Medium,Email Marketing,North America
C03691,Core Technologies,2025-06-15,Germany,Other,Medium,Referral,Europe
C03692,Summit Networks,2025-07-31,Canada,Professional Services,Small,Referral,North America
C03693,Bright Works,2024-09-10,USA,Education,Small,Organic Search,North America
C03694,Apex Group,2024-04-06,UK,Marketing,Enterprise,Organic Search,Europe
C03695,Nova Systems,2025-07-09,Singapore,Professional Services,Small,Paid Search,APAC
C03696,Blue Group,2024-02-11,India,Education,Medium,Email Marketing,APAC
C03697,Vertex Services,2025-03-27,Canada,Manufacturing,Large,Organic Search,North America
C03698,Fusion Networks,2024-06-07,India,Finance,Small,Sales,APAC
C03699,Core Solutions,2025-10-13,UK,Manufacturing,Small,Paid Search,Europe
C03700,Next Analytics,2025-07-12,Canada,Retail,Large,Paid Search,North America
C03701,Fusion Labs,2025-09-07,Germany,Healthcare,Small,Organic Search,Europe
C03702,Cloud Software,2024-06-19,Germany,Healthcare,Medium,Referral,Europe
C03703,Prime Services,2025-11-14,India,Retail,Small,Organic Search,APAC
C03704,Next Analytics,2025-04-21,Australia,Retail,Small,Organic Search,APAC
C03705,Vertex Services,2025-09-01,Australia,Education,Small,Paid Search,APAC
C03706,Vertex Works,2024-03-16,UK,Retail,Large,Paid Search,Europe
C03707,Summit Group,2024-11-20,India,Retail,Medium,Sales,APAC
C03708,Cloud Services,2025-04-07,Other,Technology,Small,Referral,Other
C03709,Vertex Works,2024-06-10,Other,Technology,Medium,Sales,Other
C03710,Bright Solutions,2025-01-07,Australia,Technology,Small,Referral,APAC
C03711,Prime Services,2024-12-21,India,Marketing,Medium,Organic Search,APAC
C03712,Prime Services,2025-02-21,USA,Finance,Medium,Email Marketing,North America
C03713,Blue Systems,2024-02-26,USA,Education,Medium,Organic Search,North America
C03714,Vertex Networks,2024-08-05,Australia,Professional Services,Medium,Organic Search,APAC
C03715,Blue Analytics,2025-10-19,USA,Technology,Small,Organic Search,North America
C03716,Cloud Services,2025-05-30,UK,Technology,Large,Email Marketing,Europe
C03717,Prime Networks,2025-08-23,USA,Technology,Large,Paid Social,North America
C03718,Fusion Solutions,2024-03-05,Singapore,Technology,Small,Paid Search,APAC
C03719,Vertex Solutions,2025-06-05,Australia,Other,Large,Paid Social,APAC
C03720,Next Solutions,2025-03-18,India,Marketing,Small,Paid Social,APAC
C03721,Bright Labs,2024-10-26,India,Healthcare,Medium,Paid Social,APAC
C03722,Core Works,2025-08-19,Other,Manufacturing,Small,Referral,Other
C03723,Fusion Technologies,2025-07-29,India,Finance,Small,Paid Search,APAC
C03724,Apex Systems,2024-09-02,USA,Professional Services,Medium,Organic Search,North America
C03725,Nova Analytics,2024-06-12,USA,Healthcare,Medium,Paid Social,North America
C03726,Prime Software,2025-07-14,Australia,Technology,Small,Referral,APAC
C03727,Blue Analytics,2025-01-30,Canada,Healthcare,Small,Referral,North America
C03728,Next Networks,2025-03-31,India,Education,Medium,Referral,APAC
C03729,Next Systems,2025-05-12,USA,Retail,Small,Paid Search,North America
C03730,Apex Works,2024-11-03,Other,Retail,Small,Organic Search,Other
C03731,Core Technologies,2024-07-29,USA,Retail,Medium,Partner,North America
C03732,Nova Services,2024-04-23,Canada,Technology,Medium,Organic Search,North America
C03733,Blue Group,2024-06-25,India,Other,Medium,Partner,APAC
C03734,Core Works,2024-09-02,Australia,Healthcare,Small,Email Marketing,APAC
C03735,Prime Technologies,2025-03-11,USA,Marketing,Small,Sales,North America
C03736,Digital Services,2025-11-24,Other,Education,Large,Organic Search,Other
C03737,Core Networks,2025-03-14,USA,Professional Services,Medium,Sales,North America
C03738,Blue Group,2024-03-04,Canada,Healthcare,Small,Paid Social,North America
C03739,Apex Technologies,2025-08-19,USA,Education,Large,Organic Search,North America
C03740,Cloud Labs,2024-03-14,Canada,Technology,Small,Organic Search,North America
C03741,Fusion Labs,2025-06-05,India,Professional Services,Medium,Organic Search,APAC
C03742,Nova Labs,2025-07-18,Other,Retail,Medium,Partner,Other
C03743,Digital Analytics,2025-04-02,Australia,Technology,Small,Partner,APAC
C03744,Blue Group,2024-02-17,USA,Finance,Small,Referral,North America
C03745,Vertex Solutions,2025-04-28,USA,Other,Small,Email Marketing,North America
C03746,Digital Services,2024-12-04,USA,Marketing,Small,Organic Search,North America
C03747,Nova Systems,2024-04-01,USA,Education,Medium,Partner,North America
C03748,Apex Labs,2024-11-19,Canada,Healthcare,Medium,Referral,North America
C03749,Prime Works,2025-03-19,USA,Healthcare,Large,Organic Search,North America
C03750,Summit Analytics,2024-07-02,Singapore,Retail,Enterprise,Organic Search,APAC
C03751,Core Systems,2025-10-24,USA,Marketing,Small,Organic Search,North America
C03752,Core Solutions,2025-10-15,India,Technology,Medium,Paid Social,APAC
C03753,Vertex Technologies,2025-10-20,USA,Technology,Medium,Sales,North America
C03754,Cloud Software,2024-06-08,UK,Manufacturing,Small,Organic Search,Europe
C03755,Summit Solutions,2025-07-22,UK,Retail,Medium,Email Marketing,Europe
C03756,Prime Networks,2024-08-30,UK,Technology,Medium,Email Marketing,Europe
C03757,Prime Networks,2024-03-16,USA,Finance,Large,Email Marketing,North America
C03758,Nova Solutions,2025-08-12,India,Technology,Small,Referral,APAC
C03759,Next Group,2024-09-15,Australia,Healthcare,Large,Sales,APAC
C03760,Apex Analytics,2024-09-15,UK,Technology,Medium,Organic Search,Europe
C03761,Vertex Services,2024-09-25,Other,Education,Medium,Referral,Other
C03762,Vertex Group,2024-06-12,India,Finance,Small,Paid Social,APAC
C03763,Cloud Systems,2024-05-08,Australia,Education,Medium,Paid Search,APAC
C03764,Prime Analytics,2024-08-13,USA,Technology,Large,Partner,North America
C03765,Next Services,2024-08-05,India,Healthcare,Medium,Paid Social,APAC
C03766,Bright Software,2024-05-18,UK,Technology,Small,Organic Search,Europe
C03767,Bright Group,2025-05-22,India,Finance,Small,Paid Search,APAC
C03768,Apex Software,2024-07-10,USA,Technology,Large,Email Marketing,North America
C03769,Apex Labs,2024-04-16,Germany,Technology,Large,Referral,Europe
C03770,Cloud Software,2024-02-06,USA,Technology,Medium,Organic Search,North America
C03771,Fusion Group,2025-06-29,India,Healthcare,Medium,Sales,APAC
C03772,Vertex Group,2024-11-10,Australia,Retail,Medium,Email Marketing,APAC
C03773,Fusion Solutions,2025-03-26,USA,Technology,Enterprise,Paid Social,North America
C03774,Vertex Labs,2025-05-22,USA,Professional Services,Large,Partner,North America
C03775,Apex Networks,2024-10-25,India,Finance,Small,Paid Social,APAC
C03776,Cloud Systems,2024-01-13,Australia,Finance,Small,Referral,APAC
C03777,Fusion Technologies,2024-09-25,UK,Technology,Small,Sales,Europe
C03778,Core Networks,2025-10-28,Canada,Manufacturing,Enterprise,Paid Social,North America
C03779,Prime Software,2024-08-26,USA,Healthcare,Medium,Sales,North America
C03780,Nova Software,2024-01-09,USA,Retail,Medium,Partner,North America
C03781,Cloud Analytics,2025-05-21,USA,Healthcare,Medium,Organic Search,North America
C03782,Cloud Analytics,2024-04-19,Canada,Technology,Large,Partner,North America
C03783,Next Works,2025-02-22,Germany,Finance,Medium,Paid Search,Europe
C03784,Apex Technologies,2025-01-28,India,Retail,Small,Organic Search,APAC
C03785,Fusion Systems,2025-03-10,Canada,Manufacturing,Small,Partner,North America
C03786,Cloud Works,2024-10-06,USA,Retail,Small,Partner,North America
C03787,Vertex Software,2025-04-04,USA,Manufacturing,Medium,Paid Social,North America
C03788,Digital Solutions,2025-03-28,India,Manufacturing,Small,Organic Search,APAC
C03789,Summit Solutions,2025-02-09,USA,Finance,Medium,Email Marketing,North America
C03790,Vertex Labs,2024-09-17,India,Professional Services,Medium,Partner,APAC
C03791,Prime Networks,2025-11-13,USA,Healthcare,Small,Email Marketing,North America
C03792,Vertex Group,2024-08-16,India,Professional Services,Large,Partner,APAC
C03793,Cloud Group,2024-07-06,Australia,Professional Services,Small,Partner,APAC
C03794,Blue Works,2024-01-02,India,Finance,Small,Organic Search,APAC
C03795,Nova Systems,2025-05-18,USA,Other,Medium,Paid Search,North America
C03796,Apex Systems,2025-09-18,Other,Technology,Small,Paid Social,Other
C03797,Apex Group,2024-09-02,USA,Education,Small,Email Marketing,North America
C03798,Summit Services,2024-02-07,USA,Retail,Medium,Paid Social,North America
C03799,Vertex Solutions,2024-11-14,UK,Manufacturing,Medium,Paid Search,Europe
C03800,Apex Software,2024-09-07,India,Finance,Enterprise,Email Marketing,APAC
C03801,Fusion Software,2024-06-30,USA,Healthcare,Small,Organic Search,North America
C03802,Core Group,2025-09-24,USA,Healthcare,Small,Email Marketing,North America
C03803,Prime Works,2025-11-13,USA,Education,Enterprise,Paid Search,North America
C03804,Prime Technologies,2025-08-30,UK,Other,Medium,Email Marketing,Europe
C03805,Nova Services,2025-07-03,USA,Marketing,Small,Referral,North America
C03806,Cloud Software,2024-07-18,India,Education,Small,Paid Social,APAC
C03807,Digital Group,2024-12-22,India,Technology,Small,Organic Search,APAC
C03808,Fusion Services,2024-01-04,USA,Technology,Small,Paid Search,North America
C03809,Core Works,2025-06-03,Other,Technology,Medium,Paid Social,Other
C03810,Prime Software,2025-08-01,USA,Technology,Small,Organic Search,North America
C03811,Cloud Software,2024-08-19,Singapore,Retail,Medium,Paid Social,APAC
C03812,Core Solutions,2025-10-27,Australia,Healthcare,Small,Paid Search,APAC
C03813,Summit Labs,2024-05-16,Other,Healthcare,Medium,Paid Social,Other
C03814,Blue Services,2024-09-23,UK,Technology,Small,Sales,Europe
C03815,Blue Group,2024-12-13,USA,Healthcare,Small,Paid Social,North America
C03816,Bright Analytics,2025-11-18,Australia,Technology,Medium,Paid Search,APAC
C03817,Blue Software,2025-02-06,UK,Finance,Large,Organic Search,Europe
C03818,Apex Labs,2024-12-02,Canada,Technology,Large,Paid Social,North America
C03819,Core Networks,2024-02-13,UK,Manufacturing,Medium,Organic Search,Europe
C03820,Vertex Group,2025-03-06,India,Professional Services,Medium,Email Marketing,APAC
C03821,Vertex Networks,2025-03-03,USA,Finance,Large,Organic Search,North America
C03822,Apex Works,2024-12-17,Germany,Technology,Medium,Partner,Europe
C03823,Next Works,2025-03-04,India,Professional Services,Medium,Paid Search,APAC
C03824,Fusion Labs,2025-11-03,Canada,Finance,Medium,Partner,North America
C03825,Blue Labs,2025-10-21,Singapore,Finance,Small,Partner,APAC
C03826,Blue Group,2025-11-27,Other,Technology,Small,Paid Social,Other
C03827,Fusion Group,2025-03-05,UK,Professional Services,Enterprise,Partner,Europe
C03828,Blue Services,2025-05-31,India,Technology,Small,Paid Search,APAC
C03829,Prime Software,2025-01-17,UK,Healthcare,Small,Paid Search,Europe
C03830,Prime Services,2024-01-07,USA,Healthcare,Medium,Partner,North America
C03831,Summit Solutions,2024-11-04,India,Manufacturing,Medium,Paid Search,APAC
C03832,Bright Labs,2024-01-31,Germany,Healthcare,Large,Paid Search,Europe
C03833,Blue Analytics,2025-01-28,Other,Professional Services,Small,Organic Search,Other
C03834,Nova Networks,2024-01-08,USA,Retail,Small,Paid Search,North America
C03835,Fusion Technologies,2024-07-01,Other,Retail,Small,Referral,Other
C03836,Next Works,2024-12-23,Germany,Retail,Small,Paid Search,Europe
C03837,Prime Works,2024-06-21,UK,Healthcare,Medium,Partner,Europe
C03838,Prime Solutions,2024-04-22,Germany,Professional Services,Small,Email Marketing,Europe
C03839,Prime Services,2024-07-09,USA,Finance,Small,Paid Search,North America
C03840,Fusion Labs,2025-12-01,USA,Manufacturing,Small,Paid Social,North America
C03841,Fusion Services,2025-05-03,USA,Healthcare,Medium,Organic Search,North America
C03842,Digital Networks,2025-04-13,USA,Retail,Small,Paid Search,North America
C03843,Cloud Technologies,2025-11-16,Australia,Technology,Large,Paid Search,APAC
C03844,Blue Solutions,2025-06-15,Australia,Healthcare,Medium,Sales,APAC
C03845,Digital Networks,2024-02-04,Germany,Professional Services,Medium,Partner,Europe
C03846,Prime Solutions,2024-02-12,USA,Retail,Medium,Paid Search,North America
C03847,Prime Analytics,2024-02-17,India,Marketing,Small,Sales,APAC
C03848,Bright Software,2024-11-03,USA,Professional Services,Small,Referral,North America
C03849,Nova Networks,2024-03-22,USA,Healthcare,Small,Organic Search,North America
C03850,Core Technologies,2025-07-06,USA,Technology,Medium,Referral,North America
C03851,Next Solutions,2025-03-24,UK,Manufacturing,Small,Paid Social,Europe
C03852,Summit Networks,2025-04-13,India,Professional Services,Medium,Paid Search,APAC
C03853,Digital Works,2025-11-28,UK,Education,Medium,Paid Search,Europe
C03854,Summit Labs,2024-04-23,USA,Healthcare,Medium,Paid Social,North America
C03855,Vertex Networks,2025-11-12,UK,Retail,Small,Paid Search,Europe
C03856,Apex Systems,2024-12-17,UK,Other,Medium,Email Marketing,Europe
C03857,Core Labs,2025-02-27,USA,Technology,Medium,Paid Social,North America
C03858,Next Group,2024-10-22,USA,Finance,Small,Email Marketing,North America
C03859,Prime Group,2024-12-06,USA,Finance,Medium,Organic Search,North America
C03860,Nova Works,2025-01-31,USA,Retail,Large,Paid Social,North America
C03861,Summit Works,2024-07-12,USA,Technology,Large,Organic Search,North America
C03862,Digital Software,2025-08-14,Australia,Technology,Small,Referral,APAC
C03863,Bright Works,2025-11-08,USA,Technology,Small,Organic Search,North America
C03864,Digital Labs,2025-10-04,Australia,Finance,Medium,Referral,APAC
C03865,Vertex Works,2025-04-19,Australia,Finance,Small,Paid Social,APAC
C03866,Apex Networks,2024-06-23,UK,Professional Services,Medium,Referral,Europe
C03867,Vertex Networks,2024-08-16,Canada,Healthcare,Small,Sales,North America
C03868,Cloud Networks,2025-06-15,Canada,Retail,Enterprise,Paid Social,North America
C03869,Prime Networks,2024-09-25,USA,Manufacturing,Small,Email Marketing,North America
C03870,Cloud Technologies,2024-02-05,Singapore,Marketing,Medium,Organic Search,APAC
C03871,Blue Software,2024-03-04,USA,Education,Small,Paid Search,North America
C03872,Bright Services,2024-10-26,India,Technology,Small,Sales,APAC
C03873,Nova Analytics,2025-01-12,USA,Education,Medium,Paid Social,North America
C03874,Digital Systems,2024-04-28,Germany,Retail,Medium,Paid Social,Europe
C03875,Digital Analytics,2025-06-29,UK,Marketing,Small,Organic Search,Europe
C03876,Blue Group,2024-02-02,USA,Retail,Small,Paid Search,North America
C03877,Next Works,2025-08-26,India,Retail,Medium,Paid Search,APAC
C03878,Prime Networks,2024-06-27,USA,Technology,Small,Organic Search,North America
C03879,Bright Solutions,2025-03-26,India,Other,Small,Paid Search,APAC
C03880,Vertex Technologies,2025-06-30,USA,Technology,Medium,Referral,North America
C03881,Core Labs,2024-04-27,USA,Finance,Small,Organic Search,North America
C03882,Cloud Systems,2025-01-07,Germany,Healthcare,Small,Sales,Europe
C03883,Fusion Group,2025-07-03,UK,Professional Services,Small,Partner,Europe
C03884,Blue Systems,2024-07-27,USA,Technology,Medium,Paid Search,North America
C03885,Digital Group,2024-05-16,UK,Technology,Small,Paid Search,Europe
C03886,Cloud Analytics,2024-08-08,UK,Other,Large,Referral,Europe
C03887,Vertex Labs,2024-03-17,India,Healthcare,Small,Organic Search,APAC
C03888,Next Solutions,2025-03-23,India,Marketing,Small,Organic Search,APAC
C03889,Fusion Group,2024-06-24,UK,Healthcare,Medium,Sales,Europe
C03890,Vertex Solutions,2024-02-20,UK,Professional Services,Small,Paid Social,Europe
C03891,Nova Services,2024-10-04,USA,Healthcare,Large,Paid Search,North America
C03892,Next Works,2025-02-16,USA,Professional Services,Medium,Paid Social,North America
C03893,Bright Software,2025-05-05,India,Manufacturing,Small,Email Marketing,APAC
C03894,Nova Services,2025-03-06,Canada,Technology,Small,Referral,North America
C03895,Blue Works,2024-05-06,USA,Marketing,Medium,Sales,North America
C03896,Prime Group,2024-11-09,Singapore,Retail,Medium,Sales,APAC
C03897,Nova Technologies,2024-05-28,UK,Professional Services,Small,Referral,Europe
C03898,Blue Analytics,2025-04-28,India,Finance,Large,Organic Search,APAC
C03899,Digital Services,2024-01-27,USA,Professional Services,Small,Partner,North America
C03900,Vertex Technologies,2024-08-04,India,Education,Large,Referral,APAC
C03901,Apex Analytics,2025-05-01,India,Retail,Medium,Paid Social,APAC
C03902,Blue Analytics,2024-08-18,USA,Manufacturing,Enterprise,Organic Search,North America
C03903,Summit Works,2024-02-11,UK,Professional Services,Small,Organic Search,Europe
C03904,Prime Works,2025-06-22,UK,Finance,Small,Email Marketing,Europe
C03905,Digital Group,2025-08-09,Other,Professional Services,Medium,Referral,Other
C03906,Fusion Works,2024-08-14,UK,Professional Services,Medium,Referral,Europe
C03907,Bright Networks,2025-09-15,USA,Retail,Small,Email Marketing,North America
C03908,Summit Systems,2024-02-19,Other,Professional Services,Large,Paid Search,Other
C03909,Fusion Technologies,2025-08-25,UK,Marketing,Small,Paid Search,Europe
C03910,Bright Networks,2025-08-07,USA,Retail,Large,Partner,North America
C03911,Prime Systems,2024-11-02,Other,Education,Medium,Paid Social,Other
C03912,Fusion Analytics,2025-05-10,Other,Healthcare,Small,Paid Search,Other
C03913,Vertex Technologies,2024-08-28,Canada,Finance,Enterprise,Paid Search,North America
C03914,Core Labs,2024-11-27,USA,Finance,Medium,Sales,North America
C03915,Nova Networks,2024-10-14,Singapore,Marketing,Small,Organic Search,APAC
C03916,Vertex Software,2024-01-23,India,Healthcare,Large,Organic Search,APAC
C03917,Cloud Solutions,2024-07-27,USA,Healthcare,Medium,Paid Social,North America
C03918,Core Networks,2025-10-28,India,Technology,Medium,Referral,APAC
C03919,Fusion Technologies,2024-10-21,USA,Finance,Small,Paid Search,North America
C03920,Digital Works,2024-08-31,Australia,Marketing,Small,Referral,APAC
C03921,Fusion Technologies,2024-05-28,Other,Education,Large,Organic Search,Other
C03922,Fusion Networks,2024-02-18,India,Professional Services,Small,Referral,APAC
C03923,Bright Works,2024-11-07,India,Retail,Medium,Organic Search,APAC
C03924,Nova Services,2025-05-15,India,Healthcare,Small,Paid Search,APAC
C03925,Digital Systems,2024-11-06,Canada,Technology,Medium,Organic Search,North America
C03926,Blue Analytics,2024-10-11,Australia,Education,Medium,Referral,APAC
C03927,Bright Technologies,2025-09-19,Australia,Technology,Large,Organic Search,APAC
C03928,Core Group,2025-01-22,Canada,Healthcare,Large,Organic Search,North America
C03929,Digital Works,2025-09-23,USA,Manufacturing,Small,Organic Search,North America
C03930,Summit Software,2024-02-17,Germany,Professional Services,Medium,Paid Social,Europe
C03931,Bright Group,2024-08-25,Australia,Professional Services,Small,Referral,APAC
C03932,Cloud Services,2024-12-06,Canada,Retail,Large,Paid Search,North America
C03933,Vertex Software,2024-05-16,Other,Professional Services,Medium,Organic Search,Other
C03934,Apex Services,2024-01-27,USA,Healthcare,Medium,Paid Social,North America
C03935,Fusion Networks,2024-08-15,Other,Other,Large,Sales,Other
C03936,Cloud Group,2024-11-10,UK,Technology,Small,Paid Social,Europe
C03937,Summit Analytics,2025-09-26,Singapore,Manufacturing,Small,Organic Search,APAC
C03938,Apex Labs,2025-08-09,UK,Professional Services,Small,Sales,Europe
C03939,Core Technologies,2024-08-03,USA,Manufacturing,Medium,Partner,North America
C03940,Fusion Analytics,2024-01-17,USA,Technology,Small,Organic Search,North America
C03941,Summit Services,2025-05-11,Canada,Professional Services,Medium,Organic Search,North America
C03942,Next Solutions,2024-05-02,USA,Healthcare,Small,Sales,North America
C03943,Vertex Labs,2024-12-15,USA,Technology,Medium,Referral,North America
C03944,Blue Networks,2024-08-22,USA,Finance,Medium,Sales,North America
C03945,Fusion Technologies,2025-06-29,India,Technology,Small,Paid Search,APAC
C03946,Vertex Systems,2025-02-07,Canada,Healthcare,Medium,Referral,North America
C03947,Summit Software,2025-11-18,India,Manufacturing,Small,Sales,APAC
C03948,Blue Works,2025-08-08,India,Professional Services,Medium,Organic Search,APAC
C03949,Fusion Group,2025-10-06,India,Professional Services,Small,Sales,APAC
C03950,Fusion Solutions,2024-03-10,USA,Education,Medium,Paid Social,North America
C03951,Fusion Group,2024-12-02,India,Manufacturing,Large,Organic Search,APAC
C03952,Fusion Services,2024-03-04,Other,Education,Small,Organic Search,Other
C03953,Digital Solutions,2025-06-23,Australia,Retail,Enterprise,Referral,APAC
C03954,Digital Technologies,2025-11-16,USA,Education,Enterprise,Partner,North America
C03955,Digital Group,2025-06-08,Australia,Manufacturing,Medium,Paid Search,APAC
C03956,Nova Software,2024-02-29,India,Other,Enterprise,Referral,APAC
C03957,Blue Technologies,2025-07-20,USA,Education,Small,Referral,North America
C03958,Prime Software,2025-08-23,USA,Technology,Small,Email Marketing,North America
C03959,Vertex Software,2024-10-05,India,Professional Services,Medium,Paid Search,APAC
C03960,Apex Analytics,2024-11-30,India,Technology,Medium,Partner,APAC
C03961,Apex Systems,2024-10-15,USA,Manufacturing,Small,Referral,North America
C03962,Core Solutions,2024-08-19,USA,Professional Services,Medium,Paid Search,North America
C03963,Fusion Technologies,2025-01-15,Singapore,Marketing,Medium,Paid Social,APAC
C03964,Fusion Works,2025-01-10,Germany,Retail,Small,Email Marketing,Europe
C03965,Summit Works,2024-01-11,USA,Healthcare,Small,Referral,North America
C03966,Digital Networks,2024-05-19,Germany,Technology,Small,Paid Social,Europe
C03967,Vertex Networks,2025-02-28,USA,Professional Services,Small,Organic Search,North America
C03968,Summit Systems,2024-12-07,Canada,Manufacturing,Large,Paid Search,North America
C03969,Core Analytics,2025-08-29,USA,Education,Small,Organic Search,North America
C03970,Bright Services,2024-03-21,India,Retail,Small,Organic Search,APAC
C03971,Core Technologies,2024-07-14,USA,Finance,Medium,Referral,North America
C03972,Nova Labs,2025-04-22,Germany,Finance,Large,Paid Search,Europe
C03973,Digital Solutions,2025-01-11,Singapore,Healthcare,Large,Referral,APAC
C03974,Fusion Solutions,2024-08-29,Other,Technology,Small,Email Marketing,Other
C03975,Fusion Services,2025-10-20,USA,Technology,Medium,Sales,North America
C03976,Cloud Group,2025-05-05,Singapore,Technology,Medium,Email Marketing,APAC
C03977,Apex Labs,2025-03-22,USA,Education,Small,Paid Search,North America
C03978,Next Software,2025-03-20,UK,Marketing,Small,Partner,Europe
C03979,Bright Services,2025-10-31,USA,Finance,Enterprise,Referral,North America
C03980,Next Analytics,2024-03-17,Canada,Professional Services,Small,Partner,North America
C03981,Fusion Works,2025-04-14,India,Finance,Medium,Paid Search,APAC
C03982,Next Solutions,2025-07-23,Canada,Professional Services,Medium,Paid Search,North America
C03983,Next Technologies,2024-03-29,India,Other,Medium,Paid Social,APAC
C03984,Digital Services,2024-05-28,Germany,Retail,Medium,Paid Search,Europe
C03985,Fusion Group,2024-07-12,India,Finance,Large,Paid Search,APAC
C03986,Cloud Analytics,2025-05-29,Other,Marketing,Medium,Paid Social,Other
C03987,Cloud Works,2025-03-15,UK,Manufacturing,Small,Organic Search,Europe
C03988,Blue Analytics,2025-06-11,India,Technology,Small,Sales,APAC
C03989,Blue Technologies,2024-12-12,India,Retail,Medium,Paid Search,APAC
C03990,Apex Networks,2024-08-25,Canada,Manufacturing,Enterprise,Organic Search,North America
C03991,Bright Solutions,2024-05-19,India,Technology,Large,Organic Search,APAC
C03992,Summit Software,2025-08-03,USA,Education,Small,Paid Search,North America
C03993,Digital Software,2024-04-03,India,Healthcare,Small,Organic Search,APAC
C03994,Fusion Works,2025-08-04,USA,Healthcare,Small,Partner,North America
C03995,Apex Software,2024-06-09,USA,Manufacturing,Small,Paid Search,North America
C03996,Blue Software,2025-01-23,India,Professional Services,Large,Organic Search,APAC
C03997,Nova Software,2024-01-21,Other,Retail,Small,Paid Social,Other
C03998,Blue Group,2025-03-15,Germany,Retail,Large,Organic Search,Europe
C03999,Vertex Labs,2025-08-29,UK,Technology,Small,Paid Social,Europe
C04000,Fusion Works,2024-11-14,India,Technology,Small,Organic Search,APAC
C04001,Bright Networks,2025-08-08,USA,Marketing,Small,Organic Search,North America
C04002,Core Software,2025-07-07,USA,Professional Services,Medium,Referral,North America
C04003,Core Networks,2024-01-11,India,Education,Small,Referral,APAC
C04004,Prime Group,2024-02-20,India,Healthcare,Large,Sales,APAC
C04005,Nova Labs,2025-11-17,India,Healthcare,Small,Paid Social,APAC
C04006,Core Works,2025-01-11,USA,Healthcare,Medium,Referral,North America
C04007,Next Labs,2024-04-03,Germany,Professional Services,Medium,Organic Search,Europe
C04008,Vertex Services,2025-08-13,USA,Technology,Small,Paid Social,North America
C04009,Digital Networks,2025-06-28,USA,Healthcare,Large,Organic Search,North America
C04010,Next Analytics,2024-01-31,India,Manufacturing,Medium,Sales,APAC
C04011,Apex Systems,2025-10-10,Australia,Technology,Medium,Referral,APAC
C04012,Digital Group,2024-04-10,Australia,Technology,Small,Email Marketing,APAC
C04013,Blue Systems,2025-03-17,Other,Retail,Enterprise,Partner,Other
C04014,Cloud Works,2025-06-06,USA,Technology,Small,Email Marketing,North America
C04015,Vertex Software,2024-02-23,USA,Healthcare,Small,Organic Search,North America
C04016,Prime Technologies,2025-09-24,Germany,Healthcare,Medium,Organic Search,Europe
C04017,Fusion Services,2025-05-18,UK,Technology,Small,Referral,Europe
C04018,Nova Systems,2024-05-17,Canada,Education,Small,Organic Search,North America
C04019,Core Networks,2025-06-04,Australia,Other,Small,Paid Social,APAC
C04020,Summit Works,2024-04-12,UK,Marketing,Medium,Paid Social,Europe
C04021,Vertex Networks,2025-01-14,UK,Marketing,Medium,Paid Social,Europe
C04022,Next Software,2024-10-30,USA,Other,Small,Paid Social,North America
C04023,Apex Services,2024-03-21,UK,Retail,Medium,Partner,Europe
C04024,Summit Software,2025-02-12,Germany,Professional Services,Medium,Paid Social,Europe
C04025,Digital Networks,2024-06-10,USA,Technology,Medium,Email Marketing,North America
C04026,Cloud Group,2024-05-03,India,Healthcare,Large,Sales,APAC
C04027,Core Services,2025-10-05,UK,Other,Medium,Partner,Europe
C04028,Digital Software,2024-06-24,Germany,Marketing,Medium,Partner,Europe
C04029,Next Networks,2025-08-26,USA,Retail,Small,Sales,North America
C04030,Next Works,2024-06-22,USA,Technology,Medium,Paid Social,North America
C04031,Bright Works,2024-04-26,USA,Education,Medium,Paid Search,North America
C04032,Prime Labs,2025-06-08,USA,Manufacturing,Small,Paid Social,North America
C04033,Blue Analytics,2024-06-06,USA,Technology,Small,Partner,North America
C04034,Digital Systems,2025-10-12,Other,Technology,Small,Referral,Other
C04035,Apex Networks,2025-06-20,UK,Healthcare,Medium,Paid Search,Europe
C04036,Bright Solutions,2025-11-20,Canada,Technology,Small,Referral,North America
C04037,Core Analytics,2025-04-13,Other,Technology,Medium,Paid Search,Other
C04038,Vertex Works,2025-01-19,USA,Healthcare,Small,Sales,North America
C04039,Core Works,2024-09-24,USA,Professional Services,Small,Sales,North America
C04040,Summit Services,2024-05-14,USA,Healthcare,Medium,Sales,North America
C04041,Summit Analytics,2024-11-13,India,Technology,Small,Organic Search,APAC
C04042,Summit Systems,2024-01-08,Other,Technology,Medium,Paid Search,Other
C04043,Summit Analytics,2024-01-21,Other,Technology,Medium,Paid Social,Other
C04044,Blue Analytics,2025-04-05,Germany,Technology,Medium,Paid Social,Europe
C04045,Next Group,2024-12-26,India,Marketing,Large,Paid Social,APAC
C04046,Summit Software,2025-02-19,Germany,Technology,Medium,Organic Search,Europe
C04047,Vertex Works,2025-08-17,Canada,Other,Small,Paid Search,North America
C04048,Blue Solutions,2024-01-25,USA,Finance,Large,Organic Search,North America
C04049,Prime Systems,2025-07-12,UK,Marketing,Small,Organic Search,Europe
C04050,Digital Networks,2025-11-27,USA,Retail,Small,Referral,North America
C04051,Nova Software,2024-11-15,USA,Education,Enterprise,Organic Search,North America
C04052,Blue Services,2025-08-11,USA,Healthcare,Medium,Referral,North America
C04053,Summit Analytics,2025-09-30,India,Technology,Small,Organic Search,APAC
C04054,Prime Group,2025-07-15,India,Finance,Small,Paid Social,APAC
C04055,Summit Labs,2025-01-17,USA,Manufacturing,Small,Referral,North America
C04056,Blue Networks,2025-05-26,USA,Technology,Medium,Email Marketing,North America
C04057,Core Services,2024-07-05,USA,Education,Medium,Sales,North America
C04058,Fusion Works,2025-03-04,USA,Marketing,Small,Organic Search,North America
C04059,Vertex Networks,2025-03-15,Germany,Marketing,Medium,Email Marketing,Europe
C04060,Cloud Analytics,2025-08-06,Canada,Retail,Small,Email Marketing,North America
C04061,Blue Services,2024-01-05,Germany,Professional Services,Small,Email Marketing,Europe
C04062,Core Networks,2024-07-15,USA,Technology,Small,Referral,North America
C04063,Summit Systems,2025-07-24,USA,Retail,Small,Partner,North America
C04064,Vertex Services,2025-09-14,India,Finance,Medium,Partner,APAC
C04065,Apex Networks,2024-05-02,Singapore,Other,Small,Organic Search,APAC
C04066,Core Services,2024-10-14,Other,Retail,Small,Paid Social,Other
C04067,Prime Services,2025-09-28,India,Finance,Small,Paid Social,APAC
C04068,Fusion Software,2024-12-08,Other,Marketing,Small,Partner,Other
C04069,Digital Services,2024-10-30,India,Finance,Medium,Paid Search,APAC
C04070,Vertex Analytics,2024-08-18,USA,Retail,Medium,Referral,North America
C04071,Nova Software,2025-04-02,Other,Finance,Medium,Partner,Other
C04072,Vertex Solutions,2025-08-21,USA,Healthcare,Medium,Sales,North America
C04073,Core Networks,2024-12-08,UK,Technology,Small,Partner,Europe
C04074,Apex Analytics,2024-05-04,India,Technology,Small,Paid Search,APAC
C04075,Blue Software,2025-09-27,USA,Healthcare,Medium,Sales,North America
C04076,Summit Analytics,2024-07-19,Other,Education,Large,Organic Search,Other
C04077,Core Labs,2025-06-04,India,Technology,Small,Organic Search,APAC
C04078,Core Technologies,2024-06-09,UK,Technology,Small,Referral,Europe
C04079,Bright Systems,2025-03-27,USA,Marketing,Large,Referral,North America
C04080,Cloud Group,2024-08-30,Germany,Retail,Medium,Email Marketing,Europe
C04081,Fusion Systems,2024-04-26,USA,Technology,Medium,Paid Social,North America
C04082,Vertex Services,2024-03-23,USA,Retail,Medium,Referral,North America
C04083,Cloud Analytics,2024-11-23,USA,Retail,Medium,Referral,North America
C04084,Prime Works,2025-05-11,USA,Retail,Small,Organic Search,North America
C04085,Nova Solutions,2024-12-22,Canada,Manufacturing,Small,Partner,North America
C04086,Fusion Services,2024-10-05,Australia,Technology,Large,Partner,APAC
C04087,Cloud Networks,2025-03-14,India,Finance,Medium,Partner,APAC
C04088,Vertex Software,2024-03-03,Other,Technology,Medium,Referral,Other
C04089,Core Software,2024-05-20,India,Professional Services,Medium,Referral,APAC
C04090,Prime Analytics,2025-11-05,Australia,Healthcare,Large,Paid Search,APAC
C04091,Digital Services,2024-08-17,USA,Retail,Medium,Email Marketing,North America
C04092,Digital Group,2025-01-09,India,Technology,Medium,Partner,APAC
C04093,Next Software,2025-03-14,India,Education,Small,Sales,APAC
C04094,Cloud Analytics,2024-02-12,Australia,Manufacturing,Small,Organic Search,APAC
C04095,Prime Analytics,2025-04-15,Canada,Manufacturing,Medium,Paid Search,North America
C04096,Bright Systems,2024-10-05,UK,Professional Services,Small,Paid Search,Europe
C04097,Nova Systems,2024-11-01,India,Education,Medium,Referral,APAC
C04098,Summit Systems,2025-07-23,Canada,Professional Services,Medium,Organic Search,North America
C04099,Bright Labs,2024-09-06,India,Other,Large,Paid Social,APAC
C04100,Digital Software,2024-12-07,Australia,Healthcare,Small,Paid Social,APAC
C04101,Vertex Labs,2024-04-23,USA,Retail,Large,Organic Search,North America
C04102,Prime Solutions,2024-07-27,USA,Marketing,Large,Paid Search,North America
C04103,Next Works,2025-07-26,USA,Marketing,Small,Organic Search,North America
C04104,Apex Works,2025-08-17,Other,Manufacturing,Medium,Organic Search,Other
C04105,Vertex Works,2025-09-20,Australia,Retail,Small,Paid Search,APAC
C04106,Vertex Networks,2024-09-10,India,Technology,Large,Email Marketing,APAC
C04107,Fusion Group,2025-07-13,UK,Finance,Medium,Referral,Europe
C04108,Core Group,2024-12-14,USA,Manufacturing,Large,Organic Search,North America
C04109,Fusion Solutions,2025-09-21,India,Healthcare,Medium,Sales,APAC
C04110,Vertex Services,2025-03-22,Australia,Technology,Medium,Sales,APAC
C04111,Vertex Analytics,2025-06-14,USA,Marketing,Small,Referral,North America
C04112,Apex Analytics,2025-10-31,India,Education,Small,Organic Search,APAC
C04113,Next Works,2024-08-20,India,Healthcare,Medium,Paid Social,APAC
C04114,Digital Solutions,2025-06-06,India,Technology,Medium,Referral,APAC
C04115,Vertex Systems,2025-03-11,UK,Education,Small,Email Marketing,Europe
C04116,Apex Software,2025-05-11,Australia,Technology,Medium,Paid Search,APAC
C04117,Prime Analytics,2025-11-16,Other,Professional Services,Small,Organic Search,Other
C04118,Blue Group,2025-06-12,India,Finance,Small,Paid Search,APAC
C04119,Fusion Services,2025-03-01,USA,Education,Medium,Paid Search,North America
C04120,Vertex Systems,2024-04-16,UK,Retail,Medium,Paid Search,Europe
C04121,Vertex Technologies,2024-06-11,USA,Technology,Medium,Paid Search,North America
C04122,Cloud Technologies,2024-05-31,USA,Finance,Small,Sales,North America
C04123,Apex Analytics,2025-06-01,India,Retail,Small,Paid Search,APAC
C04124,Apex Solutions,2024-02-26,UK,Healthcare,Medium,Referral,Europe
C04125,Summit Group,2024-09-14,USA,Retail,Small,Paid Search,North America
C04126,Nova Analytics,2024-01-25,Other,Other,Medium,Paid Search,Other
C04127,Cloud Technologies,2025-08-19,USA,Technology,Small,Organic Search,North America
C04128,Digital Group,2024-05-29,India,Other,Small,Partner,APAC
C04129,Summit Group,2025-03-15,Singapore,Technology,Small,Organic Search,APAC
C04130,Summit Works,2025-08-12,Australia,Professional Services,Medium,Sales,APAC
C04131,Core Services,2024-06-20,USA,Technology,Small,Email Marketing,North America
C04132,Apex Software,2025-09-15,USA,Marketing,Small,Organic Search,North America
C04133,Summit Works,2025-06-07,Canada,Retail,Small,Email Marketing,North America
C04134,Blue Technologies,2024-11-01,USA,Technology,Medium,Partner,North America
C04135,Summit Labs,2025-10-23,India,Healthcare,Small,Organic Search,APAC
C04136,Digital Networks,2024-12-18,Canada,Healthcare,Small,Referral,North America
C04137,Next Works,2025-02-14,Other,Manufacturing,Large,Organic Search,Other
C04138,Vertex Software,2025-07-26,Singapore,Healthcare,Small,Organic Search,APAC
C04139,Prime Solutions,2024-05-27,Germany,Finance,Medium,Partner,Europe
C04140,Digital Analytics,2025-07-10,Canada,Marketing,Enterprise,Paid Social,North America
C04141,Bright Works,2024-11-05,USA,Education,Small,Paid Social,North America
C04142,Core Works,2024-04-25,India,Healthcare,Medium,Paid Social,APAC
C04143,Core Works,2025-07-15,Germany,Technology,Medium,Organic Search,Europe
C04144,Nova Software,2024-09-15,Canada,Other,Small,Paid Search,North America
C04145,Fusion Technologies,2024-04-04,USA,Healthcare,Medium,Paid Search,North America
C04146,Bright Solutions,2025-06-05,Germany,Finance,Enterprise,Paid Social,Europe
C04147,Next Works,2025-02-14,India,Education,Medium,Partner,APAC
C04148,Digital Works,2025-07-08,Canada,Finance,Small,Organic Search,North America
C04149,Core Technologies,2025-10-31,India,Marketing,Medium,Paid Search,APAC
C04150,Apex Systems,2025-01-13,USA,Healthcare,Small,Partner,North America
C04151,Prime Labs,2024-01-16,USA,Other,Medium,Organic Search,North America
C04152,Summit Works,2025-04-11,USA,Education,Medium,Paid Social,North America
C04153,Summit Group,2025-03-26,USA,Retail,Medium,Organic Search,North America
C04154,Core Labs,2025-09-28,Australia,Technology,Medium,Partner,APAC
C04155,Fusion Group,2025-04-13,Canada,Retail,Small,Organic Search,North America
C04156,Prime Networks,2024-02-07,USA,Marketing,Small,Paid Social,North America
C04157,Bright Analytics,2024-02-10,USA,Education,Large,Organic Search,North America
C04158,Next Technologies,2025-04-08,Canada,Professional Services,Small,Paid Social,North America
C04159,Fusion Works,2024-02-21,UK,Marketing,Small,Sales,Europe
C04160,Apex Works,2025-08-02,India,Professional Services,Small,Organic Search,APAC
C04161,Digital Software,2025-02-03,USA,Retail,Medium,Email Marketing,North America
C04162,Summit Group,2025-04-09,India,Healthcare,Medium,Paid Search,APAC
C04163,Blue Networks,2025-11-25,UK,Retail,Medium,Paid Search,Europe
C04164,Summit Works,2024-08-27,India,Healthcare,Enterprise,Organic Search,APAC
C04165,Fusion Technologies,2025-04-20,Canada,Marketing,Small,Paid Search,North America
C04166,Digital Systems,2024-11-28,Other,Technology,Medium,Email Marketing,Other
C04167,Prime Group,2025-04-21,USA,Professional Services,Small,Partner,North America
C04168,Cloud Analytics,2025-04-02,USA,Retail,Medium,Referral,North America
C04169,Fusion Networks,2024-09-22,USA,Healthcare,Large,Sales,North America
C04170,Summit Technologies,2024-08-30,USA,Manufacturing,Medium,Email Marketing,North America
C04171,Digital Services,2025-10-19,Germany,Manufacturing,Small,Organic Search,Europe
C04172,Digital Networks,2024-06-22,India,Professional Services,Small,Paid Social,APAC
C04173,Fusion Solutions,2025-06-27,Singapore,Education,Enterprise,Organic Search,APAC
C04174,Digital Group,2025-07-04,India,Retail,Enterprise,Sales,APAC
C04175,Fusion Technologies,2024-11-03,India,Other,Large,Partner,APAC
C04176,Bright Analytics,2024-06-07,Germany,Technology,Large,Email Marketing,Europe
C04177,Apex Systems,2024-10-02,USA,Professional Services,Small,Referral,North America
C04178,Summit Technologies,2025-06-10,USA,Manufacturing,Small,Paid Search,North America
C04179,Blue Works,2024-08-12,Singapore,Finance,Small,Paid Search,APAC
C04180,Blue Software,2024-05-21,USA,Manufacturing,Small,Referral,North America
C04181,Digital Systems,2024-11-20,Australia,Finance,Small,Referral,APAC
C04182,Bright Services,2025-07-11,Canada,Manufacturing,Enterprise,Organic Search,North America
C04183,Bright Software,2024-02-21,India,Technology,Medium,Organic Search,APAC
C04184,Fusion Systems,2025-06-13,USA,Manufacturing,Small,Paid Search,North America
C04185,Digital Technologies,2025-05-10,India,Technology,Enterprise,Paid Search,APAC
C04186,Prime Labs,2025-02-06,UK,Manufacturing,Enterprise,Sales,Europe
C04187,Apex Systems,2024-12-07,Canada,Technology,Large,Paid Social,North America
C04188,Vertex Labs,2024-08-16,USA,Retail,Small,Paid Search,North America
C04189,Summit Group,2025-02-14,Germany,Professional Services,Large,Sales,Europe
C04190,Vertex Solutions,2024-01-13,USA,Marketing,Small,Partner,North America
C04191,Cloud Group,2024-10-09,India,Manufacturing,Small,Paid Search,APAC
C04192,Prime Software,2024-03-09,USA,Marketing,Medium,Organic Search,North America
C04193,Apex Labs,2025-06-13,Other,Other,Medium,Paid Search,Other
C04194,Core Systems,2025-06-17,Germany,Healthcare,Small,Sales,Europe
C04195,Bright Solutions,2024-09-08,India,Finance,Medium,Paid Social,APAC
C04196,Next Software,2025-11-20,India,Healthcare,Small,Partner,APAC
C04197,Cloud Group,2024-01-03,USA,Technology,Small,Sales,North America
C04198,Blue Works,2025-01-01,Canada,Retail,Medium,Sales,North America
C04199,Cloud Technologies,2025-11-25,UK,Education,Small,Organic Search,Europe
C04200,Prime Solutions,2024-06-03,India,Healthcare,Large,Referral,APAC
C04201,Core Analytics,2025-02-12,Germany,Professional Services,Medium,Paid Search,Europe
C04202,Vertex Group,2024-05-19,USA,Retail,Medium,Paid Search,North America
C04203,Blue Services,2025-02-19,Other,Marketing,Large,Organic Search,Other
C04204,Cloud Software,2025-09-05,USA,Retail,Small,Paid Search,North America
C04205,Apex Analytics,2024-11-13,India,Education,Medium,Email Marketing,APAC
C04206,Cloud Group,2025-07-29,India,Technology,Medium,Organic Search,APAC
C04207,Bright Labs,2025-09-30,India,Retail,Large,Email Marketing,APAC
C04208,Blue Group,2024-01-28,USA,Manufacturing,Medium,Organic Search,North America
C04209,Cloud Software,2024-12-25,Canada,Technology,Small,Sales,North America
C04210,Summit Works,2024-08-13,India,Finance,Small,Paid Search,APAC
C04211,Nova Solutions,2025-12-01,Canada,Finance,Large,Paid Search,North America
C04212,Fusion Group,2025-05-05,Germany,Finance,Small,Paid Social,Europe
C04213,Summit Solutions,2025-04-21,Australia,Technology,Enterprise,Sales,APAC
C04214,Nova Solutions,2025-08-18,India,Technology,Medium,Email Marketing,APAC
C04215,Digital Labs,2024-03-09,USA,Education,Small,Referral,North America
C04216,Vertex Solutions,2024-07-25,USA,Retail,Small,Referral,North America
C04217,Summit Software,2025-07-30,India,Manufacturing,Small,Organic Search,APAC
C04218,Cloud Technologies,2024-05-27,Canada,Technology,Small,Organic Search,North America
C04219,Bright Analytics,2025-09-17,Other,Retail,Small,Organic Search,Other
C04220,Apex Group,2024-10-10,USA,Education,Medium,Paid Search,North America
C04221,Digital Solutions,2024-03-27,Other,Finance,Medium,Paid Search,Other
C04222,Apex Labs,2025-02-27,USA,Marketing,Small,Paid Social,North America
C04223,Bright Solutions,2024-07-29,India,Other,Medium,Sales,APAC
C04224,Cloud Software,2024-05-06,USA,Technology,Small,Sales,North America
C04225,Fusion Services,2025-12-01,Canada,Retail,Medium,Organic Search,North America
C04226,Blue Labs,2025-01-12,Singapore,Professional Services,Small,Sales,APAC
C04227,Nova Networks,2025-01-30,UK,Technology,Large,Email Marketing,Europe
C04228,Vertex Networks,2025-10-08,UK,Manufacturing,Small,Referral,Europe
C04229,Fusion Networks,2024-01-07,India,Technology,Medium,Organic Search,APAC
C04230,Nova Labs,2024-02-01,Australia,Healthcare,Medium,Partner,APAC
C04231,Next Services,2025-02-14,Singapore,Education,Medium,Organic Search,APAC
C04232,Digital Solutions,2024-01-26,USA,Marketing,Medium,Organic Search,North America
C04233,Core Analytics,2025-02-17,USA,Manufacturing,Small,Referral,North America
C04234,Prime Analytics,2025-05-13,USA,Marketing,Small,Organic Search,North America
C04235,Digital Software,2025-06-29,USA,Education,Enterprise,Referral,North America
C04236,Core Software,2024-04-13,UK,Healthcare,Medium,Sales,Europe
C04237,Blue Group,2024-04-15,India,Finance,Large,Partner,APAC
C04238,Prime Technologies,2025-02-27,Australia,Technology,Small,Paid Search,APAC
C04239,Nova Systems,2025-06-24,USA,Other,Large,Paid Social,North America
C04240,Digital Technologies,2025-10-07,India,Finance,Small,Paid Search,APAC
C04241,Core Services,2025-08-19,UK,Retail,Medium,Partner,Europe
C04242,Summit Analytics,2025-08-06,India,Retail,Small,Paid Search,APAC
C04243,Core Systems,2024-05-12,USA,Retail,Medium,Paid Search,North America
C04244,Nova Solutions,2025-11-29,USA,Other,Small,Referral,North America
C04245,Digital Software,2024-05-30,Other,Retail,Large,Email Marketing,Other
C04246,Blue Systems,2025-09-05,Germany,Technology,Medium,Paid Search,Europe
C04247,Nova Services,2024-02-12,Germany,Manufacturing,Small,Referral,Europe
C04248,Cloud Technologies,2024-05-04,India,Professional Services,Small,Paid Search,APAC
C04249,Vertex Analytics,2024-04-26,USA,Education,Large,Paid Search,North America
C04250,Blue Systems,2025-04-20,UK,Manufacturing,Medium,Organic Search,Europe
C04251,Prime Networks,2024-05-07,UK,Finance,Small,Referral,Europe
C04252,Nova Analytics,2024-05-08,USA,Technology,Small,Paid Search,North America
C04253,Bright Software,2024-09-16,Germany,Professional Services,Small,Paid Search,Europe
C04254,Vertex Networks,2024-11-08,USA,Education,Small,Paid Social,North America
C04255,Blue Works,2024-12-29,India,Professional Services,Large,Email Marketing,APAC
C04256,Prime Technologies,2025-08-10,India,Technology,Medium,Organic Search,APAC
C04257,Cloud Technologies,2025-10-14,UK,Technology,Small,Partner,Europe
C04258,Prime Software,2024-01-08,UK,Finance,Medium,Email Marketing,Europe
C04259,Fusion Software,2024-12-15,USA,Technology,Small,Referral,North America
C04260,Nova Group,2025-10-30,India,Other,Medium,Partner,APAC
C04261,Summit Works,2024-09-21,UK,Healthcare,Small,Paid Search,Europe
C04262,Apex Works,2024-12-15,UK,Manufacturing,Medium,Paid Search,Europe
C04263,Next Solutions,2024-11-06,India,Healthcare,Small,Paid Search,APAC
C04264,Digital Services,2024-12-18,USA,Education,Small,Referral,North America
C04265,Core Group,2024-12-17,USA,Professional Services,Enterprise,Email Marketing,North America
C04266,Bright Software,2025-03-24,USA,Marketing,Small,Organic Search,North America
C04267,Cloud Technologies,2024-08-11,Other,Retail,Medium,Paid Social,Other
C04268,Bright Systems,2025-05-30,USA,Other,Small,Paid Search,North America
C04269,Digital Systems,2025-10-09,USA,Retail,Small,Paid Search,North America
C04270,Next Solutions,2025-07-17,UK,Technology,Small,Paid Search,Europe
C04271,Next Services,2025-02-21,Canada,Other,Medium,Organic Search,North America
C04272,Apex Systems,2025-01-04,Australia,Finance,Small,Organic Search,APAC
C04273,Digital Software,2024-12-31,India,Finance,Large,Referral,APAC
C04274,Digital Labs,2024-09-12,Australia,Marketing,Small,Partner,APAC
C04275,Vertex Systems,2024-08-20,India,Retail,Medium,Referral,APAC
C04276,Summit Networks,2024-06-12,USA,Education,Small,Referral,North America
C04277,Core Labs,2024-09-14,USA,Technology,Small,Referral,North America
C04278,Prime Labs,2024-12-07,UK,Technology,Small,Referral,Europe
C04279,Summit Networks,2024-12-22,Germany,Retail,Small,Organic Search,Europe
C04280,Cloud Services,2025-06-14,India,Technology,Small,Email Marketing,APAC
C04281,Nova Systems,2025-01-15,Australia,Professional Services,Medium,Referral,APAC
C04282,Vertex Networks,2024-03-23,USA,Finance,Medium,Referral,North America
C04283,Core Technologies,2025-08-22,USA,Other,Small,Paid Social,North America
C04284,Cloud Networks,2025-07-22,Singapore,Education,Large,Paid Search,APAC
C04285,Apex Systems,2024-07-20,USA,Marketing,Small,Paid Search,North America
C04286,Digital Software,2025-08-12,USA,Marketing,Medium,Organic Search,North America
C04287,Fusion Works,2025-10-21,Singapore,Retail,Medium,Paid Social,APAC
C04288,Vertex Technologies,2024-09-22,USA,Technology,Large,Paid Search,North America
C04289,Summit Solutions,2024-03-02,UK,Education,Small,Paid Social,Europe
C04290,Prime Solutions,2024-12-24,India,Healthcare,Medium,Organic Search,APAC
C04291,Next Works,2025-08-26,USA,Healthcare,Small,Partner,North America
C04292,Bright Group,2025-07-29,Canada,Healthcare,Small,Partner,North America
C04293,Bright Services,2025-02-24,USA,Manufacturing,Medium,Paid Search,North America
C04294,Summit Works,2024-06-13,UK,Manufacturing,Large,Organic Search,Europe
C04295,Next Works,2025-06-05,India,Finance,Medium,Organic Search,APAC
C04296,Bright Software,2025-08-16,Other,Retail,Small,Referral,Other
C04297,Vertex Networks,2025-02-04,Canada,Technology,Medium,Paid Social,North America
C04298,Nova Analytics,2025-10-27,USA,Retail,Large,Sales,North America
C04299,Prime Group,2024-11-14,UK,Technology,Medium,Organic Search,Europe
C04300,Summit Analytics,2024-12-28,Canada,Professional Services,Large,Organic Search,North America
C04301,Vertex Technologies,2025-10-08,UK,Retail,Small,Partner,Europe
C04302,Nova Group,2024-10-31,USA,Healthcare,Medium,Paid Search,North America
C04303,Digital Networks,2024-04-08,Australia,Other,Small,Referral,APAC
C04304,Apex Analytics,2025-08-17,India,Education,Small,Referral,APAC
C04305,Cloud Systems,2025-03-11,UK,Professional Services,Enterprise,Paid Search,Europe
C04306,Digital Technologies,2025-06-18,USA,Manufacturing,Small,Organic Search,North America
C04307,Digital Services,2024-01-07,USA,Technology,Small,Paid Search,North America
C04308,Digital Solutions,2024-03-13,Singapore,Finance,Medium,Sales,APAC
C04309,Summit Software,2025-07-12,UK,Marketing,Medium,Paid Social,Europe
C04310,Prime Services,2025-06-26,USA,Finance,Small,Referral,North America
C04311,Summit Systems,2025-11-11,UK,Healthcare,Small,Referral,Europe
C04312,Summit Labs,2025-04-09,Canada,Education,Enterprise,Referral,North America
C04313,Prime Technologies,2024-10-28,UK,Education,Enterprise,Referral,Europe
C04314,Apex Services,2024-07-05,Other,Technology,Small,Partner,Other
C04315,Next Software,2024-10-31,USA,Professional Services,Medium,Organic Search,North America
C04316,Core Works,2024-04-07,USA,Retail,Medium,Paid Search,North America
C04317,Summit Group,2025-01-16,Canada,Other,Small,Paid Search,North America
C04318,Core Networks,2025-07-18,USA,Technology,Small,Paid Search,North America
C04319,Vertex Works,2025-01-29,India,Other,Small,Organic Search,APAC
C04320,Cloud Solutions,2024-08-08,UK,Finance,Large,Paid Search,Europe
C04321,Blue Services,2024-03-27,USA,Manufacturing,Small,Referral,North America
C04322,Summit Systems,2024-11-24,Germany,Technology,Small,Paid Social,Europe
C04323,Vertex Works,2024-02-09,UK,Education,Small,Paid Search,Europe
C04324,Nova Networks,2024-01-02,Other,Technology,Medium,Sales,Other
C04325,Blue Group,2024-02-12,Germany,Other,Small,Paid Social,Europe
C04326,Blue Systems,2024-07-20,UK,Retail,Medium,Organic Search,Europe
C04327,Cloud Software,2025-05-22,UK,Technology,Small,Partner,Europe
C04328,Nova Solutions,2025-06-20,UK,Retail,Small,Organic Search,Europe
C04329,Apex Analytics,2025-11-10,USA,Other,Small,Sales,North America
C04330,Apex Group,2024-03-16,UK,Professional Services,Small,Organic Search,Europe
C04331,Core Networks,2025-03-22,Other,Technology,Large,Referral,Other
C04332,Summit Labs,2025-06-27,Singapore,Marketing,Small,Organic Search,APAC
C04333,Digital Networks,2025-11-30,India,Retail,Small,Referral,APAC
C04334,Nova Services,2025-09-16,UK,Retail,Medium,Partner,Europe
C04335,Nova Systems,2024-08-05,Australia,Manufacturing,Medium,Organic Search,APAC
C04336,Fusion Group,2024-11-07,USA,Education,Medium,Partner,North America
C04337,Blue Systems,2024-01-27,UK,Education,Medium,Referral,Europe
C04338,Nova Software,2025-07-20,USA,Healthcare,Small,Sales,North America
C04339,Apex Technologies,2025-10-21,Germany,Healthcare,Medium,Paid Search,Europe
C04340,Apex Services,2025-05-02,India,Education,Small,Organic Search,APAC
C04341,Digital Technologies,2024-03-06,USA,Professional Services,Small,Organic Search,North America
C04342,Prime Solutions,2024-01-01,UK,Finance,Small,Partner,Europe
C04343,Blue Networks,2025-01-05,India,Marketing,Medium,Sales,APAC
C04344,Next Solutions,2024-04-24,UK,Technology,Large,Partner,Europe
C04345,Core Services,2025-04-25,Canada,Manufacturing,Small,Organic Search,North America
C04346,Prime Solutions,2025-09-06,USA,Professional Services,Large,Organic Search,North America
C04347,Vertex Software,2024-09-01,Other,Technology,Medium,Referral,Other
C04348,Nova Software,2025-06-24,India,Education,Medium,Organic Search,APAC
C04349,Apex Networks,2025-10-26,Australia,Healthcare,Small,Paid Search,APAC
C04350,Apex Technologies,2024-06-19,UK,Retail,Small,Sales,Europe
C04351,Vertex Networks,2024-01-06,USA,Healthcare,Small,Sales,North America
C04352,Prime Works,2024-09-02,USA,Education,Medium,Paid Search,North America
C04353,Digital Technologies,2025-07-14,Australia,Retail,Medium,Referral,APAC
C04354,Core Analytics,2025-02-08,Canada,Other,Small,Sales,North America
C04355,Digital Works,2025-02-28,USA,Education,Small,Sales,North America
C04356,Blue Technologies,2025-08-04,USA,Technology,Medium,Sales,North America
C04357,Fusion Software,2024-11-26,USA,Finance,Large,Paid Search,North America
C04358,Apex Technologies,2024-09-04,USA,Marketing,Small,Paid Social,North America
C04359,Blue Systems,2025-10-30,USA,Retail,Small,Email Marketing,North America
C04360,Digital Services,2025-07-22,India,Education,Large,Paid Search,APAC
C04361,Core Analytics,2024-06-06,UK,Marketing,Large,Partner,Europe
C04362,Core Systems,2024-12-15,India,Finance,Large,Referral,APAC
C04363,Next Services,2025-08-17,USA,Healthcare,Medium,Organic Search,North America
C04364,Apex Works,2025-08-22,UK,Technology,Small,Organic Search,Europe
C04365,Next Group,2025-11-20,Canada,Professional Services,Medium,Organic Search,North America
C04366,Apex Labs,2024-06-09,UK,Technology,Small,Organic Search,Europe
C04367,Apex Systems,2024-09-01,Australia,Manufacturing,Small,Referral,APAC
C04368,Core Networks,2025-08-17,India,Finance,Small,Paid Search,APAC
C04369,Apex Labs,2024-03-07,Canada,Finance,Large,Paid Social,North America
C04370,Vertex Analytics,2025-01-05,UK,Education,Small,Paid Search,Europe
C04371,Blue Software,2025-03-02,Germany,Retail,Medium,Organic Search,Europe
C04372,Cloud Software,2025-11-22,USA,Retail,Large,Sales,North America
C04373,Digital Software,2024-06-06,USA,Other,Medium,Partner,North America
C04374,Nova Networks,2025-05-23,USA,Marketing,Enterprise,Referral,North America
C04375,Next Solutions,2024-03-12,UK,Professional Services,Medium,Email Marketing,Europe
C04376,Digital Services,2024-02-22,India,Manufacturing,Large,Sales,APAC
C04377,Bright Solutions,2025-05-16,USA,Retail,Medium,Organic Search,North America
C04378,Bright Labs,2025-03-02,UK,Marketing,Medium,Partner,Europe
C04379,Apex Works,2025-01-11,USA,Retail,Small,Referral,North America
C04380,Prime Labs,2025-10-05,UK,Technology,Medium,Paid Social,Europe
C04381,Vertex Systems,2025-03-20,USA,Technology,Medium,Organic Search,North America
C04382,Core Networks,2025-03-15,USA,Technology,Large,Paid Search,North America
C04383,Prime Group,2024-01-14,USA,Healthcare,Medium,Paid Search,North America
C04384,Bright Group,2024-04-17,Other,Professional Services,Medium,Paid Social,Other
C04385,Digital Labs,2025-09-06,Singapore,Professional Services,Medium,Email Marketing,APAC
C04386,Cloud Technologies,2024-03-11,Other,Finance,Small,Partner,Other
C04387,Bright Software,2025-03-17,USA,Marketing,Medium,Sales,North America
C04388,Bright Solutions,2025-03-17,Singapore,Education,Small,Organic Search,APAC
C04389,Fusion Software,2025-01-02,India,Professional Services,Small,Organic Search,APAC
C04390,Fusion Works,2024-12-11,USA,Education,Large,Organic Search,North America
C04391,Digital Group,2024-10-28,USA,Technology,Medium,Partner,North America
C04392,Nova Services,2024-04-14,India,Other,Small,Paid Social,APAC
C04393,Summit Software,2024-07-13,Australia,Manufacturing,Small,Paid Social,APAC
C04394,Summit Technologies,2025-07-09,UK,Technology,Large,Paid Social,Europe
C04395,Next Services,2024-12-08,India,Finance,Small,Organic Search,APAC
C04396,Summit Labs,2024-10-20,USA,Education,Enterprise,Organic Search,North America
C04397,Summit Services,2025-07-10,Canada,Manufacturing,Small,Sales,North America
C04398,Cloud Networks,2024-06-06,USA,Finance,Small,Paid Search,North America
C04399,Summit Technologies,2024-01-15,USA,Technology,Small,Sales,North America
C04400,Blue Systems,2025-07-23,USA,Education,Enterprise,Organic Search,North America
C04401,Prime Networks,2024-04-03,USA,Healthcare,Large,Organic Search,North America
C04402,Next Networks,2024-01-01,Australia,Finance,Small,Email Marketing,APAC
C04403,Blue Software,2025-02-20,USA,Technology,Small,Paid Search,North America
C04404,Fusion Technologies,2024-07-05,Canada,Professional Services,Medium,Sales,North America
C04405,Vertex Works,2025-04-17,Other,Marketing,Large,Sales,Other
C04406,Apex Works,2024-11-17,USA,Education,Small,Paid Social,North America
C04407,Core Group,2024-12-03,UK,Retail,Medium,Paid Social,Europe
C04408,Prime Labs,2024-05-14,Other,Technology,Enterprise,Organic Search,Other
C04409,Vertex Labs,2025-03-18,Other,Education,Medium,Email Marketing,Other
C04410,Bright Services,2024-01-29,Canada,Technology,Medium,Partner,North America
C04411,Fusion Networks,2024-12-06,Other,Education,Medium,Paid Search,Other
C04412,Next Works,2024-10-17,USA,Finance,Medium,Partner,North America
C04413,Cloud Software,2025-07-30,USA,Technology,Medium,Paid Search,North America
C04414,Core Group,2025-11-21,USA,Technology,Large,Paid Search,North America
C04415,Bright Group,2025-01-27,USA,Finance,Large,Sales,North America
C04416,Fusion Services,2025-04-28,USA,Retail,Small,Paid Search,North America
C04417,Cloud Works,2025-03-21,USA,Other,Medium,Sales,North America
C04418,Cloud Solutions,2024-04-12,India,Retail,Small,Sales,APAC
C04419,Core Works,2024-05-11,UK,Marketing,Medium,Referral,Europe
C04420,Nova Group,2024-08-19,India,Marketing,Medium,Referral,APAC
C04421,Vertex Analytics,2024-01-19,Singapore,Finance,Small,Organic Search,APAC
C04422,Nova Systems,2024-05-02,USA,Education,Medium,Partner,North America
C04423,Fusion Software,2025-01-21,India,Healthcare,Enterprise,Organic Search,APAC
C04424,Vertex Solutions,2024-08-19,USA,Finance,Medium,Paid Search,North America
C04425,Fusion Services,2025-04-26,UK,Manufacturing,Small,Organic Search,Europe
C04426,Blue Analytics,2025-04-10,Australia,Education,Large,Partner,APAC
C04427,Nova Technologies,2024-01-14,Other,Retail,Small,Partner,Other
C04428,Blue Works,2024-02-22,USA,Technology,Small,Paid Search,North America
C04429,Cloud Software,2024-02-21,USA,Professional Services,Medium,Paid Social,North America
C04430,Prime Labs,2024-08-30,USA,Technology,Small,Partner,North America
C04431,Nova Services,2024-11-28,UK,Education,Small,Paid Search,Europe
C04432,Apex Group,2025-09-06,Other,Technology,Enterprise,Organic Search,Other
C04433,Digital Group,2025-02-16,Australia,Technology,Small,Paid Search,APAC
C04434,Digital Networks,2025-05-31,UK,Manufacturing,Medium,Referral,Europe
C04435,Digital Systems,2025-04-29,Canada,Healthcare,Small,Referral,North America
C04436,Summit Works,2024-03-27,USA,Retail,Small,Paid Social,North America
C04437,Summit Solutions,2024-11-08,India,Finance,Small,Paid Social,APAC
C04438,Digital Technologies,2024-01-24,USA,Marketing,Small,Paid Social,North America
C04439,Blue Analytics,2025-02-05,UK,Retail,Medium,Paid Search,Europe
C04440,Summit Technologies,2024-06-08,Other,Marketing,Medium,Paid Social,Other
C04441,Prime Group,2025-09-08,UK,Other,Small,Sales,Europe
C04442,Apex Networks,2024-01-29,Canada,Education,Small,Organic Search,North America
C04443,Core Group,2024-11-08,India,Finance,Large,Referral,APAC
C04444,Next Services,2024-08-17,Canada,Professional Services,Small,Partner,North America
C04445,Bright Labs,2025-01-09,USA,Professional Services,Medium,Paid Social,North America
C04446,Nova Works,2024-11-22,Canada,Healthcare,Small,Organic Search,North America
C04447,Next Works,2024-03-16,India,Education,Small,Sales,APAC
C04448,Apex Services,2024-07-06,USA,Healthcare,Medium,Organic Search,North America
C04449,Apex Systems,2024-11-27,Singapore,Professional Services,Small,Email Marketing,APAC
C04450,Summit Services,2025-10-12,Canada,Education,Medium,Partner,North America
C04451,Apex Solutions,2025-10-07,India,Healthcare,Large,Partner,APAC
C04452,Prime Services,2024-06-06,Other,Healthcare,Medium,Paid Search,Other
C04453,Nova Solutions,2025-08-24,Singapore,Technology,Medium,Referral,APAC
C04454,Cloud Systems,2025-09-20,Germany,Healthcare,Medium,Paid Search,Europe
C04455,Cloud Software,2024-12-04,Canada,Healthcare,Medium,Referral,North America
C04456,Digital Labs,2024-10-31,USA,Healthcare,Medium,Organic Search,North America
C04457,Core Technologies,2025-05-11,USA,Finance,Large,Organic Search,North America
C04458,Fusion Software,2024-06-04,USA,Marketing,Small,Referral,North America
C04459,Bright Networks,2025-05-25,Australia,Retail,Small,Paid Search,APAC
C04460,Core Group,2025-03-14,India,Technology,Small,Organic Search,APAC
C04461,Apex Technologies,2024-02-16,Canada,Technology,Small,Paid Search,North America
C04462,Prime Solutions,2025-05-02,UK,Retail,Medium,Paid Search,Europe
C04463,Apex Group,2024-03-19,Singapore,Technology,Small,Paid Search,APAC
C04464,Fusion Analytics,2024-06-03,Canada,Manufacturing,Medium,Referral,North America
C04465,Apex Solutions,2025-02-02,UK,Retail,Medium,Paid Search,Europe
C04466,Cloud Systems,2025-01-11,USA,Professional Services,Small,Referral,North America
C04467,Apex Software,2025-05-30,USA,Retail,Small,Partner,North America
C04468,Apex Networks,2025-07-28,USA,Retail,Small,Email Marketing,North America
C04469,Nova Analytics,2024-10-30,UK,Healthcare,Enterprise,Sales,Europe
C04470,Bright Services,2024-09-15,Singapore,Manufacturing,Small,Email Marketing,APAC
C04471,Digital Networks,2024-05-15,USA,Finance,Small,Sales,North America
C04472,Nova Networks,2025-02-06,USA,Other,Medium,Sales,North America
C04473,Fusion Solutions,2024-06-25,UK,Professional Services,Small,Paid Search,Europe
C04474,Apex Group,2025-01-04,Germany,Technology,Medium,Referral,Europe
C04475,Prime Solutions,2024-03-26,India,Technology,Large,Referral,APAC
C04476,Core Software,2025-05-20,India,Marketing,Medium,Paid Search,APAC
C04477,Vertex Group,2025-03-07,USA,Technology,Large,Email Marketing,North America
C04478,Blue Software,2025-02-10,USA,Technology,Medium,Organic Search,North America
C04479,Cloud Analytics,2024-03-19,India,Retail,Small,Partner,APAC
C04480,Summit Services,2024-01-12,Canada,Other,Small,Paid Social,North America
C04481,Nova Solutions,2025-11-23,Germany,Finance,Small,Organic Search,Europe
C04482,Cloud Works,2024-12-02,UK,Healthcare,Large,Sales,Europe
C04483,Nova Networks,2025-08-27,India,Other,Small,Partner,APAC
C04484,Next Networks,2025-07-31,USA,Professional Services,Large,Sales,North America
C04485,Prime Technologies,2025-11-12,Australia,Technology,Small,Organic Search,APAC
C04486,Summit Works,2024-06-19,India,Professional Services,Small,Organic Search,APAC
C04487,Blue Networks,2024-09-20,Germany,Manufacturing,Small,Partner,Europe
C04488,Prime Solutions,2024-03-09,USA,Technology,Small,Paid Search,North America
C04489,Prime Analytics,2025-08-06,Singapore,Marketing,Medium,Sales,APAC
C04490,Core Group,2024-03-10,India,Marketing,Large,Partner,APAC
C04491,Bright Technologies,2025-06-01,Canada,Technology,Large,Sales,North America
C04492,Fusion Networks,2025-02-07,USA,Other,Small,Referral,North America
C04493,Apex Services,2024-09-06,UK,Education,Medium,Referral,Europe
C04494,Core Analytics,2024-10-11,Singapore,Manufacturing,Medium,Referral,APAC
C04495,Cloud Labs,2024-06-13,Australia,Education,Small,Organic Search,APAC
C04496,Summit Works,2024-07-12,USA,Finance,Small,Email Marketing,North America
C04497,Blue Analytics,2024-05-08,Other,Finance,Small,Referral,Other
C04498,Cloud Works,2025-05-14,Canada,Healthcare,Medium,Sales,North America
C04499,Apex Labs,2024-05-20,USA,Finance,Medium,Partner,North America
C04500,Summit Solutions,2024-02-08,USA,Healthcare,Small,Referral,North America
C04501,Next Systems,2025-03-25,India,Technology,Medium,Email Marketing,APAC
C04502,Fusion Analytics,2024-09-27,USA,Retail,Medium,Email Marketing,North America
C04503,Vertex Group,2025-03-21,USA,Finance,Medium,Paid Search,North America
C04504,Cloud Technologies,2024-02-11,India,Technology,Small,Referral,APAC
C04505,Blue Solutions,2025-08-16,India,Other,Small,Paid Search,APAC
C04506,Next Labs,2024-09-26,USA,Education,Medium,Organic Search,North America
C04507,Apex Systems,2025-02-24,Australia,Technology,Small,Referral,APAC
C04508,Cloud Group,2024-02-07,Canada,Technology,Medium,Email Marketing,North America
C04509,Nova Technologies,2024-06-29,UK,Manufacturing,Small,Organic Search,Europe
C04510,Core Group,2025-10-29,USA,Professional Services,Small,Referral,North America
C04511,Cloud Labs,2025-08-30,USA,Education,Small,Organic Search,North America
C04512,Vertex Networks,2024-07-14,India,Finance,Medium,Paid Search,APAC
C04513,Bright Software,2024-08-22,Other,Retail,Large,Sales,Other
C04514,Summit Networks,2025-06-06,Other,Education,Small,Partner,Other
C04515,Vertex Analytics,2024-01-10,UK,Retail,Medium,Organic Search,Europe
C04516,Nova Works,2024-07-28,UK,Retail,Small,Sales,Europe
C04517,Prime Networks,2025-09-02,Germany,Retail,Large,Organic Search,Europe
C04518,Digital Networks,2025-05-20,UK,Professional Services,Small,Paid Social,Europe
C04519,Bright Analytics,2025-12-01,Singapore,Healthcare,Small,Partner,APAC
C04520,Cloud Networks,2024-02-14,USA,Manufacturing,Small,Email Marketing,North America
C04521,Blue Software,2024-11-18,Other,Retail,Large,Organic Search,Other
C04522,Cloud Group,2024-08-06,India,Technology,Medium,Sales,APAC
C04523,Nova Software,2025-08-07,India,Education,Medium,Paid Social,APAC
C04524,Prime Analytics,2024-08-10,Canada,Healthcare,Medium,Referral,North America
C04525,Next Technologies,2024-11-29,USA,Marketing,Small,Sales,North America
C04526,Core Labs,2024-02-24,India,Technology,Small,Organic Search,APAC
C04527,Nova Solutions,2025-07-25,USA,Retail,Medium,Organic Search,North America
C04528,Core Solutions,2024-06-03,USA,Finance,Medium,Partner,North America
C04529,Digital Group,2024-02-23,India,Retail,Medium,Sales,APAC
C04530,Core Solutions,2024-05-17,USA,Other,Small,Referral,North America
C04531,Core Group,2025-10-24,Singapore,Technology,Medium,Sales,APAC
C04532,Nova Analytics,2025-03-31,USA,Technology,Large,Paid Social,North America
C04533,Core Solutions,2024-11-25,USA,Retail,Medium,Paid Search,North America
C04534,Prime Networks,2024-11-12,India,Finance,Medium,Organic Search,APAC
C04535,Prime Networks,2025-07-08,USA,Technology,Large,Paid Search,North America
C04536,Nova Networks,2025-10-01,Germany,Technology,Large,Referral,Europe
C04537,Nova Works,2025-09-16,UK,Healthcare,Large,Partner,Europe
C04538,Blue Solutions,2024-06-17,India,Technology,Medium,Organic Search,APAC
C04539,Vertex Labs,2024-02-17,USA,Finance,Enterprise,Paid Search,North America
C04540,Cloud Software,2024-03-30,USA,Technology,Small,Organic Search,North America
C04541,Next Works,2024-11-17,Australia,Technology,Large,Referral,APAC
C04542,Nova Solutions,2024-09-17,USA,Professional Services,Small,Referral,North America
C04543,Core Software,2024-04-28,USA,Professional Services,Small,Organic Search,North America
C04544,Vertex Systems,2025-06-13,USA,Retail,Large,Organic Search,North America
C04545,Blue Technologies,2025-04-01,Germany,Technology,Small,Organic Search,Europe
C04546,Nova Analytics,2025-11-01,Other,Retail,Small,Sales,Other
C04547,Bright Systems,2025-04-15,USA,Other,Medium,Email Marketing,North America
C04548,Apex Services,2025-02-20,Australia,Education,Medium,Referral,APAC
C04549,Cloud Networks,2025-06-14,Australia,Professional Services,Large,Paid Search,APAC
C04550,Prime Services,2024-02-13,Germany,Healthcare,Medium,Organic Search,Europe
C04551,Cloud Systems,2024-11-28,India,Technology,Small,Paid Social,APAC
C04552,Fusion Works,2025-06-25,Singapore,Manufacturing,Enterprise,Sales,APAC
C04553,Cloud Networks,2025-02-02,India,Technology,Small,Referral,APAC
C04554,Bright Networks,2024-03-19,USA,Education,Medium,Referral,North America
C04555,Bright Group,2025-03-05,Canada,Technology,Large,Paid Search,North America
C04556,Prime Systems,2025-02-14,Other,Technology,Medium,Paid Search,Other
C04557,Bright Labs,2024-11-18,USA,Finance,Large,Organic Search,North America
C04558,Vertex Group,2024-09-10,Germany,Retail,Enterprise,Paid Search,Europe
C04559,Core Solutions,2024-10-25,USA,Retail,Medium,Paid Search,North America
C04560,Digital Networks,2025-06-18,USA,Technology,Large,Organic Search,North America
C04561,Summit Works,2025-04-19,Germany,Retail,Enterprise,Organic Search,Europe
C04562,Nova Software,2025-07-12,USA,Education,Small,Referral,North America
C04563,Summit Technologies,2025-09-28,India,Technology,Medium,Paid Social,APAC
C04564,Core Works,2025-08-14,India,Finance,Small,Organic Search,APAC
C04565,Vertex Technologies,2024-05-19,Germany,Other,Large,Paid Social,Europe
C04566,Apex Services,2024-06-28,UK,Education,Medium,Referral,Europe
C04567,Vertex Software,2024-03-12,Germany,Retail,Small,Sales,Europe
C04568,Next Technologies,2024-01-27,USA,Professional Services,Medium,Organic Search,North America
C04569,Next Software,2025-03-10,Other,Technology,Small,Referral,Other
C04570,Summit Networks,2024-08-08,USA,Education,Medium,Email Marketing,North America
C04571,Cloud Labs,2025-10-22,UK,Finance,Small,Referral,Europe
C04572,Apex Networks,2025-09-11,Singapore,Finance,Small,Organic Search,APAC
C04573,Fusion Services,2024-08-13,Australia,Professional Services,Small,Organic Search,APAC
C04574,Next Software,2025-08-01,USA,Healthcare,Medium,Sales,North America
C04575,Next Systems,2025-03-20,USA,Retail,Large,Referral,North America
C04576,Apex Analytics,2025-05-01,India,Professional Services,Small,Email Marketing,APAC
C04577,Vertex Systems,2024-02-27,Other,Education,Medium,Email Marketing,Other
C04578,Vertex Services,2024-03-06,Australia,Healthcare,Small,Paid Search,APAC
C04579,Core Solutions,2025-11-05,USA,Retail,Small,Paid Search,North America
C04580,Digital Solutions,2025-08-09,UK,Other,Enterprise,Paid Search,Europe
C04581,Bright Systems,2025-10-30,Canada,Education,Medium,Organic Search,North America
C04582,Bright Group,2024-06-29,USA,Retail,Small,Sales,North America
C04583,Next Analytics,2025-01-22,Other,Other,Medium,Paid Search,Other
C04584,Next Networks,2024-10-08,UK,Retail,Small,Paid Search,Europe
C04585,Vertex Technologies,2024-11-09,USA,Retail,Large,Sales,North America
C04586,Blue Technologies,2024-01-02,UK,Education,Small,Paid Search,Europe
C04587,Blue Analytics,2024-11-19,Germany,Healthcare,Small,Paid Social,Europe
C04588,Next Works,2024-04-12,USA,Technology,Small,Paid Social,North America
C04589,Core Systems,2024-02-19,India,Marketing,Medium,Email Marketing,APAC
C04590,Prime Systems,2024-06-15,USA,Other,Small,Referral,North America
C04591,Digital Systems,2025-03-19,Germany,Marketing,Medium,Partner,Europe
C04592,Prime Solutions,2025-08-10,India,Education,Medium,Paid Search,APAC
C04593,Nova Analytics,2025-04-14,Australia,Technology,Medium,Paid Social,APAC
C04594,Prime Analytics,2024-01-13,Singapore,Retail,Small,Email Marketing,APAC
C04595,Bright Works,2025-03-07,USA,Technology,Large,Partner,North America
C04596,Apex Systems,2024-09-02,USA,Manufacturing,Small,Organic Search,North America
C04597,Apex Analytics,2025-01-12,India,Technology,Medium,Referral,APAC
C04598,Digital Works,2024-08-09,India,Finance,Small,Paid Search,APAC
C04599,Digital Services,2025-08-30,Other,Professional Services,Medium,Referral,Other
C04600,Fusion Group,2024-10-08,Singapore,Retail,Small,Organic Search,APAC
C04601,Fusion Labs,2025-02-22,Australia,Finance,Small,Email Marketing,APAC
C04602,Prime Analytics,2024-07-25,USA,Retail,Small,Paid Social,North America
C04603,Bright Labs,2025-09-08,Other,Manufacturing,Enterprise,Sales,Other
C04604,Vertex Group,2024-07-01,USA,Healthcare,Large,Paid Social,North America
C04605,Vertex Software,2024-04-12,UK,Professional Services,Medium,Paid Social,Europe
C04606,Next Software,2025-08-20,USA,Education,Small,Organic Search,North America
C04607,Prime Networks,2024-03-08,USA,Marketing,Medium,Paid Social,North America
C04608,Vertex Works,2024-06-02,Australia,Manufacturing,Small,Partner,APAC
C04609,Apex Labs,2025-01-02,Singapore,Manufacturing,Large,Paid Search,APAC
C04610,Fusion Works,2024-08-27,UK,Technology,Small,Partner,Europe
C04611,Digital Systems,2024-01-30,India,Retail,Medium,Organic Search,APAC
C04612,Nova Solutions,2024-02-12,USA,Retail,Large,Sales,North America
C04613,Bright Services,2024-06-28,UK,Technology,Small,Sales,Europe
C04614,Vertex Analytics,2025-11-23,Canada,Retail,Large,Paid Social,North America
C04615,Vertex Services,2024-06-29,Other,Professional Services,Small,Referral,Other
C04616,Summit Networks,2024-05-13,USA,Healthcare,Small,Referral,North America
C04617,Next Group,2025-04-14,India,Manufacturing,Small,Sales,APAC
C04618,Core Analytics,2024-08-25,USA,Manufacturing,Small,Partner,North America
C04619,Vertex Technologies,2024-02-19,Singapore,Marketing,Small,Email Marketing,APAC
C04620,Cloud Labs,2025-07-19,Singapore,Retail,Medium,Paid Social,APAC
C04621,Apex Analytics,2024-03-25,Other,Education,Medium,Organic Search,Other
C04622,Core Technologies,2025-09-13,UK,Manufacturing,Large,Paid Search,Europe
C04623,Blue Services,2025-08-22,India,Professional Services,Small,Referral,APAC
C04624,Vertex Solutions,2024-01-03,Canada,Marketing,Medium,Organic Search,North America
C04625,Cloud Analytics,2024-10-09,Other,Finance,Medium,Paid Search,Other
C04626,Nova Group,2024-12-02,USA,Healthcare,Large,Organic Search,North America
C04627,Nova Analytics,2024-01-02,USA,Technology,Small,Referral,North America
C04628,Next Technologies,2025-04-24,India,Technology,Enterprise,Organic Search,APAC
C04629,Vertex Networks,2025-08-12,USA,Professional Services,Enterprise,Paid Search,North America
C04630,Digital Solutions,2024-09-19,Canada,Healthcare,Medium,Referral,North America
C04631,Vertex Systems,2024-02-27,UK,Healthcare,Small,Organic Search,Europe
C04632,Vertex Group,2025-09-01,USA,Education,Medium,Email Marketing,North America
C04633,Core Works,2024-06-15,Germany,Professional Services,Medium,Sales,Europe
C04634,Apex Solutions,2024-07-19,Canada,Technology,Medium,Organic Search,North America
C04635,Cloud Technologies,2024-11-30,USA,Technology,Small,Paid Social,North America
C04636,Nova Systems,2025-03-05,Canada,Manufacturing,Small,Sales,North America
C04637,Summit Networks,2025-11-13,USA,Technology,Small,Paid Search,North America
C04638,Blue Works,2024-12-15,USA,Finance,Small,Referral,North America
C04639,Digital Labs,2024-05-06,USA,Healthcare,Enterprise,Paid Social,North America
C04640,Summit Labs,2025-03-23,India,Finance,Medium,Paid Social,APAC
C04641,Blue Services,2025-08-29,USA,Technology,Small,Organic Search,North America
C04642,Next Software,2025-03-19,India,Marketing,Large,Paid Search,APAC
C04643,Digital Networks,2024-12-25,USA,Finance,Small,Sales,North America
C04644,Cloud Technologies,2024-05-03,USA,Manufacturing,Medium,Organic Search,North America
C04645,Digital Labs,2024-07-21,India,Other,Small,Organic Search,APAC
C04646,Summit Labs,2024-12-03,UK,Marketing,Medium,Sales,Europe
C04647,Digital Services,2024-04-27,UK,Education,Medium,Organic Search,Europe
C04648,Bright Labs,2024-07-19,USA,Healthcare,Small,Paid Search,North America
C04649,Bright Software,2024-12-12,Singapore,Healthcare,Medium,Sales,APAC
C04650,Core Software,2024-08-12,USA,Healthcare,Small,Sales,North America
C04651,Core Technologies,2025-07-29,India,Retail,Small,Paid Search,APAC
C04652,Summit Technologies,2024-10-27,USA,Finance,Small,Referral,North America
C04653,Digital Labs,2024-10-25,USA,Technology,Small,Referral,North America
C04654,Bright Networks,2024-12-25,Germany,Manufacturing,Medium,Paid Search,Europe
C04655,Apex Group,2024-06-17,Germany,Retail,Medium,Organic Search,Europe
C04656,Prime Services,2025-05-22,UK,Retail,Small,Email Marketing,Europe
C04657,Fusion Software,2025-07-30,India,Retail,Medium,Referral,APAC
C04658,Digital Analytics,2025-04-02,UK,Other,Small,Paid Search,Europe
C04659,Nova Works,2024-07-26,Other,Education,Large,Paid Search,Other
C04660,Fusion Analytics,2025-01-05,Germany,Education,Medium,Organic Search,Europe
C04661,Apex Networks,2025-01-09,USA,Marketing,Medium,Referral,North America
C04662,Summit Systems,2024-11-04,USA,Technology,Small,Organic Search,North America
C04663,Core Technologies,2024-05-03,USA,Marketing,Medium,Paid Search,North America
C04664,Digital Software,2025-07-17,UK,Retail,Medium,Organic Search,Europe
C04665,Nova Analytics,2025-07-18,Canada,Manufacturing,Medium,Organic Search,North America
C04666,Summit Analytics,2025-11-17,Canada,Finance,Small,Organic Search,North America
C04667,Nova Services,2025-03-30,India,Healthcare,Small,Paid Search,APAC
C04668,Apex Group,2024-11-17,India,Education,Medium,Partner,APAC
C04669,Cloud Technologies,2024-06-16,USA,Other,Small,Partner,North America
C04670,Vertex Group,2025-08-20,India,Technology,Small,Email Marketing,APAC
C04671,Summit Labs,2025-09-05,USA,Retail,Medium,Referral,North America
C04672,Cloud Solutions,2024-06-16,UK,Retail,Small,Sales,Europe
C04673,Cloud Group,2024-09-10,USA,Retail,Medium,Partner,North America
C04674,Apex Software,2025-01-14,USA,Technology,Small,Partner,North America
C04675,Prime Technologies,2024-05-04,UK,Marketing,Medium,Referral,Europe
C04676,Bright Group,2024-01-08,USA,Education,Medium,Organic Search,North America
C04677,Apex Group,2024-10-15,USA,Marketing,Small,Referral,North America
C04678,Digital Services,2024-01-13,USA,Healthcare,Large,Paid Search,North America
C04679,Next Group,2024-09-22,USA,Healthcare,Small,Paid Social,North America
C04680,Apex Solutions,2024-05-11,UK,Retail,Large,Organic Search,Europe
C04681,Core Systems,2024-01-07,Other,Education,Small,Email Marketing,Other
C04682,Cloud Solutions,2025-10-18,India,Education,Small,Organic Search,APAC
C04683,Cloud Services,2024-11-22,Germany,Professional Services,Small,Sales,Europe
C04684,Apex Analytics,2024-03-03,India,Retail,Small,Partner,APAC
C04685,Next Networks,2024-02-17,Canada,Professional Services,Small,Sales,North America
C04686,Vertex Networks,2024-08-16,Canada,Education,Enterprise,Paid Search,North America
C04687,Blue Solutions,2024-04-12,India,Education,Medium,Organic Search,APAC
C04688,Nova Works,2024-10-11,Other,Technology,Small,Referral,Other
C04689,Fusion Labs,2025-04-05,USA,Technology,Small,Referral,North America
C04690,Blue Group,2024-02-23,UK,Technology,Small,Sales,Europe
C04691,Summit Labs,2025-05-22,UK,Finance,Small,Organic Search,Europe
C04692,Fusion Software,2024-08-05,Other,Finance,Large,Partner,Other
C04693,Digital Technologies,2025-05-29,USA,Finance,Medium,Paid Social,North America
C04694,Apex Solutions,2024-01-01,Canada,Finance,Small,Organic Search,North America
C04695,Summit Systems,2024-03-09,Other,Healthcare,Large,Sales,Other
C04696,Bright Group,2025-11-13,India,Marketing,Small,Organic Search,APAC
C04697,Blue Services,2025-03-23,India,Retail,Large,Sales,APAC
C04698,Core Software,2024-11-27,India,Education,Medium,Paid Search,APAC
C04699,Next Works,2024-05-26,Germany,Technology,Medium,Paid Search,Europe
C04700,Vertex Networks,2025-10-11,USA,Retail,Small,Partner,North America
C04701,Blue Analytics,2024-01-21,USA,Marketing,Small,Email Marketing,North America
C04702,Summit Solutions,2025-01-20,USA,Marketing,Enterprise,Email Marketing,North America
C04703,Blue Analytics,2024-11-27,Germany,Healthcare,Small,Partner,Europe
C04704,Prime Labs,2025-08-22,Germany,Education,Large,Paid Social,Europe
C04705,Vertex Software,2025-11-26,India,Healthcare,Small,Referral,APAC
C04706,Apex Services,2024-01-12,India,Retail,Large,Organic Search,APAC
C04707,Core Systems,2025-07-25,USA,Technology,Medium,Paid Search,North America
C04708,Summit Software,2025-08-16,USA,Professional Services,Small,Referral,North America
C04709,Next Works,2024-01-30,Singapore,Marketing,Small,Organic Search,APAC
C04710,Digital Systems,2024-01-01,UK,Technology,Small,Sales,Europe
C04711,Summit Labs,2025-02-27,India,Technology,Medium,Partner,APAC
C04712,Next Solutions,2024-08-19,Germany,Retail,Large,Paid Search,Europe
C04713,Bright Services,2024-11-12,Germany,Retail,Small,Partner,Europe
C04714,Core Networks,2024-01-03,USA,Marketing,Large,Paid Search,North America
C04715,Fusion Systems,2025-05-29,Canada,Technology,Small,Paid Social,North America
C04716,Fusion Systems,2025-07-08,USA,Healthcare,Medium,Paid Search,North America
C04717,Apex Software,2024-04-08,India,Retail,Enterprise,Partner,APAC
C04718,Cloud Systems,2024-04-09,Australia,Healthcare,Medium,Organic Search,APAC
C04719,Digital Systems,2024-09-19,UK,Other,Medium,Organic Search,Europe
C04720,Nova Group,2025-01-22,USA,Manufacturing,Large,Paid Search,North America
C04721,Nova Group,2024-03-13,Canada,Technology,Medium,Paid Search,North America
C04722,Bright Labs,2025-06-26,USA,Finance,Medium,Referral,North America
C04723,Bright Group,2024-06-21,Canada,Manufacturing,Small,Organic Search,North America
C04724,Vertex Software,2024-09-25,USA,Manufacturing,Small,Paid Social,North America
C04725,Vertex Group,2025-06-27,India,Technology,Medium,Organic Search,APAC
C04726,Summit Solutions,2025-01-07,Canada,Finance,Medium,Paid Search,North America
C04727,Apex Systems,2024-06-11,USA,Technology,Medium,Sales,North America
C04728,Bright Group,2025-02-03,Australia,Technology,Large,Sales,APAC
C04729,Digital Networks,2025-10-02,USA,Technology,Small,Organic Search,North America
C04730,Digital Labs,2024-09-26,USA,Healthcare,Medium,Paid Search,North America
C04731,Prime Analytics,2025-01-14,USA,Marketing,Medium,Email Marketing,North America
C04732,Next Software,2025-10-23,India,Marketing,Medium,Referral,APAC
C04733,Next Services,2024-06-15,India,Education,Medium,Organic Search,APAC
C04734,Prime Works,2025-09-26,UK,Education,Enterprise,Organic Search,Europe
C04735,Bright Works,2025-09-14,India,Retail,Medium,Paid Social,APAC
C04736,Vertex Analytics,2024-02-05,Canada,Retail,Large,Organic Search,North America
C04737,Fusion Works,2025-11-17,UK,Education,Medium,Partner,Europe
C04738,Core Group,2024-04-09,Canada,Technology,Medium,Organic Search,North America
C04739,Digital Analytics,2024-07-09,Canada,Retail,Medium,Organic Search,North America
C04740,Summit Technologies,2025-01-13,Germany,Healthcare,Medium,Organic Search,Europe
C04741,Prime Systems,2024-11-04,Germany,Finance,Small,Organic Search,Europe
C04742,Next Services,2025-03-25,UK,Technology,Large,Referral,Europe
C04743,Summit Analytics,2024-11-15,Canada,Finance,Medium,Paid Social,North America
C04744,Next Analytics,2025-08-29,USA,Retail,Large,Organic Search,North America
C04745,Nova Software,2025-09-24,USA,Professional Services,Large,Paid Social,North America
C04746,Cloud Services,2025-02-13,USA,Healthcare,Large,Email Marketing,North America
C04747,Bright Services,2024-03-02,India,Technology,Small,Organic Search,APAC
C04748,Vertex Solutions,2024-06-10,USA,Healthcare,Large,Referral,North America
C04749,Vertex Networks,2024-05-25,USA,Professional Services,Medium,Organic Search,North America
C04750,Core Software,2025-06-07,USA,Professional Services,Medium,Organic Search,North America
C04751,Nova Software,2024-04-08,India,Finance,Medium,Organic Search,APAC
C04752,Summit Analytics,2024-12-24,India,Healthcare,Medium,Partner,APAC
C04753,Digital Networks,2025-07-01,Other,Technology,Small,Paid Search,Other
C04754,Core Solutions,2025-09-12,USA,Education,Medium,Organic Search,North America
C04755,Fusion Analytics,2024-12-28,USA,Healthcare,Medium,Paid Search,North America
C04756,Vertex Software,2024-08-29,Canada,Retail,Small,Sales,North America
C04757,Vertex Works,2025-03-17,Canada,Retail,Medium,Paid Social,North America
C04758,Next Systems,2025-06-22,Canada,Retail,Medium,Organic Search,North America
C04759,Core Labs,2024-07-23,USA,Technology,Medium,Sales,North America
C04760,Summit Group,2024-02-04,USA,Retail,Small,Paid Social,North America
C04761,Fusion Works,2024-01-24,USA,Finance,Large,Partner,North America
C04762,Vertex Analytics,2025-07-16,India,Technology,Small,Organic Search,APAC
C04763,Vertex Services,2025-10-26,USA,Retail,Medium,Paid Social,North America
C04764,Prime Works,2024-01-30,Australia,Finance,Small,Sales,APAC
C04765,Apex Group,2025-06-12,USA,Retail,Medium,Paid Social,North America
C04766,Summit Labs,2025-07-03,Other,Manufacturing,Medium,Paid Search,Other
C04767,Summit Technologies,2025-07-14,India,Other,Medium,Sales,APAC
C04768,Blue Networks,2024-09-08,India,Retail,Small,Sales,APAC
C04769,Summit Software,2025-02-28,Germany,Marketing,Medium,Paid Social,Europe
C04770,Prime Works,2024-10-21,UK,Technology,Enterprise,Paid Social,Europe
C04771,Digital Labs,2025-11-04,Canada,Manufacturing,Small,Referral,North America
C04772,Bright Software,2025-04-02,Other,Finance,Small,Paid Search,Other
C04773,Vertex Systems,2024-09-11,India,Finance,Enterprise,Paid Social,APAC
C04774,Core Solutions,2025-08-30,Other,Manufacturing,Small,Paid Search,Other
C04775,Blue Services,2024-04-11,UK,Technology,Small,Sales,Europe
C04776,Vertex Group,2024-01-20,UK,Education,Medium,Referral,Europe
C04777,Apex Networks,2024-08-20,USA,Technology,Small,Partner,North America
C04778,Digital Works,2024-05-10,India,Technology,Large,Sales,APAC
C04779,Bright Services,2025-06-01,UK,Professional Services,Medium,Paid Social,Europe
C04780,Blue Analytics,2025-02-22,USA,Retail,Medium,Paid Search,North America
C04781,Blue Software,2025-05-31,Germany,Marketing,Medium,Sales,Europe
C04782,Apex Software,2024-06-27,India,Professional Services,Small,Partner,APAC
C04783,Summit Technologies,2024-09-28,UK,Manufacturing,Large,Organic Search,Europe
C04784,Blue Works,2025-10-21,Canada,Retail,Small,Organic Search,North America
C04785,Cloud Software,2024-10-22,USA,Manufacturing,Enterprise,Partner,North America
C04786,Bright Networks,2024-05-03,USA,Finance,Small,Sales,North America
C04787,Bright Networks,2025-02-16,USA,Manufacturing,Medium,Organic Search,North America
C04788,Next Analytics,2025-04-01,UK,Technology,Small,Partner,Europe
C04789,Blue Services,2025-05-25,Other,Retail,Large,Paid Search,Other
C04790,Bright Group,2025-01-10,Germany,Finance,Small,Paid Search,Europe
C04791,Digital Services,2025-05-24,USA,Education,Large,Paid Search,North America
C04792,Cloud Group,2025-07-07,Canada,Professional Services,Small,Referral,North America
C04793,Apex Works,2025-04-17,India,Professional Services,Small,Partner,APAC
C04794,Prime Services,2024-09-03,India,Manufacturing,Medium,Sales,APAC
C04795,Next Services,2025-03-05,USA,Finance,Large,Partner,North America
C04796,Apex Works,2024-08-24,UK,Professional Services,Small,Organic Search,Europe
C04797,Fusion Systems,2024-01-12,USA,Finance,Small,Sales,North America
C04798,Prime Services,2024-04-07,USA,Finance,Enterprise,Paid Search,North America
C04799,Vertex Analytics,2025-09-25,UK,Finance,Large,Paid Social,Europe
C04800,Core Works,2024-09-18,Australia,Education,Medium,Sales,APAC
C04801,Core Analytics,2024-05-13,Australia,Retail,Large,Organic Search,APAC
C04802,Blue Works,2025-08-03,UK,Education,Medium,Paid Social,Europe
C04803,Apex Software,2024-10-19,Australia,Technology,Small,Sales,APAC
C04804,Vertex Software,2024-10-28,UK,Finance,Medium,Partner,Europe
C04805,Blue Labs,2024-12-06,USA,Healthcare,Medium,Referral,North America
C04806,Apex Technologies,2025-11-08,Canada,Finance,Medium,Referral,North America
C04807,Digital Analytics,2025-01-17,India,Technology,Small,Referral,APAC
C04808,Core Solutions,2025-03-05,India,Technology,Medium,Referral,APAC
C04809,Vertex Networks,2025-12-01,UK,Manufacturing,Medium,Email Marketing,Europe
C04810,Prime Labs,2024-04-28,India,Finance,Large,Sales,APAC
C04811,Nova Software,2024-06-16,Canada,Technology,Small,Organic Search,North America
C04812,Digital Solutions,2024-08-05,India,Education,Small,Paid Search,APAC
C04813,Cloud Systems,2025-03-30,Germany,Education,Small,Organic Search,Europe
C04814,Apex Systems,2024-04-15,UK,Healthcare,Small,Paid Search,Europe
C04815,Blue Services,2025-06-03,Other,Technology,Enterprise,Sales,Other
C04816,Vertex Services,2025-03-13,Australia,Education,Medium,Paid Social,APAC
C04817,Digital Systems,2025-07-28,USA,Healthcare,Medium,Sales,North America
C04818,Core Technologies,2025-11-10,Canada,Professional Services,Enterprise,Organic Search,North America
C04819,Bright Works,2024-08-17,India,Healthcare,Small,Paid Search,APAC
C04820,Cloud Group,2024-11-28,Other,Manufacturing,Small,Referral,Other
C04821,Blue Services,2025-08-15,Canada,Technology,Small,Referral,North America
C04822,Summit Systems,2025-10-25,India,Retail,Enterprise,Sales,APAC
C04823,Fusion Group,2025-05-17,Other,Healthcare,Enterprise,Organic Search,Other
C04824,Bright Services,2025-02-21,India,Manufacturing,Small,Sales,APAC
C04825,Vertex Labs,2024-11-07,Australia,Technology,Medium,Organic Search,APAC
C04826,Fusion Solutions,2024-06-16,USA,Education,Small,Paid Search,North America
C04827,Summit Analytics,2025-08-29,USA,Healthcare,Small,Organic Search,North America
C04828,Core Analytics,2025-01-08,UK,Finance,Medium,Paid Search,Europe
C04829,Nova Software,2024-07-08,USA,Finance,Small,Partner,North America
C04830,Next Technologies,2025-01-28,UK,Technology,Medium,Partner,Europe
C04831,Next Solutions,2024-12-25,Other,Marketing,Medium,Organic Search,Other
C04832,Bright Networks,2024-05-20,Australia,Technology,Medium,Referral,APAC
C04833,Cloud Networks,2025-08-09,USA,Healthcare,Small,Organic Search,North America
C04834,Core Solutions,2024-07-15,Other,Finance,Small,Paid Search,Other
C04835,Next Software,2024-01-30,USA,Healthcare,Medium,Paid Search,North America
C04836,Fusion Works,2025-06-03,USA,Technology,Medium,Referral,North America
C04837,Bright Labs,2025-10-18,Other,Manufacturing,Small,Partner,Other
C04838,Core Services,2025-06-13,India,Healthcare,Small,Referral,APAC
C04839,Blue Analytics,2025-01-13,USA,Healthcare,Large,Referral,North America
C04840,Blue Solutions,2024-09-04,USA,Healthcare,Small,Paid Social,North America
C04841,Blue Solutions,2024-11-20,USA,Technology,Small,Referral,North America
C04842,Vertex Works,2024-11-28,USA,Education,Medium,Organic Search,North America
C04843,Core Software,2024-02-14,Germany,Healthcare,Medium,Paid Search,Europe
C04844,Bright Software,2024-10-23,USA,Technology,Small,Paid Search,North America
C04845,Apex Labs,2025-02-25,UK,Retail,Enterprise,Paid Social,Europe
C04846,Blue Labs,2025-09-02,USA,Finance,Small,Sales,North America
C04847,Core Technologies,2025-09-02,USA,Education,Small,Email Marketing,North America
C04848,Fusion Systems,2024-02-26,USA,Technology,Small,Sales,North America
C04849,Prime Networks,2024-11-24,India,Retail,Small,Referral,APAC
C04850,Core Networks,2024-11-28,UK,Marketing,Small,Email Marketing,Europe
C04851,Summit Solutions,2024-06-25,USA,Professional Services,Large,Organic Search,North America
C04852,Prime Systems,2024-03-10,UK,Technology,Medium,Organic Search,Europe
C04853,Apex Systems,2025-02-19,USA,Professional Services,Small,Organic Search,North America
C04854,Vertex Works,2025-07-31,UK,Professional Services,Large,Organic Search,Europe
C04855,Nova Works,2024-11-08,India,Retail,Large,Email Marketing,APAC
C04856,Fusion Technologies,2024-12-15,India,Technology,Medium,Referral,APAC
C04857,Apex Services,2025-10-20,Australia,Education,Small,Referral,APAC
C04858,Next Analytics,2024-10-16,Canada,Technology,Large,Referral,North America
C04859,Fusion Group,2024-11-09,USA,Technology,Medium,Organic Search,North America
C04860,Bright Labs,2024-05-11,India,Technology,Small,Organic Search,APAC
C04861,Digital Labs,2024-03-15,UK,Technology,Small,Paid Search,Europe
C04862,Next Solutions,2025-05-24,Germany,Marketing,Medium,Organic Search,Europe
C04863,Blue Services,2024-12-30,UK,Marketing,Enterprise,Email Marketing,Europe
C04864,Next Works,2024-11-25,Singapore,Retail,Large,Sales,APAC
C04865,Apex Services,2025-01-17,India,Technology,Small,Paid Search,APAC
C04866,Digital Group,2025-01-25,Germany,Professional Services,Large,Partner,Europe
C04867,Bright Technologies,2024-12-05,USA,Manufacturing,Small,Sales,North America
C04868,Summit Analytics,2024-07-16,USA,Finance,Small,Sales,North America
C04869,Bright Solutions,2025-09-18,Other,Technology,Medium,Email Marketing,Other
C04870,Prime Works,2025-03-02,Germany,Retail,Large,Email Marketing,Europe
C04871,Apex Systems,2024-06-23,India,Retail,Small,Referral,APAC
C04872,Summit Labs,2024-12-22,USA,Retail,Small,Organic Search,North America
C04873,Digital Networks,2025-08-23,India,Professional Services,Medium,Paid Search,APAC
C04874,Core Analytics,2024-02-16,Singapore,Education,Large,Paid Social,APAC
C04875,Core Software,2024-03-18,India,Manufacturing,Small,Organic Search,APAC
C04876,Next Systems,2024-12-16,UK,Manufacturing,Small,Referral,Europe
C04877,Apex Services,2024-07-24,USA,Healthcare,Small,Referral,North America
C04878,Summit Labs,2025-11-04,USA,Retail,Small,Partner,North America
C04879,Nova Labs,2024-12-04,USA,Finance,Medium,Organic Search,North America
C04880,Nova Services,2025-03-26,Singapore,Technology,Small,Paid Social,APAC
C04881,Summit Technologies,2025-09-06,USA,Education,Small,Organic Search,North America
C04882,Digital Solutions,2025-04-19,USA,Manufacturing,Enterprise,Email Marketing,North America
C04883,Apex Works,2025-01-21,Germany,Technology,Medium,Referral,Europe
C04884,Core Group,2024-09-18,USA,Healthcare,Medium,Email Marketing,North America
C04885,Next Networks,2024-02-28,Other,Technology,Small,Referral,Other
C04886,Summit Solutions,2025-03-13,Other,Healthcare,Medium,Organic Search,Other
C04887,Digital Services,2025-04-30,USA,Healthcare,Small,Sales,North America
C04888,Nova Group,2024-10-04,India,Healthcare,Small,Paid Search,APAC
C04889,Fusion Systems,2025-01-03,India,Manufacturing,Small,Paid Search,APAC
C04890,Blue Group,2025-01-03,India,Healthcare,Small,Sales,APAC
C04891,Apex Services,2025-10-16,India,Healthcare,Large,Organic Search,APAC
C04892,Apex Systems,2025-09-17,Australia,Healthcare,Small,Email Marketing,APAC
C04893,Fusion Group,2024-08-19,UK,Manufacturing,Small,Referral,Europe
C04894,Cloud Group,2024-09-13,USA,Retail,Medium,Email Marketing,North America
C04895,Core Technologies,2024-08-18,India,Professional Services,Medium,Partner,APAC
C04896,Apex Software,2025-05-28,USA,Marketing,Enterprise,Paid Search,North America
C04897,Bright Solutions,2025-08-22,Australia,Technology,Medium,Email Marketing,APAC
C04898,Prime Networks,2025-03-23,India,Marketing,Medium,Email Marketing,APAC
C04899,Next Labs,2024-09-26,India,Finance,Small,Referral,APAC
C04900,Digital Group,2025-09-30,Canada,Finance,Enterprise,Paid Search,North America
C04901,Fusion Analytics,2024-09-12,USA,Professional Services,Small,Organic Search,North America
C04902,Vertex Software,2024-07-22,USA,Marketing,Medium,Partner,North America
C04903,Vertex Services,2024-10-16,Germany,Finance,Medium,Partner,Europe
C04904,Cloud Solutions,2024-01-30,USA,Finance,Small,Email Marketing,North America
C04905,Nova Solutions,2024-07-05,India,Retail,Small,Sales,APAC
C04906,Apex Solutions,2025-07-23,UK,Marketing,Medium,Referral,Europe
C04907,Summit Services,2025-10-27,Germany,Finance,Medium,Email Marketing,Europe
C04908,Blue Technologies,2024-04-15,USA,Technology,Large,Organic Search,North America
C04909,Digital Analytics,2024-02-02,UK,Finance,Small,Organic Search,Europe
C04910,Blue Software,2025-05-26,Germany,Healthcare,Small,Referral,Europe
C04911,Prime Technologies,2024-02-01,Canada,Marketing,Small,Organic Search,North America
C04912,Core Solutions,2025-04-13,Other,Manufacturing,Medium,Organic Search,Other
C04913,Prime Networks,2025-10-22,USA,Technology,Large,Sales,North America
C04914,Apex Software,2025-08-03,USA,Education,Medium,Organic Search,North America
C04915,Nova Services,2024-12-01,Other,Education,Small,Organic Search,Other
C04916,Apex Technologies,2025-10-28,Canada,Finance,Small,Organic Search,North America
C04917,Blue Analytics,2024-04-15,Australia,Finance,Enterprise,Paid Search,APAC
C04918,Prime Group,2025-08-16,USA,Technology,Small,Sales,North America
C04919,Summit Group,2024-08-08,USA,Technology,Medium,Partner,North America
C04920,Vertex Software,2024-09-29,USA,Education,Medium,Organic Search,North America
C04921,Next Group,2024-04-21,India,Finance,Medium,Referral,APAC
C04922,Bright Software,2024-10-22,USA,Professional Services,Small,Paid Social,North America
C04923,Vertex Networks,2024-11-13,India,Manufacturing,Medium,Sales,APAC
C04924,Core Software,2025-09-20,India,Retail,Small,Partner,APAC
C04925,Cloud Works,2024-08-15,Germany,Technology,Small,Paid Search,Europe
C04926,Next Networks,2024-10-31,USA,Finance,Large,Organic Search,North America
C04927,Nova Technologies,2025-09-14,USA,Retail,Large,Paid Search,North America
C04928,Core Works,2025-09-06,India,Marketing,Large,Paid Search,APAC
C04929,Fusion Systems,2025-06-19,USA,Finance,Medium,Organic Search,North America
C04930,Fusion Services,2024-10-19,Australia,Finance,Medium,Paid Search,APAC
C04931,Digital Labs,2025-03-11,Singapore,Technology,Large,Paid Social,APAC
C04932,Nova Networks,2024-01-29,India,Healthcare,Medium,Organic Search,APAC
C04933,Bright Networks,2024-01-17,India,Healthcare,Small,Paid Social,APAC
C04934,Vertex Solutions,2024-09-29,UK,Finance,Small,Sales,Europe
C04935,Cloud Solutions,2024-07-18,USA,Marketing,Medium,Sales,North America
C04936,Summit Software,2024-05-22,Canada,Healthcare,Large,Partner,North America
C04937,Digital Works,2025-01-30,Australia,Education,Large,Partner,APAC
C04938,Prime Analytics,2024-01-09,India,Other,Medium,Sales,APAC
C04939,Prime Software,2025-08-25,Germany,Healthcare,Medium,Organic Search,Europe
C04940,Digital Technologies,2024-04-27,USA,Education,Large,Referral,North America
C04941,Prime Solutions,2025-07-03,Canada,Professional Services,Medium,Paid Social,North America
C04942,Nova Networks,2024-07-06,UK,Retail,Small,Organic Search,Europe
C04943,Nova Technologies,2025-08-15,Singapore,Technology,Medium,Paid Social,APAC
C04944,Next Software,2024-11-14,India,Professional Services,Medium,Organic Search,APAC
C04945,Digital Group,2025-02-04,Australia,Education,Medium,Paid Search,APAC
C04946,Next Software,2025-10-01,UK,Manufacturing,Medium,Organic Search,Europe
C04947,Nova Solutions,2025-02-01,USA,Technology,Small,Referral,North America
C04948,Apex Group,2024-02-17,USA,Education,Small,Organic Search,North America
C04949,Fusion Networks,2025-08-09,USA,Technology,Medium,Sales,North America
C04950,Digital Solutions,2025-08-23,USA,Retail,Small,Paid Search,North America
C04951,Digital Networks,2025-02-05,India,Retail,Medium,Email Marketing,APAC
C04952,Apex Technologies,2025-03-06,India,Professional Services,Small,Email Marketing,APAC
C04953,Core Analytics,2025-04-06,Canada,Professional Services,Large,Sales,North America
C04954,Prime Networks,2024-12-12,Canada,Manufacturing,Enterprise,Organic Search,North America
C04955,Digital Services,2025-01-30,UK,Manufacturing,Enterprise,Partner,Europe
C04956,Next Services,2024-07-28,Other,Retail,Medium,Organic Search,Other
C04957,Nova Software,2025-01-24,USA,Manufacturing,Enterprise,Referral,North America
C04958,Digital Works,2025-09-26,UK,Retail,Small,Partner,Europe
C04959,Digital Software,2024-02-03,USA,Technology,Medium,Organic Search,North America
C04960,Summit Solutions,2025-05-13,India,Manufacturing,Medium,Partner,APAC
C04961,Nova Systems,2025-02-05,UK,Retail,Large,Paid Social,Europe
C04962,Bright Services,2025-09-03,Australia,Retail,Medium,Paid Search,APAC
C04963,Vertex Analytics,2024-12-31,India,Finance,Medium,Organic Search,APAC
C04964,Summit Labs,2024-05-23,India,Technology,Enterprise,Organic Search,APAC
C04965,Cloud Software,2025-01-15,USA,Technology,Medium,Partner,North America
C04966,Core Group,2024-10-17,USA,Education,Large,Paid Social,North America
C04967,Vertex Services,2024-12-06,USA,Professional Services,Large,Paid Search,North America
C04968,Cloud Works,2024-01-29,USA,Technology,Medium,Organic Search,North America
C04969,Digital Systems,2024-10-20,Australia,Other,Medium,Sales,APAC
C04970,Apex Works,2025-09-19,Australia,Technology,Small,Partner,APAC
C04971,Core Technologies,2025-03-24,India,Healthcare,Small,Referral,APAC
C04972,Cloud Works,2024-11-04,USA,Professional Services,Medium,Partner,North America
C04973,Bright Services,2024-02-25,Other,Retail,Large,Sales,Other
C04974,Prime Labs,2024-10-19,USA,Education,Small,Referral,North America
C04975,Core Group,2025-02-17,USA,Marketing,Medium,Referral,North America
C04976,Core Works,2024-09-16,USA,Professional Services,Small,Sales,North America
C04977,Digital Analytics,2024-03-03,Germany,Retail,Small,Partner,Europe
C04978,Summit Labs,2024-11-23,India,Technology,Medium,Organic Search,APAC
C04979,Prime Group,2025-05-01,USA,Healthcare,Medium,Organic Search,North America
C04980,Fusion Analytics,2025-04-28,India,Retail,Medium,Referral,APAC
C04981,Summit Labs,2025-11-12,USA,Retail,Small,Organic Search,North America
C04982,Bright Works,2024-08-27,Canada,Retail,Small,Organic Search,North America
C04983,Summit Analytics,2025-08-02,USA,Retail,Small,Paid Search,North America
C04984,Digital Networks,2025-09-14,India,Retail,Small,Paid Social,APAC
C04985,Blue Solutions,2025-08-02,UK,Healthcare,Medium,Partner,Europe
C04986,Prime Networks,2025-02-24,Germany,Manufacturing,Small,Organic Search,Europe
C04987,Bright Labs,2025-02-28,India,Technology,Small,Paid Social,APAC
C04988,Vertex Group,2025-06-15,Canada,Technology,Large,Organic Search,North America
C04989,Vertex Labs,2025-10-26,Australia,Finance,Small,Partner,APAC
C04990,Prime Group,2025-11-08,USA,Professional Services,Small,Paid Search,North America
C04991,Vertex Technologies,2024-09-29,Australia,Education,Enterprise,Paid Social,APAC
C04992,Cloud Analytics,2024-11-06,UK,Healthcare,Medium,Paid Social,Europe
C04993,Digital Software,2025-02-01,USA,Marketing,Small,Paid Search,North America
C04994,Core Services,2024-03-18,India,Finance,Enterprise,Paid Search,APAC
C04995,Vertex Systems,2025-05-28,USA,Finance,Small,Referral,North America
C04996,Digital Networks,2024-10-21,Other,Education,Medium,Referral,Other
C04997,Summit Systems,2024-02-16,Canada,Education,Small,Organic Search,North America
C04998,Vertex Networks,2025-03-13,USA,Finance,Medium,Sales,North America
C04999,Digital Solutions,2024-04-30,Australia,Technology,Small,Sales,APAC
C05000,Next Services,2024-04-07,Other,Retail,Small,Paid Search,Other
C05001,Next Group,2025-05-27,India,Education,Small,Paid Search,APAC
C05002,Bright Group,2025-10-28,UK,Technology,Large,Organic Search,Europe
C05003,Apex Analytics,2024-04-19,Australia,Technology,Medium,Organic Search,APAC
C05004,Cloud Works,2024-03-19,USA,Retail,Small,Referral,North America
C05005,Core Solutions,2024-07-07,USA,Manufacturing,Small,Paid Search,North America
C05006,Vertex Software,2025-01-14,Australia,Marketing,Small,Sales,APAC
C05007,Digital Services,2025-10-12,India,Professional Services,Medium,Paid Search,APAC
C05008,Core Solutions,2024-12-24,USA,Other,Small,Email Marketing,North America
C05009,Vertex Software,2025-08-13,USA,Technology,Medium,Referral,North America
C05010,Core Technologies,2024-07-15,India,Technology,Small,Referral,APAC
C05011,Blue Software,2025-06-18,Canada,Retail,Medium,Paid Search,North America
C05012,Next Works,2025-03-02,USA,Professional Services,Medium,Organic Search,North America
C05013,Digital Works,2025-02-28,India,Technology,Medium,Referral,APAC
C05014,Fusion Networks,2024-01-08,India,Other,Medium,Paid Social,APAC
C05015,Apex Software,2024-11-25,India,Technology,Medium,Email Marketing,APAC
C05016,Summit Technologies,2024-12-02,USA,Finance,Medium,Paid Search,North America
C05017,Fusion Labs,2025-08-28,USA,Other,Small,Referral,North America
C05018,Fusion Networks,2025-07-08,UK,Retail,Medium,Paid Search,Europe
C05019,Next Analytics,2025-10-18,Other,Healthcare,Medium,Sales,Other
C05020,Bright Analytics,2025-08-04,UK,Professional Services,Small,Partner,Europe
C05021,Blue Technologies,2025-09-12,India,Retail,Enterprise,Partner,APAC
C05022,Bright Technologies,2024-11-19,India,Manufacturing,Small,Sales,APAC
C05023,Cloud Services,2025-01-12,UK,Professional Services,Small,Sales,Europe
C05024,Cloud Group,2025-08-10,USA,Professional Services,Medium,Paid Social,North America
C05025,Digital Systems,2025-05-23,USA,Marketing,Enterprise,Paid Search,North America
C05026,Digital Technologies,2025-05-12,Germany,Professional Services,Medium,Paid Search,Europe
C05027,Vertex Networks,2024-06-25,Other,Healthcare,Large,Sales,Other
C05028,Blue Networks,2024-09-29,USA,Manufacturing,Medium,Organic Search,North America
C05029,Vertex Services,2024-05-19,USA,Other,Medium,Paid Search,North America
C05030,Digital Networks,2024-05-25,India,Finance,Medium,Partner,APAC
C05031,Bright Analytics,2025-06-05,USA,Healthcare,Medium,Paid Search,North America
C05032,Digital Software,2025-08-21,USA,Healthcare,Small,Referral,North America
C05033,Bright Systems,2025-04-17,India,Technology,Medium,Paid Search,APAC
C05034,Summit Technologies,2024-05-05,UK,Professional Services,Small,Paid Social,Europe
C05035,Summit Solutions,2025-04-13,India,Retail,Medium,Organic Search,APAC
C05036,Cloud Systems,2024-07-26,USA,Retail,Small,Organic Search,North America
C05037,Nova Systems,2025-08-15,USA,Technology,Large,Email Marketing,North America
C05038,Summit Software,2024-04-01,USA,Healthcare,Small,Partner,North America
C05039,Fusion Technologies,2024-05-07,USA,Marketing,Large,Paid Social,North America
C05040,Vertex Solutions,2024-05-10,USA,Education,Medium,Organic Search,North America
C05041,Core Systems,2024-05-12,USA,Finance,Medium,Partner,North America
C05042,Fusion Works,2024-07-07,Germany,Technology,Small,Organic Search,Europe
C05043,Bright Analytics,2025-11-14,Canada,Education,Medium,Email Marketing,North America
C05044,Vertex Software,2025-01-18,India,Retail,Small,Paid Search,APAC
C05045,Blue Systems,2024-12-30,Other,Retail,Large,Sales,Other
C05046,Bright Solutions,2025-03-10,USA,Technology,Medium,Partner,North America
C05047,Summit Technologies,2024-02-26,USA,Manufacturing,Small,Organic Search,North America
C05048,Core Labs,2024-09-22,India,Technology,Large,Organic Search,APAC
C05049,Fusion Works,2024-07-18,UK,Finance,Medium,Sales,Europe
C05050,Fusion Analytics,2024-08-18,Australia,Manufacturing,Small,Organic Search,APAC
C05051,Nova Software,2025-10-27,Germany,Technology,Medium,Organic Search,Europe
C05052,Core Networks,2025-01-17,UK,Professional Services,Small,Organic Search,Europe
C05053,Core Networks,2024-07-07,Germany,Healthcare,Small,Paid Social,Europe
C05054,Bright Networks,2024-09-09,Other,Healthcare,Small,Sales,Other
C05055,Digital Software,2024-12-05,India,Other,Small,Paid Search,APAC
C05056,Digital Software,2025-01-19,USA,Professional Services,Small,Paid Search,North America
C05057,Summit Services,2025-10-07,USA,Professional Services,Medium,Email Marketing,North America
C05058,Cloud Group,2024-12-17,Canada,Marketing,Small,Paid Search,North America
C05059,Fusion Software,2024-02-28,Singapore,Finance,Small,Partner,APAC
C05060,Bright Networks,2024-01-28,Other,Education,Small,Paid Search,Other
C05061,Vertex Solutions,2025-10-18,USA,Technology,Small,Paid Social,North America
C05062,Core Analytics,2025-07-22,USA,Marketing,Medium,Sales,North America
C05063,Nova Labs,2024-06-09,Australia,Retail,Small,Sales,APAC
C05064,Cloud Analytics,2025-10-21,India,Technology,Medium,Email Marketing,APAC
C05065,Apex Networks,2024-02-21,India,Technology,Small,Email Marketing,APAC
C05066,Bright Analytics,2024-09-28,Germany,Healthcare,Medium,Paid Social,Europe
C05067,Apex Works,2024-02-22,India,Finance,Large,Paid Search,APAC
C05068,Digital Labs,2025-03-04,Australia,Technology,Small,Organic Search,APAC
C05069,Cloud Technologies,2024-01-26,Germany,Finance,Small,Sales,Europe
C05070,Nova Labs,2025-02-01,Canada,Retail,Enterprise,Paid Search,North America
C05071,Fusion Networks,2024-03-31,India,Retail,Small,Paid Search,APAC
C05072,Cloud Labs,2025-11-29,Canada,Other,Small,Organic Search,North America
C05073,Core Networks,2025-09-18,USA,Finance,Large,Paid Social,North America
C05074,Summit Networks,2024-10-07,Australia,Professional Services,Small,Email Marketing,APAC
C05075,Fusion Services,2024-02-07,India,Professional Services,Small,Partner,APAC
C05076,Prime Networks,2024-02-26,Australia,Finance,Large,Sales,APAC
C05077,Next Systems,2025-01-27,UK,Education,Medium,Sales,Europe
C05078,Next Services,2024-04-06,USA,Marketing,Small,Organic Search,North America
C05079,Vertex Works,2024-04-10,Canada,Education,Small,Paid Social,North America
C05080,Vertex Group,2024-10-28,USA,Technology,Medium,Referral,North America
C05081,Apex Technologies,2024-03-11,USA,Manufacturing,Medium,Organic Search,North America
C05082,Cloud Software,2025-07-27,Singapore,Education,Medium,Paid Search,APAC
C05083,Digital Labs,2024-01-10,India,Manufacturing,Small,Referral,APAC
C05084,Bright Solutions,2024-12-04,UK,Retail,Small,Paid Search,Europe
C05085,Prime Networks,2024-10-14,USA,Education,Medium,Referral,North America
C05086,Core Technologies,2024-09-19,Germany,Healthcare,Small,Paid Search,Europe
C05087,Apex Technologies,2024-02-21,USA,Other,Large,Organic Search,North America
C05088,Prime Group,2024-03-04,USA,Finance,Small,Organic Search,North America
C05089,Core Analytics,2024-03-19,USA,Technology,Medium,Paid Social,North America
C05090,Prime Networks,2025-10-06,USA,Marketing,Small,Organic Search,North America
C05091,Digital Group,2025-04-07,India,Education,Small,Paid Search,APAC
C05092,Vertex Analytics,2025-09-19,USA,Technology,Large,Sales,North America
C05093,Digital Technologies,2024-10-18,USA,Education,Small,Sales,North America
C05094,Apex Works,2025-08-07,Other,Healthcare,Enterprise,Paid Social,Other
C05095,Bright Technologies,2025-09-13,UK,Marketing,Small,Paid Search,Europe
C05096,Blue Services,2024-02-08,USA,Professional Services,Large,Paid Social,North America
C05097,Vertex Services,2024-10-07,Other,Manufacturing,Large,Organic Search,Other
C05098,Fusion Software,2024-01-28,Canada,Retail,Small,Paid Search,North America
C05099,Core Networks,2025-10-22,Canada,Finance,Large,Organic Search,North America
C05100,Cloud Services,2024-04-06,USA,Technology,Enterprise,Paid Social,North America
C05101,Blue Labs,2024-05-15,India,Retail,Medium,Paid Search,APAC
C05102,Vertex Services,2024-02-27,USA,Retail,Medium,Paid Search,North America
C05103,Summit Works,2025-03-17,Australia,Professional Services,Large,Organic Search,APAC
C05104,Cloud Group,2024-01-04,USA,Finance,Medium,Paid Search,North America
C05105,Next Systems,2025-06-13,USA,Finance,Medium,Paid Search,North America
C05106,Blue Networks,2025-10-13,Canada,Education,Medium,Sales,North America
C05107,Summit Group,2024-03-23,Canada,Education,Small,Organic Search,North America
C05108,Core Systems,2024-03-18,UK,Technology,Small,Organic Search,Europe
C05109,Prime Networks,2024-04-18,USA,Manufacturing,Small,Organic Search,North America
C05110,Nova Analytics,2025-07-26,India,Healthcare,Small,Paid Social,APAC
C05111,Vertex Works,2024-08-23,Canada,Technology,Small,Partner,North America
C05112,Blue Labs,2025-08-23,India,Retail,Medium,Organic Search,APAC
C05113,Blue Networks,2024-01-08,India,Retail,Medium,Organic Search,APAC
C05114,Fusion Labs,2025-06-27,Singapore,Technology,Large,Organic Search,APAC
C05115,Vertex Systems,2025-07-30,USA,Technology,Large,Partner,North America
C05116,Cloud Services,2024-10-05,India,Retail,Small,Sales,APAC
C05117,Prime Services,2024-11-03,USA,Healthcare,Small,Paid Search,North America
C05118,Digital Solutions,2024-11-19,Australia,Technology,Large,Referral,APAC
C05119,Core Works,2025-06-16,India,Manufacturing,Enterprise,Paid Search,APAC
C05120,Summit Technologies,2024-01-10,Germany,Manufacturing,Enterprise,Paid Social,Europe
C05121,Summit Labs,2025-03-14,Australia,Healthcare,Large,Partner,APAC
C05122,Blue Group,2024-04-08,USA,Retail,Small,Partner,North America
C05123,Vertex Systems,2024-09-08,Australia,Finance,Medium,Sales,APAC
C05124,Apex Works,2025-11-19,Germany,Marketing,Large,Paid Search,Europe
C05125,Core Services,2025-10-19,USA,Education,Small,Partner,North America
C05126,Summit Works,2025-11-22,USA,Professional Services,Medium,Sales,North America
C05127,Cloud Labs,2024-12-10,USA,Technology,Medium,Paid Social,North America
C05128,Summit Solutions,2024-07-02,USA,Professional Services,Small,Organic Search,North America
C05129,Cloud Works,2024-03-08,India,Finance,Large,Partner,APAC
C05130,Apex Systems,2024-07-15,Other,Healthcare,Small,Paid Search,Other
C05131,Summit Technologies,2024-08-02,USA,Technology,Small,Sales,North America
C05132,Fusion Group,2024-10-14,UK,Retail,Medium,Organic Search,Europe
C05133,Prime Systems,2024-09-13,Singapore,Technology,Large,Partner,APAC
C05134,Blue Technologies,2024-05-15,Germany,Healthcare,Medium,Partner,Europe
C05135,Cloud Services,2025-07-09,USA,Technology,Small,Email Marketing,North America
C05136,Vertex Services,2025-08-05,USA,Healthcare,Small,Partner,North America
C05137,Apex Services,2024-07-03,India,Education,Large,Organic Search,APAC
C05138,Blue Works,2025-03-19,USA,Education,Small,Referral,North America
C05139,Cloud Group,2024-09-05,USA,Professional Services,Large,Organic Search,North America
C05140,Core Services,2024-08-21,USA,Marketing,Medium,Organic Search,North America
C05141,Cloud Technologies,2024-06-09,India,Retail,Small,Sales,APAC
C05142,Apex Networks,2025-09-13,USA,Retail,Medium,Organic Search,North America
C05143,Vertex Technologies,2024-10-22,Other,Technology,Medium,Organic Search,Other
C05144,Apex Solutions,2025-07-09,USA,Healthcare,Medium,Paid Search,North America
C05145,Summit Networks,2024-01-06,USA,Finance,Small,Organic Search,North America
C05146,Blue Analytics,2025-07-13,UK,Technology,Small,Sales,Europe
C05147,Core Services,2025-04-20,UK,Marketing,Small,Organic Search,Europe
C05148,Vertex Group,2025-07-13,USA,Marketing,Large,Paid Search,North America
C05149,Core Labs,2025-11-06,USA,Technology,Small,Organic Search,North America
C05150,Blue Technologies,2024-08-16,India,Technology,Medium,Referral,APAC
C05151,Cloud Systems,2025-05-01,Other,Professional Services,Small,Organic Search,Other
C05152,Next Technologies,2025-07-29,India,Other,Large,Sales,APAC
C05153,Vertex Services,2025-05-22,Other,Technology,Small,Organic Search,Other
C05154,Core Works,2025-09-22,USA,Technology,Medium,Paid Search,North America
C05155,Core Software,2025-01-06,Germany,Technology,Medium,Paid Social,Europe
C05156,Cloud Software,2024-09-18,USA,Technology,Medium,Paid Social,North America
C05157,Digital Analytics,2025-10-22,Australia,Retail,Small,Organic Search,APAC
C05158,Vertex Solutions,2025-08-29,Canada,Retail,Small,Email Marketing,North America
C05159,Summit Technologies,2024-09-07,Other,Professional Services,Small,Sales,Other
C05160,Fusion Software,2024-02-29,Germany,Professional Services,Small,Email Marketing,Europe
C05161,Apex Networks,2024-05-10,UK,Other,Large,Paid Social,Europe
C05162,Fusion Software,2024-08-31,UK,Retail,Small,Referral,Europe
C05163,Vertex Analytics,2024-03-19,USA,Technology,Small,Organic Search,North America
C05164,Nova Services,2024-11-19,India,Finance,Medium,Email Marketing,APAC
C05165,Digital Solutions,2025-01-24,USA,Technology,Medium,Partner,North America
C05166,Core Technologies,2024-11-26,UK,Education,Large,Sales,Europe
C05167,Blue Works,2025-03-10,Australia,Technology,Medium,Organic Search,APAC
C05168,Blue Networks,2025-05-25,Singapore,Technology,Small,Paid Search,APAC
C05169,Apex Networks,2024-04-24,USA,Technology,Medium,Referral,North America
C05170,Apex Technologies,2024-05-26,Other,Manufacturing,Small,Partner,Other
C05171,Summit Software,2024-01-04,India,Education,Small,Paid Social,APAC
C05172,Next Labs,2024-02-20,UK,Professional Services,Large,Paid Search,Europe
C05173,Core Group,2025-01-06,USA,Education,Medium,Paid Social,North America
C05174,Prime Solutions,2025-05-29,USA,Technology,Medium,Paid Search,North America
C05175,Digital Software,2025-04-04,India,Retail,Small,Referral,APAC
C05176,Prime Services,2024-01-29,India,Healthcare,Medium,Partner,APAC
C05177,Vertex Works,2024-05-23,Canada,Manufacturing,Medium,Partner,North America
C05178,Cloud Technologies,2025-01-14,USA,Technology,Medium,Organic Search,North America
C05179,Core Analytics,2025-07-01,India,Retail,Medium,Paid Social,APAC
C05180,Summit Technologies,2025-09-23,India,Finance,Large,Organic Search,APAC
C05181,Nova Services,2025-02-26,USA,Marketing,Large,Organic Search,North America
C05182,Nova Systems,2025-04-19,Australia,Technology,Small,Paid Search,APAC
C05183,Blue Group,2025-07-25,USA,Technology,Medium,Organic Search,North America
C05184,Summit Analytics,2024-10-21,Singapore,Technology,Medium,Paid Social,APAC
C05185,Core Labs,2025-01-19,USA,Professional Services,Large,Paid Search,North America
C05186,Cloud Software,2024-05-03,Other,Manufacturing,Medium,Organic Search,Other
C05187,Summit Solutions,2025-07-14,USA,Healthcare,Small,Paid Search,North America
C05188,Cloud Solutions,2024-11-12,Singapore,Finance,Medium,Partner,APAC
C05189,Apex Technologies,2024-06-17,USA,Manufacturing,Medium,Organic Search,North America
C05190,Blue Solutions,2024-01-12,USA,Education,Small,Paid Social,North America
C05191,Core Networks,2024-10-20,UK,Education,Small,Organic Search,Europe
C05192,Nova Analytics,2025-10-05,USA,Education,Small,Paid Social,North America
C05193,Fusion Solutions,2024-03-04,USA,Healthcare,Medium,Paid Search,North America
C05194,Prime Works,2025-10-14,India,Healthcare,Large,Organic Search,APAC
C05195,Vertex Services,2025-04-11,USA,Retail,Large,Sales,North America
C05196,Core Technologies,2025-11-15,Other,Healthcare,Large,Organic Search,Other
C05197,Digital Software,2025-04-21,India,Professional Services,Small,Email Marketing,APAC
C05198,Fusion Services,2024-10-28,Germany,Professional Services,Small,Organic Search,Europe
C05199,Cloud Software,2024-05-18,USA,Education,Small,Paid Social,North America
C05200,Apex Software,2024-08-30,UK,Education,Enterprise,Paid Search,Europe
C05201,Vertex Labs,2024-10-15,Singapore,Healthcare,Small,Paid Search,APAC
C05202,Summit Solutions,2025-03-19,Canada,Retail,Medium,Paid Search,North America
C05203,Bright Technologies,2025-02-11,UK,Education,Medium,Organic Search,Europe
C05204,Core Software,2024-12-12,India,Education,Medium,Paid Search,APAC
C05205,Apex Software,2024-03-03,Australia,Other,Small,Partner,APAC
C05206,Nova Labs,2024-07-03,India,Finance,Medium,Email Marketing,APAC
C05207,Prime Group,2025-05-24,USA,Education,Medium,Organic Search,North America
C05208,Summit Solutions,2025-06-26,USA,Other,Medium,Organic Search,North America
C05209,Blue Systems,2025-05-24,USA,Professional Services,Medium,Paid Search,North America
C05210,Cloud Group,2024-07-11,USA,Professional Services,Medium,Sales,North America
C05211,Cloud Networks,2024-12-15,Canada,Education,Medium,Sales,North America
C05212,Prime Software,2024-12-09,Canada,Finance,Medium,Email Marketing,North America
C05213,Next Systems,2025-09-11,India,Manufacturing,Large,Sales,APAC
C05214,Bright Group,2025-08-30,USA,Technology,Small,Paid Search,North America
C05215,Summit Systems,2024-08-07,India,Retail,Medium,Sales,APAC
C05216,Vertex Technologies,2025-05-12,UK,Manufacturing,Large,Paid Social,Europe
C05217,Summit Technologies,2024-08-27,USA,Professional Services,Medium,Organic Search,North America
C05218,Bright Networks,2024-07-23,USA,Retail,Medium,Paid Social,North America
C05219,Apex Systems,2024-10-09,USA,Education,Large,Organic Search,North America
C05220,Digital Works,2025-03-23,UK,Retail,Medium,Referral,Europe
C05221,Bright Services,2025-09-26,UK,Technology,Large,Paid Search,Europe
C05222,Digital Group,2025-11-06,Singapore,Education,Medium,Email Marketing,APAC
C05223,Cloud Analytics,2024-12-05,UK,Marketing,Small,Organic Search,Europe
C05224,Apex Analytics,2024-10-12,Germany,Education,Large,Sales,Europe
C05225,Cloud Works,2025-01-19,India,Other,Small,Email Marketing,APAC
C05226,Nova Technologies,2025-03-20,Other,Retail,Large,Referral,Other
C05227,Cloud Networks,2025-07-25,USA,Technology,Small,Paid Social,North America
C05228,Bright Networks,2024-03-20,Germany,Healthcare,Small,Organic Search,Europe
C05229,Apex Labs,2024-07-22,Canada,Retail,Large,Paid Social,North America
C05230,Summit Group,2024-03-17,USA,Healthcare,Medium,Organic Search,North America
C05231,Blue Solutions,2025-11-27,USA,Retail,Enterprise,Referral,North America
C05232,Digital Networks,2025-03-11,UK,Manufacturing,Small,Referral,Europe
C05233,Summit Software,2024-01-06,Canada,Technology,Large,Paid Search,North America
C05234,Next Software,2025-01-16,USA,Education,Large,Organic Search,North America
C05235,Core Solutions,2024-07-04,Australia,Technology,Small,Referral,APAC
C05236,Prime Software,2025-08-26,Australia,Finance,Small,Organic Search,APAC
C05237,Next Technologies,2025-04-28,USA,Professional Services,Small,Organic Search,North America
C05238,Next Systems,2024-11-03,Canada,Technology,Medium,Organic Search,North America
C05239,Vertex Networks,2024-10-26,USA,Retail,Medium,Organic Search,North America
C05240,Bright Services,2024-01-11,USA,Technology,Enterprise,Paid Social,North America
C05241,Core Labs,2024-07-15,Other,Technology,Medium,Paid Social,Other
C05242,Blue Solutions,2024-06-11,USA,Manufacturing,Small,Paid Search,North America
C05243,Summit Networks,2025-06-10,Canada,Retail,Small,Referral,North America
C05244,Blue Networks,2024-10-11,USA,Professional Services,Small,Sales,North America
C05245,Prime Group,2025-02-25,Australia,Finance,Small,Paid Search,APAC
C05246,Summit Systems,2024-05-16,USA,Finance,Small,Organic Search,North America
C05247,Next Networks,2024-01-06,UK,Healthcare,Small,Organic Search,Europe
C05248,Vertex Analytics,2024-09-05,USA,Retail,Small,Paid Search,North America
C05249,Core Labs,2025-09-28,UK,Technology,Medium,Email Marketing,Europe
C05250,Cloud Solutions,2024-02-15,Singapore,Professional Services,Medium,Sales,APAC
C05251,Summit Group,2025-09-07,Singapore,Finance,Medium,Paid Search,APAC
C05252,Vertex Systems,2025-07-02,Germany,Healthcare,Small,Organic Search,Europe
C05253,Blue Systems,2024-08-23,Other,Healthcare,Small,Partner,Other
C05254,Vertex Technologies,2024-11-02,Other,Technology,Small,Paid Search,Other
C05255,Summit Systems,2025-07-02,UK,Retail,Small,Paid Social,Europe
C05256,Vertex Analytics,2024-07-10,Germany,Finance,Large,Sales,Europe
C05257,Cloud Group,2024-03-21,Germany,Marketing,Small,Paid Social,Europe
C05258,Fusion Group,2025-06-24,USA,Finance,Small,Email Marketing,North America
C05259,Prime Group,2024-09-09,Other,Professional Services,Small,Paid Social,Other
C05260,Apex Solutions,2024-12-16,Other,Technology,Small,Paid Search,Other
C05261,Apex Analytics,2025-10-31,Canada,Technology,Medium,Paid Social,North America
C05262,Vertex Systems,2024-03-28,Australia,Retail,Small,Paid Search,APAC
C05263,Blue Works,2024-12-04,Singapore,Retail,Large,Paid Search,APAC
C05264,Bright Labs,2024-12-10,Australia,Technology,Small,Paid Social,APAC
C05265,Fusion Works,2024-02-25,UK,Technology,Small,Referral,Europe
C05266,Next Group,2024-07-02,UK,Marketing,Medium,Organic Search,Europe
C05267,Core Works,2025-10-29,Australia,Education,Medium,Organic Search,APAC
C05268,Digital Works,2024-11-30,USA,Healthcare,Medium,Paid Social,North America
C05269,Digital Software,2024-06-27,Other,Professional Services,Small,Organic Search,Other
C05270,Summit Systems,2025-03-27,USA,Retail,Small,Referral,North America
C05271,Bright Software,2024-07-10,India,Retail,Large,Organic Search,APAC
C05272,Core Systems,2025-02-02,India,Manufacturing,Small,Paid Social,APAC
C05273,Bright Networks,2024-03-17,Other,Retail,Small,Referral,Other
C05274,Nova Software,2024-11-13,Australia,Technology,Small,Paid Search,APAC
C05275,Vertex Analytics,2024-12-05,Other,Other,Medium,Referral,Other
C05276,Fusion Works,2024-07-08,Canada,Education,Medium,Paid Search,North America
C05277,Fusion Networks,2024-10-31,India,Technology,Medium,Email Marketing,APAC
C05278,Blue Solutions,2025-04-21,India,Marketing,Small,Paid Search,APAC
C05279,Blue Works,2025-01-15,India,Technology,Medium,Organic Search,APAC
C05280,Blue Systems,2024-09-14,Germany,Technology,Medium,Organic Search,Europe
C05281,Fusion Works,2025-11-13,USA,Manufacturing,Large,Organic Search,North America
C05282,Digital Systems,2024-06-02,Canada,Manufacturing,Small,Paid Search,North America
C05283,Next Solutions,2024-05-25,USA,Finance,Small,Sales,North America
C05284,Prime Labs,2025-01-11,India,Education,Small,Sales,APAC
C05285,Vertex Analytics,2025-05-02,Germany,Technology,Large,Referral,Europe
C05286,Summit Labs,2024-07-10,USA,Education,Small,Referral,North America
C05287,Blue Group,2025-07-06,USA,Technology,Small,Paid Search,North America
C05288,Blue Software,2025-07-31,USA,Healthcare,Small,Email Marketing,North America
C05289,Fusion Technologies,2025-08-10,India,Education,Small,Referral,APAC
C05290,Blue Services,2024-06-18,India,Marketing,Small,Sales,APAC
C05291,Blue Group,2024-03-01,Australia,Retail,Small,Organic Search,APAC
C05292,Fusion Systems,2024-02-16,India,Finance,Medium,Organic Search,APAC
C05293,Blue Works,2024-09-25,USA,Technology,Small,Partner,North America
C05294,Bright Networks,2025-04-10,USA,Finance,Medium,Sales,North America
C05295,Core Group,2025-03-20,USA,Technology,Large,Organic Search,North America
C05296,Digital Solutions,2025-02-17,USA,Manufacturing,Medium,Referral,North America
C05297,Blue Analytics,2024-05-03,Other,Manufacturing,Medium,Organic Search,Other
C05298,Apex Software,2025-06-24,USA,Manufacturing,Large,Referral,North America
C05299,Blue Software,2025-05-05,USA,Technology,Medium,Referral,North America
C05300,Bright Labs,2024-07-10,India,Professional Services,Small,Organic Search,APAC
C05301,Blue Networks,2024-09-14,USA,Finance,Large,Partner,North America
C05302,Fusion Solutions,2025-06-02,UK,Technology,Small,Organic Search,Europe
C05303,Core Solutions,2024-05-09,Other,Technology,Large,Paid Social,Other
C05304,Prime Analytics,2024-06-15,USA,Marketing,Medium,Partner,North America
C05305,Vertex Services,2024-03-13,India,Healthcare,Medium,Paid Search,APAC
C05306,Prime Solutions,2024-11-25,USA,Manufacturing,Small,Paid Search,North America
C05307,Apex Services,2024-12-31,USA,Finance,Small,Paid Search,North America
C05308,Cloud Solutions,2025-05-30,India,Technology,Small,Paid Social,APAC
C05309,Digital Software,2025-04-19,India,Technology,Medium,Sales,APAC
C05310,Summit Networks,2025-11-30,UK,Healthcare,Medium,Referral,Europe
C05311,Fusion Analytics,2024-06-13,Canada,Professional Services,Medium,Referral,North America
C05312,Next Services,2024-10-25,India,Retail,Small,Partner,APAC
C05313,Summit Works,2025-03-22,USA,Education,Small,Paid Search,North America
C05314,Digital Labs,2025-09-13,USA,Finance,Large,Sales,North America
C05315,Bright Analytics,2024-09-25,Australia,Manufacturing,Medium,Paid Search,APAC
C05316,Digital Works,2024-03-17,Australia,Manufacturing,Small,Partner,APAC
C05317,Blue Systems,2024-05-27,Canada,Technology,Small,Sales,North America
C05318,Apex Systems,2024-02-03,UK,Manufacturing,Medium,Referral,Europe
C05319,Digital Software,2024-09-20,Australia,Other,Medium,Partner,APAC
C05320,Apex Group,2025-11-02,UK,Finance,Medium,Referral,Europe
C05321,Prime Solutions,2025-06-18,India,Retail,Small,Paid Social,APAC
C05322,Bright Services,2024-04-02,Australia,Professional Services,Medium,Partner,APAC
C05323,Summit Software,2024-06-06,Germany,Healthcare,Small,Partner,Europe
C05324,Nova Labs,2024-04-20,Other,Healthcare,Small,Partner,Other
C05325,Blue Group,2024-09-22,India,Technology,Medium,Organic Search,APAC
C05326,Nova Networks,2024-05-22,Other,Retail,Medium,Paid Search,Other
C05327,Digital Technologies,2024-11-24,India,Education,Medium,Paid Search,APAC
C05328,Vertex Systems,2024-10-19,India,Healthcare,Large,Paid Search,APAC
C05329,Fusion Group,2025-08-29,USA,Technology,Small,Paid Social,North America
C05330,Vertex Services,2025-10-23,USA,Healthcare,Medium,Email Marketing,North America
C05331,Next Technologies,2024-03-12,UK,Technology,Small,Organic Search,Europe
C05332,Core Software,2025-09-27,Canada,Professional Services,Large,Referral,North America
C05333,Summit Works,2024-05-22,USA,Marketing,Small,Paid Search,North America
C05334,Summit Solutions,2024-04-20,USA,Education,Small,Paid Social,North America
C05335,Core Labs,2025-10-21,India,Healthcare,Medium,Paid Search,APAC
C05336,Apex Works,2025-11-18,Germany,Education,Large,Paid Social,Europe
C05337,Vertex Analytics,2025-05-09,Singapore,Technology,Small,Email Marketing,APAC
C05338,Vertex Labs,2025-11-03,USA,Technology,Medium,Partner,North America
C05339,Cloud Labs,2024-06-22,USA,Finance,Medium,Paid Search,North America
C05340,Vertex Software,2024-07-13,USA,Finance,Small,Email Marketing,North America
C05341,Fusion Works,2025-09-22,USA,Finance,Small,Organic Search,North America
C05342,Summit Group,2024-02-19,Other,Education,Large,Referral,Other
C05343,Bright Group,2025-11-14,USA,Finance,Large,Organic Search,North America
C05344,Vertex Technologies,2024-09-23,Other,Retail,Small,Organic Search,Other
C05345,Nova Group,2024-07-03,USA,Other,Medium,Paid Search,North America
C05346,Digital Services,2025-05-04,USA,Finance,Large,Paid Social,North America
C05347,Digital Group,2025-07-10,USA,Education,Small,Paid Search,North America
C05348,Digital Systems,2025-11-28,India,Education,Medium,Partner,APAC
C05349,Digital Systems,2024-06-25,Canada,Finance,Medium,Organic Search,North America
C05350,Nova Solutions,2024-12-19,USA,Manufacturing,Small,Partner,North America
C05351,Nova Group,2024-10-03,UK,Marketing,Small,Paid Search,Europe
C05352,Core Analytics,2025-02-28,USA,Finance,Large,Sales,North America
C05353,Blue Works,2024-07-19,USA,Technology,Small,Email Marketing,North America
C05354,Blue Networks,2024-07-25,India,Technology,Medium,Organic Search,APAC
C05355,Prime Analytics,2024-09-27,USA,Finance,Small,Referral,North America
C05356,Core Networks,2025-02-13,USA,Other,Medium,Referral,North America
C05357,Apex Labs,2025-07-27,USA,Professional Services,Small,Partner,North America
C05358,Cloud Works,2024-04-09,India,Finance,Medium,Paid Search,APAC
C05359,Nova Solutions,2025-06-06,Singapore,Technology,Small,Sales,APAC
C05360,Bright Technologies,2024-08-04,Other,Technology,Medium,Referral,Other
C05361,Next Analytics,2024-12-17,Singapore,Healthcare,Small,Paid Search,APAC
C05362,Apex Solutions,2024-07-02,Australia,Retail,Small,Paid Social,APAC
C05363,Bright Labs,2025-01-14,India,Technology,Small,Partner,APAC
C05364,Next Labs,2025-05-22,India,Retail,Medium,Organic Search,APAC
C05365,Prime Networks,2025-05-24,USA,Retail,Small,Paid Search,North America
C05366,Apex Group,2025-01-18,USA,Technology,Small,Paid Search,North America
C05367,Next Works,2024-09-22,UK,Retail,Large,Email Marketing,Europe
C05368,Vertex Labs,2024-06-05,USA,Retail,Small,Sales,North America
C05369,Prime Solutions,2025-06-24,India,Marketing,Small,Referral,APAC
C05370,Nova Networks,2025-01-22,USA,Education,Medium,Sales,North America
C05371,Digital Group,2024-12-12,USA,Finance,Medium,Organic Search,North America
C05372,Digital Solutions,2024-04-07,USA,Finance,Enterprise,Paid Social,North America
C05373,Core Technologies,2025-10-28,USA,Retail,Large,Referral,North America
C05374,Fusion Systems,2024-01-18,India,Professional Services,Medium,Organic Search,APAC
C05375,Nova Systems,2025-05-12,Singapore,Healthcare,Medium,Paid Search,APAC
C05376,Digital Systems,2025-04-24,Other,Finance,Large,Paid Search,Other
C05377,Core Analytics,2024-12-18,USA,Technology,Small,Organic Search,North America
C05378,Next Networks,2025-04-01,UK,Other,Medium,Paid Social,Europe
C05379,Fusion Group,2024-08-09,India,Other,Large,Paid Search,APAC
C05380,Bright Systems,2024-06-07,India,Retail,Large,Paid Search,APAC
C05381,Summit Software,2025-06-27,UK,Retail,Small,Paid Search,Europe
C05382,Core Labs,2024-10-17,USA,Professional Services,Small,Paid Social,North America
C05383,Next Systems,2024-10-10,UK,Retail,Enterprise,Paid Social,Europe
C05384,Apex Technologies,2025-01-22,USA,Manufacturing,Large,Organic Search,North America
C05385,Digital Works,2024-02-29,USA,Retail,Enterprise,Referral,North America
C05386,Next Software,2025-10-04,USA,Technology,Medium,Referral,North America
C05387,Fusion Networks,2024-08-03,Other,Technology,Large,Paid Search,Other
C05388,Fusion Software,2025-07-10,Other,Healthcare,Medium,Organic Search,Other
C05389,Next Technologies,2024-07-26,USA,Healthcare,Small,Paid Search,North America
C05390,Next Analytics,2024-08-29,Canada,Technology,Small,Sales,North America
C05391,Next Analytics,2024-09-03,India,Retail,Small,Paid Search,APAC
C05392,Fusion Group,2025-06-09,Germany,Finance,Small,Organic Search,Europe
C05393,Core Analytics,2024-09-23,USA,Technology,Small,Paid Social,North America
C05394,Bright Solutions,2025-02-18,USA,Retail,Small,Sales,North America
C05395,Digital Technologies,2025-02-14,USA,Marketing,Medium,Paid Social,North America
C05396,Vertex Services,2024-12-24,Canada,Finance,Small,Organic Search,North America
C05397,Fusion Networks,2025-05-31,Other,Education,Small,Referral,Other
C05398,Apex Analytics,2024-02-25,USA,Technology,Medium,Referral,North America
C05399,Prime Technologies,2024-02-09,USA,Technology,Medium,Paid Search,North America
C05400,Vertex Networks,2024-04-17,USA,Marketing,Medium,Organic Search,North America
C05401,Prime Services,2024-08-29,Singapore,Healthcare,Medium,Organic Search,APAC
C05402,Nova Analytics,2025-01-02,UK,Technology,Large,Organic Search,Europe
C05403,Core Networks,2024-01-02,USA,Professional Services,Small,Paid Search,North America
C05404,Summit Works,2025-05-25,India,Healthcare,Medium,Sales,APAC
C05405,Cloud Networks,2025-01-08,India,Manufacturing,Small,Paid Search,APAC
C05406,Prime Systems,2025-10-19,Other,Technology,Small,Organic Search,Other
C05407,Fusion Systems,2024-03-05,USA,Finance,Small,Email Marketing,North America
C05408,Blue Software,2025-03-28,India,Marketing,Small,Paid Social,APAC
C05409,Vertex Analytics,2025-08-08,India,Finance,Enterprise,Sales,APAC
C05410,Nova Technologies,2024-08-28,USA,Education,Large,Paid Search,North America
C05411,Fusion Software,2025-11-11,India,Professional Services,Enterprise,Paid Social,APAC
C05412,Blue Solutions,2024-12-13,India,Retail,Small,Partner,APAC
C05413,Core Works,2024-04-27,India,Education,Small,Organic Search,APAC
C05414,Apex Services,2024-08-04,Germany,Professional Services,Large,Partner,Europe
C05415,Next Group,2024-10-24,USA,Professional Services,Small,Paid Social,North America
C05416,Vertex Systems,2024-02-23,USA,Professional Services,Small,Paid Social,North America
C05417,Nova Networks,2025-07-07,UK,Manufacturing,Small,Paid Search,Europe
C05418,Cloud Systems,2025-11-15,UK,Finance,Large,Organic Search,Europe
C05419,Core Labs,2024-07-30,Germany,Technology,Large,Organic Search,Europe
C05420,Fusion Analytics,2024-12-25,USA,Marketing,Small,Paid Search,North America
C05421,Apex Networks,2024-02-03,UK,Professional Services,Small,Paid Social,Europe
C05422,Next Labs,2024-11-28,USA,Technology,Small,Referral,North America
C05423,Core Networks,2025-08-20,UK,Education,Small,Referral,Europe
C05424,Apex Solutions,2024-07-15,USA,Retail,Small,Paid Search,North America
C05425,Prime Solutions,2024-03-11,Germany,Retail,Medium,Referral,Europe
C05426,Core Analytics,2024-03-09,Germany,Finance,Medium,Organic Search,Europe
C05427,Bright Networks,2024-12-06,USA,Technology,Medium,Paid Search,North America
C05428,Fusion Software,2024-03-24,USA,Marketing,Small,Organic Search,North America
C05429,Apex Software,2025-10-03,UK,Finance,Large,Organic Search,Europe
C05430,Bright Networks,2025-04-12,India,Technology,Medium,Referral,APAC
C05431,Fusion Group,2024-01-10,UK,Professional Services,Medium,Sales,Europe
C05432,Fusion Technologies,2024-10-13,India,Professional Services,Medium,Partner,APAC
C05433,Summit Systems,2025-05-30,India,Marketing,Small,Referral,APAC
C05434,Nova Networks,2025-01-23,India,Healthcare,Small,Referral,APAC
C05435,Blue Solutions,2025-11-18,USA,Healthcare,Medium,Paid Search,North America
C05436,Apex Technologies,2024-11-30,India,Retail,Medium,Paid Social,APAC
C05437,Core Group,2025-10-21,Australia,Manufacturing,Small,Organic Search,APAC
C05438,Vertex Works,2024-12-17,Australia,Other,Large,Paid Social,APAC
C05439,Digital Services,2024-02-02,Australia,Education,Small,Referral,APAC
C05440,Vertex Systems,2025-01-23,Other,Technology,Medium,Sales,Other
C05441,Next Services,2024-01-23,Germany,Professional Services,Small,Paid Search,Europe
C05442,Cloud Works,2024-07-25,USA,Technology,Medium,Organic Search,North America
C05443,Vertex Software,2025-01-24,Canada,Marketing,Medium,Organic Search,North America
C05444,Blue Systems,2025-08-07,UK,Healthcare,Small,Paid Search,Europe
C05445,Vertex Networks,2024-08-23,UK,Retail,Small,Organic Search,Europe
C05446,Summit Services,2025-06-23,Other,Technology,Medium,Email Marketing,Other
C05447,Blue Labs,2024-10-09,India,Retail,Small,Sales,APAC
C05448,Vertex Systems,2025-03-04,USA,Technology,Enterprise,Paid Search,North America
C05449,Next Works,2024-07-12,Germany,Retail,Small,Paid Search,Europe
C05450,Prime Works,2024-04-05,India,Retail,Small,Referral,APAC
C05451,Digital Solutions,2024-02-08,USA,Technology,Medium,Referral,North America
C05452,Apex Systems,2024-11-12,Other,Other,Medium,Paid Social,Other
C05453,Nova Group,2024-11-15,USA,Professional Services,Enterprise,Organic Search,North America
C05454,Next Labs,2024-06-29,USA,Technology,Small,Partner,North America
C05455,Prime Labs,2024-07-31,UK,Finance,Medium,Email Marketing,Europe
C05456,Vertex Services,2025-09-04,India,Retail,Medium,Referral,APAC
C05457,Digital Labs,2024-03-06,Australia,Marketing,Small,Paid Search,APAC
C05458,Bright Group,2025-04-11,India,Retail,Large,Paid Social,APAC
C05459,Prime Labs,2024-01-11,India,Marketing,Medium,Partner,APAC
C05460,Bright Software,2025-06-24,USA,Technology,Medium,Paid Social,North America
C05461,Bright Services,2025-05-25,USA,Technology,Small,Referral,North America
C05462,Next Software,2025-08-09,UK,Manufacturing,Medium,Organic Search,Europe
C05463,Blue Analytics,2025-08-04,USA,Professional Services,Medium,Referral,North America
C05464,Digital Group,2025-07-12,Singapore,Retail,Small,Partner,APAC
C05465,Nova Software,2025-01-21,USA,Technology,Small,Organic Search,North America
C05466,Blue Technologies,2025-12-01,USA,Finance,Small,Email Marketing,North America
C05467,Next Networks,2024-10-28,USA,Retail,Medium,Paid Social,North America
C05468,Next Technologies,2024-05-24,India,Manufacturing,Large,Referral,APAC
C05469,Digital Services,2025-04-28,USA,Healthcare,Small,Sales,North America
C05470,Summit Solutions,2025-09-08,USA,Finance,Medium,Sales,North America
C05471,Nova Analytics,2024-10-04,Germany,Professional Services,Medium,Organic Search,Europe
C05472,Next Solutions,2025-09-26,UK,Professional Services,Small,Paid Social,Europe
C05473,Blue Solutions,2024-02-28,Canada,Education,Large,Paid Search,North America
C05474,Vertex Software,2024-04-11,USA,Other,Large,Email Marketing,North America
C05475,Bright Services,2025-09-24,USA,Education,Medium,Paid Social,North America
C05476,Nova Networks,2025-10-30,Canada,Other,Small,Paid Social,North America
C05477,Blue Works,2024-01-03,UK,Retail,Medium,Organic Search,Europe
C05478,Summit Labs,2024-05-15,Singapore,Healthcare,Large,Paid Social,APAC
C05479,Prime Solutions,2025-11-28,USA,Retail,Large,Paid Search,North America
C05480,Blue Services,2025-05-11,USA,Other,Medium,Organic Search,North America
C05481,Core Group,2024-05-08,India,Technology,Small,Partner,APAC
C05482,Summit Systems,2024-01-08,India,Technology,Small,Partner,APAC
C05483,Next Networks,2025-07-10,USA,Technology,Small,Sales,North America
C05484,Blue Works,2024-04-07,USA,Marketing,Enterprise,Paid Search,North America
C05485,Apex Services,2024-09-28,India,Education,Medium,Email Marketing,APAC
C05486,Vertex Labs,2024-10-27,India,Finance,Large,Paid Social,APAC
C05487,Summit Technologies,2025-05-05,Australia,Professional Services,Small,Partner,APAC
C05488,Apex Analytics,2024-03-08,India,Professional Services,Large,Paid Search,APAC
C05489,Fusion Labs,2025-05-05,USA,Professional Services,Small,Organic Search,North America
C05490,Summit Solutions,2025-10-13,Germany,Finance,Large,Sales,Europe
C05491,Core Group,2024-07-18,India,Healthcare,Small,Sales,APAC
C05492,Blue Solutions,2024-09-26,USA,Marketing,Medium,Sales,North America
C05493,Apex Technologies,2024-04-15,India,Professional Services,Small,Paid Search,APAC
C05494,Cloud Analytics,2024-01-25,Other,Technology,Medium,Sales,Other
C05495,Prime Analytics,2025-04-01,India,Other,Large,Referral,APAC
C05496,Prime Software,2024-12-17,USA,Education,Enterprise,Organic Search,North America
C05497,Core Works,2024-04-01,Germany,Other,Small,Organic Search,Europe
C05498,Blue Systems,2025-10-10,Other,Retail,Enterprise,Sales,Other
C05499,Prime Software,2025-10-18,India,Professional Services,Small,Partner,APAC
C05500,Fusion Works,2025-02-20,USA,Education,Large,Organic Search,North America
C05501,Nova Services,2024-10-25,India,Finance,Large,Paid Search,APAC
C05502,Bright Group,2024-12-29,India,Marketing,Medium,Organic Search,APAC
C05503,Fusion Networks,2025-04-04,USA,Professional Services,Small,Organic Search,North America
C05504,Core Technologies,2024-05-26,Australia,Manufacturing,Small,Paid Social,APAC
C05505,Cloud Networks,2024-05-09,USA,Technology,Medium,Partner,North America
C05506,Vertex Networks,2024-10-08,India,Manufacturing,Large,Organic Search,APAC
C05507,Next Software,2024-03-30,USA,Education,Small,Organic Search,North America
C05508,Digital Analytics,2024-11-13,Other,Professional Services,Small,Organic Search,Other
C05509,Core Networks,2025-05-19,USA,Healthcare,Small,Referral,North America
C05510,Nova Networks,2025-06-05,Other,Manufacturing,Small,Organic Search,Other
C05511,Bright Group,2024-07-21,USA,Technology,Small,Organic Search,North America
C05512,Vertex Technologies,2024-07-12,India,Professional Services,Medium,Referral,APAC
C05513,Blue Networks,2025-05-21,UK,Technology,Large,Organic Search,Europe
C05514,Apex Labs,2025-09-11,USA,Manufacturing,Small,Partner,North America
C05515,Prime Labs,2025-01-24,UK,Finance,Small,Organic Search,Europe
C05516,Bright Solutions,2024-11-01,India,Technology,Medium,Referral,APAC
C05517,Prime Analytics,2024-12-02,Other,Technology,Medium,Paid Search,Other
C05518,Apex Solutions,2024-09-13,UK,Technology,Medium,Partner,Europe
C05519,Digital Technologies,2025-05-20,Australia,Healthcare,Large,Email Marketing,APAC
C05520,Core Networks,2024-04-08,Germany,Technology,Small,Organic Search,Europe
C05521,Next Services,2025-03-17,Singapore,Healthcare,Small,Partner,APAC
C05522,Blue Services,2025-06-04,USA,Retail,Small,Referral,North America
C05523,Core Group,2025-01-26,USA,Retail,Small,Paid Social,North America
C05524,Cloud Works,2024-10-18,USA,Manufacturing,Medium,Referral,North America
C05525,Bright Networks,2024-11-18,Singapore,Marketing,Small,Paid Social,APAC
C05526,Fusion Works,2024-05-09,UK,Healthcare,Medium,Paid Social,Europe
C05527,Summit Labs,2025-02-12,Singapore,Finance,Small,Organic Search,APAC
C05528,Prime Systems,2024-08-27,India,Retail,Enterprise,Organic Search,APAC
C05529,Blue Software,2024-01-13,Germany,Marketing,Small,Sales,Europe
C05530,Next Works,2025-11-29,USA,Healthcare,Small,Paid Search,North America
C05531,Fusion Solutions,2024-09-23,USA,Finance,Small,Organic Search,North America
C05532,Core Labs,2024-02-04,UK,Technology,Large,Email Marketing,Europe
C05533,Core Software,2024-03-26,USA,Manufacturing,Small,Partner,North America
C05534,Fusion Services,2024-12-10,USA,Technology,Medium,Referral,North America
C05535,Core Software,2025-08-21,UK,Technology,Small,Referral,Europe
C05536,Fusion Technologies,2024-05-07,Canada,Healthcare,Small,Referral,North America
C05537,Vertex Analytics,2024-08-30,UK,Finance,Medium,Sales,Europe
C05538,Bright Works,2024-04-30,USA,Finance,Medium,Organic Search,North America
C05539,Core Labs,2025-08-04,India,Technology,Medium,Organic Search,APAC
C05540,Blue Services,2025-04-02,India,Technology,Small,Paid Search,APAC
C05541,Fusion Systems,2025-03-10,USA,Professional Services,Medium,Paid Social,North America
C05542,Next Solutions,2024-06-29,Germany,Retail,Medium,Referral,Europe
C05543,Blue Works,2025-09-05,UK,Technology,Large,Referral,Europe
C05544,Apex Analytics,2024-11-22,UK,Healthcare,Medium,Partner,Europe
C05545,Next Group,2025-06-13,USA,Education,Large,Paid Social,North America
C05546,Fusion Systems,2025-01-26,USA,Finance,Medium,Partner,North America
C05547,Bright Networks,2025-06-02,USA,Other,Medium,Paid Search,North America
C05548,Prime Solutions,2025-04-10,India,Education,Small,Organic Search,APAC
C05549,Apex Labs,2024-01-09,India,Professional Services,Small,Organic Search,APAC
C05550,Fusion Group,2025-10-19,USA,Marketing,Small,Paid Search,North America
C05551,Next Software,2024-07-20,UK,Healthcare,Small,Sales,Europe
C05552,Summit Systems,2025-05-31,India,Retail,Medium,Email Marketing,APAC
C05553,Next Solutions,2024-12-29,India,Professional Services,Small,Organic Search,APAC
C05554,Next Group,2024-05-09,India,Healthcare,Medium,Organic Search,APAC
C05555,Bright Labs,2024-07-25,UK,Technology,Large,Paid Search,Europe
C05556,Apex Analytics,2025-01-20,Australia,Marketing,Medium,Paid Search,APAC
C05557,Blue Services,2024-08-29,Canada,Retail,Small,Organic Search,North America
C05558,Vertex Solutions,2025-07-10,India,Other,Small,Organic Search,APAC
C05559,Prime Group,2024-09-03,India,Manufacturing,Small,Referral,APAC
C05560,Summit Systems,2025-06-25,UK,Finance,Large,Referral,Europe
C05561,Nova Analytics,2024-02-04,USA,Manufacturing,Small,Paid Search,North America
C05562,Blue Networks,2024-05-31,UK,Technology,Small,Referral,Europe
C05563,Nova Works,2024-12-18,Germany,Technology,Small,Sales,Europe
C05564,Core Software,2024-05-01,Canada,Marketing,Medium,Partner,North America
C05565,Cloud Networks,2024-09-01,Other,Finance,Medium,Email Marketing,Other
C05566,Nova Technologies,2025-11-23,UK,Technology,Small,Referral,Europe
C05567,Bright Technologies,2025-04-22,Germany,Education,Medium,Organic Search,Europe
C05568,Blue Networks,2024-08-22,India,Marketing,Enterprise,Email Marketing,APAC
C05569,Bright Technologies,2024-10-02,Other,Other,Small,Partner,Other
C05570,Summit Networks,2025-03-03,USA,Retail,Medium,Referral,North America
C05571,Prime Software,2024-07-11,Australia,Retail,Small,Referral,APAC
C05572,Vertex Analytics,2025-07-31,India,Technology,Medium,Referral,APAC
C05573,Blue Analytics,2025-05-18,USA,Technology,Large,Partner,North America
C05574,Cloud Software,2025-05-12,India,Education,Medium,Organic Search,APAC
C05575,Core Systems,2025-05-09,Other,Other,Small,Organic Search,Other
C05576,Summit Solutions,2024-07-07,UK,Retail,Large,Referral,Europe
C05577,Digital Technologies,2025-02-04,UK,Manufacturing,Large,Paid Social,Europe
C05578,Digital Works,2024-01-29,India,Retail,Small,Email Marketing,APAC
C05579,Nova Labs,2024-07-30,USA,Retail,Small,Referral,North America
C05580,Summit Group,2025-08-23,Canada,Education,Medium,Partner,North America
C05581,Summit Group,2024-11-08,USA,Retail,Small,Organic Search,North America
C05582,Prime Analytics,2025-03-10,USA,Healthcare,Small,Organic Search,North America
C05583,Apex Labs,2025-03-26,UK,Marketing,Small,Referral,Europe
C05584,Vertex Networks,2024-11-01,USA,Healthcare,Small,Organic Search,North America
C05585,Apex Labs,2025-10-11,UK,Professional Services,Small,Paid Search,Europe
C05586,Nova Technologies,2024-05-19,Germany,Retail,Medium,Paid Search,Europe
C05587,Blue Software,2025-06-24,Other,Retail,Large,Paid Search,Other
C05588,Vertex Analytics,2024-03-25,Other,Professional Services,Medium,Paid Social,Other
C05589,Prime Group,2024-07-15,Germany,Marketing,Large,Paid Search,Europe
C05590,Apex Technologies,2025-01-09,UK,Technology,Large,Paid Search,Europe
C05591,Vertex Group,2025-03-20,Australia,Technology,Small,Organic Search,APAC
C05592,Blue Networks,2025-01-28,Germany,Retail,Medium,Organic Search,Europe
C05593,Cloud Group,2025-08-12,Germany,Other,Small,Partner,Europe
C05594,Summit Software,2024-08-21,USA,Marketing,Small,Organic Search,North America
C05595,Next Solutions,2024-08-17,USA,Finance,Large,Paid Search,North America
C05596,Digital Group,2024-06-16,USA,Technology,Large,Organic Search,North America
C05597,Summit Services,2024-11-14,USA,Healthcare,Small,Partner,North America
C05598,Vertex Networks,2024-09-24,Canada,Healthcare,Small,Referral,North America
C05599,Cloud Works,2024-01-15,India,Finance,Small,Paid Search,APAC
C05600,Cloud Technologies,2025-03-03,Canada,Professional Services,Small,Email Marketing,North America
C05601,Fusion Software,2024-12-27,India,Technology,Small,Paid Search,APAC
C05602,Vertex Analytics,2024-04-18,Other,Technology,Large,Referral,Other
C05603,Cloud Labs,2025-10-14,India,Marketing,Medium,Paid Social,APAC
C05604,Blue Networks,2024-05-18,Canada,Retail,Small,Paid Social,North America
C05605,Vertex Services,2024-07-16,Canada,Manufacturing,Small,Organic Search,North America
C05606,Blue Works,2025-04-13,Canada,Healthcare,Medium,Paid Social,North America
C05607,Summit Software,2024-01-27,USA,Other,Medium,Paid Search,North America
C05608,Core Software,2024-09-27,USA,Manufacturing,Small,Paid Social,North America
C05609,Vertex Systems,2024-11-06,USA,Professional Services,Small,Email Marketing,North America
C05610,Next Networks,2024-03-11,UK,Professional Services,Small,Partner,Europe
C05611,Vertex Labs,2024-03-19,Singapore,Healthcare,Medium,Referral,APAC
C05612,Bright Networks,2024-11-18,India,Education,Medium,Sales,APAC
C05613,Core Technologies,2025-10-20,UK,Technology,Medium,Paid Social,Europe
C05614,Vertex Networks,2024-09-06,Canada,Healthcare,Small,Partner,North America
C05615,Summit Software,2024-09-07,Singapore,Professional Services,Small,Organic Search,APAC
C05616,Prime Works,2025-11-10,USA,Marketing,Small,Sales,North America
C05617,Vertex Group,2025-08-24,India,Finance,Small,Organic Search,APAC
C05618,Vertex Technologies,2025-10-24,India,Finance,Medium,Organic Search,APAC
C05619,Next Systems,2024-04-17,India,Other,Medium,Referral,APAC
C05620,Prime Solutions,2025-08-01,UK,Other,Enterprise,Paid Search,Europe
C05621,Prime Technologies,2025-01-12,USA,Healthcare,Small,Paid Search,North America
C05622,Apex Solutions,2025-03-28,India,Manufacturing,Medium,Sales,APAC
C05623,Blue Works,2024-11-29,India,Finance,Medium,Paid Social,APAC
C05624,Digital Group,2025-04-05,UK,Marketing,Large,Referral,Europe
C05625,Vertex Networks,2025-10-28,UK,Marketing,Medium,Sales,Europe
C05626,Core Solutions,2024-09-17,India,Manufacturing,Large,Organic Search,APAC
C05627,Summit Systems,2024-01-06,Australia,Education,Large,Paid Search,APAC
C05628,Apex Services,2025-06-16,UK,Technology,Small,Referral,Europe
C05629,Next Solutions,2024-02-14,Australia,Technology,Small,Paid Social,APAC
C05630,Prime Group,2024-07-11,Other,Technology,Medium,Organic Search,Other
C05631,Digital Systems,2024-07-26,Germany,Manufacturing,Small,Organic Search,Europe
C05632,Blue Group,2024-04-05,USA,Retail,Enterprise,Paid Social,North America
C05633,Digital Works,2025-02-09,Australia,Marketing,Medium,Organic Search,APAC
C05634,Digital Networks,2024-11-03,USA,Marketing,Medium,Referral,North America
C05635,Cloud Solutions,2025-05-09,USA,Retail,Large,Referral,North America
C05636,Vertex Technologies,2025-09-19,Singapore,Other,Small,Sales,APAC
C05637,Prime Group,2024-03-30,USA,Education,Medium,Referral,North America
C05638,Digital Analytics,2024-06-18,USA,Manufacturing,Medium,Organic Search,North America
C05639,Fusion Software,2025-01-18,USA,Manufacturing,Medium,Organic Search,North America
C05640,Digital Labs,2025-02-26,UK,Education,Medium,Sales,Europe
C05641,Blue Software,2024-02-16,Canada,Finance,Small,Referral,North America
C05642,Blue Solutions,2024-03-18,USA,Retail,Small,Referral,North America
C05643,Bright Group,2024-12-06,India,Healthcare,Medium,Referral,APAC
C05644,Vertex Systems,2024-03-03,USA,Technology,Small,Paid Search,North America
C05645,Fusion Software,2024-10-08,Singapore,Retail,Small,Organic Search,APAC
C05646,Apex Networks,2024-05-14,Other,Other,Medium,Partner,Other
C05647,Fusion Software,2025-09-26,Other,Healthcare,Small,Paid Social,Other
C05648,Prime Technologies,2025-04-14,Germany,Healthcare,Small,Email Marketing,Europe
C05649,Prime Services,2024-05-08,Canada,Technology,Small,Paid Search,North America
C05650,Prime Technologies,2025-09-09,India,Healthcare,Small,Partner,APAC
C05651,Cloud Services,2025-10-12,India,Education,Small,Paid Social,APAC
C05652,Bright Technologies,2025-10-23,USA,Education,Small,Partner,North America
C05653,Next Solutions,2024-03-06,Other,Healthcare,Medium,Referral,Other
C05654,Core Analytics,2024-11-16,India,Finance,Medium,Paid Search,APAC
C05655,Vertex Services,2025-07-16,Canada,Finance,Medium,Organic Search,North America
C05656,Core Analytics,2024-10-30,Other,Technology,Small,Email Marketing,Other
C05657,Digital Labs,2024-07-31,USA,Finance,Small,Sales,North America
C05658,Summit Systems,2025-04-28,India,Technology,Medium,Sales,APAC
C05659,Bright Technologies,2024-12-30,Germany,Technology,Small,Paid Social,Europe
C05660,Digital Software,2024-09-21,USA,Healthcare,Small,Email Marketing,North America
C05661,Fusion Services,2024-03-01,USA,Healthcare,Small,Organic Search,North America
C05662,Core Technologies,2024-12-19,USA,Technology,Small,Partner,North America
C05663,Next Systems,2025-11-11,UK,Retail,Medium,Paid Search,Europe
C05664,Nova Labs,2025-09-26,India,Professional Services,Medium,Organic Search,APAC
C05665,Cloud Systems,2025-04-13,Germany,Technology,Medium,Organic Search,Europe
C05666,Fusion Labs,2024-04-27,USA,Education,Enterprise,Organic Search,North America
C05667,Cloud Labs,2024-11-22,Australia,Healthcare,Medium,Organic Search,APAC
C05668,Blue Group,2025-07-03,USA,Technology,Medium,Organic Search,North America
C05669,Summit Analytics,2025-11-27,USA,Healthcare,Small,Sales,North America
C05670,Vertex Works,2024-07-19,USA,Healthcare,Enterprise,Paid Search,North America
C05671,Nova Software,2025-10-02,India,Professional Services,Small,Organic Search,APAC
C05672,Apex Group,2025-10-19,India,Technology,Medium,Paid Social,APAC
C05673,Prime Services,2024-07-31,USA,Manufacturing,Medium,Referral,North America
C05674,Prime Technologies,2024-06-02,Australia,Education,Large,Organic Search,APAC
C05675,Bright Analytics,2024-11-21,USA,Marketing,Medium,Partner,North America
C05676,Bright Software,2025-08-04,USA,Other,Large,Referral,North America
C05677,Digital Software,2025-02-26,USA,Professional Services,Large,Partner,North America
C05678,Prime Networks,2025-08-15,Australia,Technology,Small,Email Marketing,APAC
C05679,Digital Services,2025-05-04,Canada,Manufacturing,Medium,Referral,North America
C05680,Summit Software,2024-12-08,India,Education,Large,Organic Search,APAC
C05681,Bright Systems,2025-02-12,USA,Retail,Medium,Sales,North America
C05682,Next Solutions,2024-10-04,Germany,Education,Small,Paid Search,Europe
C05683,Summit Analytics,2024-01-13,USA,Education,Small,Paid Search,North America
C05684,Next Services,2024-07-11,USA,Technology,Small,Paid Social,North America
C05685,Prime Services,2025-09-17,UK,Education,Medium,Referral,Europe
C05686,Next Technologies,2024-07-03,USA,Finance,Small,Organic Search,North America
C05687,Prime Works,2024-05-19,Australia,Healthcare,Small,Sales,APAC
C05688,Next Works,2024-07-01,UK,Manufacturing,Enterprise,Organic Search,Europe
C05689,Nova Works,2024-08-10,Germany,Finance,Enterprise,Partner,Europe
C05690,Nova Works,2024-03-17,Other,Education,Medium,Partner,Other
C05691,Vertex Solutions,2025-02-18,USA,Finance,Small,Paid Social,North America
C05692,Apex Labs,2024-03-25,USA,Manufacturing,Medium,Organic Search,North America
C05693,Fusion Networks,2024-03-19,India,Technology,Large,Paid Social,APAC
C05694,Bright Labs,2025-03-10,India,Healthcare,Large,Organic Search,APAC
C05695,Nova Technologies,2024-08-20,USA,Technology,Small,Email Marketing,North America
C05696,Core Group,2025-11-05,USA,Healthcare,Small,Email Marketing,North America
C05697,Digital Labs,2025-04-21,Australia,Finance,Small,Paid Social,APAC
C05698,Apex Services,2024-06-17,India,Education,Small,Referral,APAC
C05699,Nova Analytics,2024-08-15,UK,Manufacturing,Enterprise,Sales,Europe
C05700,Summit Labs,2024-05-28,USA,Retail,Small,Paid Search,North America
C05701,Digital Labs,2024-01-23,USA,Other,Small,Referral,North America
C05702,Blue Services,2024-04-29,India,Technology,Medium,Paid Social,APAC
C05703,Cloud Services,2024-09-02,UK,Finance,Small,Organic Search,Europe
C05704,Digital Technologies,2024-10-02,USA,Retail,Medium,Paid Search,North America
C05705,Next Labs,2024-09-28,UK,Marketing,Medium,Referral,Europe
C05706,Digital Software,2024-04-07,India,Technology,Small,Sales,APAC
C05707,Summit Software,2025-11-03,USA,Technology,Small,Sales,North America
C05708,Prime Group,2025-10-10,Other,Technology,Medium,Paid Search,Other
C05709,Apex Systems,2024-03-29,USA,Retail,Large,Paid Search,North America
C05710,Fusion Group,2025-01-21,India,Education,Medium,Organic Search,APAC
C05711,Core Services,2025-03-12,Germany,Technology,Medium,Email Marketing,Europe
C05712,Fusion Group,2025-08-18,USA,Professional Services,Large,Partner,North America
C05713,Nova Analytics,2024-11-09,India,Professional Services,Small,Paid Social,APAC
C05714,Next Group,2024-10-17,UK,Finance,Medium,Referral,Europe
C05715,Summit Works,2025-04-03,Germany,Retail,Small,Email Marketing,Europe
C05716,Next Group,2025-05-16,Singapore,Professional Services,Small,Partner,APAC
C05717,Blue Services,2024-04-14,USA,Education,Medium,Email Marketing,North America
C05718,Bright Group,2024-07-29,Australia,Technology,Small,Paid Social,APAC
C05719,Next Works,2024-08-26,Other,Education,Small,Organic Search,Other
C05720,Cloud Systems,2025-01-28,UK,Retail,Medium,Organic Search,Europe
C05721,Vertex Labs,2024-06-01,USA,Manufacturing,Medium,Referral,North America
C05722,Apex Software,2025-12-01,USA,Healthcare,Enterprise,Organic Search,North America
C05723,Apex Labs,2025-09-28,Other,Healthcare,Large,Organic Search,Other
C05724,Bright Labs,2025-01-08,Canada,Technology,Small,Referral,North America
C05725,Summit Software,2024-10-27,UK,Retail,Medium,Email Marketing,Europe
C05726,Summit Services,2025-09-10,UK,Professional Services,Small,Partner,Europe
C05727,Vertex Services,2025-11-27,USA,Technology,Medium,Referral,North America
C05728,Next Systems,2025-03-12,USA,Finance,Enterprise,Partner,North America
C05729,Core Analytics,2024-12-03,India,Retail,Medium,Paid Search,APAC
C05730,Core Solutions,2024-03-25,USA,Manufacturing,Enterprise,Referral,North America
C05731,Summit Group,2024-05-09,UK,Technology,Small,Paid Search,Europe
C05732,Nova Networks,2025-06-21,Other,Technology,Medium,Referral,Other
C05733,Fusion Labs,2025-10-08,Singapore,Professional Services,Small,Paid Social,APAC
C05734,Digital Group,2025-03-07,India,Technology,Small,Email Marketing,APAC
C05735,Fusion Group,2024-09-23,Germany,Technology,Medium,Paid Search,Europe
C05736,Fusion Services,2025-07-26,UK,Education,Medium,Sales,Europe
C05737,Apex Networks,2024-01-13,India,Manufacturing,Small,Paid Social,APAC
C05738,Cloud Systems,2024-03-15,India,Finance,Medium,Organic Search,APAC
C05739,Cloud Software,2025-07-28,USA,Marketing,Small,Partner,North America
C05740,Blue Group,2025-11-28,Canada,Other,Small,Paid Search,North America
C05741,Vertex Technologies,2024-12-26,Australia,Healthcare,Small,Email Marketing,APAC
C05742,Next Group,2024-02-26,USA,Healthcare,Small,Paid Social,North America
C05743,Digital Group,2025-09-25,USA,Finance,Medium,Paid Search,North America
C05744,Blue Networks,2025-11-04,USA,Professional Services,Small,Organic Search,North America
C05745,Blue Works,2024-04-22,UK,Marketing,Medium,Organic Search,Europe
C05746,Bright Group,2025-05-13,USA,Healthcare,Enterprise,Paid Search,North America
C05747,Cloud Services,2025-08-13,USA,Marketing,Large,Referral,North America
C05748,Summit Works,2025-10-27,India,Professional Services,Small,Organic Search,APAC
C05749,Prime Technologies,2024-02-24,USA,Finance,Medium,Paid Social,North America
C05750,Blue Works,2024-05-25,India,Technology,Large,Organic Search,APAC
C05751,Bright Labs,2025-05-30,India,Manufacturing,Small,Paid Social,APAC
C05752,Core Group,2025-07-16,USA,Retail,Small,Organic Search,North America
C05753,Summit Analytics,2025-08-28,India,Retail,Small,Referral,APAC
C05754,Nova Networks,2024-10-20,Other,Marketing,Small,Paid Search,Other
C05755,Bright Analytics,2025-06-16,Other,Education,Small,Partner,Other
C05756,Digital Systems,2025-07-26,USA,Finance,Medium,Partner,North America
C05757,Core Networks,2025-10-15,USA,Education,Small,Paid Social,North America
C05758,Blue Works,2025-02-24,USA,Professional Services,Small,Sales,North America
C05759,Fusion Networks,2024-11-06,USA,Manufacturing,Small,Paid Search,North America
C05760,Nova Technologies,2024-02-14,India,Retail,Small,Partner,APAC
C05761,Core Analytics,2025-08-26,USA,Healthcare,Large,Sales,North America
C05762,Vertex Analytics,2025-07-21,Canada,Technology,Medium,Referral,North America
C05763,Nova Analytics,2024-09-13,USA,Education,Medium,Paid Search,North America
C05764,Core Solutions,2024-08-16,UK,Healthcare,Small,Paid Search,Europe
C05765,Apex Labs,2024-06-22,India,Technology,Medium,Sales,APAC
C05766,Prime Works,2025-01-08,Other,Marketing,Large,Email Marketing,Other
C05767,Summit Networks,2025-01-29,USA,Retail,Enterprise,Organic Search,North America
C05768,Next Group,2024-03-12,USA,Technology,Small,Email Marketing,North America
C05769,Prime Technologies,2025-06-01,Other,Finance,Small,Sales,Other
C05770,Bright Software,2024-03-12,India,Retail,Medium,Organic Search,APAC
C05771,Cloud Solutions,2025-03-12,USA,Retail,Medium,Partner,North America
C05772,Fusion Technologies,2024-08-13,UK,Healthcare,Medium,Organic Search,Europe
C05773,Next Services,2024-11-02,Singapore,Manufacturing,Small,Organic Search,APAC
C05774,Blue Networks,2025-01-26,USA,Education,Small,Referral,North America
C05775,Next Solutions,2025-01-21,UK,Professional Services,Medium,Paid Social,Europe
C05776,Bright Technologies,2024-08-03,USA,Healthcare,Small,Organic Search,North America
C05777,Core Analytics,2025-03-19,Canada,Professional Services,Enterprise,Paid Search,North America
C05778,Fusion Group,2025-11-27,Australia,Finance,Medium,Paid Social,APAC
C05779,Summit Labs,2024-08-19,India,Other,Small,Paid Search,APAC
C05780,Nova Technologies,2025-05-14,UK,Finance,Small,Paid Social,Europe
C05781,Apex Analytics,2024-08-13,USA,Manufacturing,Small,Sales,North America
C05782,Next Networks,2024-09-05,USA,Technology,Medium,Sales,North America
C05783,Summit Services,2024-09-02,USA,Education,Small,Organic Search,North America
C05784,Vertex Analytics,2025-05-06,Canada,Manufacturing,Small,Sales,North America
C05785,Blue Group,2025-11-13,USA,Technology,Large,Email Marketing,North America
C05786,Cloud Systems,2024-06-22,Other,Retail,Small,Organic Search,Other
C05787,Prime Technologies,2024-12-06,Canada,Manufacturing,Medium,Paid Search,North America
C05788,Prime Networks,2025-07-08,Canada,Finance,Small,Organic Search,North America
C05789,Summit Software,2024-11-24,India,Education,Medium,Email Marketing,APAC
C05790,Digital Networks,2024-10-15,India,Healthcare,Small,Organic Search,APAC
C05791,Cloud Networks,2025-07-12,Other,Healthcare,Large,Partner,Other
C05792,Fusion Analytics,2024-11-14,USA,Professional Services,Medium,Organic Search,North America
C05793,Summit Technologies,2025-02-21,Singapore,Education,Large,Organic Search,APAC
C05794,Cloud Services,2024-09-14,India,Professional Services,Small,Referral,APAC
C05795,Apex Technologies,2025-11-18,Other,Retail,Small,Paid Social,Other
C05796,Fusion Networks,2025-09-24,USA,Manufacturing,Small,Organic Search,North America
C05797,Next Group,2024-11-09,USA,Education,Small,Paid Search,North America
C05798,Summit Networks,2025-08-22,UK,Retail,Medium,Paid Social,Europe
C05799,Digital Systems,2025-02-20,USA,Healthcare,Medium,Email Marketing,North America
C05800,Vertex Labs,2024-08-14,UK,Manufacturing,Medium,Paid Search,Europe
C05801,Apex Software,2025-08-29,Australia,Technology,Small,Partner,APAC
C05802,Summit Analytics,2024-05-02,USA,Healthcare,Small,Paid Social,North America
C05803,Nova Technologies,2025-01-13,USA,Retail,Small,Paid Search,North America
C05804,Core Solutions,2025-01-11,UK,Retail,Large,Partner,Europe
C05805,Nova Labs,2024-01-12,India,Technology,Small,Organic Search,APAC
C05806,Digital Solutions,2024-03-05,USA,Technology,Medium,Email Marketing,North America
C05807,Next Solutions,2024-01-19,India,Education,Medium,Paid Social,APAC
C05808,Apex Labs,2025-01-15,Other,Healthcare,Enterprise,Partner,Other
C05809,Apex Software,2025-04-07,USA,Manufacturing,Large,Sales,North America
C05810,Cloud Services,2025-09-03,USA,Technology,Medium,Partner,North America
C05811,Cloud Systems,2025-02-12,USA,Marketing,Large,Paid Social,North America
C05812,Next Labs,2025-05-04,Canada,Education,Small,Sales,North America
C05813,Next Analytics,2024-12-14,Australia,Retail,Small,Paid Search,APAC
C05814,Vertex Works,2024-06-20,USA,Education,Large,Email Marketing,North America
C05815,Bright Networks,2024-03-25,USA,Education,Medium,Paid Social,North America
C05816,Prime Technologies,2024-03-06,India,Healthcare,Medium,Paid Search,APAC
C05817,Vertex Technologies,2025-09-05,UK,Marketing,Small,Paid Search,Europe
C05818,Blue Group,2024-11-19,Germany,Healthcare,Enterprise,Referral,Europe
C05819,Core Group,2024-10-23,Germany,Healthcare,Medium,Paid Search,Europe
C05820,Nova Services,2024-06-14,USA,Technology,Medium,Partner,North America
C05821,Apex Group,2025-03-14,USA,Technology,Small,Paid Social,North America
C05822,Apex Solutions,2025-08-09,India,Retail,Medium,Paid Social,APAC
C05823,Core Networks,2024-09-09,India,Other,Enterprise,Organic Search,APAC
C05824,Prime Works,2024-05-21,Canada,Education,Small,Email Marketing,North America
C05825,Blue Networks,2024-12-27,Australia,Technology,Small,Organic Search,APAC
C05826,Vertex Services,2025-01-02,UK,Education,Small,Paid Search,Europe
C05827,Next Software,2024-01-07,India,Retail,Medium,Partner,APAC
C05828,Core Analytics,2025-03-10,USA,Education,Small,Organic Search,North America
C05829,Vertex Technologies,2024-12-01,UK,Retail,Small,Paid Search,Europe
C05830,Apex Works,2024-08-21,India,Other,Small,Referral,APAC
C05831,Core Group,2025-11-01,USA,Retail,Small,Referral,North America
C05832,Summit Systems,2025-08-13,USA,Manufacturing,Small,Organic Search,North America
C05833,Prime Group,2025-06-19,Australia,Retail,Small,Organic Search,APAC
C05834,Prime Systems,2024-01-02,Other,Other,Small,Organic Search,Other
C05835,Blue Networks,2024-01-17,Germany,Retail,Large,Organic Search,Europe
C05836,Cloud Group,2025-11-16,Singapore,Technology,Medium,Paid Search,APAC
C05837,Blue Technologies,2024-05-23,UK,Technology,Medium,Organic Search,Europe
C05838,Next Systems,2025-01-10,USA,Other,Medium,Partner,North America
C05839,Core Group,2024-02-08,India,Retail,Medium,Paid Social,APAC
C05840,Vertex Networks,2024-01-21,USA,Retail,Medium,Organic Search,North America
C05841,Cloud Technologies,2024-12-02,India,Retail,Small,Email Marketing,APAC
C05842,Prime Solutions,2025-08-25,USA,Education,Small,Referral,North America
C05843,Apex Services,2024-02-27,India,Manufacturing,Enterprise,Sales,APAC
C05844,Apex Works,2024-05-10,Other,Manufacturing,Large,Paid Search,Other
C05845,Blue Group,2025-03-07,USA,Retail,Large,Organic Search,North America
C05846,Digital Networks,2025-02-07,Australia,Finance,Enterprise,Organic Search,APAC
C05847,Cloud Group,2025-03-29,USA,Finance,Small,Paid Search,North America
C05848,Vertex Technologies,2025-09-03,USA,Healthcare,Small,Referral,North America
C05849,Summit Systems,2025-03-07,UK,Manufacturing,Large,Referral,Europe
C05850,Fusion Group,2025-01-07,Singapore,Professional Services,Large,Referral,APAC
C05851,Summit Analytics,2025-04-16,Singapore,Technology,Small,Paid Social,APAC
C05852,Core Analytics,2025-05-09,UK,Manufacturing,Medium,Paid Search,Europe
C05853,Cloud Services,2024-02-14,Canada,Education,Medium,Paid Search,North America
C05854,Bright Systems,2024-05-01,Singapore,Manufacturing,Medium,Sales,APAC
C05855,Apex Solutions,2024-12-10,UK,Retail,Medium,Organic Search,Europe
C05856,Cloud Technologies,2025-09-27,Canada,Healthcare,Large,Partner,North America
C05857,Core Analytics,2024-01-03,Other,Professional Services,Small,Email Marketing,Other
C05858,Summit Group,2024-02-25,Germany,Marketing,Small,Organic Search,Europe
C05859,Prime Analytics,2024-10-15,India,Healthcare,Small,Organic Search,APAC
C05860,Core Analytics,2024-02-15,USA,Education,Medium,Paid Search,North America
C05861,Vertex Analytics,2025-07-12,USA,Technology,Medium,Email Marketing,North America
C05862,Cloud Analytics,2024-08-04,India,Retail,Medium,Sales,APAC
C05863,Cloud Software,2024-04-10,USA,Healthcare,Small,Organic Search,North America
C05864,Cloud Technologies,2025-08-27,USA,Marketing,Large,Partner,North America
C05865,Vertex Solutions,2024-09-06,USA,Technology,Medium,Sales,North America
C05866,Cloud Works,2025-01-11,Germany,Manufacturing,Small,Organic Search,Europe
C05867,Nova Technologies,2024-10-05,Other,Finance,Small,Organic Search,Other
C05868,Fusion Technologies,2024-08-20,USA,Technology,Medium,Partner,North America
C05869,Next Analytics,2025-05-30,USA,Education,Medium,Paid Search,North America
C05870,Prime Technologies,2025-06-24,USA,Finance,Small,Paid Search,North America
C05871,Summit Systems,2024-08-17,USA,Healthcare,Small,Organic Search,North America
C05872,Digital Labs,2024-12-17,Canada,Finance,Small,Paid Search,North America
C05873,Blue Networks,2024-09-04,India,Education,Small,Organic Search,APAC
C05874,Nova Services,2024-08-07,USA,Technology,Small,Referral,North America
C05875,Nova Systems,2025-07-13,India,Technology,Medium,Organic Search,APAC
C05876,Summit Systems,2024-02-01,USA,Technology,Small,Referral,North America
C05877,Blue Networks,2024-07-29,USA,Other,Medium,Partner,North America
C05878,Fusion Systems,2024-05-29,Canada,Retail,Large,Organic Search,North America
C05879,Summit Networks,2024-06-27,USA,Technology,Large,Organic Search,North America
C05880,Prime Software,2024-07-14,Australia,Finance,Small,Paid Search,APAC
C05881,Apex Analytics,2024-12-28,USA,Technology,Large,Organic Search,North America
C05882,Blue Software,2025-01-10,India,Technology,Medium,Sales,APAC
C05883,Cloud Software,2024-11-04,Canada,Marketing,Small,Partner,North America
C05884,Digital Systems,2024-03-23,India,Marketing,Medium,Partner,APAC
C05885,Core Networks,2025-05-04,India,Technology,Large,Organic Search,APAC
C05886,Next Labs,2025-11-25,Germany,Professional Services,Medium,Paid Social,Europe
C05887,Prime Software,2025-06-24,India,Healthcare,Small,Sales,APAC
C05888,Nova Technologies,2024-07-13,USA,Finance,Medium,Paid Social,North America
C05889,Next Technologies,2025-11-06,Australia,Professional Services,Small,Organic Search,APAC
C05890,Core Labs,2024-05-22,USA,Manufacturing,Medium,Paid Search,North America
C05891,Digital Systems,2024-07-05,USA,Finance,Enterprise,Paid Search,North America
C05892,Vertex Software,2024-04-25,India,Healthcare,Medium,Organic Search,APAC
C05893,Nova Group,2024-11-22,USA,Retail,Medium,Sales,North America
C05894,Bright Solutions,2024-09-21,Canada,Healthcare,Large,Referral,North America
C05895,Digital Analytics,2025-01-03,USA,Finance,Small,Organic Search,North America
C05896,Vertex Systems,2024-05-30,UK,Healthcare,Small,Sales,Europe
C05897,Blue Labs,2025-05-15,USA,Other,Small,Email Marketing,North America
C05898,Cloud Group,2025-07-25,India,Manufacturing,Large,Paid Search,APAC
C05899,Bright Analytics,2024-09-08,India,Technology,Medium,Email Marketing,APAC
C05900,Next Software,2025-05-22,USA,Technology,Small,Paid Social,North America
C05901,Next Software,2024-11-20,USA,Healthcare,Large,Referral,North America
C05902,Digital Solutions,2024-03-26,USA,Technology,Medium,Sales,North America
C05903,Fusion Group,2024-01-05,Germany,Retail,Medium,Email Marketing,Europe
C05904,Cloud Systems,2025-07-30,Other,Marketing,Small,Organic Search,Other
C05905,Nova Networks,2024-02-17,India,Finance,Small,Referral,APAC
C05906,Prime Systems,2025-07-25,UK,Education,Medium,Paid Search,Europe
C05907,Nova Solutions,2024-04-30,USA,Healthcare,Small,Paid Search,North America
C05908,Digital Analytics,2024-07-27,Germany,Technology,Medium,Referral,Europe
C05909,Bright Technologies,2025-06-23,USA,Other,Small,Email Marketing,North America
C05910,Vertex Technologies,2024-11-05,USA,Healthcare,Large,Partner,North America
C05911,Next Networks,2024-10-27,Germany,Finance,Enterprise,Paid Search,Europe
C05912,Next Technologies,2025-09-04,UK,Professional Services,Small,Referral,Europe
C05913,Digital Works,2025-04-15,India,Technology,Medium,Organic Search,APAC
C05914,Bright Group,2024-04-28,Other,Marketing,Medium,Paid Search,Other
C05915,Nova Software,2024-12-31,Singapore,Finance,Medium,Paid Search,APAC
C05916,Blue Services,2025-06-06,USA,Education,Medium,Paid Social,North America
C05917,Blue Works,2024-09-18,India,Retail,Large,Paid Search,APAC
C05918,Prime Services,2024-01-28,Australia,Retail,Large,Organic Search,APAC
C05919,Blue Works,2025-05-03,USA,Technology,Medium,Organic Search,North America
C05920,Next Systems,2024-01-21,India,Education,Small,Organic Search,APAC
C05921,Vertex Group,2025-10-09,USA,Finance,Small,Paid Search,North America
C05922,Bright Analytics,2025-08-12,Canada,Finance,Medium,Email Marketing,North America
C05923,Prime Services,2025-02-12,India,Professional Services,Small,Email Marketing,APAC
C05924,Blue Works,2024-06-28,USA,Technology,Small,Paid Search,North America
C05925,Next Solutions,2025-10-25,USA,Finance,Medium,Paid Search,North America
C05926,Next Technologies,2024-12-24,UK,Retail,Small,Organic Search,Europe
C05927,Core Labs,2024-07-05,Canada,Healthcare,Medium,Organic Search,North America
C05928,Digital Analytics,2024-08-19,USA,Healthcare,Small,Organic Search,North America
C05929,Digital Analytics,2024-09-30,USA,Technology,Medium,Paid Social,North America
C05930,Vertex Systems,2024-07-14,India,Finance,Enterprise,Organic Search,APAC
C05931,Bright Technologies,2024-03-21,USA,Technology,Small,Referral,North America
C05932,Digital Services,2025-10-18,Other,Technology,Medium,Paid Social,Other
C05933,Blue Labs,2025-08-20,Australia,Technology,Medium,Partner,APAC
C05934,Summit Group,2025-11-18,Germany,Technology,Small,Partner,Europe
C05935,Prime Solutions,2024-05-01,Germany,Education,Enterprise,Organic Search,Europe
C05936,Next Analytics,2025-05-14,Canada,Retail,Large,Organic Search,North America
C05937,Next Labs,2024-06-02,USA,Healthcare,Small,Organic Search,North America
C05938,Next Solutions,2024-04-24,USA,Retail,Enterprise,Organic Search,North America
C05939,Vertex Systems,2024-06-29,Canada,Education,Medium,Partner,North America
C05940,Cloud Solutions,2025-03-28,India,Education,Small,Organic Search,APAC
C05941,Digital Solutions,2024-02-16,Singapore,Finance,Medium,Organic Search,APAC
C05942,Vertex Group,2024-10-22,USA,Finance,Large,Paid Search,North America
C05943,Cloud Labs,2025-05-01,Canada,Technology,Large,Referral,North America
C05944,Summit Group,2024-09-22,India,Retail,Small,Referral,APAC
C05945,Vertex Solutions,2025-05-02,Singapore,Healthcare,Small,Paid Search,APAC
C05946,Digital Systems,2025-11-10,USA,Technology,Small,Sales,North America
C05947,Summit Works,2025-08-17,Other,Technology,Small,Partner,Other
C05948,Apex Labs,2024-01-30,Australia,Other,Medium,Email Marketing,APAC
C05949,Bright Systems,2024-07-28,USA,Technology,Small,Paid Search,North America
C05950,Nova Networks,2024-04-09,India,Retail,Small,Email Marketing,APAC
C05951,Blue Solutions,2025-07-14,USA,Healthcare,Small,Email Marketing,North America
C05952,Core Software,2024-05-18,USA,Healthcare,Small,Sales,North America
C05953,Vertex Software,2025-09-07,Australia,Retail,Small,Paid Social,APAC
C05954,Summit Works,2025-08-04,USA,Professional Services,Small,Organic Search,North America
C05955,Apex Group,2024-01-28,Singapore,Healthcare,Medium,Sales,APAC
C05956,Blue Works,2025-10-25,Singapore,Marketing,Medium,Paid Search,APAC
C05957,Blue Technologies,2025-07-25,Other,Technology,Medium,Organic Search,Other
C05958,Blue Works,2024-10-28,USA,Retail,Small,Organic Search,North America
C05959,Prime Group,2025-09-23,Australia,Technology,Large,Email Marketing,APAC
C05960,Core Works,2024-07-23,Canada,Finance,Medium,Organic Search,North America
C05961,Prime Systems,2025-04-18,USA,Retail,Small,Organic Search,North America
C05962,Blue Works,2025-06-23,USA,Technology,Small,Paid Search,North America
C05963,Digital Works,2024-09-14,India,Education,Small,Paid Search,APAC
C05964,Vertex Software,2025-06-15,India,Marketing,Medium,Referral,APAC
C05965,Blue Group,2025-01-19,Other,Professional Services,Small,Referral,Other
C05966,Blue Works,2024-01-07,USA,Technology,Small,Referral,North America
C05967,Nova Solutions,2024-04-13,UK,Technology,Small,Partner,Europe
C05968,Nova Works,2025-02-20,Australia,Finance,Medium,Organic Search,APAC
C05969,Next Systems,2025-04-01,Canada,Finance,Medium,Paid Social,North America
C05970,Apex Technologies,2024-08-12,India,Professional Services,Small,Sales,APAC
C05971,Next Systems,2024-10-19,USA,Healthcare,Large,Paid Search,North America
C05972,Nova Group,2024-11-26,Singapore,Education,Small,Sales,APAC
C05973,Core Labs,2025-03-07,USA,Finance,Small,Paid Search,North America
C05974,Apex Systems,2025-07-29,USA,Technology,Small,Email Marketing,North America
C05975,Bright Labs,2025-03-21,UK,Finance,Large,Paid Social,Europe
C05976,Nova Group,2024-07-19,Singapore,Retail,Medium,Paid Search,APAC
C05977,Prime Technologies,2024-12-27,USA,Healthcare,Small,Referral,North America
C05978,Cloud Technologies,2025-11-19,India,Retail,Small,Organic Search,APAC
C05979,Fusion Labs,2024-11-09,USA,Healthcare,Small,Email Marketing,North America
C05980,Digital Services,2025-01-04,USA,Technology,Medium,Referral,North America
C05981,Cloud Software,2024-11-09,India,Finance,Small,Partner,APAC
C05982,Cloud Analytics,2025-06-09,Australia,Marketing,Small,Paid Search,APAC
C05983,Core Analytics,2025-06-13,UK,Technology,Large,Email Marketing,Europe
C05984,Next Solutions,2024-04-11,Australia,Manufacturing,Medium,Sales,APAC
C05985,Next Analytics,2025-06-19,India,Technology,Enterprise,Organic Search,APAC
C05986,Summit Software,2024-01-12,Germany,Manufacturing,Small,Organic Search,Europe
C05987,Blue Services,2025-01-13,USA,Education,Large,Organic Search,North America
C05988,Bright Works,2024-02-18,UK,Technology,Medium,Partner,Europe
C05989,Blue Services,2024-12-22,USA,Technology,Small,Partner,North America
C05990,Next Networks,2025-09-14,USA,Technology,Small,Organic Search,North America
C05991,Nova Systems,2025-06-21,India,Education,Medium,Referral,APAC
C05992,Digital Works,2025-11-25,Singapore,Retail,Small,Sales,APAC
C05993,Bright Works,2025-03-25,India,Technology,Medium,Referral,APAC
C05994,Apex Solutions,2024-02-29,USA,Retail,Enterprise,Organic Search,North America
C05995,Blue Software,2025-05-07,USA,Technology,Small,Referral,North America
C05996,Fusion Software,2024-12-19,India,Technology,Medium,Organic Search,APAC
C05997,Apex Software,2025-07-27,USA,Finance,Medium,Partner,North America
C05998,Fusion Analytics,2025-11-14,Canada,Other,Large,Paid Social,North America
C05999,Digital Software,2025-02-19,India,Education,Small,Paid Search,APAC
C06000,Next Software,2025-04-08,USA,Professional Services,Small,Paid Search,North America
C06001,Next Systems,2024-06-12,India,Professional Services,Small,Sales,APAC
C06002,Fusion Technologies,2025-09-23,USA,Technology,Small,Paid Search,North America
C06003,Nova Systems,2024-03-18,Australia,Technology,Medium,Partner,APAC
C06004,Core Analytics,2025-08-04,USA,Technology,Medium,Paid Social,North America
C06005,Next Networks,2024-11-04,UK,Manufacturing,Medium,Organic Search,Europe
C06006,Prime Labs,2025-05-10,UK,Other,Small,Organic Search,Europe
C06007,Apex Software,2024-03-05,USA,Retail,Medium,Organic Search,North America
C06008,Core Group,2025-10-22,India,Retail,Small,Paid Search,APAC
C06009,Summit Solutions,2024-05-18,UK,Education,Large,Referral,Europe
C06010,Vertex Networks,2024-07-19,India,Manufacturing,Small,Partner,APAC
C06011,Vertex Technologies,2025-03-09,USA,Manufacturing,Small,Referral,North America
C06012,Digital Systems,2024-10-05,USA,Professional Services,Small,Paid Social,North America
C06013,Fusion Solutions,2024-03-21,USA,Marketing,Small,Sales,North America
C06014,Prime Works,2025-10-07,India,Education,Small,Paid Search,APAC
C06015,Core Systems,2025-02-23,Germany,Professional Services,Small,Paid Social,Europe
C06016,Summit Software,2025-06-22,USA,Healthcare,Small,Organic Search,North America
C06017,Summit Labs,2024-10-26,Singapore,Professional Services,Medium,Email Marketing,APAC
C06018,Fusion Services,2025-04-24,Germany,Marketing,Small,Referral,Europe
C06019,Digital Systems,2024-08-14,USA,Healthcare,Small,Paid Search,North America
C06020,Bright Software,2025-08-13,USA,Finance,Small,Organic Search,North America
C06021,Summit Technologies,2025-11-20,USA,Retail,Large,Organic Search,North America
C06022,Summit Solutions,2024-03-26,Australia,Other,Small,Paid Social,APAC
C06023,Nova Software,2024-09-03,India,Manufacturing,Medium,Paid Search,APAC
C06024,Summit Labs,2024-10-31,USA,Technology,Medium,Sales,North America
C06025,Blue Systems,2024-04-09,Australia,Other,Medium,Organic Search,APAC
C06026,Prime Analytics,2025-03-06,India,Finance,Small,Paid Search,APAC
C06027,Cloud Labs,2024-10-02,USA,Professional Services,Medium,Organic Search,North America
C06028,Digital Technologies,2024-12-29,USA,Technology,Large,Paid Search,North America
C06029,Cloud Solutions,2024-02-09,USA,Professional Services,Medium,Paid Search,North America
C06030,Apex Software,2024-11-13,Canada,Professional Services,Small,Partner,North America
C06031,Prime Software,2024-10-11,USA,Retail,Medium,Paid Search,North America
C06032,Bright Software,2024-06-25,USA,Professional Services,Small,Paid Social,North America
C06033,Bright Labs,2025-01-04,UK,Healthcare,Medium,Sales,Europe
C06034,Prime Analytics,2025-01-06,UK,Finance,Small,Organic Search,Europe
C06035,Next Analytics,2025-10-12,USA,Manufacturing,Small,Email Marketing,North America
C06036,Cloud Services,2025-01-17,India,Professional Services,Small,Organic Search,APAC
C06037,Cloud Labs,2025-05-19,USA,Manufacturing,Small,Paid Search,North America
C06038,Digital Group,2024-07-07,USA,Retail,Small,Referral,North America
C06039,Nova Software,2024-12-28,India,Healthcare,Medium,Organic Search,APAC
C06040,Fusion Systems,2025-05-15,USA,Retail,Large,Paid Social,North America
C06041,Fusion Systems,2025-03-06,USA,Professional Services,Small,Referral,North America
C06042,Cloud Technologies,2024-02-14,USA,Education,Enterprise,Partner,North America
C06043,Blue Software,2025-09-07,India,Healthcare,Enterprise,Email Marketing,APAC
C06044,Vertex Labs,2024-09-21,USA,Manufacturing,Small,Paid Search,North America
C06045,Summit Networks,2024-12-14,Singapore,Technology,Large,Organic Search,APAC
C06046,Summit Works,2025-10-13,USA,Finance,Small,Referral,North America
C06047,Nova Analytics,2025-07-28,USA,Retail,Small,Email Marketing,North America
C06048,Vertex Software,2024-12-08,India,Technology,Small,Organic Search,APAC
C06049,Blue Analytics,2024-04-03,USA,Technology,Small,Referral,North America
C06050,Digital Software,2025-04-12,India,Manufacturing,Medium,Partner,APAC
C06051,Vertex Networks,2024-10-09,UK,Education,Small,Email Marketing,Europe
C06052,Nova Services,2025-09-11,India,Professional Services,Large,Paid Social,APAC
C06053,Apex Works,2025-04-30,USA,Education,Small,Paid Search,North America
C06054,Cloud Networks,2025-11-17,India,Healthcare,Medium,Referral,APAC
C06055,Nova Group,2024-09-15,Canada,Education,Medium,Organic Search,North America
C06056,Nova Solutions,2024-04-08,India,Retail,Medium,Partner,APAC
C06057,Prime Group,2024-11-19,USA,Healthcare,Medium,Partner,North America
C06058,Nova Group,2025-04-08,USA,Retail,Medium,Organic Search,North America
C06059,Bright Works,2025-08-28,USA,Technology,Small,Referral,North America
C06060,Bright Services,2024-10-21,UK,Education,Small,Partner,Europe
C06061,Blue Systems,2024-12-02,Canada,Retail,Small,Paid Search,North America
C06062,Vertex Networks,2024-02-24,USA,Finance,Medium,Referral,North America
C06063,Digital Analytics,2025-07-26,USA,Marketing,Small,Email Marketing,North America
C06064,Blue Solutions,2024-08-12,USA,Marketing,Small,Paid Search,North America
C06065,Cloud Services,2025-05-27,Germany,Marketing,Large,Partner,Europe
C06066,Fusion Services,2024-12-16,Canada,Finance,Medium,Partner,North America
C06067,Nova Software,2024-09-21,Canada,Finance,Large,Paid Search,North America
C06068,Summit Labs,2025-08-23,UK,Manufacturing,Medium,Email Marketing,Europe
C06069,Digital Software,2025-05-14,USA,Other,Medium,Sales,North America
C06070,Digital Works,2024-01-22,Singapore,Healthcare,Small,Paid Search,APAC
C06071,Summit Networks,2025-10-31,Germany,Retail,Enterprise,Organic Search,Europe
C06072,Prime Technologies,2025-04-11,USA,Finance,Medium,Paid Search,North America
C06073,Digital Networks,2025-08-02,USA,Technology,Medium,Organic Search,North America
C06074,Fusion Systems,2025-11-04,India,Education,Enterprise,Paid Social,APAC
C06075,Bright Systems,2025-05-29,USA,Marketing,Medium,Paid Search,North America
C06076,Summit Group,2024-10-17,India,Education,Medium,Paid Search,APAC
C06077,Next Software,2025-04-24,USA,Finance,Large,Referral,North America
C06078,Prime Labs,2025-09-12,USA,Healthcare,Small,Referral,North America
C06079,Bright Software,2025-06-10,India,Manufacturing,Large,Referral,APAC
C06080,Blue Solutions,2025-03-23,USA,Healthcare,Small,Referral,North America
C06081,Cloud Services,2024-05-05,India,Retail,Large,Paid Social,APAC
C06082,Prime Systems,2025-01-05,USA,Technology,Medium,Paid Search,North America
C06083,Prime Group,2024-01-12,India,Technology,Small,Sales,APAC
C06084,Core Group,2025-07-24,Australia,Technology,Medium,Email Marketing,APAC
C06085,Next Group,2024-04-20,India,Education,Small,Paid Social,APAC
C06086,Summit Technologies,2025-05-08,Canada,Professional Services,Medium,Organic Search,North America
C06087,Summit Works,2025-08-30,USA,Marketing,Medium,Organic Search,North America
C06088,Prime Technologies,2024-10-01,Germany,Manufacturing,Small,Paid Social,Europe
C06089,Nova Services,2025-05-26,UK,Marketing,Large,Organic Search,Europe
C06090,Next Technologies,2024-10-24,USA,Education,Medium,Paid Search,North America
C06091,Digital Technologies,2025-10-19,Australia,Professional Services,Medium,Referral,APAC
C06092,Nova Labs,2025-01-03,UK,Manufacturing,Small,Paid Social,Europe
C06093,Apex Labs,2024-08-18,Canada,Technology,Small,Paid Social,North America
C06094,Fusion Works,2024-11-12,India,Professional Services,Small,Email Marketing,APAC
C06095,Vertex Technologies,2025-04-03,Canada,Technology,Medium,Email Marketing,North America
C06096,Cloud Software,2024-10-26,India,Manufacturing,Large,Organic Search,APAC
C06097,Next Systems,2024-09-03,USA,Retail,Small,Paid Social,North America
C06098,Cloud Analytics,2025-10-22,USA,Marketing,Medium,Sales,North America
C06099,Summit Software,2025-11-12,India,Technology,Small,Referral,APAC
C06100,Summit Technologies,2025-09-25,USA,Education,Medium,Paid Search,North America
C06101,Bright Analytics,2024-05-11,Australia,Finance,Small,Paid Search,APAC
C06102,Core Systems,2025-05-22,USA,Finance,Small,Email Marketing,North America
C06103,Digital Technologies,2024-02-06,Australia,Professional Services,Large,Referral,APAC
C06104,Core Labs,2025-05-12,USA,Healthcare,Medium,Organic Search,North America
C06105,Blue Labs,2024-02-09,UK,Professional Services,Medium,Referral,Europe
C06106,Next Networks,2025-01-17,India,Healthcare,Large,Referral,APAC
C06107,Fusion Analytics,2025-11-10,Australia,Professional Services,Small,Sales,APAC
C06108,Prime Works,2024-04-23,USA,Other,Medium,Partner,North America
C06109,Vertex Networks,2025-01-01,USA,Retail,Medium,Organic Search,North America
C06110,Core Services,2024-06-23,Germany,Technology,Medium,Partner,Europe
C06111,Vertex Works,2025-10-20,USA,Education,Medium,Organic Search,North America
C06112,Vertex Software,2025-10-19,USA,Healthcare,Small,Sales,North America
C06113,Bright Solutions,2025-02-19,India,Finance,Small,Sales,APAC
C06114,Fusion Software,2024-03-23,Canada,Technology,Medium,Email Marketing,North America
C06115,Digital Services,2024-10-15,India,Finance,Small,Paid Social,APAC
C06116,Next Technologies,2025-01-16,Other,Retail,Small,Organic Search,Other
C06117,Nova Works,2024-11-15,USA,Technology,Small,Sales,North America
C06118,Digital Group,2024-09-13,USA,Retail,Small,Organic Search,North America
C06119,Vertex Software,2025-06-06,USA,Healthcare,Medium,Sales,North America
C06120,Summit Group,2024-03-21,USA,Finance,Medium,Organic Search,North America
C06121,Vertex Analytics,2025-06-23,Germany,Professional Services,Medium,Paid Search,Europe
C06122,Bright Group,2024-06-30,USA,Education,Medium,Organic Search,North America
C06123,Prime Networks,2024-08-23,India,Finance,Small,Paid Social,APAC
C06124,Blue Group,2025-05-09,USA,Other,Small,Paid Search,North America
C06125,Summit Labs,2025-04-18,India,Education,Medium,Paid Search,APAC
C06126,Next Systems,2024-08-06,Other,Other,Small,Sales,Other
C06127,Prime Group,2024-03-22,Germany,Technology,Large,Paid Social,Europe
C06128,Core Labs,2025-12-01,Australia,Education,Medium,Paid Search,APAC
C06129,Summit Services,2025-06-23,USA,Retail,Small,Organic Search,North America
C06130,Apex Systems,2024-03-03,Singapore,Education,Medium,Paid Search,APAC
C06131,Digital Group,2025-02-06,India,Finance,Small,Organic Search,APAC
C06132,Digital Labs,2025-01-20,India,Professional Services,Medium,Sales,APAC
C06133,Digital Analytics,2025-08-18,Australia,Technology,Large,Paid Social,APAC
C06134,Core Labs,2024-12-13,UK,Finance,Large,Paid Social,Europe
C06135,Cloud Group,2024-05-05,USA,Professional Services,Medium,Partner,North America
C06136,Cloud Solutions,2025-03-30,Singapore,Finance,Medium,Sales,APAC
C06137,Next Works,2024-05-25,USA,Marketing,Small,Organic Search,North America
C06138,Nova Systems,2024-04-11,India,Technology,Small,Sales,APAC
C06139,Core Services,2024-07-18,Australia,Retail,Medium,Sales,APAC
C06140,Vertex Systems,2025-01-06,UK,Healthcare,Small,Paid Search,Europe
C06141,Next Software,2024-01-21,USA,Manufacturing,Large,Paid Social,North America
C06142,Bright Technologies,2025-10-25,UK,Healthcare,Large,Organic Search,Europe
C06143,Digital Services,2025-11-15,USA,Education,Small,Paid Social,North America
C06144,Summit Services,2024-05-19,UK,Retail,Small,Sales,Europe
C06145,Next Group,2025-01-22,USA,Finance,Large,Sales,North America
C06146,Nova Group,2025-07-20,USA,Healthcare,Medium,Organic Search,North America
C06147,Blue Group,2024-03-15,Germany,Marketing,Medium,Paid Search,Europe
C06148,Bright Analytics,2024-11-03,USA,Professional Services,Small,Organic Search,North America
C06149,Cloud Solutions,2025-03-05,USA,Other,Medium,Referral,North America
C06150,Summit Technologies,2025-04-20,USA,Manufacturing,Small,Referral,North America
C06151,Prime Software,2024-06-15,USA,Retail,Medium,Organic Search,North America
C06152,Core Solutions,2025-08-22,India,Professional Services,Small,Sales,APAC
C06153,Nova Analytics,2024-01-20,Other,Education,Medium,Sales,Other
C06154,Core Software,2024-12-21,USA,Finance,Medium,Organic Search,North America
C06155,Vertex Works,2025-07-15,Australia,Professional Services,Medium,Paid Search,APAC
C06156,Core Works,2025-11-25,Australia,Finance,Large,Paid Search,APAC
C06157,Next Labs,2025-02-07,USA,Finance,Medium,Referral,North America
C06158,Fusion Services,2024-10-07,USA,Finance,Small,Organic Search,North America
C06159,Bright Solutions,2025-08-30,USA,Technology,Medium,Paid Search,North America
C06160,Vertex Group,2024-08-15,USA,Manufacturing,Large,Referral,North America
C06161,Fusion Works,2025-01-09,Australia,Technology,Medium,Sales,APAC
C06162,Nova Technologies,2025-06-01,USA,Manufacturing,Small,Organic Search,North America
C06163,Digital Services,2025-04-09,Canada,Retail,Medium,Paid Search,North America
C06164,Vertex Systems,2025-07-16,India,Education,Small,Organic Search,APAC
C06165,Next Systems,2025-05-22,USA,Education,Large,Email Marketing,North America
C06166,Nova Software,2024-11-21,USA,Marketing,Large,Referral,North America
C06167,Blue Works,2024-01-20,USA,Technology,Medium,Organic Search,North America
C06168,Nova Services,2024-10-09,Singapore,Education,Enterprise,Organic Search,APAC
C06169,Bright Analytics,2025-05-08,Singapore,Healthcare,Small,Paid Search,APAC
C06170,Bright Solutions,2025-04-01,India,Technology,Medium,Email Marketing,APAC
C06171,Nova Analytics,2025-11-25,USA,Marketing,Medium,Referral,North America
C06172,Nova Systems,2025-02-17,USA,Finance,Medium,Referral,North America
C06173,Cloud Services,2024-11-14,USA,Manufacturing,Medium,Organic Search,North America
C06174,Summit Analytics,2024-10-15,USA,Other,Medium,Sales,North America
C06175,Cloud Solutions,2024-08-12,USA,Manufacturing,Medium,Paid Search,North America
C06176,Fusion Software,2024-02-29,India,Technology,Small,Organic Search,APAC
C06177,Fusion Technologies,2025-11-16,USA,Technology,Medium,Paid Search,North America
C06178,Fusion Works,2025-07-22,India,Retail,Small,Referral,APAC
C06179,Core Works,2025-08-23,India,Technology,Small,Organic Search,APAC
C06180,Apex Networks,2024-08-30,India,Healthcare,Small,Organic Search,APAC
C06181,Next Solutions,2025-06-15,UK,Retail,Small,Paid Search,Europe
C06182,Fusion Solutions,2025-07-07,Other,Professional Services,Small,Paid Search,Other
C06183,Fusion Systems,2024-04-09,Canada,Technology,Small,Paid Social,North America
C06184,Blue Group,2024-05-18,USA,Marketing,Small,Paid Search,North America
C06185,Digital Technologies,2024-11-29,USA,Technology,Small,Sales,North America
C06186,Cloud Works,2025-04-06,India,Technology,Small,Sales,APAC
C06187,Nova Solutions,2024-05-16,USA,Finance,Small,Sales,North America
C06188,Summit Software,2024-09-01,Germany,Marketing,Small,Paid Search,Europe
C06189,Nova Networks,2024-10-08,USA,Healthcare,Medium,Paid Social,North America
C06190,Summit Services,2024-05-20,UK,Professional Services,Large,Sales,Europe
C06191,Bright Analytics,2025-04-19,USA,Technology,Small,Paid Search,North America
C06192,Summit Labs,2025-03-17,Australia,Manufacturing,Medium,Paid Social,APAC
C06193,Prime Works,2024-10-11,Germany,Professional Services,Medium,Referral,Europe
C06194,Fusion Analytics,2024-01-03,Other,Manufacturing,Medium,Paid Search,Other
C06195,Fusion Works,2025-02-26,UK,Finance,Medium,Referral,Europe
C06196,Cloud Works,2025-10-22,USA,Finance,Small,Referral,North America
C06197,Nova Networks,2025-03-22,USA,Education,Medium,Paid Search,North America
C06198,Nova Systems,2024-04-10,India,Retail,Small,Sales,APAC
C06199,Fusion Systems,2024-04-28,Canada,Retail,Small,Email Marketing,North America
C06200,Vertex Networks,2024-08-30,Canada,Technology,Medium,Paid Search,North America
C06201,Summit Solutions,2025-07-13,USA,Manufacturing,Medium,Email Marketing,North America
C06202,Cloud Services,2025-02-04,Germany,Retail,Medium,Paid Search,Europe
C06203,Vertex Analytics,2025-09-10,USA,Technology,Small,Organic Search,North America
C06204,Core Technologies,2025-02-26,India,Technology,Small,Referral,APAC
C06205,Blue Systems,2024-08-04,Germany,Technology,Medium,Organic Search,Europe
C06206,Core Labs,2025-03-30,UK,Retail,Medium,Paid Social,Europe
C06207,Next Technologies,2025-10-01,UK,Technology,Medium,Referral,Europe
C06208,Blue Systems,2024-03-10,Canada,Retail,Enterprise,Organic Search,North America
C06209,Next Networks,2025-08-11,USA,Marketing,Enterprise,Sales,North America
C06210,Next Analytics,2025-04-04,USA,Retail,Large,Paid Social,North America
C06211,Next Solutions,2025-07-11,India,Manufacturing,Small,Referral,APAC
C06212,Vertex Technologies,2024-11-17,Other,Education,Medium,Organic Search,Other
C06213,Blue Works,2025-02-03,USA,Finance,Small,Referral,North America
C06214,Digital Works,2025-06-30,USA,Technology,Large,Paid Search,North America
C06215,Prime Group,2024-01-04,UK,Professional Services,Large,Paid Social,Europe
C06216,Fusion Works,2024-05-18,USA,Retail,Medium,Sales,North America
C06217,Blue Labs,2025-06-14,Canada,Marketing,Large,Organic Search,North America
C06218,Blue Technologies,2025-11-27,Canada,Education,Small,Referral,North America
C06219,Nova Software,2024-08-30,USA,Technology,Small,Paid Social,North America
C06220,Digital Works,2024-09-05,Canada,Marketing,Large,Partner,North America
C06221,Cloud Labs,2024-05-28,India,Education,Medium,Paid Social,APAC
C06222,Apex Services,2024-01-01,UK,Other,Small,Paid Search,Europe
C06223,Vertex Analytics,2024-01-31,USA,Marketing,Medium,Organic Search,North America
C06224,Next Software,2024-03-03,UK,Technology,Large,Referral,Europe
C06225,Core Group,2025-07-28,India,Technology,Medium,Organic Search,APAC
C06226,Next Labs,2024-01-25,USA,Technology,Large,Email Marketing,North America
C06227,Core Technologies,2024-05-04,Germany,Retail,Small,Email Marketing,Europe
C06228,Nova Analytics,2025-04-20,Germany,Professional Services,Medium,Sales,Europe
C06229,Summit Software,2024-05-08,USA,Retail,Small,Paid Social,North America
C06230,Vertex Works,2024-07-14,USA,Education,Small,Sales,North America
C06231,Summit Software,2025-01-20,Canada,Finance,Medium,Referral,North America
C06232,Next Services,2025-04-26,Australia,Technology,Small,Email Marketing,APAC
C06233,Prime Solutions,2025-08-05,USA,Education,Medium,Referral,North America
C06234,Cloud Networks,2024-08-22,USA,Healthcare,Enterprise,Organic Search,North America
C06235,Fusion Software,2025-02-28,USA,Retail,Small,Organic Search,North America
C06236,Prime Works,2024-04-02,Canada,Finance,Large,Sales,North America
C06237,Core Services,2025-02-14,Germany,Marketing,Small,Referral,Europe
C06238,Summit Services,2024-09-28,Singapore,Technology,Medium,Paid Search,APAC
C06239,Digital Analytics,2025-11-19,India,Technology,Small,Organic Search,APAC
C06240,Apex Solutions,2025-04-05,India,Professional Services,Small,Paid Social,APAC
C06241,Bright Networks,2025-08-11,India,Manufacturing,Medium,Organic Search,APAC
C06242,Fusion Labs,2024-09-06,USA,Marketing,Small,Sales,North America
C06243,Vertex Services,2025-10-26,USA,Marketing,Medium,Email Marketing,North America
C06244,Fusion Group,2024-05-12,Canada,Manufacturing,Medium,Referral,North America
C06245,Prime Services,2025-09-09,Germany,Retail,Medium,Paid Search,Europe
C06246,Prime Works,2024-06-13,USA,Education,Medium,Organic Search,North America
C06247,Digital Solutions,2025-04-30,India,Retail,Large,Partner,APAC
C06248,Next Systems,2025-11-15,USA,Education,Medium,Sales,North America
C06249,Prime Works,2025-01-15,Canada,Finance,Medium,Organic Search,North America
C06250,Vertex Technologies,2025-11-04,USA,Professional Services,Medium,Email Marketing,North America
C06251,Apex Networks,2024-09-27,India,Finance,Small,Organic Search,APAC
C06252,Cloud Labs,2025-01-10,USA,Professional Services,Small,Referral,North America
C06253,Bright Services,2024-08-24,USA,Education,Medium,Paid Search,North America
C06254,Fusion Technologies,2025-05-06,USA,Retail,Medium,Paid Search,North America
C06255,Nova Analytics,2025-04-27,India,Technology,Enterprise,Paid Social,APAC
C06256,Next Group,2024-06-09,India,Healthcare,Large,Paid Social,APAC
C06257,Cloud Software,2025-08-23,Other,Finance,Medium,Paid Social,Other
C06258,Next Services,2024-05-04,Other,Technology,Small,Email Marketing,Other
C06259,Apex Works,2024-07-24,India,Healthcare,Small,Organic Search,APAC
C06260,Prime Systems,2024-07-17,India,Technology,Small,Email Marketing,APAC
C06261,Bright Systems,2024-09-10,Singapore,Retail,Small,Paid Social,APAC
C06262,Apex Analytics,2025-08-24,USA,Retail,Medium,Paid Social,North America
C06263,Nova Networks,2025-04-10,Australia,Manufacturing,Medium,Referral,APAC
C06264,Prime Solutions,2024-10-18,Canada,Technology,Small,Organic Search,North America
C06265,Digital Technologies,2025-08-15,Germany,Healthcare,Small,Email Marketing,Europe
C06266,Cloud Labs,2025-06-28,Singapore,Technology,Medium,Paid Social,APAC
C06267,Prime Technologies,2025-05-31,India,Retail,Large,Paid Search,APAC
C06268,Prime Technologies,2024-06-17,Singapore,Other,Small,Organic Search,APAC
C06269,Bright Labs,2025-04-07,UK,Technology,Small,Partner,Europe
C06270,Summit Analytics,2025-01-11,Canada,Retail,Small,Sales,North America
C06271,Vertex Services,2024-01-19,Other,Technology,Small,Organic Search,Other
C06272,Blue Services,2025-01-21,Canada,Other,Medium,Paid Search,North America
C06273,Bright Technologies,2025-04-21,USA,Education,Medium,Paid Search,North America
C06274,Summit Networks,2025-06-12,UK,Education,Medium,Referral,Europe
C06275,Core Technologies,2025-02-22,India,Retail,Medium,Referral,APAC
C06276,Fusion Labs,2025-09-24,USA,Professional Services,Small,Sales,North America
C06277,Next Solutions,2024-01-17,UK,Retail,Small,Organic Search,Europe
C06278,Fusion Solutions,2024-04-23,UK,Technology,Small,Paid Search,Europe
C06279,Vertex Labs,2024-07-17,Canada,Technology,Enterprise,Paid Search,North America
C06280,Prime Technologies,2024-08-22,USA,Technology,Small,Paid Social,North America
C06281,Prime Labs,2024-04-29,Germany,Other,Small,Sales,Europe
C06282,Summit Systems,2024-12-02,Canada,Other,Small,Paid Social,North America
C06283,Next Networks,2024-09-23,USA,Marketing,Small,Sales,North America
C06284,Cloud Technologies,2024-04-06,USA,Finance,Enterprise,Sales,North America
C06285,Summit Labs,2025-01-12,Canada,Finance,Medium,Organic Search,North America
C06286,Next Systems,2024-03-29,USA,Manufacturing,Medium,Paid Social,North America
C06287,Apex Works,2025-09-23,UK,Manufacturing,Medium,Referral,Europe
C06288,Bright Solutions,2025-04-15,Singapore,Retail,Medium,Sales,APAC
C06289,Cloud Services,2024-07-26,USA,Manufacturing,Medium,Partner,North America
C06290,Apex Works,2025-11-12,India,Healthcare,Medium,Paid Social,APAC
C06291,Blue Technologies,2024-12-17,USA,Retail,Small,Email Marketing,North America
C06292,Bright Works,2024-05-10,Canada,Finance,Small,Partner,North America
C06293,Apex Labs,2025-07-23,Canada,Professional Services,Medium,Organic Search,North America
C06294,Digital Solutions,2025-09-12,USA,Technology,Medium,Paid Search,North America
C06295,Vertex Works,2024-01-14,Canada,Technology,Small,Email Marketing,North America
C06296,Core Networks,2025-11-28,Other,Retail,Small,Referral,Other
C06297,Core Analytics,2025-02-08,India,Finance,Large,Referral,APAC
C06298,Nova Systems,2025-08-20,India,Retail,Large,Email Marketing,APAC
C06299,Digital Works,2025-05-18,India,Healthcare,Small,Paid Search,APAC
C06300,Apex Solutions,2024-05-18,USA,Technology,Medium,Sales,North America
C06301,Prime Software,2024-04-27,USA,Marketing,Small,Organic Search,North America
C06302,Prime Technologies,2025-04-06,India,Marketing,Small,Sales,APAC
C06303,Apex Analytics,2025-09-14,Australia,Technology,Small,Email Marketing,APAC
C06304,Summit Systems,2024-04-13,UK,Professional Services,Large,Paid Search,Europe
C06305,Summit Works,2025-04-05,India,Finance,Small,Paid Search,APAC
C06306,Digital Works,2025-06-20,UK,Marketing,Medium,Partner,Europe
C06307,Vertex Analytics,2024-05-18,USA,Technology,Small,Organic Search,North America
C06308,Next Works,2025-01-06,USA,Other,Small,Organic Search,North America
C06309,Fusion Works,2025-01-16,USA,Professional Services,Small,Paid Search,North America
C06310,Summit Labs,2024-05-19,Australia,Finance,Enterprise,Referral,APAC
C06311,Nova Software,2025-10-01,UK,Healthcare,Small,Partner,Europe
C06312,Apex Solutions,2024-03-21,Canada,Marketing,Medium,Organic Search,North America
C06313,Vertex Analytics,2024-06-25,Canada,Technology,Medium,Organic Search,North America
C06314,Summit Analytics,2025-04-14,USA,Education,Medium,Organic Search,North America
C06315,Blue Services,2025-01-04,Canada,Technology,Small,Sales,North America
C06316,Blue Systems,2024-06-10,India,Retail,Small,Referral,APAC
C06317,Nova Works,2025-04-15,USA,Technology,Large,Paid Search,North America
C06318,Cloud Systems,2025-08-15,UK,Marketing,Large,Organic Search,Europe
C06319,Fusion Networks,2025-09-22,Other,Professional Services,Large,Referral,Other
C06320,Prime Networks,2024-11-18,India,Professional Services,Medium,Organic Search,APAC
C06321,Vertex Software,2024-03-28,UK,Professional Services,Medium,Organic Search,Europe
C06322,Fusion Software,2025-09-16,USA,Professional Services,Small,Email Marketing,North America
C06323,Next Technologies,2024-03-19,USA,Technology,Medium,Partner,North America
C06324,Summit Analytics,2024-08-06,UK,Professional Services,Small,Sales,Europe
C06325,Next Group,2024-01-07,India,Retail,Small,Sales,APAC
C06326,Bright Labs,2024-08-11,UK,Finance,Medium,Referral,Europe
C06327,Fusion Systems,2025-02-03,Other,Finance,Medium,Paid Search,Other
C06328,Bright Systems,2024-07-30,USA,Technology,Medium,Organic Search,North America
C06329,Vertex Solutions,2024-09-14,USA,Retail,Medium,Sales,North America
C06330,Bright Works,2024-08-01,India,Healthcare,Small,Organic Search,APAC
C06331,Apex Networks,2025-03-20,Germany,Technology,Medium,Paid Social,Europe
C06332,Fusion Solutions,2025-03-11,India,Finance,Medium,Paid Search,APAC
C06333,Next Systems,2024-06-14,India,Technology,Large,Referral,APAC
C06334,Vertex Networks,2024-09-21,USA,Marketing,Large,Paid Search,North America
C06335,Fusion Solutions,2025-08-11,UK,Retail,Medium,Paid Search,Europe
C06336,Next Services,2025-05-15,India,Retail,Large,Email Marketing,APAC
C06337,Cloud Solutions,2025-09-16,Other,Healthcare,Medium,Referral,Other
C06338,Vertex Networks,2024-12-14,USA,Education,Large,Referral,North America
C06339,Core Solutions,2025-10-11,Australia,Retail,Medium,Organic Search,APAC
C06340,Cloud Analytics,2024-05-27,USA,Finance,Small,Referral,North America
C06341,Core Networks,2024-09-06,USA,Retail,Small,Partner,North America
C06342,Vertex Systems,2024-10-05,USA,Finance,Enterprise,Email Marketing,North America
C06343,Blue Group,2024-10-11,Singapore,Education,Small,Partner,APAC
C06344,Core Technologies,2024-01-07,India,Healthcare,Medium,Referral,APAC
C06345,Bright Software,2024-08-07,USA,Education,Medium,Paid Search,North America
C06346,Fusion Services,2024-11-02,USA,Other,Medium,Paid Social,North America
C06347,Summit Analytics,2024-03-17,USA,Technology,Medium,Organic Search,North America
C06348,Summit Technologies,2025-10-16,USA,Finance,Medium,Paid Search,North America
C06349,Summit Solutions,2024-10-11,USA,Technology,Enterprise,Email Marketing,North America
C06350,Core Technologies,2024-08-02,UK,Other,Small,Organic Search,Europe
C06351,Bright Analytics,2025-09-08,India,Professional Services,Small,Organic Search,APAC
C06352,Apex Networks,2025-03-08,Canada,Retail,Small,Referral,North America
C06353,Core Software,2024-11-18,India,Marketing,Medium,Organic Search,APAC
C06354,Digital Services,2025-10-17,India,Retail,Small,Referral,APAC
C06355,Apex Systems,2024-01-25,India,Retail,Small,Paid Social,APAC
C06356,Nova Analytics,2024-12-07,UK,Manufacturing,Large,Partner,Europe
C06357,Vertex Labs,2025-08-14,UK,Retail,Medium,Referral,Europe
C06358,Prime Group,2025-10-22,UK,Education,Small,Paid Search,Europe
C06359,Digital Technologies,2024-07-05,UK,Professional Services,Small,Organic Search,Europe
C06360,Cloud Software,2024-05-28,India,Professional Services,Large,Sales,APAC
C06361,Apex Software,2025-07-20,Singapore,Finance,Small,Organic Search,APAC
C06362,Apex Systems,2025-04-08,USA,Education,Enterprise,Paid Search,North America
C06363,Bright Solutions,2025-07-22,USA,Retail,Medium,Organic Search,North America
C06364,Fusion Technologies,2024-02-08,USA,Healthcare,Small,Paid Search,North America
C06365,Fusion Systems,2024-10-13,UK,Healthcare,Small,Paid Search,Europe
C06366,Vertex Group,2025-07-24,Other,Manufacturing,Medium,Organic Search,Other
C06367,Next Works,2025-11-15,India,Retail,Medium,Paid Search,APAC
C06368,Vertex Networks,2024-07-27,USA,Retail,Medium,Partner,North America
C06369,Next Solutions,2024-09-07,Singapore,Finance,Medium,Paid Search,APAC
C06370,Nova Software,2025-01-04,Singapore,Professional Services,Large,Partner,APAC
C06371,Vertex Group,2025-07-23,UK,Retail,Small,Paid Social,Europe
C06372,Prime Analytics,2025-01-05,Canada,Healthcare,Small,Organic Search,North America
C06373,Core Services,2024-06-27,USA,Finance,Small,Organic Search,North America
C06374,Next Services,2024-02-10,USA,Retail,Medium,Email Marketing,North America
C06375,Digital Software,2025-05-03,USA,Technology,Enterprise,Paid Social,North America
C06376,Nova Solutions,2025-10-31,India,Technology,Medium,Sales,APAC
C06377,Next Solutions,2024-04-15,USA,Finance,Medium,Organic Search,North America
C06378,Bright Services,2025-06-22,USA,Technology,Medium,Paid Search,North America
C06379,Blue Technologies,2025-10-11,India,Manufacturing,Medium,Organic Search,APAC
C06380,Next Technologies,2024-11-29,Germany,Finance,Small,Organic Search,Europe
C06381,Bright Technologies,2025-11-27,India,Finance,Small,Paid Social,APAC
C06382,Bright Labs,2024-11-27,UK,Other,Medium,Paid Social,Europe
C06383,Next Labs,2024-08-08,USA,Finance,Medium,Referral,North America
C06384,Bright Works,2024-07-04,USA,Healthcare,Large,Referral,North America
C06385,Blue Group,2024-06-25,Australia,Technology,Large,Organic Search,APAC
C06386,Vertex Solutions,2025-03-12,UK,Finance,Large,Referral,Europe
C06387,Nova Analytics,2024-03-03,Canada,Education,Large,Referral,North America
C06388,Prime Services,2024-11-21,USA,Professional Services,Small,Paid Search,North America
C06389,Nova Solutions,2024-05-21,Canada,Other,Small,Email Marketing,North America
C06390,Core Labs,2025-01-29,USA,Manufacturing,Medium,Email Marketing,North America
C06391,Blue Systems,2025-07-31,USA,Finance,Medium,Referral,North America
C06392,Prime Networks,2024-05-05,USA,Technology,Small,Paid Search,North America
C06393,Vertex Systems,2025-09-08,India,Retail,Medium,Paid Social,APAC
C06394,Core Solutions,2025-10-17,India,Other,Medium,Paid Search,APAC
C06395,Nova Solutions,2025-04-09,Germany,Healthcare,Large,Email Marketing,Europe
C06396,Digital Solutions,2024-05-24,Singapore,Healthcare,Small,Email Marketing,APAC
C06397,Blue Technologies,2024-06-15,Other,Manufacturing,Medium,Paid Search,Other
C06398,Nova Labs,2025-07-05,USA,Manufacturing,Small,Organic Search,North America
C06399,Summit Technologies,2024-11-30,Other,Manufacturing,Medium,Partner,Other
C06400,Core Works,2025-10-16,Germany,Retail,Medium,Referral,Europe
C06401,Summit Group,2024-11-17,Singapore,Manufacturing,Medium,Sales,APAC
C06402,Apex Services,2025-04-10,USA,Retail,Medium,Paid Search,North America
C06403,Bright Works,2025-11-27,India,Professional Services,Medium,Organic Search,APAC
C06404,Bright Solutions,2024-11-12,Australia,Technology,Large,Email Marketing,APAC
C06405,Bright Labs,2024-12-29,Germany,Finance,Medium,Referral,Europe
C06406,Cloud Networks,2025-08-19,USA,Retail,Small,Email Marketing,North America
C06407,Summit Services,2025-03-27,USA,Education,Small,Organic Search,North America
C06408,Summit Technologies,2024-05-24,USA,Marketing,Small,Referral,North America
C06409,Next Systems,2025-03-03,USA,Finance,Medium,Organic Search,North America
C06410,Digital Services,2024-05-04,India,Technology,Medium,Organic Search,APAC
C06411,Cloud Services,2025-01-01,UK,Marketing,Small,Email Marketing,Europe
C06412,Summit Systems,2024-08-21,Other,Technology,Medium,Organic Search,Other
C06413,Cloud Networks,2025-02-22,USA,Technology,Medium,Paid Social,North America
C06414,Blue Solutions,2025-09-23,USA,Technology,Medium,Sales,North America
C06415,Vertex Analytics,2024-08-15,USA,Finance,Medium,Paid Search,North America
C06416,Nova Services,2025-02-16,Australia,Education,Small,Paid Search,APAC
C06417,Vertex Services,2024-09-26,Germany,Professional Services,Small,Organic Search,Europe
C06418,Next Labs,2025-07-25,USA,Marketing,Small,Paid Search,North America
C06419,Core Systems,2025-06-16,USA,Education,Large,Referral,North America
C06420,Next Software,2025-06-21,India,Professional Services,Medium,Email Marketing,APAC
C06421,Core Analytics,2025-02-09,India,Technology,Large,Organic Search,APAC
C06422,Cloud Software,2024-01-16,UK,Manufacturing,Enterprise,Partner,Europe
C06423,Next Services,2025-06-09,India,Healthcare,Medium,Paid Social,APAC
C06424,Apex Technologies,2024-08-04,Germany,Technology,Small,Organic Search,Europe
C06425,Prime Systems,2024-02-25,India,Finance,Small,Sales,APAC
C06426,Blue Labs,2024-01-22,USA,Manufacturing,Medium,Paid Social,North America
C06427,Next Technologies,2025-07-28,India,Education,Large,Referral,APAC
C06428,Summit Analytics,2025-11-16,India,Finance,Small,Referral,APAC
C06429,Blue Labs,2025-07-07,USA,Healthcare,Medium,Organic Search,North America
C06430,Apex Services,2025-05-19,India,Manufacturing,Small,Paid Search,APAC
C06431,Digital Software,2024-07-04,Australia,Technology,Medium,Partner,APAC
C06432,Digital Networks,2025-10-21,UK,Retail,Small,Organic Search,Europe
C06433,Summit Software,2024-09-03,India,Technology,Large,Organic Search,APAC
C06434,Nova Works,2024-05-03,UK,Healthcare,Small,Paid Search,Europe
C06435,Apex Solutions,2025-04-01,India,Other,Enterprise,Partner,APAC
C06436,Digital Technologies,2025-05-13,Singapore,Education,Small,Organic Search,APAC
C06437,Core Labs,2025-07-30,USA,Finance,Small,Sales,North America
C06438,Core Labs,2025-05-22,Other,Retail,Large,Sales,Other
C06439,Next Group,2025-09-04,USA,Other,Small,Paid Search,North America
C06440,Next Systems,2024-11-19,UK,Education,Small,Organic Search,Europe
C06441,Summit Labs,2024-11-05,Canada,Retail,Medium,Paid Social,North America
C06442,Next Software,2024-05-05,USA,Retail,Small,Organic Search,North America
C06443,Nova Labs,2024-07-17,Australia,Healthcare,Small,Partner,APAC
C06444,Fusion Group,2024-11-15,USA,Retail,Enterprise,Email Marketing,North America
C06445,Next Systems,2025-04-17,USA,Manufacturing,Small,Email Marketing,North America
C06446,Blue Labs,2025-10-02,UK,Finance,Small,Organic Search,Europe
C06447,Digital Technologies,2025-10-04,Australia,Healthcare,Small,Paid Search,APAC
C06448,Cloud Services,2025-08-07,Germany,Technology,Medium,Partner,Europe
C06449,Vertex Technologies,2024-01-27,UK,Technology,Small,Organic Search,Europe
C06450,Vertex Works,2025-05-07,UK,Technology,Small,Paid Social,Europe
C06451,Vertex Labs,2024-01-28,India,Education,Small,Partner,APAC
C06452,Fusion Solutions,2025-02-04,USA,Technology,Small,Sales,North America
C06453,Core Analytics,2024-11-17,UK,Finance,Small,Paid Search,Europe
C06454,Bright Networks,2025-03-31,USA,Education,Small,Paid Social,North America
C06455,Nova Solutions,2024-02-10,USA,Retail,Small,Paid Social,North America
C06456,Prime Solutions,2025-06-15,India,Education,Small,Email Marketing,APAC
C06457,Prime Labs,2024-12-06,UK,Technology,Small,Organic Search,Europe
C06458,Summit Group,2024-07-29,India,Education,Medium,Organic Search,APAC
C06459,Vertex Analytics,2024-05-12,India,Finance,Small,Email Marketing,APAC
C06460,Core Group,2025-10-04,India,Technology,Medium,Partner,APAC
C06461,Apex Works,2024-07-09,USA,Technology,Medium,Sales,North America
C06462,Blue Solutions,2024-06-18,USA,Retail,Large,Email Marketing,North America
C06463,Apex Networks,2025-02-05,UK,Finance,Small,Referral,Europe
C06464,Summit Technologies,2025-09-01,USA,Retail,Enterprise,Email Marketing,North America
C06465,Summit Systems,2024-06-09,India,Healthcare,Medium,Paid Search,APAC
C06466,Vertex Solutions,2024-06-06,Canada,Technology,Small,Organic Search,North America
C06467,Next Works,2024-03-17,USA,Retail,Small,Paid Search,North America
C06468,Bright Systems,2024-09-23,USA,Marketing,Medium,Partner,North America
C06469,Blue Technologies,2025-11-15,USA,Manufacturing,Small,Organic Search,North America
C06470,Blue Solutions,2024-09-24,USA,Education,Medium,Organic Search,North America
C06471,Vertex Labs,2024-04-12,India,Healthcare,Large,Organic Search,APAC
C06472,Summit Services,2024-06-28,India,Technology,Medium,Organic Search,APAC
C06473,Next Analytics,2024-01-30,India,Healthcare,Medium,Paid Social,APAC
C06474,Core Software,2025-10-15,USA,Finance,Small,Organic Search,North America
C06475,Digital Software,2025-04-26,India,Technology,Small,Paid Search,APAC
C06476,Blue Systems,2024-03-04,Australia,Technology,Medium,Sales,APAC
C06477,Digital Solutions,2024-01-02,UK,Technology,Medium,Partner,Europe
C06478,Blue Analytics,2024-05-30,Canada,Technology,Small,Sales,North America
C06479,Core Labs,2024-04-06,India,Finance,Small,Partner,APAC
C06480,Prime Works,2024-03-07,Canada,Retail,Medium,Organic Search,North America
C06481,Digital Systems,2025-11-01,Canada,Healthcare,Small,Sales,North America
C06482,Bright Solutions,2025-08-10,Canada,Education,Medium,Partner,North America
C06483,Apex Analytics,2024-08-10,Other,Marketing,Small,Email Marketing,Other
C06484,Apex Software,2024-01-02,USA,Education,Small,Partner,North America
C06485,Next Technologies,2025-02-10,Other,Retail,Small,Organic Search,Other
C06486,Cloud Services,2025-10-10,USA,Technology,Medium,Email Marketing,North America
C06487,Apex Services,2024-01-18,UK,Technology,Small,Email Marketing,Europe
C06488,Next Analytics,2025-02-04,Other,Technology,Small,Sales,Other
C06489,Prime Software,2025-07-12,USA,Technology,Medium,Sales,North America
C06490,Nova Solutions,2024-09-16,UK,Retail,Small,Organic Search,Europe
C06491,Summit Services,2024-07-11,USA,Technology,Medium,Referral,North America
C06492,Prime Technologies,2025-03-28,USA,Education,Medium,Paid Social,North America
C06493,Next Works,2024-02-10,USA,Education,Small,Organic Search,North America
C06494,Vertex Technologies,2025-10-27,Canada,Manufacturing,Small,Paid Social,North America
C06495,Bright Solutions,2025-07-19,USA,Finance,Small,Paid Search,North America
C06496,Nova Group,2024-01-09,Singapore,Manufacturing,Medium,Paid Search,APAC
C06497,Prime Technologies,2024-07-17,USA,Retail,Enterprise,Email Marketing,North America
C06498,Core Software,2025-01-05,Germany,Professional Services,Small,Paid Search,Europe
C06499,Core Services,2024-03-30,USA,Manufacturing,Enterprise,Paid Search,North America
C06500,Next Works,2024-06-01,Canada,Professional Services,Medium,Email Marketing,North America
C06501,Fusion Services,2025-07-04,USA,Healthcare,Small,Sales,North America
C06502,Blue Analytics,2024-03-19,Germany,Retail,Small,Paid Search,Europe
C06503,Blue Analytics,2024-03-17,USA,Technology,Enterprise,Email Marketing,North America
C06504,Next Analytics,2024-11-25,Canada,Marketing,Large,Paid Social,North America
C06505,Summit Solutions,2024-06-27,Singapore,Marketing,Small,Paid Search,APAC
C06506,Bright Software,2024-03-14,India,Professional Services,Small,Organic Search,APAC
C06507,Blue Networks,2024-10-28,USA,Technology,Medium,Paid Search,North America
C06508,Blue Analytics,2025-06-21,Australia,Manufacturing,Small,Paid Social,APAC
C06509,Summit Networks,2025-11-18,India,Technology,Small,Organic Search,APAC
C06510,Digital Networks,2025-11-06,Canada,Manufacturing,Large,Organic Search,North America
C06511,Core Services,2024-08-29,USA,Professional Services,Small,Paid Search,North America
C06512,Core Services,2024-11-02,USA,Marketing,Medium,Referral,North America
C06513,Cloud Systems,2025-09-28,USA,Technology,Small,Referral,North America
C06514,Summit Services,2025-06-02,USA,Professional Services,Small,Organic Search,North America
C06515,Prime Systems,2025-04-05,Canada,Retail,Large,Paid Social,North America
C06516,Blue Group,2025-07-03,Other,Education,Small,Organic Search,Other
C06517,Nova Group,2025-11-15,UK,Education,Small,Sales,Europe
C06518,Vertex Services,2025-03-21,UK,Healthcare,Small,Sales,Europe
C06519,Cloud Services,2025-03-31,UK,Retail,Small,Paid Search,Europe
C06520,Apex Works,2024-08-03,Other,Education,Small,Referral,Other
C06521,Cloud Group,2024-07-08,Canada,Marketing,Large,Referral,North America
C06522,Fusion Technologies,2025-11-03,USA,Manufacturing,Small,Paid Search,North America
C06523,Blue Works,2025-10-03,Canada,Education,Medium,Email Marketing,North America
C06524,Core Networks,2024-12-08,USA,Technology,Small,Email Marketing,North America
C06525,Prime Labs,2025-08-18,India,Professional Services,Medium,Organic Search,APAC
C06526,Bright Software,2025-08-23,UK,Education,Medium,Organic Search,Europe
C06527,Cloud Software,2024-07-19,India,Healthcare,Large,Paid Search,APAC
C06528,Fusion Networks,2024-12-08,USA,Education,Small,Organic Search,North America
C06529,Digital Services,2024-04-26,USA,Education,Medium,Organic Search,North America
C06530,Core Systems,2025-10-27,USA,Professional Services,Small,Referral,North America
C06531,Prime Group,2024-05-23,Australia,Retail,Enterprise,Organic Search,APAC
C06532,Cloud Services,2024-08-06,USA,Other,Large,Referral,North America
C06533,Next Systems,2025-07-12,Other,Retail,Large,Referral,Other
C06534,Summit Technologies,2024-03-26,India,Technology,Small,Organic Search,APAC
C06535,Digital Solutions,2025-05-27,USA,Healthcare,Small,Referral,North America
C06536,Core Networks,2024-09-29,India,Retail,Medium,Organic Search,APAC
C06537,Nova Technologies,2025-05-15,UK,Education,Small,Partner,Europe
C06538,Fusion Networks,2024-02-15,UK,Technology,Large,Paid Social,Europe
C06539,Next Services,2024-07-08,USA,Technology,Medium,Referral,North America
C06540,Blue Software,2024-04-20,Singapore,Retail,Medium,Organic Search,APAC
C06541,Nova Analytics,2024-02-24,Singapore,Professional Services,Small,Referral,APAC
C06542,Vertex Labs,2025-03-09,USA,Healthcare,Enterprise,Partner,North America
C06543,Prime Networks,2024-02-17,UK,Finance,Small,Paid Search,Europe
C06544,Fusion Services,2025-03-12,USA,Education,Enterprise,Paid Search,North America
C06545,Apex Analytics,2024-06-25,Australia,Education,Medium,Paid Search,APAC
C06546,Next Group,2024-04-11,USA,Technology,Small,Paid Search,North America
C06547,Core Works,2024-11-18,Other,Healthcare,Small,Paid Social,Other
C06548,Digital Services,2024-06-13,India,Healthcare,Large,Organic Search,APAC
C06549,Summit Solutions,2024-06-02,India,Professional Services,Large,Paid Social,APAC
C06550,Apex Labs,2025-08-12,USA,Finance,Medium,Organic Search,North America
C06551,Apex Works,2024-10-13,Canada,Manufacturing,Medium,Paid Social,North America
C06552,Next Services,2024-03-06,Singapore,Education,Medium,Paid Social,APAC
C06553,Bright Labs,2025-10-28,USA,Retail,Small,Organic Search,North America
C06554,Fusion Software,2025-09-09,UK,Education,Large,Paid Search,Europe
C06555,Cloud Labs,2024-08-02,India,Healthcare,Medium,Organic Search,APAC
C06556,Next Software,2025-06-06,USA,Marketing,Large,Paid Social,North America
C06557,Cloud Works,2025-01-21,UK,Healthcare,Small,Referral,Europe
C06558,Summit Analytics,2025-07-26,USA,Technology,Medium,Referral,North America
C06559,Apex Works,2025-05-31,USA,Healthcare,Medium,Paid Social,North America
C06560,Fusion Software,2024-03-30,USA,Technology,Medium,Organic Search,North America
C06561,Fusion Group,2025-08-18,Other,Other,Medium,Organic Search,Other
C06562,Next Services,2024-03-31,India,Technology,Medium,Paid Social,APAC
C06563,Summit Works,2024-08-24,Other,Healthcare,Medium,Organic Search,Other
C06564,Fusion Services,2025-01-22,USA,Marketing,Large,Paid Search,North America
C06565,Blue Works,2025-11-08,India,Professional Services,Medium,Organic Search,APAC
C06566,Summit Technologies,2025-06-21,USA,Retail,Large,Organic Search,North America
C06567,Core Systems,2025-09-01,Germany,Manufacturing,Small,Organic Search,Europe
C06568,Apex Works,2025-07-04,USA,Manufacturing,Small,Organic Search,North America
C06569,Nova Services,2025-05-03,Germany,Finance,Medium,Organic Search,Europe
C06570,Fusion Technologies,2025-01-06,India,Marketing,Enterprise,Referral,APAC
C06571,Digital Software,2024-12-04,India,Retail,Small,Sales,APAC
C06572,Prime Solutions,2025-06-07,USA,Professional Services,Medium,Paid Search,North America
C06573,Vertex Labs,2024-08-29,India,Manufacturing,Small,Sales,APAC
C06574,Fusion Works,2024-01-02,Other,Marketing,Medium,Email Marketing,Other
C06575,Bright Networks,2025-01-20,Other,Retail,Enterprise,Paid Search,Other
C06576,Bright Solutions,2025-07-20,USA,Retail,Medium,Email Marketing,North America
C06577,Blue Solutions,2024-02-09,USA,Marketing,Large,Sales,North America
C06578,Digital Labs,2025-02-06,USA,Marketing,Small,Paid Social,North America
C06579,Nova Technologies,2025-05-28,India,Manufacturing,Medium,Organic Search,APAC
C06580,Prime Networks,2024-06-12,Other,Retail,Medium,Paid Search,Other
C06581,Cloud Solutions,2024-08-14,UK,Technology,Small,Partner,Europe
C06582,Prime Group,2025-07-17,USA,Technology,Medium,Organic Search,North America
C06583,Vertex Services,2024-02-16,USA,Manufacturing,Medium,Paid Social,North America
C06584,Prime Labs,2025-02-10,UK,Technology,Small,Paid Search,Europe
C06585,Nova Analytics,2024-03-13,UK,Education,Small,Organic Search,Europe
C06586,Core Analytics,2025-08-04,USA,Other,Enterprise,Organic Search,North America
C06587,Digital Works,2024-06-04,USA,Finance,Small,Paid Search,North America
C06588,Nova Works,2025-02-09,USA,Professional Services,Large,Paid Social,North America
C06589,Digital Analytics,2024-09-21,Singapore,Marketing,Medium,Paid Search,APAC
C06590,Bright Software,2024-05-12,Germany,Education,Small,Paid Search,Europe
C06591,Core Technologies,2025-01-19,USA,Finance,Large,Paid Search,North America
C06592,Apex Group,2025-05-09,USA,Finance,Large,Paid Search,North America
C06593,Apex Group,2024-02-10,India,Technology,Small,Paid Social,APAC
C06594,Apex Software,2025-07-12,Australia,Education,Large,Partner,APAC
C06595,Blue Group,2024-02-26,Australia,Finance,Small,Paid Search,APAC
C06596,Digital Analytics,2024-09-08,Other,Healthcare,Small,Paid Social,Other
C06597,Vertex Analytics,2024-12-13,USA,Professional Services,Small,Paid Search,North America
C06598,Prime Solutions,2025-04-14,USA,Professional Services,Medium,Paid Social,North America
C06599,Nova Group,2024-02-20,India,Healthcare,Medium,Organic Search,APAC
C06600,Fusion Group,2024-09-07,Canada,Technology,Small,Sales,North America
C06601,Summit Analytics,2024-03-01,USA,Retail,Large,Paid Search,North America
C06602,Digital Networks,2025-09-08,USA,Education,Large,Paid Search,North America
C06603,Summit Systems,2024-05-31,USA,Technology,Medium,Referral,North America
C06604,Blue Works,2025-04-28,India,Retail,Small,Sales,APAC
C06605,Core Works,2024-10-22,Australia,Education,Small,Paid Search,APAC
C06606,Summit Solutions,2025-01-29,Germany,Education,Enterprise,Organic Search,Europe
C06607,Prime Software,2025-04-21,Singapore,Finance,Large,Organic Search,APAC
C06608,Summit Labs,2024-02-17,Germany,Marketing,Medium,Paid Search,Europe
C06609,Prime Works,2025-11-20,USA,Finance,Medium,Sales,North America
C06610,Nova Labs,2025-03-09,UK,Healthcare,Small,Email Marketing,Europe
C06611,Bright Networks,2025-07-16,India,Education,Large,Organic Search,APAC
C06612,Vertex Group,2025-03-17,Other,Technology,Enterprise,Email Marketing,Other
C06613,Summit Networks,2025-06-13,USA,Healthcare,Small,Sales,North America
C06614,Apex Analytics,2024-02-26,USA,Technology,Medium,Sales,North America
C06615,Next Labs,2025-02-10,USA,Technology,Large,Paid Search,North America
C06616,Bright Systems,2025-03-28,Australia,Finance,Small,Email Marketing,APAC
C06617,Vertex Systems,2025-10-04,UK,Retail,Small,Organic Search,Europe
C06618,Next Services,2025-01-08,Australia,Retail,Large,Paid Social,APAC
C06619,Nova Networks,2024-01-05,UK,Technology,Small,Partner,Europe
C06620,Bright Analytics,2025-02-27,Canada,Technology,Large,Organic Search,North America
C06621,Next Software,2024-08-24,USA,Finance,Small,Organic Search,North America
C06622,Digital Technologies,2025-06-22,Other,Technology,Small,Paid Social,Other
C06623,Blue Group,2024-05-05,USA,Finance,Small,Paid Social,North America
C06624,Blue Services,2025-06-29,Germany,Technology,Medium,Paid Social,Europe
C06625,Cloud Labs,2024-01-28,USA,Marketing,Enterprise,Partner,North America
C06626,Bright Labs,2025-06-29,USA,Retail,Enterprise,Referral,North America
C06627,Fusion Software,2025-03-09,USA,Professional Services,Small,Organic Search,North America
C06628,Vertex Works,2024-11-17,Canada,Healthcare,Medium,Sales,North America
C06629,Fusion Labs,2024-02-23,Other,Retail,Small,Sales,Other
C06630,Next Works,2024-09-28,Other,Retail,Small,Partner,Other
C06631,Fusion Technologies,2025-01-04,UK,Marketing,Medium,Organic Search,Europe
C06632,Apex Services,2024-08-04,Australia,Manufacturing,Small,Partner,APAC
C06633,Next Networks,2024-05-02,India,Other,Small,Paid Search,APAC
C06634,Core Solutions,2025-03-19,UK,Other,Large,Paid Social,Europe
C06635,Next Technologies,2024-08-24,USA,Technology,Enterprise,Referral,North America
C06636,Cloud Solutions,2025-10-19,USA,Other,Medium,Organic Search,North America
C06637,Bright Technologies,2024-07-01,India,Marketing,Small,Email Marketing,APAC
C06638,Blue Labs,2024-10-19,Germany,Finance,Small,Sales,Europe
C06639,Apex Labs,2024-02-18,USA,Professional Services,Small,Email Marketing,North America
C06640,Digital Services,2025-10-31,USA,Technology,Small,Paid Search,North America
C06641,Vertex Systems,2024-07-28,UK,Education,Small,Paid Social,Europe
C06642,Prime Networks,2024-01-09,UK,Manufacturing,Small,Email Marketing,Europe
C06643,Apex Services,2025-03-14,USA,Manufacturing,Small,Organic Search,North America
C06644,Digital Group,2024-04-17,USA,Education,Medium,Partner,North America
C06645,Vertex Works,2025-10-24,USA,Manufacturing,Small,Partner,North America
C06646,Blue Solutions,2024-09-21,USA,Finance,Small,Sales,North America
C06647,Core Works,2024-12-18,UK,Technology,Small,Partner,Europe
C06648,Next Software,2024-03-20,USA,Finance,Medium,Partner,North America
C06649,Apex Group,2025-07-10,Singapore,Technology,Medium,Referral,APAC
C06650,Apex Group,2024-03-07,USA,Manufacturing,Small,Referral,North America
C06651,Blue Works,2025-06-11,India,Healthcare,Small,Partner,APAC
C06652,Blue Networks,2025-05-19,USA,Marketing,Medium,Organic Search,North America
C06653,Next Software,2025-10-18,USA,Professional Services,Small,Paid Search,North America
C06654,Bright Technologies,2025-02-08,USA,Technology,Small,Organic Search,North America
C06655,Nova Labs,2025-06-27,USA,Technology,Small,Organic Search,North America
C06656,Core Solutions,2024-04-01,India,Manufacturing,Medium,Referral,APAC
C06657,Core Group,2024-11-27,India,Marketing,Small,Paid Social,APAC
C06658,Next Systems,2024-09-05,UK,Professional Services,Small,Organic Search,Europe
C06659,Core Networks,2025-11-30,USA,Other,Small,Sales,North America
C06660,Blue Software,2024-09-01,USA,Healthcare,Small,Paid Social,North America
C06661,Prime Technologies,2025-07-20,India,Retail,Enterprise,Paid Search,APAC
C06662,Nova Software,2025-06-20,USA,Technology,Medium,Organic Search,North America
C06663,Vertex Software,2025-06-04,Other,Professional Services,Small,Organic Search,Other
C06664,Apex Labs,2024-01-06,Germany,Finance,Medium,Referral,Europe
C06665,Cloud Technologies,2024-12-29,India,Technology,Medium,Paid Social,APAC
C06666,Fusion Group,2024-02-23,India,Technology,Medium,Sales,APAC
C06667,Bright Analytics,2024-12-08,UK,Education,Medium,Organic Search,Europe
C06668,Cloud Solutions,2025-01-11,India,Technology,Medium,Paid Social,APAC
C06669,Digital Technologies,2024-07-26,USA,Finance,Medium,Email Marketing,North America
C06670,Cloud Networks,2024-06-14,USA,Marketing,Medium,Partner,North America
C06671,Vertex Analytics,2024-12-11,India,Professional Services,Medium,Paid Social,APAC
C06672,Digital Works,2024-01-16,Other,Manufacturing,Large,Referral,Other
C06673,Next Technologies,2025-11-10,USA,Education,Enterprise,Partner,North America
C06674,Vertex Networks,2025-01-31,India,Manufacturing,Large,Partner,APAC
C06675,Fusion Networks,2025-08-19,Australia,Other,Medium,Organic Search,APAC
C06676,Fusion Software,2024-06-08,India,Healthcare,Enterprise,Email Marketing,APAC
C06677,Blue Analytics,2025-11-17,USA,Marketing,Small,Sales,North America
C06678,Vertex Software,2025-01-20,India,Education,Medium,Email Marketing,APAC
C06679,Next Technologies,2024-04-01,India,Professional Services,Medium,Sales,APAC
C06680,Blue Technologies,2025-10-02,Germany,Healthcare,Small,Referral,Europe
C06681,Blue Systems,2025-11-29,Australia,Technology,Medium,Email Marketing,APAC
C06682,Cloud Works,2024-06-06,USA,Manufacturing,Small,Paid Social,North America
C06683,Blue Labs,2025-07-14,India,Retail,Small,Referral,APAC
C06684,Digital Networks,2025-01-11,Germany,Professional Services,Enterprise,Partner,Europe
C06685,Vertex Works,2024-07-17,USA,Other,Small,Paid Search,North America
C06686,Summit Software,2025-04-04,USA,Manufacturing,Small,Sales,North America
C06687,Nova Systems,2024-12-25,India,Retail,Small,Paid Search,APAC
C06688,Nova Solutions,2024-08-01,India,Professional Services,Large,Paid Search,APAC
C06689,Next Works,2024-12-09,UK,Other,Medium,Paid Search,Europe
C06690,Nova Services,2025-07-29,India,Professional Services,Small,Organic Search,APAC
C06691,Next Solutions,2024-05-17,India,Professional Services,Medium,Paid Search,APAC
C06692,Prime Systems,2024-09-22,Canada,Technology,Small,Organic Search,North America
C06693,Prime Services,2025-09-20,Other,Healthcare,Large,Paid Social,Other
C06694,Blue Works,2024-11-30,Germany,Marketing,Medium,Organic Search,Europe
C06695,Digital Software,2024-10-24,USA,Technology,Small,Referral,North America
C06696,Fusion Labs,2024-09-13,USA,Education,Large,Organic Search,North America
C06697,Next Services,2025-01-27,USA,Finance,Small,Referral,North America
C06698,Nova Solutions,2024-04-15,UK,Finance,Large,Sales,Europe
C06699,Cloud Labs,2024-11-22,USA,Professional Services,Medium,Sales,North America
C06700,Nova Systems,2024-05-11,USA,Education,Small,Email Marketing,North America
C06701,Blue Software,2025-07-23,India,Healthcare,Large,Partner,APAC
C06702,Core Technologies,2024-03-07,USA,Retail,Large,Partner,North America
C06703,Cloud Analytics,2024-09-09,USA,Finance,Large,Referral,North America
C06704,Vertex Systems,2025-09-15,Singapore,Healthcare,Medium,Organic Search,APAC
C06705,Cloud Software,2025-10-31,UK,Technology,Medium,Email Marketing,Europe
C06706,Fusion Networks,2025-01-25,UK,Retail,Small,Referral,Europe
C06707,Summit Solutions,2024-11-24,Canada,Finance,Small,Referral,North America
C06708,Summit Networks,2024-01-22,Germany,Technology,Small,Referral,Europe
C06709,Bright Technologies,2025-06-20,USA,Education,Medium,Organic Search,North America
C06710,Nova Systems,2025-07-02,USA,Finance,Medium,Email Marketing,North America
C06711,Bright Group,2025-08-15,India,Professional Services,Large,Sales,APAC
C06712,Blue Services,2024-03-13,USA,Education,Small,Paid Search,North America
C06713,Core Systems,2025-07-19,Other,Manufacturing,Small,Paid Social,Other
C06714,Next Analytics,2024-09-17,Australia,Professional Services,Small,Organic Search,APAC
C06715,Core Group,2024-04-08,USA,Marketing,Small,Paid Search,North America
C06716,Next Software,2025-08-17,UK,Healthcare,Small,Referral,Europe
C06717,Vertex Networks,2024-04-26,India,Healthcare,Medium,Paid Search,APAC
C06718,Summit Labs,2025-08-02,Singapore,Education,Small,Sales,APAC
C06719,Digital Systems,2025-12-01,UK,Finance,Medium,Paid Search,Europe
C06720,Core Group,2024-06-28,USA,Professional Services,Large,Paid Search,North America
C06721,Bright Group,2025-03-13,Other,Professional Services,Small,Organic Search,Other
C06722,Apex Solutions,2025-07-10,Germany,Professional Services,Small,Organic Search,Europe
C06723,Blue Networks,2024-04-13,USA,Healthcare,Large,Organic Search,North America
C06724,Cloud Systems,2025-08-10,Australia,Education,Small,Email Marketing,APAC
C06725,Blue Services,2025-05-02,Australia,Healthcare,Medium,Paid Social,APAC
C06726,Blue Systems,2024-08-01,Other,Retail,Enterprise,Email Marketing,Other
C06727,Prime Labs,2025-05-27,India,Other,Small,Paid Search,APAC
C06728,Vertex Analytics,2024-07-07,UK,Healthcare,Small,Paid Search,Europe
C06729,Blue Networks,2024-03-20,Germany,Other,Small,Referral,Europe
C06730,Apex Group,2024-11-15,Canada,Finance,Small,Paid Social,North America
C06731,Blue Group,2024-12-28,USA,Technology,Small,Referral,North America
C06732,Blue Analytics,2025-07-30,USA,Education,Medium,Paid Social,North America
C06733,Fusion Analytics,2025-01-16,Singapore,Finance,Small,Organic Search,APAC
C06734,Cloud Group,2024-08-12,USA,Education,Small,Sales,North America
C06735,Fusion Works,2024-12-31,India,Professional Services,Medium,Paid Search,APAC
C06736,Blue Services,2024-04-12,India,Retail,Large,Partner,APAC
C06737,Next Analytics,2024-07-10,USA,Technology,Small,Partner,North America
C06738,Core Software,2025-02-11,USA,Finance,Small,Organic Search,North America
C06739,Summit Group,2025-01-30,Germany,Healthcare,Medium,Partner,Europe
C06740,Next Group,2024-08-24,Canada,Technology,Small,Sales,North America
C06741,Vertex Services,2024-09-02,Australia,Technology,Small,Organic Search,APAC
C06742,Digital Networks,2025-09-14,India,Finance,Small,Referral,APAC
C06743,Nova Networks,2024-01-12,India,Manufacturing,Medium,Organic Search,APAC
C06744,Nova Labs,2025-10-06,USA,Other,Medium,Paid Social,North America
C06745,Vertex Technologies,2025-09-14,USA,Technology,Medium,Organic Search,North America
C06746,Summit Services,2025-04-30,India,Retail,Small,Organic Search,APAC
C06747,Apex Solutions,2025-08-11,USA,Retail,Enterprise,Organic Search,North America
C06748,Fusion Systems,2025-04-05,USA,Healthcare,Small,Organic Search,North America
C06749,Nova Services,2025-02-21,Germany,Retail,Small,Organic Search,Europe
C06750,Fusion Solutions,2024-04-25,India,Marketing,Small,Organic Search,APAC
C06751,Prime Software,2025-04-16,UK,Retail,Medium,Paid Social,Europe
C06752,Summit Systems,2024-04-24,USA,Professional Services,Small,Paid Social,North America
C06753,Fusion Analytics,2024-01-28,USA,Finance,Small,Paid Social,North America
C06754,Nova Solutions,2025-02-02,USA,Retail,Small,Organic Search,North America
C06755,Prime Solutions,2025-01-25,Canada,Technology,Medium,Partner,North America
C06756,Vertex Analytics,2024-05-07,USA,Manufacturing,Medium,Paid Social,North America
C06757,Summit Labs,2024-09-15,UK,Retail,Medium,Paid Social,Europe
C06758,Next Labs,2025-05-16,Germany,Other,Medium,Organic Search,Europe
C06759,Core Solutions,2025-06-27,USA,Technology,Large,Partner,North America
C06760,Apex Software,2024-04-30,USA,Healthcare,Medium,Paid Search,North America
C06761,Nova Technologies,2024-03-16,Other,Education,Small,Organic Search,Other
C06762,Bright Group,2024-02-16,Australia,Marketing,Small,Partner,APAC
C06763,Cloud Analytics,2024-02-22,Canada,Finance,Medium,Sales,North America
C06764,Summit Works,2025-05-05,USA,Technology,Large,Email Marketing,North America
C06765,Prime Labs,2025-11-02,India,Retail,Medium,Organic Search,APAC
C06766,Nova Works,2024-01-20,India,Education,Large,Organic Search,APAC
C06767,Vertex Networks,2024-04-21,USA,Healthcare,Large,Referral,North America
C06768,Bright Networks,2024-07-03,UK,Healthcare,Small,Referral,Europe
C06769,Fusion Works,2024-02-05,UK,Finance,Small,Organic Search,Europe
C06770,Next Analytics,2024-10-12,UK,Finance,Medium,Organic Search,Europe
C06771,Digital Works,2024-08-17,UK,Education,Medium,Sales,Europe
C06772,Cloud Labs,2025-02-05,USA,Technology,Large,Paid Search,North America
C06773,Digital Group,2024-11-26,Canada,Healthcare,Small,Referral,North America
C06774,Apex Analytics,2025-03-04,India,Retail,Large,Organic Search,APAC
C06775,Apex Networks,2024-06-19,UK,Healthcare,Medium,Paid Search,Europe
C06776,Summit Works,2024-05-29,Germany,Professional Services,Small,Sales,Europe
C06777,Nova Group,2024-07-11,India,Retail,Medium,Sales,APAC
C06778,Prime Analytics,2024-07-04,India,Technology,Medium,Sales,APAC
C06779,Blue Analytics,2024-10-11,UK,Professional Services,Enterprise,Paid Search,Europe
C06780,Prime Analytics,2025-09-05,India,Finance,Small,Referral,APAC
C06781,Apex Software,2025-10-26,USA,Professional Services,Medium,Paid Social,North America
C06782,Prime Systems,2025-03-19,Australia,Retail,Medium,Sales,APAC
C06783,Vertex Solutions,2025-02-21,UK,Education,Small,Organic Search,Europe
C06784,Digital Services,2024-06-02,India,Professional Services,Medium,Referral,APAC
C06785,Core Systems,2024-09-09,India,Healthcare,Large,Organic Search,APAC
C06786,Blue Group,2025-08-11,UK,Education,Small,Organic Search,Europe
C06787,Apex Technologies,2025-01-03,India,Technology,Medium,Referral,APAC
C06788,Nova Systems,2025-09-18,India,Education,Medium,Email Marketing,APAC
C06789,Bright Systems,2024-08-02,UK,Healthcare,Small,Email Marketing,Europe
C06790,Blue Analytics,2025-08-23,USA,Retail,Medium,Sales,North America
C06791,Summit Technologies,2024-05-27,Other,Technology,Medium,Paid Social,Other
C06792,Blue Solutions,2025-08-30,India,Technology,Medium,Referral,APAC
C06793,Next Networks,2025-06-07,Canada,Technology,Small,Referral,North America
C06794,Digital Software,2025-02-15,Canada,Professional Services,Enterprise,Organic Search,North America
C06795,Vertex Software,2024-08-25,USA,Finance,Large,Referral,North America
C06796,Core Solutions,2025-09-19,USA,Marketing,Small,Organic Search,North America
C06797,Prime Group,2024-01-04,USA,Other,Medium,Paid Social,North America
C06798,Cloud Software,2024-01-02,USA,Education,Small,Referral,North America
C06799,Apex Group,2024-10-10,Canada,Retail,Small,Organic Search,North America
C06800,Blue Systems,2025-02-16,Canada,Education,Small,Organic Search,North America
C06801,Core Labs,2025-01-30,India,Retail,Small,Sales,APAC
C06802,Bright Analytics,2024-02-09,Singapore,Healthcare,Large,Sales,APAC
C06803,Summit Labs,2025-08-21,Australia,Other,Small,Organic Search,APAC
C06804,Next Software,2024-07-25,USA,Retail,Small,Sales,North America
C06805,Fusion Networks,2024-12-30,Canada,Technology,Enterprise,Referral,North America
C06806,Nova Services,2024-04-29,USA,Technology,Small,Email Marketing,North America
C06807,Nova Services,2024-10-05,Canada,Finance,Small,Organic Search,North America
C06808,Apex Labs,2024-07-15,Canada,Education,Medium,Email Marketing,North America
C06809,Bright Systems,2024-05-01,USA,Technology,Large,Paid Search,North America
C06810,Next Solutions,2024-06-11,UK,Finance,Medium,Partner,Europe
C06811,Digital Networks,2024-12-30,Other,Healthcare,Small,Paid Search,Other
C06812,Next Software,2025-10-08,USA,Marketing,Medium,Referral,North America
C06813,Blue Labs,2025-11-25,Canada,Education,Medium,Paid Search,North America
C06814,Cloud Labs,2025-01-13,USA,Marketing,Medium,Paid Search,North America
C06815,Digital Group,2025-03-27,USA,Education,Small,Organic Search,North America
C06816,Fusion Labs,2024-04-24,USA,Marketing,Medium,Paid Search,North America
C06817,Next Labs,2024-04-23,UK,Retail,Small,Sales,Europe
C06818,Vertex Analytics,2024-04-19,UK,Technology,Enterprise,Sales,Europe
C06819,Cloud Services,2024-01-12,USA,Professional Services,Small,Paid Social,North America
C06820,Vertex Group,2025-09-07,Other,Professional Services,Small,Organic Search,Other
C06821,Fusion Technologies,2024-12-16,USA,Finance,Medium,Paid Search,North America
C06822,Next Analytics,2025-08-07,USA,Education,Small,Sales,North America
C06823,Core Software,2025-05-13,India,Other,Small,Paid Search,APAC
C06824,Bright Group,2025-01-03,UK,Professional Services,Enterprise,Sales,Europe
C06825,Bright Solutions,2024-12-06,India,Professional Services,Large,Organic Search,APAC
C06826,Next Technologies,2025-11-09,USA,Manufacturing,Large,Paid Search,North America
C06827,Core Analytics,2025-10-09,USA,Healthcare,Medium,Organic Search,North America
C06828,Bright Networks,2024-04-22,Singapore,Finance,Medium,Referral,APAC
C06829,Apex Group,2025-07-23,Australia,Education,Small,Paid Search,APAC
C06830,Nova Systems,2025-05-23,India,Other,Small,Organic Search,APAC
C06831,Cloud Labs,2025-09-08,Australia,Technology,Large,Referral,APAC
C06832,Next Analytics,2024-12-26,UK,Technology,Medium,Referral,Europe
C06833,Vertex Networks,2024-01-01,Australia,Manufacturing,Small,Organic Search,APAC
C06834,Cloud Group,2025-03-23,UK,Finance,Medium,Paid Social,Europe
C06835,Blue Solutions,2024-12-30,Australia,Finance,Medium,Referral,APAC
C06836,Summit Group,2025-11-09,India,Education,Medium,Partner,APAC
C06837,Cloud Works,2024-05-16,Australia,Healthcare,Small,Email Marketing,APAC
C06838,Digital Solutions,2025-11-14,India,Professional Services,Small,Email Marketing,APAC
C06839,Fusion Systems,2024-12-08,UK,Healthcare,Small,Paid Search,Europe
C06840,Prime Systems,2024-08-21,India,Retail,Small,Paid Search,APAC
C06841,Nova Group,2024-08-23,Australia,Professional Services,Medium,Paid Search,APAC
C06842,Blue Systems,2025-02-16,Singapore,Technology,Medium,Paid Social,APAC
C06843,Summit Analytics,2024-08-23,Canada,Technology,Medium,Sales,North America
C06844,Digital Analytics,2025-08-12,USA,Healthcare,Small,Paid Search,North America
C06845,Apex Solutions,2025-02-08,USA,Marketing,Medium,Referral,North America
C06846,Apex Technologies,2025-03-31,Other,Healthcare,Medium,Sales,Other
C06847,Summit Networks,2025-01-05,UK,Healthcare,Small,Referral,Europe
C06848,Vertex Analytics,2025-05-20,USA,Other,Small,Partner,North America
C06849,Digital Works,2024-08-09,India,Manufacturing,Small,Paid Search,APAC
C06850,Fusion Works,2025-07-17,USA,Marketing,Small,Organic Search,North America
C06851,Next Analytics,2024-09-06,USA,Technology,Small,Organic Search,North America
C06852,Blue Analytics,2024-01-21,UK,Technology,Medium,Paid Social,Europe
C06853,Apex Analytics,2024-02-27,Singapore,Manufacturing,Small,Sales,APAC
C06854,Blue Labs,2025-11-12,Singapore,Healthcare,Small,Referral,APAC
C06855,Vertex Systems,2024-01-09,Canada,Retail,Enterprise,Email Marketing,North America
C06856,Nova Software,2025-04-10,Singapore,Manufacturing,Small,Paid Social,APAC
C06857,Blue Group,2024-05-09,USA,Retail,Small,Organic Search,North America
C06858,Vertex Services,2025-05-14,USA,Healthcare,Small,Paid Search,North America
C06859,Fusion Solutions,2024-02-23,Germany,Education,Large,Organic Search,Europe
C06860,Bright Labs,2025-05-16,Germany,Technology,Enterprise,Organic Search,Europe
C06861,Digital Solutions,2025-09-24,Other,Healthcare,Medium,Partner,Other
C06862,Bright Works,2024-11-15,Australia,Finance,Large,Sales,APAC
C06863,Blue Group,2024-05-26,USA,Other,Small,Paid Search,North America
C06864,Blue Systems,2025-06-12,India,Retail,Small,Paid Social,APAC
C06865,Nova Analytics,2025-10-12,USA,Technology,Small,Organic Search,North America
C06866,Digital Labs,2024-02-18,USA,Other,Small,Organic Search,North America
C06867,Core Software,2024-03-21,Australia,Other,Medium,Partner,APAC
C06868,Apex Solutions,2025-08-21,Other,Marketing,Small,Referral,Other
C06869,Blue Group,2025-08-08,USA,Education,Small,Paid Social,North America
C06870,Digital Services,2024-09-04,Singapore,Other,Large,Email Marketing,APAC
C06871,Vertex Software,2025-02-19,USA,Technology,Small,Paid Search,North America
C06872,Core Analytics,2024-03-03,India,Finance,Large,Organic Search,APAC
C06873,Vertex Software,2024-12-07,Other,Marketing,Medium,Referral,Other
C06874,Bright Networks,2025-01-23,India,Technology,Small,Referral,APAC
C06875,Blue Group,2025-05-20,Singapore,Professional Services,Medium,Paid Social,APAC
C06876,Vertex Services,2025-06-07,UK,Education,Small,Organic Search,Europe
C06877,Digital Group,2025-10-03,Other,Healthcare,Medium,Paid Social,Other
C06878,Apex Solutions,2025-11-12,USA,Retail,Medium,Partner,North America
C06879,Core Networks,2025-07-03,Other,Education,Medium,Referral,Other
C06880,Bright Analytics,2024-11-29,Other,Manufacturing,Medium,Organic Search,Other
C06881,Summit Solutions,2024-04-20,Other,Manufacturing,Medium,Organic Search,Other
C06882,Blue Labs,2025-10-28,Canada,Retail,Enterprise,Referral,North America
C06883,Next Services,2025-01-06,India,Education,Enterprise,Paid Search,APAC
C06884,Bright Solutions,2025-11-21,UK,Marketing,Large,Paid Search,Europe
C06885,Nova Technologies,2024-03-18,Australia,Other,Enterprise,Referral,APAC
C06886,Blue Works,2025-02-09,USA,Finance,Medium,Paid Search,North America
C06887,Blue Systems,2025-05-18,USA,Finance,Medium,Email Marketing,North America
C06888,Vertex Group,2025-05-20,India,Finance,Large,Partner,APAC
C06889,Vertex Networks,2024-12-25,Germany,Retail,Large,Paid Search,Europe
C06890,Blue Works,2024-06-28,India,Manufacturing,Small,Referral,APAC
C06891,Blue Works,2024-09-23,Other,Education,Medium,Referral,Other
C06892,Nova Works,2024-10-13,USA,Retail,Small,Paid Social,North America
C06893,Blue Works,2025-06-12,USA,Technology,Small,Sales,North America
C06894,Cloud Services,2025-11-11,UK,Technology,Small,Paid Social,Europe
C06895,Digital Services,2024-03-29,USA,Finance,Small,Paid Social,North America
C06896,Summit Networks,2025-07-12,India,Finance,Small,Organic Search,APAC
C06897,Cloud Works,2025-08-24,Other,Manufacturing,Small,Organic Search,Other
C06898,Vertex Networks,2024-11-27,Other,Other,Medium,Organic Search,Other
C06899,Core Services,2025-07-12,USA,Education,Small,Organic Search,North America
C06900,Fusion Works,2024-07-19,USA,Finance,Medium,Referral,North America
C06901,Bright Analytics,2025-04-10,Germany,Finance,Medium,Partner,Europe
C06902,Next Group,2024-07-22,USA,Professional Services,Medium,Paid Social,North America
C06903,Core Works,2025-11-17,Germany,Manufacturing,Medium,Referral,Europe
C06904,Blue Solutions,2024-08-28,USA,Technology,Large,Paid Search,North America
C06905,Nova Analytics,2024-08-24,USA,Technology,Medium,Paid Social,North America
C06906,Summit Group,2025-06-21,USA,Education,Small,Partner,North America
C06907,Apex Services,2024-12-31,USA,Technology,Medium,Paid Social,North America
C06908,Vertex Systems,2025-02-14,UK,Marketing,Medium,Organic Search,Europe
C06909,Bright Works,2024-06-09,UK,Healthcare,Small,Email Marketing,Europe
C06910,Bright Solutions,2024-07-15,Canada,Technology,Large,Paid Social,North America
C06911,Apex Technologies,2025-03-07,India,Manufacturing,Medium,Referral,APAC
C06912,Summit Labs,2024-02-10,Germany,Professional Services,Small,Referral,Europe
C06913,Nova Technologies,2024-10-11,USA,Marketing,Small,Referral,North America
C06914,Apex Networks,2025-02-12,Germany,Education,Medium,Paid Search,Europe
C06915,Bright Technologies,2024-12-15,India,Marketing,Small,Organic Search,APAC
C06916,Bright Software,2024-06-07,Australia,Finance,Medium,Paid Search,APAC
C06917,Next Labs,2025-03-10,India,Retail,Small,Paid Search,APAC
C06918,Next Networks,2024-07-01,India,Technology,Small,Referral,APAC
C06919,Fusion Analytics,2024-11-04,India,Marketing,Medium,Organic Search,APAC
C06920,Summit Software,2025-06-30,UK,Healthcare,Medium,Paid Search,Europe
C06921,Next Services,2025-08-18,USA,Finance,Small,Paid Search,North America
C06922,Nova Works,2024-05-30,Germany,Finance,Small,Organic Search,Europe
C06923,Digital Networks,2025-09-28,Australia,Finance,Small,Sales,APAC
C06924,Core Analytics,2025-08-20,USA,Healthcare,Medium,Referral,North America
C06925,Digital Group,2024-08-07,USA,Technology,Small,Paid Search,North America
C06926,Bright Networks,2025-04-16,Australia,Finance,Small,Paid Search,APAC
C06927,Blue Labs,2024-07-07,UK,Professional Services,Medium,Sales,Europe
C06928,Digital Labs,2024-11-05,USA,Technology,Small,Paid Search,North America
C06929,Summit Systems,2024-03-23,USA,Professional Services,Small,Sales,North America
C06930,Core Systems,2024-03-12,USA,Technology,Large,Partner,North America
C06931,Prime Services,2024-06-24,USA,Technology,Medium,Partner,North America
C06932,Vertex Analytics,2024-03-23,USA,Education,Small,Referral,North America
C06933,Blue Software,2025-06-28,USA,Retail,Small,Email Marketing,North America
C06934,Bright Works,2025-04-05,Singapore,Manufacturing,Small,Sales,APAC
C06935,Prime Group,2024-06-06,UK,Education,Small,Paid Search,Europe
C06936,Digital Analytics,2025-09-03,USA,Healthcare,Small,Partner,North America
C06937,Core Networks,2025-01-14,Canada,Education,Medium,Sales,North America
C06938,Bright Networks,2025-06-23,USA,Professional Services,Medium,Sales,North America
C06939,Fusion Solutions,2024-04-19,India,Professional Services,Small,Email Marketing,APAC
C06940,Summit Solutions,2025-09-22,Other,Retail,Medium,Paid Search,Other
C06941,Core Analytics,2025-10-13,USA,Other,Small,Partner,North America
C06942,Fusion Networks,2025-02-07,India,Technology,Large,Email Marketing,APAC
C06943,Next Group,2024-05-09,UK,Manufacturing,Medium,Organic Search,Europe
C06944,Vertex Works,2025-06-09,Germany,Education,Small,Paid Search,Europe
C06945,Digital Services,2025-03-23,Australia,Healthcare,Large,Organic Search,APAC
C06946,Summit Group,2024-07-06,Singapore,Finance,Small,Referral,APAC
C06947,Core Technologies,2024-10-14,India,Healthcare,Small,Sales,APAC
C06948,Summit Technologies,2024-01-14,Canada,Other,Small,Paid Social,North America
C06949,Bright Software,2025-11-27,USA,Technology,Small,Paid Search,North America
C06950,Nova Labs,2025-10-28,Germany,Marketing,Small,Email Marketing,Europe
C06951,Nova Works,2025-07-20,Other,Healthcare,Enterprise,Sales,Other
C06952,Bright Systems,2025-05-14,India,Technology,Large,Partner,APAC
C06953,Prime Networks,2025-06-14,India,Retail,Small,Referral,APAC
C06954,Summit Works,2025-10-18,Australia,Finance,Small,Organic Search,APAC
C06955,Summit Group,2024-02-02,USA,Finance,Small,Organic Search,North America
C06956,Digital Software,2025-05-29,India,Marketing,Small,Paid Search,APAC
C06957,Bright Technologies,2024-09-12,Other,Other,Medium,Organic Search,Other
C06958,Core Group,2024-09-03,Other,Retail,Medium,Paid Search,Other
C06959,Bright Networks,2024-07-11,USA,Retail,Small,Partner,North America
C06960,Prime Systems,2025-10-22,Other,Marketing,Small,Paid Search,Other
C06961,Fusion Solutions,2024-01-17,USA,Retail,Small,Referral,North America
C06962,Nova Networks,2025-05-16,UK,Retail,Medium,Email Marketing,Europe
C06963,Cloud Labs,2025-08-16,India,Technology,Medium,Paid Search,APAC
C06964,Blue Analytics,2024-01-21,Other,Technology,Small,Referral,Other
C06965,Blue Works,2025-05-03,USA,Healthcare,Large,Paid Social,North America
C06966,Cloud Analytics,2024-02-21,USA,Professional Services,Small,Paid Search,North America
C06967,Summit Networks,2025-03-31,UK,Education,Large,Organic Search,Europe
C06968,Bright Solutions,2024-10-06,Other,Professional Services,Small,Organic Search,Other
C06969,Prime Software,2024-01-28,India,Healthcare,Medium,Paid Social,APAC
C06970,Prime Analytics,2025-04-14,Other,Healthcare,Small,Referral,Other
C06971,Prime Systems,2025-05-10,Singapore,Retail,Small,Sales,APAC
C06972,Core Technologies,2025-01-28,Germany,Retail,Small,Paid Social,Europe
C06973,Fusion Networks,2024-08-12,USA,Retail,Small,Email Marketing,North America
C06974,Summit Solutions,2024-10-21,Canada,Other,Small,Sales,North America
C06975,Digital Services,2025-10-06,Other,Education,Small,Paid Search,Other
C06976,Summit Solutions,2024-10-15,India,Finance,Small,Paid Search,APAC
C06977,Fusion Solutions,2024-04-25,USA,Healthcare,Medium,Organic Search,North America
C06978,Cloud Networks,2024-08-09,Canada,Marketing,Medium,Organic Search,North America
C06979,Blue Services,2024-08-05,UK,Manufacturing,Large,Referral,Europe
C06980,Blue Labs,2025-10-18,Singapore,Technology,Medium,Paid Social,APAC
C06981,Bright Services,2024-01-26,Canada,Technology,Enterprise,Paid Social,North America
C06982,Cloud Services,2024-09-05,USA,Finance,Small,Paid Social,North America
C06983,Bright Networks,2024-09-18,USA,Technology,Small,Paid Social,North America
C06984,Core Group,2024-06-24,USA,Other,Small,Email Marketing,North America
C06985,Nova Analytics,2025-02-12,Germany,Technology,Small,Partner,Europe
C06986,Summit Works,2025-04-08,USA,Professional Services,Medium,Email Marketing,North America
C06987,Cloud Systems,2025-09-02,India,Retail,Small,Partner,APAC
C06988,Fusion Solutions,2025-01-27,Germany,Professional Services,Small,Organic Search,Europe
C06989,Blue Systems,2024-03-21,Other,Other,Small,Email Marketing,Other
C06990,Next Labs,2025-04-26,USA,Retail,Small,Paid Search,North America
C06991,Apex Analytics,2024-07-22,India,Finance,Small,Partner,APAC
C06992,Nova Solutions,2024-04-22,USA,Finance,Small,Paid Social,North America
C06993,Core Labs,2024-06-06,Germany,Finance,Small,Email Marketing,Europe
C06994,Fusion Systems,2025-06-20,Other,Technology,Small,Organic Search,Other
C06995,Fusion Services,2025-09-11,USA,Professional Services,Medium,Organic Search,North America
C06996,Fusion Technologies,2025-03-04,UK,Manufacturing,Small,Organic Search,Europe
C06997,Vertex Analytics,2024-12-25,USA,Professional Services,Large,Sales,North America
C06998,Bright Works,2024-02-15,USA,Finance,Small,Referral,North America
C06999,Digital Networks,2024-04-07,USA,Marketing,Large,Organic Search,North America
C07000,Bright Labs,2024-08-22,UK,Finance,Small,Partner,Europe
C07001,Cloud Networks,2024-01-11,USA,Finance,Medium,Sales,North America
C07002,Blue Analytics,2024-01-16,Australia,Professional Services,Medium,Organic Search,APAC
C07003,Apex Group,2025-03-26,Canada,Technology,Medium,Organic Search,North America
C07004,Bright Technologies,2025-08-18,Singapore,Finance,Small,Organic Search,APAC
C07005,Digital Networks,2024-01-21,USA,Other,Medium,Organic Search,North America
C07006,Vertex Technologies,2025-07-11,USA,Finance,Medium,Organic Search,North America
C07007,Next Group,2025-07-25,USA,Healthcare,Medium,Partner,North America
C07008,Prime Group,2024-02-12,India,Manufacturing,Medium,Partner,APAC
C07009,Cloud Works,2024-04-28,India,Retail,Small,Sales,APAC
C07010,Prime Systems,2024-06-24,USA,Technology,Small,Referral,North America
C07011,Bright Systems,2024-07-10,India,Finance,Small,Paid Social,APAC
C07012,Core Labs,2025-02-11,USA,Manufacturing,Small,Partner,North America
C07013,Core Works,2024-01-21,UK,Professional Services,Small,Paid Social,Europe
C07014,Blue Technologies,2024-02-02,USA,Healthcare,Medium,Paid Search,North America
C07015,Prime Technologies,2024-05-23,USA,Education,Small,Sales,North America
C07016,Nova Solutions,2024-08-31,USA,Education,Small,Partner,North America
C07017,Summit Solutions,2025-03-07,USA,Healthcare,Medium,Organic Search,North America
C07018,Summit Group,2024-11-16,Canada,Retail,Medium,Sales,North America
C07019,Blue Software,2024-12-24,India,Finance,Small,Organic Search,APAC
C07020,Core Services,2024-06-27,USA,Education,Medium,Paid Search,North America
C07021,Digital Software,2025-04-24,Other,Technology,Small,Paid Search,Other
C07022,Nova Works,2024-06-04,Canada,Professional Services,Small,Paid Social,North America
C07023,Apex Solutions,2024-08-30,Germany,Finance,Enterprise,Referral,Europe
C07024,Digital Systems,2025-03-23,USA,Technology,Small,Paid Search,North America
C07025,Blue Technologies,2024-03-12,India,Manufacturing,Medium,Paid Social,APAC
C07026,Core Technologies,2024-02-12,Germany,Professional Services,Small,Organic Search,Europe
C07027,Nova Services,2025-03-31,UK,Manufacturing,Small,Organic Search,Europe
C07028,Core Works,2024-08-28,USA,Technology,Medium,Referral,North America
C07029,Nova Labs,2024-09-04,USA,Technology,Small,Organic Search,North America
C07030,Nova Labs,2024-05-06,Canada,Retail,Medium,Partner,North America
C07031,Cloud Works,2025-08-05,Germany,Professional Services,Large,Paid Social,Europe
C07032,Prime Services,2024-10-28,India,Education,Large,Organic Search,APAC
C07033,Prime Works,2024-06-02,UK,Marketing,Small,Partner,Europe
C07034,Fusion Services,2024-11-02,USA,Technology,Enterprise,Referral,North America
C07035,Bright Works,2025-01-21,USA,Education,Large,Organic Search,North America
C07036,Summit Works,2024-08-14,USA,Technology,Medium,Referral,North America
C07037,Vertex Labs,2025-09-14,India,Technology,Medium,Organic Search,APAC
C07038,Nova Software,2025-07-05,India,Retail,Small,Paid Social,APAC
C07039,Summit Networks,2024-03-13,Germany,Education,Small,Email Marketing,Europe
C07040,Digital Labs,2025-10-29,Singapore,Retail,Small,Sales,APAC
C07041,Core Analytics,2025-08-10,Australia,Retail,Small,Email Marketing,APAC
C07042,Cloud Networks,2024-03-31,Australia,Manufacturing,Large,Paid Social,APAC
C07043,Summit Technologies,2025-06-17,Australia,Healthcare,Large,Referral,APAC
C07044,Cloud Analytics,2024-12-27,Singapore,Manufacturing,Small,Paid Social,APAC
C07045,Apex Software,2024-06-28,Canada,Technology,Small,Paid Search,North America
C07046,Fusion Analytics,2025-08-12,UK,Retail,Small,Organic Search,Europe
C07047,Nova Software,2025-05-03,India,Technology,Medium,Paid Search,APAC
C07048,Fusion Labs,2024-02-09,Other,Technology,Medium,Referral,Other
C07049,Cloud Labs,2025-09-29,USA,Manufacturing,Medium,Email Marketing,North America
C07050,Apex Services,2024-08-09,Canada,Other,Medium,Referral,North America
C07051,Blue Group,2024-04-12,UK,Retail,Medium,Paid Social,Europe
C07052,Summit Services,2025-09-05,India,Professional Services,Medium,Paid Social,APAC
C07053,Next Technologies,2025-04-05,Australia,Education,Small,Paid Social,APAC
C07054,Bright Solutions,2025-06-23,USA,Finance,Small,Referral,North America
C07055,Digital Systems,2024-08-01,USA,Technology,Small,Partner,North America
C07056,Prime Technologies,2025-01-22,UK,Retail,Medium,Paid Social,Europe
C07057,Summit Technologies,2024-04-27,USA,Finance,Small,Organic Search,North America
C07058,Nova Software,2024-10-04,Canada,Other,Large,Referral,North America
C07059,Apex Analytics,2024-07-31,India,Other,Large,Organic Search,APAC
C07060,Blue Works,2025-10-09,Other,Marketing,Small,Referral,Other
C07061,Apex Solutions,2024-10-14,UK,Education,Small,Partner,Europe
C07062,Prime Analytics,2024-06-19,USA,Healthcare,Large,Email Marketing,North America
C07063,Summit Services,2024-07-26,USA,Finance,Medium,Paid Social,North America
C07064,Digital Services,2024-11-18,USA,Finance,Small,Referral,North America
C07065,Apex Technologies,2025-03-27,Other,Manufacturing,Small,Partner,Other
C07066,Digital Analytics,2024-05-08,Canada,Education,Medium,Paid Social,North America
C07067,Vertex Services,2024-04-18,USA,Other,Small,Referral,North America
C07068,Nova Systems,2025-10-07,Singapore,Retail,Medium,Email Marketing,APAC
C07069,Cloud Labs,2025-09-10,USA,Marketing,Small,Sales,North America
C07070,Bright Networks,2024-07-09,India,Finance,Medium,Organic Search,APAC
C07071,Cloud Analytics,2024-06-18,USA,Education,Large,Email Marketing,North America
C07072,Next Software,2025-08-20,India,Technology,Small,Organic Search,APAC
C07073,Next Networks,2025-01-03,USA,Education,Medium,Paid Search,North America
C07074,Next Analytics,2025-04-08,UK,Finance,Medium,Paid Search,Europe
C07075,Nova Analytics,2024-06-15,India,Manufacturing,Small,Email Marketing,APAC
C07076,Bright Networks,2025-06-04,USA,Marketing,Medium,Email Marketing,North America
C07077,Digital Works,2025-08-24,India,Healthcare,Small,Referral,APAC
C07078,Digital Group,2024-02-05,Other,Education,Small,Paid Social,Other
C07079,Digital Analytics,2024-04-02,India,Retail,Large,Partner,APAC
C07080,Digital Labs,2024-03-08,UK,Marketing,Small,Referral,Europe
C07081,Prime Solutions,2025-03-17,Australia,Other,Small,Sales,APAC
C07082,Apex Systems,2025-01-30,UK,Finance,Small,Partner,Europe
C07083,Next Group,2024-01-27,India,Marketing,Medium,Organic Search,APAC
C07084,Apex Technologies,2025-05-22,Canada,Professional Services,Medium,Partner,North America
C07085,Fusion Software,2025-05-19,Other,Retail,Small,Organic Search,Other
C07086,Apex Networks,2025-10-04,UK,Professional Services,Small,Paid Social,Europe
C07087,Bright Networks,2024-03-11,USA,Healthcare,Small,Paid Social,North America
C07088,Bright Networks,2025-07-15,UK,Finance,Medium,Sales,Europe
C07089,Fusion Analytics,2024-07-03,USA,Other,Medium,Organic Search,North America
C07090,Apex Works,2024-10-28,USA,Education,Large,Organic Search,North America
C07091,Bright Software,2025-11-21,UK,Technology,Enterprise,Partner,Europe
C07092,Nova Systems,2024-07-09,UK,Professional Services,Medium,Organic Search,Europe
C07093,Digital Group,2025-10-31,Other,Retail,Medium,Partner,Other
C07094,Summit Labs,2025-10-28,USA,Technology,Small,Referral,North America
C07095,Apex Analytics,2024-06-05,Other,Technology,Small,Organic Search,Other
C07096,Digital Software,2024-10-27,Other,Other,Small,Paid Search,Other
C07097,Bright Software,2025-08-01,USA,Finance,Small,Email Marketing,North America
C07098,Nova Works,2024-12-15,USA,Manufacturing,Medium,Partner,North America
C07099,Nova Technologies,2024-04-14,USA,Retail,Medium,Paid Search,North America
C07100,Core Technologies,2025-10-10,India,Retail,Large,Organic Search,APAC
C07101,Blue Labs,2024-07-19,India,Education,Large,Partner,APAC
C07102,Cloud Works,2024-07-11,India,Healthcare,Small,Referral,APAC
C07103,Digital Analytics,2025-01-29,India,Education,Medium,Referral,APAC
C07104,Vertex Services,2024-10-02,Germany,Professional Services,Small,Referral,Europe
C07105,Vertex Analytics,2024-03-09,Australia,Marketing,Small,Partner,APAC
C07106,Nova Works,2025-10-22,Australia,Technology,Medium,Referral,APAC
C07107,Next Technologies,2024-02-07,India,Education,Large,Email Marketing,APAC
C07108,Blue Labs,2024-12-30,USA,Retail,Medium,Paid Social,North America
C07109,Vertex Software,2024-07-05,USA,Education,Medium,Referral,North America
C07110,Nova Analytics,2024-10-02,UK,Other,Enterprise,Sales,Europe
C07111,Fusion Works,2024-12-25,USA,Technology,Small,Organic Search,North America
C07112,Apex Technologies,2025-04-20,UK,Other,Small,Referral,Europe
C07113,Bright Group,2024-12-14,USA,Retail,Medium,Email Marketing,North America
C07114,Prime Solutions,2024-09-13,USA,Healthcare,Small,Organic Search,North America
C07115,Prime Technologies,2024-02-03,USA,Education,Small,Sales,North America
C07116,Prime Solutions,2025-04-29,India,Other,Large,Referral,APAC
C07117,Next Networks,2025-08-31,Australia,Healthcare,Small,Partner,APAC
C07118,Next Solutions,2025-09-14,USA,Healthcare,Medium,Organic Search,North America
C07119,Next Technologies,2024-05-27,Germany,Technology,Small,Organic Search,Europe
C07120,Fusion Analytics,2024-02-17,USA,Manufacturing,Small,Sales,North America
C07121,Summit Labs,2024-03-15,Canada,Technology,Large,Paid Social,North America
C07122,Prime Services,2024-04-29,Other,Manufacturing,Small,Sales,Other
C07123,Apex Solutions,2024-02-12,UK,Retail,Large,Referral,Europe
C07124,Digital Group,2025-03-28,India,Finance,Small,Paid Social,APAC
C07125,Next Technologies,2025-03-10,Singapore,Technology,Medium,Partner,APAC
C07126,Next Systems,2025-07-27,USA,Manufacturing,Medium,Paid Social,North America
C07127,Nova Software,2025-02-08,Other,Education,Small,Sales,Other
C07128,Fusion Systems,2024-02-28,Other,Professional Services,Medium,Paid Social,Other
C07129,Core Group,2025-09-24,USA,Finance,Large,Referral,North America
C07130,Fusion Labs,2024-09-18,USA,Healthcare,Medium,Paid Search,North America
C07131,Digital Systems,2025-08-05,Other,Finance,Small,Organic Search,Other
C07132,Fusion Systems,2024-09-22,Germany,Professional Services,Large,Referral,Europe
C07133,Cloud Analytics,2024-05-31,UK,Marketing,Medium,Organic Search,Europe
C07134,Fusion Works,2025-01-21,UK,Retail,Medium,Organic Search,Europe
C07135,Cloud Group,2025-11-17,India,Retail,Small,Sales,APAC
C07136,Vertex Systems,2025-03-22,India,Professional Services,Small,Paid Social,APAC
C07137,Vertex Systems,2024-05-15,Germany,Marketing,Small,Organic Search,Europe
C07138,Blue Analytics,2024-05-29,USA,Technology,Medium,Paid Social,North America
C07139,Cloud Networks,2025-02-11,USA,Retail,Small,Email Marketing,North America
C07140,Summit Networks,2025-07-31,India,Finance,Small,Paid Search,APAC
C07141,Prime Analytics,2024-08-10,UK,Healthcare,Medium,Organic Search,Europe
C07142,Summit Technologies,2024-09-23,UK,Retail,Small,Email Marketing,Europe
C07143,Blue Services,2024-08-11,India,Professional Services,Medium,Paid Social,APAC
C07144,Digital Software,2025-01-10,India,Manufacturing,Small,Paid Search,APAC
C07145,Cloud Networks,2025-04-24,Other,Education,Large,Paid Search,Other
C07146,Digital Analytics,2025-06-13,USA,Healthcare,Large,Email Marketing,North America
C07147,Fusion Systems,2025-07-25,USA,Technology,Small,Sales,North America
C07148,Vertex Group,2024-08-17,USA,Healthcare,Small,Organic Search,North America
C07149,Next Networks,2024-08-29,India,Technology,Medium,Paid Social,APAC
C07150,Fusion Systems,2025-09-30,Germany,Manufacturing,Small,Partner,Europe
C07151,Fusion Networks,2025-11-05,India,Retail,Large,Organic Search,APAC
C07152,Core Systems,2025-05-29,UK,Retail,Medium,Paid Search,Europe
C07153,Apex Labs,2024-07-01,USA,Technology,Large,Organic Search,North America
C07154,Cloud Group,2024-07-31,India,Finance,Small,Paid Search,APAC
C07155,Vertex Services,2025-01-08,India,Manufacturing,Large,Organic Search,APAC
C07156,Cloud Analytics,2025-11-16,India,Finance,Medium,Paid Search,APAC
C07157,Fusion Services,2025-11-13,USA,Technology,Small,Paid Search,North America
C07158,Summit Analytics,2025-07-06,India,Manufacturing,Medium,Paid Social,APAC
C07159,Prime Technologies,2024-05-19,USA,Technology,Small,Partner,North America
C07160,Bright Works,2024-12-25,Germany,Technology,Small,Organic Search,Europe
C07161,Cloud Software,2025-11-21,Other,Technology,Small,Organic Search,Other
C07162,Apex Analytics,2025-09-08,India,Professional Services,Small,Partner,APAC
C07163,Summit Services,2024-01-12,India,Technology,Medium,Email Marketing,APAC
C07164,Nova Solutions,2025-10-23,UK,Technology,Medium,Sales,Europe
C07165,Bright Solutions,2024-11-14,Australia,Other,Small,Partner,APAC
C07166,Digital Works,2025-08-19,USA,Other,Medium,Paid Social,North America
C07167,Fusion Networks,2024-05-01,UK,Healthcare,Small,Paid Search,Europe
C07168,Next Solutions,2025-04-02,Australia,Professional Services,Small,Referral,APAC
C07169,Core Solutions,2024-08-23,USA,Manufacturing,Small,Organic Search,North America
C07170,Core Services,2024-10-07,UK,Retail,Medium,Paid Search,Europe
C07171,Summit Solutions,2025-02-10,USA,Healthcare,Small,Paid Social,North America
C07172,Core Analytics,2024-12-02,Germany,Finance,Medium,Paid Search,Europe
C07173,Next Software,2025-01-27,Other,Other,Enterprise,Partner,Other
C07174,Core Solutions,2024-07-28,Australia,Professional Services,Large,Paid Social,APAC
C07175,Bright Systems,2025-11-12,Canada,Technology,Enterprise,Organic Search,North America
C07176,Summit Services,2024-10-26,Germany,Professional Services,Small,Sales,Europe
C07177,Nova Networks,2024-07-25,Germany,Professional Services,Small,Sales,Europe
C07178,Summit Works,2025-10-11,UK,Manufacturing,Medium,Email Marketing,Europe
C07179,Apex Analytics,2025-01-28,USA,Technology,Small,Sales,North America
C07180,Core Analytics,2025-03-20,UK,Professional Services,Medium,Paid Social,Europe
C07181,Digital Works,2025-11-05,USA,Healthcare,Small,Paid Search,North America
C07182,Fusion Solutions,2025-03-12,UK,Retail,Small,Paid Search,Europe
C07183,Prime Services,2025-04-29,Singapore,Education,Small,Paid Social,APAC
C07184,Vertex Labs,2024-02-18,India,Finance,Large,Email Marketing,APAC
C07185,Next Technologies,2024-10-31,India,Professional Services,Medium,Referral,APAC
C07186,Prime Works,2024-05-11,USA,Retail,Medium,Organic Search,North America
C07187,Summit Works,2025-06-25,USA,Technology,Small,Sales,North America
C07188,Nova Group,2025-11-03,Germany,Other,Small,Paid Social,Europe
C07189,Core Analytics,2024-06-05,USA,Technology,Small,Partner,North America
C07190,Next Services,2025-03-08,USA,Technology,Small,Paid Search,North America
C07191,Vertex Solutions,2024-06-28,Other,Professional Services,Small,Organic Search,Other
C07192,Next Works,2025-08-25,USA,Technology,Small,Referral,North America
C07193,Nova Group,2024-07-02,USA,Retail,Medium,Organic Search,North America
C07194,Digital Solutions,2024-12-11,UK,Finance,Enterprise,Organic Search,Europe
C07195,Nova Labs,2024-05-28,USA,Professional Services,Medium,Sales,North America
C07196,Next Analytics,2024-07-07,USA,Education,Medium,Referral,North America
C07197,Digital Works,2025-04-02,USA,Healthcare,Small,Referral,North America
C07198,Bright Systems,2024-10-27,Singapore,Healthcare,Small,Organic Search,APAC
C07199,Nova Networks,2024-07-30,UK,Healthcare,Small,Referral,Europe
C07200,Apex Services,2024-06-21,Singapore,Retail,Small,Paid Social,APAC
C07201,Apex Technologies,2024-07-09,Other,Professional Services,Medium,Sales,Other
C07202,Cloud Software,2025-06-19,Germany,Education,Enterprise,Organic Search,Europe
C07203,Next Analytics,2024-05-20,Germany,Other,Large,Referral,Europe
C07204,Vertex Solutions,2024-12-11,India,Professional Services,Small,Paid Social,APAC
C07205,Digital Networks,2024-03-23,India,Finance,Small,Referral,APAC
C07206,Summit Group,2025-08-06,India,Manufacturing,Medium,Organic Search,APAC
C07207,Bright Technologies,2025-09-02,Canada,Technology,Small,Organic Search,North America
C07208,Apex Services,2025-10-16,UK,Manufacturing,Medium,Referral,Europe
C07209,Fusion Works,2024-03-23,Singapore,Marketing,Small,Paid Search,APAC
C07210,Apex Technologies,2024-09-18,Other,Other,Medium,Partner,Other
C07211,Fusion Works,2024-03-08,USA,Technology,Medium,Paid Search,North America
C07212,Blue Solutions,2024-10-27,Other,Professional Services,Medium,Organic Search,Other
C07213,Bright Labs,2025-08-28,USA,Technology,Medium,Organic Search,North America
C07214,Core Services,2025-11-05,Canada,Manufacturing,Small,Organic Search,North America
C07215,Summit Analytics,2024-01-22,USA,Technology,Medium,Organic Search,North America
C07216,Next Solutions,2024-04-15,India,Marketing,Small,Paid Social,APAC
C07217,Nova Group,2024-11-30,India,Finance,Medium,Organic Search,APAC
C07218,Bright Analytics,2025-11-10,Australia,Professional Services,Large,Organic Search,APAC
C07219,Core Software,2024-10-23,USA,Other,Small,Referral,North America
C07220,Vertex Labs,2024-07-12,USA,Retail,Small,Email Marketing,North America
C07221,Bright Labs,2024-07-19,Canada,Education,Medium,Sales,North America
C07222,Apex Technologies,2024-11-21,India,Finance,Small,Organic Search,APAC
C07223,Summit Analytics,2025-11-07,USA,Healthcare,Medium,Sales,North America
C07224,Nova Works,2024-07-10,India,Technology,Medium,Email Marketing,APAC
C07225,Next Solutions,2025-02-06,USA,Other,Small,Paid Social,North America
C07226,Vertex Works,2025-11-06,Canada,Healthcare,Medium,Paid Search,North America
C07227,Vertex Services,2025-05-29,Australia,Finance,Small,Organic Search,APAC
C07228,Core Group,2025-01-28,India,Other,Large,Organic Search,APAC
C07229,Digital Networks,2025-02-16,USA,Healthcare,Medium,Paid Social,North America
C07230,Bright Services,2025-11-21,USA,Marketing,Medium,Paid Search,North America
C07231,Digital Technologies,2024-07-29,UK,Healthcare,Medium,Sales,Europe
C07232,Nova Labs,2024-02-10,Other,Technology,Small,Organic Search,Other
C07233,Fusion Labs,2025-11-18,India,Retail,Large,Sales,APAC
C07234,Blue Technologies,2024-01-03,India,Manufacturing,Small,Organic Search,APAC
C07235,Digital Services,2024-08-06,Australia,Education,Small,Referral,APAC
C07236,Digital Solutions,2025-03-08,Other,Education,Small,Paid Social,Other
C07237,Next Networks,2024-05-29,India,Healthcare,Enterprise,Email Marketing,APAC
C07238,Nova Networks,2025-11-23,Canada,Marketing,Medium,Organic Search,North America
C07239,Digital Group,2025-09-24,Other,Manufacturing,Small,Sales,Other
C07240,Cloud Systems,2024-03-15,UK,Technology,Small,Paid Search,Europe
C07241,Core Works,2025-04-25,Other,Manufacturing,Large,Sales,Other
C07242,Bright Group,2024-05-30,Australia,Education,Large,Paid Search,APAC
C07243,Vertex Labs,2025-11-28,UK,Education,Small,Partner,Europe
C07244,Fusion Technologies,2025-09-24,India,Retail,Medium,Organic Search,APAC
C07245,Apex Networks,2025-08-21,Other,Retail,Large,Sales,Other
C07246,Apex Technologies,2025-01-03,UK,Professional Services,Medium,Partner,Europe
C07247,Apex Works,2024-02-21,USA,Professional Services,Medium,Organic Search,North America
C07248,Cloud Labs,2024-05-01,Australia,Professional Services,Small,Sales,APAC
C07249,Next Software,2024-08-04,Canada,Finance,Small,Paid Social,North America
C07250,Blue Works,2025-09-04,USA,Technology,Medium,Paid Search,North America
C07251,Apex Networks,2024-05-25,India,Finance,Medium,Sales,APAC
C07252,Summit Solutions,2024-04-24,UK,Education,Medium,Email Marketing,Europe
C07253,Core Group,2024-12-16,USA,Professional Services,Small,Partner,North America
C07254,Blue Solutions,2025-06-15,India,Retail,Small,Organic Search,APAC
C07255,Summit Analytics,2024-09-21,India,Technology,Medium,Organic Search,APAC
C07256,Blue Systems,2024-05-02,Canada,Healthcare,Large,Organic Search,North America
C07257,Digital Services,2025-11-16,USA,Education,Small,Paid Search,North America
C07258,Vertex Works,2024-04-26,USA,Healthcare,Small,Sales,North America
C07259,Summit Works,2024-07-30,Singapore,Retail,Small,Organic Search,APAC
C07260,Next Systems,2025-11-16,India,Retail,Medium,Referral,APAC
C07261,Apex Technologies,2025-05-29,UK,Retail,Medium,Paid Search,Europe
C07262,Next Technologies,2025-07-30,UK,Education,Enterprise,Paid Search,Europe
C07263,Blue Group,2025-08-26,Other,Retail,Small,Paid Search,Other
C07264,Next Services,2024-05-10,India,Retail,Small,Paid Search,APAC
C07265,Fusion Analytics,2024-09-14,India,Retail,Medium,Paid Search,APAC
C07266,Apex Group,2025-09-29,USA,Retail,Small,Paid Search,North America
C07267,Nova Group,2025-09-10,USA,Retail,Medium,Organic Search,North America
C07268,Bright Networks,2024-01-13,India,Healthcare,Small,Referral,APAC
C07269,Vertex Works,2025-08-05,Other,Technology,Large,Partner,Other
C07270,Fusion Services,2025-05-04,USA,Manufacturing,Enterprise,Sales,North America
C07271,Nova Systems,2025-08-03,India,Professional Services,Small,Referral,APAC
C07272,Digital Systems,2025-10-12,USA,Marketing,Large,Paid Search,North America
C07273,Prime Works,2025-02-03,Canada,Healthcare,Small,Organic Search,North America
C07274,Nova Group,2024-06-18,USA,Finance,Medium,Organic Search,North America
C07275,Summit Solutions,2024-10-16,UK,Finance,Large,Paid Social,Europe
C07276,Apex Works,2024-12-11,Australia,Technology,Large,Partner,APAC
C07277,Prime Labs,2025-08-05,USA,Finance,Medium,Paid Social,North America
C07278,Summit Solutions,2024-12-22,Other,Education,Small,Partner,Other
C07279,Bright Software,2025-02-04,USA,Healthcare,Small,Organic Search,North America
C07280,Nova Labs,2025-01-23,USA,Manufacturing,Small,Paid Search,North America
C07281,Digital Systems,2025-01-30,India,Other,Small,Paid Search,APAC
C07282,Bright Software,2024-11-04,USA,Professional Services,Small,Sales,North America
C07283,Blue Software,2025-03-11,USA,Finance,Large,Partner,North America
C07284,Fusion Works,2025-11-10,Australia,Finance,Medium,Organic Search,APAC
C07285,Next Labs,2024-02-14,Canada,Technology,Small,Sales,North America
C07286,Core Systems,2024-05-26,USA,Technology,Medium,Sales,North America
C07287,Digital Services,2024-03-03,Germany,Healthcare,Medium,Organic Search,Europe
C07288,Apex Networks,2025-03-31,India,Marketing,Medium,Paid Social,APAC
C07289,Cloud Solutions,2025-08-20,Other,Other,Medium,Partner,Other
C07290,Prime Software,2024-11-15,USA,Retail,Large,Referral,North America
C07291,Cloud Group,2024-07-18,Canada,Finance,Small,Paid Search,North America
C07292,Apex Services,2024-04-11,Singapore,Technology,Medium,Paid Search,APAC
C07293,Prime Works,2025-06-16,Germany,Finance,Small,Sales,Europe
C07294,Blue Systems,2024-01-08,Other,Technology,Medium,Partner,Other
C07295,Prime Systems,2025-07-10,Singapore,Finance,Small,Partner,APAC
C07296,Bright Technologies,2025-09-16,USA,Healthcare,Small,Email Marketing,North America
C07297,Vertex Technologies,2024-02-23,India,Education,Small,Paid Search,APAC
C07298,Summit Systems,2025-04-17,USA,Professional Services,Medium,Paid Social,North America
C07299,Fusion Analytics,2025-06-05,Other,Manufacturing,Small,Paid Social,Other
C07300,Blue Works,2025-02-04,India,Finance,Medium,Paid Search,APAC
C07301,Bright Analytics,2024-08-10,USA,Technology,Small,Organic Search,North America
C07302,Prime Services,2025-08-26,India,Healthcare,Small,Partner,APAC
C07303,Core Services,2024-11-30,Australia,Marketing,Small,Partner,APAC
C07304,Next Technologies,2024-06-01,USA,Healthcare,Enterprise,Organic Search,North America
C07305,Summit Analytics,2025-09-15,India,Retail,Small,Sales,APAC
C07306,Vertex Services,2025-05-29,Singapore,Healthcare,Small,Partner,APAC
C07307,Next Labs,2025-04-14,USA,Professional Services,Small,Sales,North America
C07308,Summit Labs,2024-06-19,Germany,Professional Services,Medium,Paid Search,Europe
C07309,Core Software,2024-11-06,UK,Finance,Medium,Organic Search,Europe
C07310,Nova Group,2025-04-15,India,Marketing,Small,Paid Social,APAC
C07311,Vertex Solutions,2024-05-13,Australia,Marketing,Medium,Organic Search,APAC
C07312,Summit Software,2024-09-26,Australia,Finance,Medium,Paid Search,APAC
C07313,Fusion Analytics,2024-10-28,USA,Finance,Small,Sales,North America
C07314,Apex Group,2025-03-16,UK,Healthcare,Small,Sales,Europe
C07315,Next Analytics,2025-01-24,USA,Finance,Medium,Partner,North America
C07316,Apex Labs,2025-04-23,India,Professional Services,Medium,Paid Social,APAC
C07317,Nova Systems,2025-05-13,Australia,Other,Small,Paid Search,APAC
C07318,Summit Services,2024-08-31,India,Technology,Small,Sales,APAC
C07319,Core Software,2025-10-07,USA,Marketing,Small,Paid Social,North America
C07320,Summit Analytics,2024-11-05,USA,Healthcare,Medium,Sales,North America
C07321,Core Solutions,2025-07-10,India,Technology,Small,Referral,APAC
C07322,Digital Systems,2025-07-26,Australia,Professional Services,Large,Partner,APAC
C07323,Cloud Systems,2025-05-12,Other,Finance,Small,Referral,Other
C07324,Bright Solutions,2024-08-20,India,Technology,Small,Organic Search,APAC
C07325,Summit Technologies,2025-03-26,Singapore,Finance,Medium,Paid Search,APAC
C07326,Vertex Technologies,2025-06-09,India,Technology,Large,Referral,APAC
C07327,Prime Analytics,2024-02-05,USA,Finance,Small,Sales,North America
C07328,Apex Networks,2025-08-20,UK,Technology,Medium,Sales,Europe
C07329,Digital Solutions,2024-08-09,India,Education,Medium,Sales,APAC
C07330,Digital Software,2024-12-27,UK,Education,Small,Organic Search,Europe
C07331,Vertex Software,2025-01-26,USA,Healthcare,Small,Referral,North America
C07332,Cloud Systems,2024-01-15,India,Technology,Large,Email Marketing,APAC
C07333,Digital Software,2024-10-19,USA,Technology,Large,Organic Search,North America
C07334,Prime Solutions,2024-12-15,Canada,Finance,Medium,Paid Social,North America
C07335,Cloud Technologies,2025-10-02,Other,Finance,Small,Paid Search,Other
C07336,Core Analytics,2025-08-29,USA,Retail,Small,Sales,North America
C07337,Nova Systems,2024-06-21,USA,Healthcare,Small,Paid Search,North America
C07338,Digital Systems,2025-03-23,India,Professional Services,Small,Organic Search,APAC
C07339,Apex Systems,2025-02-15,India,Technology,Enterprise,Organic Search,APAC
C07340,Vertex Labs,2025-11-19,USA,Technology,Small,Paid Search,North America
C07341,Core Analytics,2025-09-03,Canada,Finance,Small,Referral,North America
C07342,Digital Systems,2025-11-20,UK,Technology,Enterprise,Referral,Europe
C07343,Cloud Technologies,2025-02-25,India,Healthcare,Small,Paid Search,APAC
C07344,Vertex Analytics,2025-02-23,UK,Technology,Small,Email Marketing,Europe
C07345,Cloud Systems,2025-08-27,USA,Technology,Medium,Referral,North America
C07346,Blue Works,2024-03-08,USA,Manufacturing,Medium,Organic Search,North America
C07347,Apex Analytics,2025-08-22,Singapore,Education,Large,Sales,APAC
C07348,Core Labs,2025-02-24,Australia,Healthcare,Small,Referral,APAC
C07349,Blue Technologies,2025-01-13,USA,Education,Large,Paid Search,North America
C07350,Fusion Services,2024-08-24,Canada,Finance,Small,Referral,North America
C07351,Digital Services,2025-11-25,USA,Retail,Small,Paid Social,North America
C07352,Bright Group,2025-05-18,Canada,Technology,Medium,Partner,North America
C07353,Digital Group,2025-05-04,USA,Technology,Medium,Organic Search,North America
C07354,Vertex Solutions,2024-10-27,UK,Marketing,Small,Paid Search,Europe
C07355,Core Works,2024-10-21,India,Healthcare,Small,Partner,APAC
C07356,Blue Software,2024-10-12,USA,Finance,Small,Paid Search,North America
C07357,Core Solutions,2024-04-25,India,Technology,Small,Sales,APAC
C07358,Digital Group,2024-10-31,India,Technology,Medium,Organic Search,APAC
C07359,Core Solutions,2024-12-27,Australia,Education,Small,Paid Social,APAC
C07360,Vertex Networks,2025-05-04,India,Education,Small,Organic Search,APAC
C07361,Core Group,2024-11-10,UK,Other,Large,Sales,Europe
C07362,Vertex Software,2025-03-11,UK,Finance,Medium,Organic Search,Europe
C07363,Nova Software,2025-03-02,USA,Manufacturing,Small,Email Marketing,North America
C07364,Digital Technologies,2025-07-20,Other,Technology,Medium,Sales,Other
C07365,Apex Systems,2024-02-18,USA,Education,Enterprise,Paid Social,North America
C07366,Blue Networks,2025-06-28,India,Finance,Small,Paid Search,APAC
C07367,Vertex Analytics,2024-12-26,Singapore,Healthcare,Small,Organic Search,APAC
C07368,Summit Analytics,2025-03-27,UK,Finance,Medium,Partner,Europe
C07369,Prime Services,2024-12-30,UK,Healthcare,Small,Organic Search,Europe
C07370,Nova Software,2025-09-27,USA,Healthcare,Medium,Paid Social,North America
C07371,Apex Analytics,2025-07-05,Australia,Retail,Medium,Paid Search,APAC
C07372,Core Technologies,2025-08-22,UK,Manufacturing,Large,Paid Search,Europe
C07373,Blue Labs,2024-05-09,USA,Retail,Medium,Paid Social,North America
C07374,Apex Group,2025-08-13,USA,Technology,Large,Organic Search,North America
C07375,Apex Solutions,2024-08-16,Germany,Marketing,Small,Paid Social,Europe
C07376,Next Analytics,2025-10-29,USA,Healthcare,Medium,Paid Social,North America
C07377,Blue Analytics,2025-06-30,Australia,Education,Medium,Referral,APAC
C07378,Vertex Works,2025-06-10,USA,Other,Small,Organic Search,North America
C07379,Summit Technologies,2024-02-05,USA,Retail,Enterprise,Referral,North America
C07380,Apex Networks,2025-02-12,India,Marketing,Small,Referral,APAC
C07381,Apex Services,2025-01-02,India,Healthcare,Medium,Paid Search,APAC
C07382,Fusion Analytics,2025-02-17,USA,Technology,Medium,Paid Search,North America
C07383,Nova Technologies,2025-03-26,USA,Finance,Small,Email Marketing,North America
C07384,Nova Networks,2024-01-16,USA,Finance,Medium,Organic Search,North America
C07385,Summit Systems,2025-03-29,Canada,Manufacturing,Small,Paid Search,North America
C07386,Nova Services,2025-05-28,Other,Technology,Large,Referral,Other
C07387,Cloud Analytics,2024-10-20,UK,Education,Small,Referral,Europe
C07388,Next Labs,2025-07-08,Canada,Technology,Small,Sales,North America
C07389,Cloud Works,2024-05-15,India,Education,Small,Organic Search,APAC
C07390,Nova Labs,2025-08-14,USA,Healthcare,Medium,Sales,North America
C07391,Vertex Software,2024-01-01,Australia,Marketing,Small,Paid Social,APAC
C07392,Digital Technologies,2024-08-22,Canada,Professional Services,Small,Organic Search,North America
C07393,Cloud Labs,2024-12-19,USA,Marketing,Large,Organic Search,North America
C07394,Nova Labs,2025-11-09,Other,Manufacturing,Small,Organic Search,Other
C07395,Cloud Networks,2025-06-06,India,Other,Medium,Referral,APAC
C07396,Blue Group,2024-12-23,UK,Retail,Medium,Sales,Europe
C07397,Summit Networks,2025-11-04,USA,Technology,Medium,Email Marketing,North America
C07398,Apex Services,2025-11-19,UK,Technology,Medium,Organic Search,Europe
C07399,Fusion Works,2025-09-21,USA,Technology,Medium,Email Marketing,North America
C07400,Apex Works,2024-05-24,Canada,Professional Services,Large,Referral,North America
C07401,Cloud Solutions,2024-11-17,Australia,Retail,Medium,Partner,APAC
C07402,Nova Services,2024-07-05,USA,Other,Small,Partner,North America
C07403,Fusion Group,2024-05-29,Other,Manufacturing,Large,Email Marketing,Other
C07404,Core Analytics,2025-03-01,Other,Finance,Small,Referral,Other
C07405,Blue Technologies,2024-01-06,Other,Education,Small,Referral,Other
C07406,Digital Works,2024-11-19,USA,Finance,Large,Referral,North America
C07407,Prime Systems,2024-05-12,USA,Manufacturing,Small,Organic Search,North America
C07408,Vertex Networks,2024-05-22,Other,Marketing,Small,Organic Search,Other
C07409,Core Systems,2024-02-05,USA,Finance,Small,Sales,North America
C07410,Summit Software,2024-11-02,USA,Professional Services,Medium,Paid Search,North America
C07411,Vertex Systems,2024-01-17,USA,Technology,Small,Paid Social,North America
C07412,Next Works,2024-09-15,UK,Technology,Small,Organic Search,Europe
C07413,Next Group,2025-01-31,Canada,Healthcare,Medium,Partner,North America
C07414,Cloud Services,2025-10-13,USA,Education,Small,Referral,North America
C07415,Vertex Services,2025-04-02,India,Healthcare,Small,Partner,APAC
C07416,Cloud Systems,2025-10-06,India,Marketing,Medium,Paid Search,APAC
C07417,Nova Labs,2025-08-14,India,Education,Large,Referral,APAC
C07418,Apex Analytics,2024-12-10,Germany,Technology,Small,Organic Search,Europe
C07419,Summit Services,2025-08-03,USA,Technology,Enterprise,Organic Search,North America
C07420,Fusion Networks,2025-09-15,Australia,Professional Services,Small,Organic Search,APAC
C07421,Summit Works,2024-05-20,USA,Technology,Medium,Paid Search,North America
C07422,Core Services,2024-03-09,USA,Retail,Small,Paid Social,North America
C07423,Prime Solutions,2024-06-28,Canada,Healthcare,Small,Organic Search,North America
C07424,Bright Services,2024-05-22,USA,Marketing,Small,Organic Search,North America
C07425,Next Group,2024-05-04,Other,Professional Services,Small,Organic Search,Other
C07426,Next Group,2025-06-04,USA,Manufacturing,Medium,Organic Search,North America
C07427,Nova Works,2025-08-11,Other,Marketing,Medium,Referral,Other
C07428,Digital Labs,2024-08-28,India,Technology,Large,Partner,APAC
C07429,Next Systems,2025-08-06,USA,Manufacturing,Small,Referral,North America
C07430,Digital Group,2024-06-17,India,Professional Services,Large,Paid Search,APAC
C07431,Prime Services,2025-03-18,India,Finance,Large,Referral,APAC
C07432,Bright Works,2024-09-27,USA,Finance,Medium,Referral,North America
C07433,Vertex Works,2025-03-17,India,Healthcare,Small,Organic Search,APAC
C07434,Summit Group,2025-03-09,India,Manufacturing,Small,Organic Search,APAC
C07435,Next Networks,2024-05-11,Australia,Professional Services,Medium,Paid Search,APAC
C07436,Cloud Software,2024-01-06,Other,Professional Services,Small,Paid Search,Other
C07437,Next Solutions,2024-06-17,India,Marketing,Small,Sales,APAC
C07438,Cloud Solutions,2025-08-19,UK,Education,Large,Sales,Europe
C07439,Vertex Labs,2024-03-06,USA,Technology,Small,Partner,North America
C07440,Digital Software,2025-04-22,Canada,Technology,Small,Organic Search,North America
C07441,Digital Software,2024-07-28,Singapore,Technology,Medium,Paid Search,APAC
C07442,Digital Analytics,2025-04-14,Australia,Technology,Small,Partner,APAC
C07443,Bright Technologies,2024-03-04,Other,Education,Small,Organic Search,Other
C07444,Summit Services,2025-04-17,USA,Finance,Small,Paid Search,North America
C07445,Blue Networks,2025-11-15,UK,Marketing,Small,Organic Search,Europe
C07446,Fusion Systems,2024-01-30,USA,Healthcare,Small,Partner,North America
C07447,Digital Services,2025-02-11,Australia,Education,Medium,Organic Search,APAC
C07448,Cloud Technologies,2024-10-15,UK,Healthcare,Small,Paid Social,Europe
C07449,Digital Services,2024-10-12,UK,Technology,Small,Sales,Europe
C07450,Digital Technologies,2024-06-11,USA,Marketing,Small,Referral,North America
C07451,Bright Systems,2025-08-10,USA,Technology,Small,Paid Search,North America
C07452,Bright Labs,2024-08-28,UK,Healthcare,Small,Paid Search,Europe
C07453,Vertex Services,2025-02-25,UK,Healthcare,Large,Paid Social,Europe
C07454,Fusion Software,2025-03-13,India,Technology,Medium,Email Marketing,APAC
C07455,Cloud Systems,2024-06-28,Other,Professional Services,Small,Paid Search,Other
C07456,Vertex Works,2024-04-10,India,Healthcare,Medium,Organic Search,APAC
C07457,Summit Systems,2024-12-20,USA,Technology,Medium,Paid Search,North America
C07458,Digital Works,2025-06-02,Germany,Finance,Enterprise,Organic Search,Europe
C07459,Next Systems,2024-06-24,Australia,Professional Services,Large,Sales,APAC
C07460,Apex Services,2025-03-05,Singapore,Technology,Medium,Paid Search,APAC
C07461,Summit Analytics,2024-10-01,USA,Finance,Small,Referral,North America
C07462,Next Analytics,2024-04-25,USA,Other,Small,Email Marketing,North America
C07463,Prime Solutions,2025-01-28,India,Retail,Medium,Sales,APAC
C07464,Apex Software,2025-02-15,Other,Professional Services,Large,Partner,Other
C07465,Bright Services,2025-10-12,USA,Technology,Medium,Email Marketing,North America
C07466,Digital Networks,2025-07-11,UK,Finance,Small,Paid Social,Europe
C07467,Summit Networks,2025-09-03,India,Other,Large,Partner,APAC
C07468,Fusion Services,2024-05-18,Other,Technology,Small,Paid Social,Other
C07469,Apex Networks,2025-02-09,USA,Technology,Medium,Referral,North America
C07470,Summit Solutions,2024-02-23,USA,Technology,Medium,Organic Search,North America
C07471,Nova Solutions,2024-01-24,India,Healthcare,Small,Paid Search,APAC
C07472,Apex Technologies,2025-09-19,Other,Healthcare,Medium,Sales,Other
C07473,Blue Group,2024-09-26,USA,Finance,Medium,Email Marketing,North America
C07474,Vertex Analytics,2024-05-28,Australia,Finance,Medium,Paid Search,APAC
C07475,Prime Technologies,2025-10-27,USA,Healthcare,Small,Organic Search,North America
C07476,Core Systems,2025-05-26,USA,Technology,Large,Referral,North America
C07477,Fusion Systems,2024-10-22,UK,Finance,Medium,Organic Search,Europe
C07478,Summit Systems,2025-08-10,Other,Retail,Medium,Organic Search,Other
C07479,Vertex Software,2025-08-10,Germany,Healthcare,Small,Paid Search,Europe
C07480,Fusion Systems,2025-05-21,India,Technology,Enterprise,Paid Search,APAC
C07481,Digital Networks,2024-10-10,USA,Retail,Small,Organic Search,North America
C07482,Core Systems,2025-06-26,UK,Finance,Large,Email Marketing,Europe
C07483,Blue Group,2025-10-07,India,Technology,Large,Organic Search,APAC
C07484,Apex Solutions,2025-01-25,USA,Technology,Medium,Email Marketing,North America
C07485,Vertex Software,2025-08-08,India,Retail,Small,Paid Search,APAC
C07486,Apex Services,2025-07-17,India,Retail,Medium,Paid Search,APAC
C07487,Bright Software,2025-06-21,India,Finance,Small,Organic Search,APAC
C07488,Vertex Services,2024-05-09,Other,Technology,Large,Referral,Other
C07489,Blue Systems,2025-09-27,Singapore,Technology,Small,Paid Social,APAC
C07490,Bright Works,2025-07-21,UK,Healthcare,Medium,Organic Search,Europe
C07491,Prime Networks,2024-01-22,USA,Healthcare,Small,Paid Search,North America
C07492,Digital Services,2025-05-15,USA,Healthcare,Small,Organic Search,North America
C07493,Fusion Solutions,2025-09-23,UK,Retail,Medium,Sales,Europe
C07494,Blue Works,2025-08-26,India,Marketing,Medium,Paid Search,APAC
C07495,Nova Systems,2024-01-08,UK,Retail,Small,Paid Search,Europe
C07496,Blue Analytics,2025-03-27,India,Technology,Small,Paid Search,APAC
C07497,Prime Systems,2025-01-06,USA,Retail,Medium,Email Marketing,North America
C07498,Blue Systems,2025-01-29,USA,Finance,Small,Sales,North America
C07499,Core Group,2025-09-14,Australia,Retail,Medium,Organic Search,APAC
C07500,Bright Software,2024-06-18,India,Technology,Small,Sales,APAC
C07501,Blue Labs,2025-06-03,USA,Technology,Small,Referral,North America
C07502,Apex Analytics,2025-04-15,Canada,Healthcare,Medium,Paid Search,North America
C07503,Blue Networks,2024-11-26,India,Professional Services,Small,Organic Search,APAC
C07504,Digital Services,2024-08-29,Other,Healthcare,Small,Sales,Other
C07505,Summit Analytics,2025-01-21,USA,Healthcare,Small,Organic Search,North America
C07506,Core Services,2025-03-31,India,Healthcare,Medium,Sales,APAC
C07507,Apex Networks,2025-07-09,UK,Education,Small,Partner,Europe
C07508,Nova Solutions,2024-01-26,Canada,Professional Services,Small,Organic Search,North America
C07509,Core Services,2024-08-15,Other,Education,Medium,Partner,Other
C07510,Next Systems,2025-05-19,Germany,Education,Small,Sales,Europe
C07511,Fusion Group,2025-03-02,India,Technology,Small,Referral,APAC
C07512,Nova Works,2024-06-17,USA,Marketing,Small,Partner,North America
C07513,Digital Analytics,2025-10-22,Canada,Retail,Small,Sales,North America
C07514,Nova Works,2025-10-20,India,Professional Services,Small,Referral,APAC
C07515,Nova Group,2025-03-04,India,Finance,Large,Paid Social,APAC
C07516,Vertex Labs,2024-02-04,India,Technology,Small,Paid Social,APAC
C07517,Blue Analytics,2025-11-29,Australia,Retail,Medium,Paid Social,APAC
C07518,Vertex Solutions,2024-06-10,USA,Manufacturing,Medium,Paid Search,North America
C07519,Prime Works,2025-11-11,USA,Education,Small,Email Marketing,North America
C07520,Vertex Technologies,2025-03-18,India,Finance,Small,Paid Search,APAC
C07521,Core Systems,2024-10-15,Australia,Education,Large,Paid Social,APAC
C07522,Cloud Group,2024-12-27,USA,Education,Small,Email Marketing,North America
C07523,Bright Software,2025-02-13,India,Marketing,Large,Email Marketing,APAC
C07524,Nova Software,2024-12-20,USA,Finance,Small,Organic Search,North America
C07525,Bright Analytics,2025-05-14,Australia,Manufacturing,Medium,Paid Search,APAC
C07526,Fusion Analytics,2025-03-05,USA,Technology,Medium,Partner,North America
C07527,Fusion Technologies,2025-02-20,India,Other,Large,Paid Search,APAC
C07528,Blue Labs,2025-02-16,Other,Finance,Medium,Referral,Other
C07529,Blue Systems,2025-11-02,USA,Technology,Medium,Referral,North America
C07530,Blue Analytics,2024-03-06,Canada,Technology,Medium,Referral,North America
C07531,Core Solutions,2024-09-15,USA,Technology,Small,Organic Search,North America
C07532,Vertex Solutions,2024-01-07,UK,Finance,Small,Organic Search,Europe
C07533,Core Systems,2024-07-29,Australia,Finance,Medium,Sales,APAC
C07534,Cloud Works,2024-06-04,India,Education,Small,Paid Social,APAC
C07535,Blue Group,2025-01-28,USA,Retail,Small,Sales,North America
C07536,Blue Networks,2024-01-25,India,Manufacturing,Small,Referral,APAC
C07537,Vertex Analytics,2025-08-13,USA,Retail,Small,Paid Search,North America
C07538,Core Solutions,2025-10-20,UK,Professional Services,Small,Organic Search,Europe
C07539,Summit Works,2024-06-29,Germany,Education,Medium,Paid Search,Europe
C07540,Nova Solutions,2024-10-03,India,Technology,Small,Paid Social,APAC
C07541,Vertex Systems,2025-08-25,USA,Technology,Large,Email Marketing,North America
C07542,Core Services,2024-04-08,USA,Retail,Small,Organic Search,North America
C07543,Fusion Works,2024-12-08,Singapore,Healthcare,Large,Organic Search,APAC
C07544,Next Software,2024-09-11,USA,Technology,Medium,Email Marketing,North America
C07545,Prime Software,2024-09-25,India,Manufacturing,Small,Paid Search,APAC
C07546,Next Software,2024-11-18,USA,Marketing,Medium,Email Marketing,North America
C07547,Bright Systems,2024-09-16,USA,Retail,Medium,Sales,North America
C07548,Apex Solutions,2025-04-25,UK,Education,Large,Paid Social,Europe
C07549,Core Services,2025-07-29,India,Other,Small,Referral,APAC
C07550,Core Group,2025-08-15,USA,Technology,Small,Organic Search,North America
C07551,Fusion Analytics,2024-04-15,Singapore,Marketing,Medium,Sales,APAC
C07552,Bright Technologies,2024-10-08,USA,Technology,Small,Organic Search,North America
C07553,Prime Software,2025-03-15,Other,Healthcare,Medium,Paid Social,Other
C07554,Cloud Technologies,2024-07-12,USA,Marketing,Medium,Paid Search,North America
C07555,Vertex Analytics,2024-03-04,Australia,Finance,Small,Paid Search,APAC
C07556,Apex Labs,2025-01-29,USA,Technology,Small,Organic Search,North America
C07557,Fusion Services,2025-06-07,USA,Professional Services,Medium,Paid Search,North America
C07558,Blue Services,2024-06-19,Canada,Retail,Small,Organic Search,North America
C07559,Next Software,2024-01-20,USA,Manufacturing,Large,Referral,North America
C07560,Cloud Software,2024-02-24,Germany,Professional Services,Small,Organic Search,Europe
C07561,Nova Analytics,2025-05-19,USA,Education,Large,Organic Search,North America
C07562,Summit Technologies,2025-08-07,UK,Manufacturing,Small,Organic Search,Europe
C07563,Fusion Analytics,2024-07-22,UK,Healthcare,Medium,Paid Social,Europe
C07564,Blue Labs,2024-06-16,India,Technology,Enterprise,Sales,APAC
C07565,Prime Technologies,2025-01-29,India,Retail,Medium,Email Marketing,APAC
C07566,Bright Technologies,2024-04-15,USA,Professional Services,Medium,Referral,North America
C07567,Digital Systems,2025-02-02,India,Technology,Medium,Sales,APAC
C07568,Fusion Group,2024-04-06,UK,Marketing,Medium,Partner,Europe
C07569,Summit Systems,2024-06-03,USA,Professional Services,Small,Organic Search,North America
C07570,Blue Analytics,2025-12-01,UK,Education,Small,Referral,Europe
C07571,Blue Solutions,2024-02-07,USA,Education,Small,Paid Social,North America
C07572,Cloud Analytics,2024-02-23,Other,Retail,Small,Email Marketing,Other
C07573,Digital Works,2024-08-13,USA,Retail,Small,Paid Search,North America
C07574,Prime Analytics,2024-10-25,USA,Retail,Enterprise,Paid Search,North America
C07575,Next Technologies,2025-01-17,India,Education,Small,Paid Search,APAC
C07576,Nova Systems,2025-04-16,Other,Other,Small,Sales,Other
C07577,Digital Works,2024-01-16,Singapore,Technology,Medium,Paid Search,APAC
C07578,Bright Works,2025-06-12,UK,Marketing,Medium,Sales,Europe
C07579,Vertex Technologies,2025-10-14,Other,Marketing,Small,Referral,Other
C07580,Bright Services,2024-07-10,Germany,Professional Services,Small,Paid Search,Europe
C07581,Nova Labs,2025-06-05,Other,Manufacturing,Small,Partner,Other
C07582,Cloud Group,2024-03-27,India,Other,Medium,Partner,APAC
C07583,Prime Systems,2025-11-28,India,Technology,Medium,Organic Search,APAC
C07584,Apex Labs,2024-11-22,UK,Technology,Small,Organic Search,Europe
C07585,Blue Software,2024-12-18,USA,Retail,Medium,Paid Search,North America
C07586,Cloud Analytics,2024-11-25,USA,Manufacturing,Medium,Organic Search,North America
C07587,Bright Technologies,2025-04-11,Canada,Manufacturing,Large,Organic Search,North America
C07588,Core Group,2025-10-15,USA,Education,Medium,Paid Search,North America
C07589,Core Analytics,2024-07-05,Other,Retail,Medium,Paid Social,Other
C07590,Prime Systems,2024-08-26,India,Education,Medium,Organic Search,APAC
C07591,Apex Services,2024-06-11,USA,Healthcare,Medium,Email Marketing,North America
C07592,Blue Solutions,2025-04-08,UK,Retail,Enterprise,Sales,Europe
C07593,Prime Software,2025-10-20,UK,Technology,Small,Referral,Europe
C07594,Vertex Solutions,2024-01-08,Germany,Professional Services,Small,Partner,Europe
C07595,Prime Solutions,2024-10-27,USA,Professional Services,Small,Sales,North America
C07596,Prime Software,2024-01-02,Other,Manufacturing,Medium,Partner,Other
C07597,Nova Works,2025-01-12,Germany,Healthcare,Medium,Email Marketing,Europe
C07598,Apex Networks,2025-11-09,USA,Technology,Small,Organic Search,North America
C07599,Vertex Services,2024-02-05,India,Education,Small,Sales,APAC
C07600,Apex Works,2024-06-19,India,Healthcare,Small,Referral,APAC
C07601,Prime Services,2024-12-11,Singapore,Retail,Small,Organic Search,APAC
C07602,Prime Group,2024-09-25,Australia,Retail,Small,Sales,APAC
C07603,Cloud Works,2024-12-06,UK,Retail,Small,Sales,Europe
C07604,Vertex Software,2025-07-03,UK,Healthcare,Small,Email Marketing,Europe
C07605,Fusion Group,2024-11-22,USA,Education,Medium,Paid Social,North America
C07606,Fusion Services,2024-02-03,USA,Education,Medium,Organic Search,North America
C07607,Summit Networks,2024-07-14,Other,Professional Services,Large,Paid Search,Other
C07608,Summit Analytics,2025-11-12,USA,Education,Small,Organic Search,North America
C07609,Prime Networks,2025-05-14,USA,Retail,Medium,Sales,North America
C07610,Next Group,2025-05-06,USA,Finance,Large,Referral,North America
C07611,Prime Systems,2024-05-05,USA,Technology,Large,Organic Search,North America
C07612,Nova Technologies,2025-08-17,USA,Healthcare,Small,Organic Search,North America
C07613,Prime Networks,2025-04-24,India,Technology,Large,Paid Search,APAC
C07614,Blue Software,2024-09-26,India,Finance,Medium,Sales,APAC
C07615,Digital Analytics,2025-10-31,USA,Retail,Large,Paid Search,North America
C07616,Blue Software,2025-04-02,India,Education,Large,Organic Search,APAC
C07617,Vertex Technologies,2025-02-12,Singapore,Marketing,Small,Organic Search,APAC
C07618,Summit Works,2025-10-21,Canada,Technology,Small,Referral,North America
C07619,Prime Software,2025-10-21,UK,Technology,Medium,Organic Search,Europe
C07620,Next Services,2024-12-15,USA,Technology,Enterprise,Partner,North America
C07621,Apex Networks,2024-11-29,USA,Healthcare,Large,Referral,North America
C07622,Vertex Analytics,2025-11-19,India,Education,Small,Organic Search,APAC
C07623,Core Solutions,2024-05-26,India,Retail,Small,Partner,APAC
C07624,Cloud Systems,2024-05-18,Australia,Professional Services,Small,Organic Search,APAC
C07625,Core Technologies,2024-08-01,Germany,Finance,Small,Paid Social,Europe
C07626,Next Analytics,2025-09-11,Australia,Education,Small,Paid Search,APAC
C07627,Summit Labs,2025-07-07,India,Other,Small,Paid Search,APAC
C07628,Apex Services,2025-01-28,Canada,Manufacturing,Medium,Referral,North America
C07629,Cloud Analytics,2024-01-04,USA,Education,Small,Sales,North America
C07630,Summit Solutions,2024-03-10,UK,Professional Services,Medium,Paid Search,Europe
C07631,Cloud Works,2024-03-12,USA,Technology,Large,Partner,North America
C07632,Digital Software,2025-04-26,India,Healthcare,Medium,Paid Search,APAC
C07633,Apex Works,2024-02-19,India,Retail,Medium,Paid Social,APAC
C07634,Bright Group,2025-04-12,Other,Manufacturing,Small,Email Marketing,Other
C07635,Summit Technologies,2025-03-14,USA,Education,Medium,Organic Search,North America
C07636,Summit Group,2025-06-29,Australia,Technology,Small,Partner,APAC
C07637,Next Software,2024-11-03,India,Technology,Small,Paid Search,APAC
C07638,Apex Software,2024-12-01,Canada,Education,Medium,Email Marketing,North America
C07639,Blue Group,2025-01-27,USA,Professional Services,Medium,Email Marketing,North America
C07640,Digital Group,2025-02-10,India,Retail,Small,Paid Social,APAC
C07641,Summit Software,2025-01-14,USA,Other,Medium,Partner,North America
C07642,Nova Networks,2024-05-14,Australia,Technology,Large,Organic Search,APAC
C07643,Prime Labs,2025-04-27,Other,Healthcare,Medium,Email Marketing,Other
C07644,Cloud Systems,2024-05-10,Germany,Finance,Enterprise,Referral,Europe
C07645,Digital Technologies,2024-02-01,Canada,Technology,Small,Organic Search,North America
C07646,Cloud Solutions,2025-05-29,Canada,Manufacturing,Enterprise,Paid Social,North America
C07647,Bright Labs,2024-06-28,India,Retail,Small,Paid Social,APAC
C07648,Vertex Solutions,2025-03-09,Other,Healthcare,Medium,Paid Search,Other
C07649,Vertex Services,2025-03-14,Other,Finance,Small,Sales,Other
C07650,Cloud Networks,2025-08-09,USA,Technology,Medium,Paid Search,North America
C07651,Prime Technologies,2024-06-01,UK,Finance,Medium,Organic Search,Europe
C07652,Digital Works,2024-09-06,UK,Finance,Large,Paid Search,Europe
C07653,Vertex Analytics,2024-05-07,India,Finance,Medium,Partner,APAC
C07654,Apex Group,2025-04-28,USA,Healthcare,Medium,Partner,North America
C07655,Digital Software,2024-06-01,USA,Education,Small,Referral,North America
C07656,Core Systems,2024-05-02,UK,Technology,Small,Sales,Europe
C07657,Core Solutions,2025-06-20,UK,Professional Services,Medium,Paid Search,Europe
C07658,Next Systems,2025-11-19,Singapore,Education,Medium,Email Marketing,APAC
C07659,Core Technologies,2024-12-04,USA,Finance,Small,Referral,North America
C07660,Next Labs,2024-12-08,India,Manufacturing,Medium,Referral,APAC
C07661,Apex Group,2024-03-30,India,Manufacturing,Small,Paid Search,APAC
C07662,Blue Works,2024-12-17,Singapore,Technology,Medium,Organic Search,APAC
C07663,Nova Services,2024-09-13,Australia,Technology,Medium,Paid Search,APAC
C07664,Blue Works,2024-01-18,India,Technology,Medium,Paid Search,APAC
C07665,Vertex Services,2025-08-28,USA,Marketing,Small,Organic Search,North America
C07666,Nova Solutions,2024-11-20,UK,Finance,Small,Referral,Europe
C07667,Prime Software,2025-04-20,Other,Other,Medium,Organic Search,Other
C07668,Vertex Analytics,2024-01-03,USA,Technology,Large,Paid Search,North America
C07669,Bright Software,2025-04-23,India,Technology,Large,Sales,APAC
C07670,Core Systems,2024-05-14,USA,Technology,Small,Organic Search,North America
C07671,Apex Labs,2024-08-05,UK,Professional Services,Medium,Organic Search,Europe
C07672,Blue Works,2024-04-26,USA,Education,Small,Organic Search,North America
C07673,Prime Analytics,2024-10-16,Australia,Technology,Medium,Paid Search,APAC
C07674,Cloud Labs,2024-06-24,USA,Technology,Small,Paid Search,North America
C07675,Nova Works,2025-08-24,USA,Manufacturing,Large,Organic Search,North America
C07676,Cloud Solutions,2025-05-28,UK,Education,Medium,Paid Social,Europe
C07677,Vertex Analytics,2024-10-24,USA,Healthcare,Large,Organic Search,North America
C07678,Nova Solutions,2025-06-23,UK,Professional Services,Small,Sales,Europe
C07679,Core Labs,2025-11-28,UK,Retail,Medium,Paid Social,Europe
C07680,Cloud Works,2024-05-16,USA,Healthcare,Medium,Referral,North America
C07681,Core Labs,2024-09-23,Australia,Technology,Small,Paid Social,APAC
C07682,Bright Technologies,2024-11-20,UK,Finance,Medium,Paid Social,Europe
C07683,Digital Software,2024-11-02,USA,Manufacturing,Medium,Paid Search,North America
C07684,Next Group,2024-05-24,USA,Other,Enterprise,Organic Search,North America
C07685,Cloud Systems,2024-07-03,Other,Manufacturing,Medium,Paid Search,Other
C07686,Digital Analytics,2025-07-21,Other,Retail,Large,Partner,Other
C07687,Prime Solutions,2024-09-27,USA,Finance,Small,Email Marketing,North America
C07688,Core Labs,2024-12-23,India,Professional Services,Enterprise,Paid Social,APAC
C07689,Apex Networks,2025-10-31,Canada,Professional Services,Small,Organic Search,North America
C07690,Digital Networks,2025-09-23,Other,Marketing,Small,Paid Search,Other
C07691,Blue Analytics,2025-06-19,Singapore,Finance,Small,Organic Search,APAC
C07692,Prime Labs,2025-05-17,UK,Technology,Medium,Referral,Europe
C07693,Core Networks,2025-07-06,Singapore,Professional Services,Small,Sales,APAC
C07694,Cloud Software,2025-08-10,Germany,Technology,Small,Paid Social,Europe
C07695,Digital Works,2025-05-26,Canada,Manufacturing,Small,Referral,North America
C07696,Cloud Networks,2025-09-06,Canada,Finance,Small,Paid Search,North America
C07697,Apex Technologies,2024-10-05,India,Finance,Medium,Paid Social,APAC
C07698,Core Networks,2025-05-25,Australia,Healthcare,Small,Paid Search,APAC
C07699,Apex Labs,2024-02-05,Other,Retail,Small,Paid Search,Other
C07700,Bright Services,2024-06-06,India,Technology,Small,Referral,APAC
C07701,Core Solutions,2024-06-26,India,Professional Services,Small,Paid Social,APAC
C07702,Nova Solutions,2025-08-17,Canada,Technology,Small,Organic Search,North America
C07703,Digital Services,2024-10-18,Other,Professional Services,Medium,Paid Search,Other
C07704,Apex Solutions,2024-06-29,USA,Retail,Large,Organic Search,North America
C07705,Bright Solutions,2025-07-15,USA,Marketing,Medium,Referral,North America
C07706,Next Solutions,2025-04-06,USA,Education,Medium,Paid Search,North America
C07707,Cloud Services,2025-04-23,Canada,Other,Small,Organic Search,North America
C07708,Blue Labs,2025-06-16,Germany,Education,Medium,Email Marketing,Europe
C07709,Cloud Networks,2024-12-24,Germany,Finance,Small,Organic Search,Europe
C07710,Blue Networks,2024-11-10,USA,Other,Medium,Sales,North America
C07711,Cloud Technologies,2025-07-22,India,Education,Medium,Organic Search,APAC
C07712,Cloud Labs,2024-06-09,India,Education,Small,Referral,APAC
C07713,Next Software,2025-01-20,Canada,Finance,Small,Organic Search,North America
C07714,Core Labs,2025-04-21,Canada,Manufacturing,Small,Referral,North America
C07715,Apex Systems,2025-07-03,Other,Professional Services,Medium,Organic Search,Other
C07716,Core Labs,2024-03-01,USA,Other,Medium,Paid Social,North America
C07717,Bright Software,2024-12-21,USA,Retail,Medium,Organic Search,North America
C07718,Core Systems,2025-09-13,India,Professional Services,Medium,Referral,APAC
C07719,Nova Group,2025-05-29,Germany,Finance,Small,Paid Social,Europe
C07720,Next Group,2025-10-07,Germany,Healthcare,Medium,Sales,Europe
C07721,Summit Analytics,2024-08-10,India,Retail,Large,Sales,APAC
C07722,Cloud Networks,2024-04-19,India,Manufacturing,Large,Sales,APAC
C07723,Core Works,2025-10-17,India,Other,Medium,Organic Search,APAC
C07724,Next Group,2024-02-12,USA,Finance,Medium,Organic Search,North America
C07725,Digital Networks,2025-08-02,UK,Retail,Small,Organic Search,Europe
C07726,Blue Software,2025-09-01,USA,Other,Medium,Partner,North America
C07727,Prime Solutions,2025-05-22,USA,Technology,Small,Organic Search,North America
C07728,Digital Networks,2024-04-07,USA,Retail,Small,Paid Search,North America
C07729,Nova Works,2025-11-24,Other,Marketing,Medium,Referral,Other
C07730,Digital Analytics,2024-07-28,UK,Finance,Small,Referral,Europe
C07731,Apex Analytics,2025-03-16,USA,Marketing,Enterprise,Partner,North America
C07732,Apex Solutions,2025-02-06,India,Other,Large,Email Marketing,APAC
C07733,Summit Technologies,2024-10-21,USA,Healthcare,Small,Organic Search,North America
C07734,Cloud Solutions,2024-09-06,Germany,Technology,Small,Sales,Europe
C07735,Summit Analytics,2024-02-18,India,Healthcare,Medium,Organic Search,APAC
C07736,Cloud Services,2025-07-09,USA,Technology,Small,Referral,North America
C07737,Nova Systems,2024-03-27,Australia,Education,Small,Organic Search,APAC
C07738,Apex Networks,2024-04-19,India,Retail,Medium,Partner,APAC
C07739,Digital Works,2024-10-11,UK,Other,Small,Email Marketing,Europe
C07740,Apex Labs,2024-12-13,USA,Finance,Medium,Partner,North America
C07741,Cloud Works,2024-06-08,Canada,Professional Services,Small,Partner,North America
C07742,Apex Services,2024-09-22,Canada,Healthcare,Small,Partner,North America
C07743,Next Solutions,2024-01-13,UK,Retail,Small,Paid Social,Europe
C07744,Core Systems,2024-01-04,Singapore,Marketing,Small,Paid Social,APAC
C07745,Cloud Networks,2024-09-23,India,Education,Small,Organic Search,APAC
C07746,Next Solutions,2024-01-13,Germany,Marketing,Small,Email Marketing,Europe
C07747,Nova Works,2024-03-22,USA,Healthcare,Small,Organic Search,North America
C07748,Core Solutions,2025-09-14,India,Retail,Medium,Organic Search,APAC
C07749,Fusion Works,2025-09-06,UK,Retail,Small,Email Marketing,Europe
C07750,Cloud Technologies,2025-10-24,India,Marketing,Small,Organic Search,APAC
C07751,Fusion Group,2024-12-12,Canada,Finance,Medium,Referral,North America
C07752,Bright Analytics,2025-04-18,USA,Manufacturing,Large,Referral,North America
C07753,Digital Networks,2025-01-18,USA,Healthcare,Small,Paid Search,North America
C07754,Digital Software,2024-08-04,Singapore,Education,Enterprise,Partner,APAC
C07755,Vertex Solutions,2024-03-29,USA,Healthcare,Small,Partner,North America
C07756,Cloud Analytics,2024-10-05,USA,Technology,Medium,Organic Search,North America
C07757,Digital Software,2025-02-21,Canada,Technology,Small,Organic Search,North America
C07758,Summit Group,2025-09-14,India,Retail,Medium,Partner,APAC
C07759,Vertex Networks,2025-07-01,UK,Other,Small,Referral,Europe
C07760,Fusion Labs,2025-01-22,USA,Education,Small,Paid Search,North America
C07761,Digital Networks,2024-12-25,Canada,Other,Small,Organic Search,North America
C07762,Vertex Systems,2025-05-23,Other,Marketing,Small,Referral,Other
C07763,Fusion Software,2024-03-10,India,Healthcare,Small,Email Marketing,APAC
C07764,Next Technologies,2024-02-08,India,Marketing,Small,Organic Search,APAC
C07765,Vertex Labs,2025-07-29,Germany,Technology,Large,Referral,Europe
C07766,Fusion Networks,2024-01-09,Australia,Healthcare,Small,Paid Social,APAC
C07767,Apex Solutions,2025-04-06,Canada,Retail,Small,Sales,North America
C07768,Summit Technologies,2024-09-30,India,Finance,Small,Sales,APAC
C07769,Apex Solutions,2024-12-07,India,Finance,Small,Email Marketing,APAC
C07770,Core Solutions,2024-11-03,Australia,Manufacturing,Small,Paid Social,APAC
C07771,Apex Works,2025-09-17,Canada,Healthcare,Small,Referral,North America
C07772,Prime Works,2024-03-11,USA,Other,Small,Referral,North America
C07773,Next Services,2025-01-04,USA,Retail,Small,Referral,North America
C07774,Apex Analytics,2025-11-22,Germany,Technology,Medium,Email Marketing,Europe
C07775,Vertex Group,2024-10-09,Other,Manufacturing,Large,Sales,Other
C07776,Blue Networks,2024-03-16,Singapore,Technology,Medium,Sales,APAC
C07777,Summit Services,2025-02-15,UK,Manufacturing,Large,Partner,Europe
C07778,Cloud Solutions,2024-06-12,Germany,Education,Medium,Organic Search,Europe
C07779,Fusion Labs,2025-01-12,Other,Manufacturing,Small,Paid Search,Other
C07780,Prime Networks,2025-11-11,USA,Other,Large,Paid Social,North America
C07781,Blue Software,2024-11-19,India,Technology,Small,Paid Search,APAC
C07782,Cloud Works,2024-07-06,Australia,Finance,Medium,Referral,APAC
C07783,Blue Works,2024-09-29,Other,Other,Large,Organic Search,Other
C07784,Apex Solutions,2025-05-19,USA,Marketing,Small,Email Marketing,North America
C07785,Blue Analytics,2024-09-29,USA,Healthcare,Medium,Organic Search,North America
C07786,Nova Solutions,2024-02-13,USA,Marketing,Small,Partner,North America
C07787,Apex Technologies,2024-12-14,Canada,Marketing,Small,Partner,North America
C07788,Prime Software,2025-07-11,UK,Retail,Small,Organic Search,Europe
C07789,Prime Services,2024-08-28,Australia,Retail,Medium,Organic Search,APAC
C07790,Nova Technologies,2025-09-15,Australia,Professional Services,Medium,Organic Search,APAC
C07791,Fusion Technologies,2025-05-31,Australia,Finance,Large,Paid Social,APAC
C07792,Blue Networks,2024-06-21,Canada,Retail,Medium,Organic Search,North America
C07793,Nova Services,2024-04-13,USA,Manufacturing,Large,Referral,North America
C07794,Fusion Works,2024-12-03,USA,Retail,Small,Paid Search,North America
C07795,Next Systems,2025-07-11,USA,Finance,Small,Paid Search,North America
C07796,Next Services,2024-05-07,Germany,Education,Small,Paid Social,Europe
C07797,Cloud Labs,2025-08-03,USA,Technology,Small,Paid Search,North America
C07798,Vertex Analytics,2024-06-28,Germany,Technology,Enterprise,Paid Search,Europe
C07799,Next Technologies,2024-08-30,Other,Manufacturing,Small,Referral,Other
C07800,Apex Technologies,2025-03-03,USA,Manufacturing,Medium,Organic Search,North America
C07801,Prime Services,2025-09-30,Singapore,Professional Services,Large,Email Marketing,APAC
C07802,Summit Software,2025-03-03,Other,Technology,Medium,Organic Search,Other
C07803,Bright Services,2024-10-27,USA,Education,Small,Sales,North America
C07804,Next Technologies,2024-09-23,USA,Other,Small,Organic Search,North America
C07805,Core Services,2024-01-11,UK,Technology,Medium,Paid Search,Europe
C07806,Next Analytics,2024-08-21,USA,Healthcare,Small,Paid Social,North America
C07807,Summit Analytics,2024-06-10,USA,Professional Services,Small,Paid Social,North America
C07808,Fusion Group,2024-06-20,USA,Technology,Small,Paid Search,North America
C07809,Prime Labs,2024-10-06,Canada,Technology,Small,Referral,North America
C07810,Cloud Services,2024-09-23,India,Professional Services,Medium,Paid Social,APAC
C07811,Apex Networks,2025-02-15,USA,Finance,Medium,Sales,North America
C07812,Nova Works,2024-05-18,USA,Technology,Medium,Paid Search,North America
C07813,Next Solutions,2025-02-19,Other,Finance,Medium,Referral,Other
C07814,Summit Software,2024-05-03,USA,Professional Services,Small,Paid Search,North America
C07815,Nova Systems,2024-03-15,USA,Manufacturing,Medium,Paid Social,North America
C07816,Digital Analytics,2024-02-13,India,Professional Services,Small,Email Marketing,APAC
C07817,Core Solutions,2025-10-16,USA,Retail,Medium,Organic Search,North America
C07818,Prime Group,2025-05-19,USA,Finance,Medium,Paid Search,North America
C07819,Prime Technologies,2024-08-10,Other,Technology,Small,Email Marketing,Other
C07820,Blue Technologies,2025-10-15,Canada,Professional Services,Medium,Sales,North America
C07821,Digital Systems,2024-04-24,USA,Healthcare,Medium,Paid Social,North America
C07822,Core Labs,2024-05-14,Other,Retail,Large,Referral,Other
C07823,Core Solutions,2024-07-23,USA,Professional Services,Small,Partner,North America
C07824,Nova Systems,2025-09-12,India,Manufacturing,Medium,Email Marketing,APAC
C07825,Bright Services,2025-08-31,USA,Finance,Small,Organic Search,North America
C07826,Nova Systems,2024-08-28,USA,Technology,Small,Paid Search,North America
C07827,Next Services,2024-10-03,Other,Other,Small,Paid Search,Other
C07828,Next Works,2025-03-25,UK,Marketing,Large,Sales,Europe
C07829,Summit Solutions,2024-03-17,Other,Professional Services,Small,Paid Social,Other
C07830,Blue Works,2025-09-09,USA,Technology,Large,Partner,North America
C07831,Summit Analytics,2025-03-04,Germany,Retail,Large,Paid Search,Europe
C07832,Digital Services,2024-06-11,USA,Marketing,Small,Email Marketing,North America
C07833,Digital Labs,2024-12-27,USA,Healthcare,Small,Paid Social,North America
C07834,Nova Solutions,2024-01-16,USA,Retail,Medium,Organic Search,North America
C07835,Cloud Technologies,2025-07-07,Other,Technology,Small,Organic Search,Other
C07836,Nova Works,2025-05-14,USA,Other,Small,Paid Search,North America
C07837,Nova Analytics,2024-07-22,USA,Healthcare,Medium,Organic Search,North America
C07838,Summit Systems,2025-06-25,Other,Finance,Small,Sales,Other
C07839,Nova Systems,2025-11-05,India,Technology,Small,Organic Search,APAC
C07840,Apex Works,2025-03-14,India,Technology,Medium,Organic Search,APAC
C07841,Next Technologies,2025-02-05,India,Education,Small,Partner,APAC
C07842,Fusion Software,2024-02-21,UK,Finance,Small,Paid Search,Europe
C07843,Bright Solutions,2025-10-20,USA,Professional Services,Large,Organic Search,North America
C07844,Core Networks,2024-11-01,India,Healthcare,Small,Referral,APAC
C07845,Bright Software,2025-04-28,Other,Technology,Large,Paid Search,Other
C07846,Vertex Group,2025-01-07,Other,Finance,Enterprise,Paid Search,Other
C07847,Fusion Solutions,2025-02-20,USA,Manufacturing,Small,Partner,North America
C07848,Apex Software,2025-04-04,India,Marketing,Large,Paid Social,APAC
C07849,Summit Technologies,2025-05-05,Germany,Retail,Small,Organic Search,Europe
C07850,Blue Solutions,2024-09-28,UK,Professional Services,Small,Referral,Europe
C07851,Nova Group,2024-09-03,USA,Technology,Small,Sales,North America
C07852,Blue Solutions,2025-09-09,USA,Technology,Small,Paid Social,North America
C07853,Nova Software,2024-04-14,USA,Manufacturing,Small,Organic Search,North America
C07854,Apex Solutions,2025-05-08,Other,Other,Medium,Paid Search,Other
C07855,Nova Group,2024-11-12,Canada,Finance,Small,Sales,North America
C07856,Nova Solutions,2024-07-03,Germany,Retail,Medium,Sales,Europe
C07857,Vertex Services,2024-09-11,USA,Marketing,Small,Paid Search,North America
C07858,Digital Technologies,2024-10-11,USA,Healthcare,Large,Referral,North America
C07859,Cloud Works,2024-03-11,India,Education,Medium,Paid Social,APAC
C07860,Summit Labs,2025-05-12,Canada,Marketing,Small,Referral,North America
C07861,Summit Systems,2025-02-25,Australia,Other,Medium,Paid Search,APAC
C07862,Apex Technologies,2025-11-24,Australia,Healthcare,Small,Partner,APAC
C07863,Next Solutions,2024-12-31,India,Other,Large,Paid Search,APAC
C07864,Vertex Services,2025-11-05,UK,Professional Services,Medium,Organic Search,Europe
C07865,Vertex Systems,2025-08-12,USA,Professional Services,Small,Organic Search,North America
C07866,Summit Analytics,2025-04-07,Germany,Professional Services,Small,Referral,Europe
C07867,Bright Systems,2024-09-16,UK,Education,Small,Paid Search,Europe
C07868,Next Systems,2024-09-26,India,Professional Services,Small,Paid Search,APAC
C07869,Nova Systems,2025-02-17,Canada,Marketing,Medium,Email Marketing,North America
C07870,Core Analytics,2024-08-23,USA,Retail,Large,Partner,North America
C07871,Blue Labs,2025-01-04,USA,Retail,Small,Sales,North America
C07872,Vertex Software,2024-09-02,USA,Finance,Medium,Email Marketing,North America
C07873,Blue Services,2024-09-08,Singapore,Marketing,Small,Partner,APAC
C07874,Bright Technologies,2024-06-27,Other,Professional Services,Small,Referral,Other
C07875,Summit Networks,2024-01-13,USA,Marketing,Medium,Paid Social,North America
C07876,Nova Works,2024-04-30,Germany,Manufacturing,Medium,Partner,Europe
C07877,Fusion Group,2025-02-15,Other,Professional Services,Small,Organic Search,Other
C07878,Digital Systems,2024-05-26,USA,Healthcare,Enterprise,Partner,North America
C07879,Digital Software,2024-03-27,Canada,Finance,Small,Sales,North America
C07880,Bright Solutions,2024-09-08,USA,Finance,Small,Referral,North America
C07881,Blue Systems,2024-07-19,USA,Technology,Medium,Email Marketing,North America
C07882,Cloud Works,2024-09-14,USA,Marketing,Medium,Sales,North America
C07883,Cloud Systems,2025-10-15,Canada,Professional Services,Small,Paid Social,North America
C07884,Next Group,2024-09-24,India,Retail,Small,Paid Social,APAC
C07885,Summit Labs,2025-05-05,Other,Marketing,Medium,Partner,Other
C07886,Nova Systems,2024-01-16,USA,Finance,Medium,Paid Search,North America
C07887,Bright Analytics,2024-05-06,USA,Healthcare,Large,Organic Search,North America
C07888,Apex Technologies,2024-10-10,India,Education,Enterprise,Referral,APAC
C07889,Bright Services,2025-10-27,Singapore,Technology,Small,Organic Search,APAC
C07890,Next Group,2024-11-09,Australia,Retail,Small,Paid Search,APAC
C07891,Vertex Services,2024-02-24,USA,Other,Medium,Paid Social,North America
C07892,Apex Software,2024-05-28,UK,Professional Services,Small,Paid Social,Europe
C07893,Blue Solutions,2025-10-28,USA,Professional Services,Small,Paid Search,North America
C07894,Summit Technologies,2024-07-23,UK,Other,Medium,Referral,Europe
C07895,Vertex Software,2025-09-13,USA,Finance,Small,Paid Search,North America
C07896,Vertex Systems,2024-03-20,USA,Retail,Small,Paid Search,North America
C07897,Bright Technologies,2025-01-05,USA,Retail,Medium,Partner,North America
C07898,Cloud Software,2025-05-02,USA,Technology,Medium,Paid Search,North America
C07899,Nova Services,2024-07-30,UK,Manufacturing,Small,Sales,Europe
C07900,Blue Works,2025-09-12,India,Retail,Small,Organic Search,APAC
C07901,Fusion Group,2024-07-19,Australia,Finance,Small,Email Marketing,APAC
C07902,Cloud Networks,2024-06-18,USA,Professional Services,Large,Sales,North America
C07903,Summit Labs,2025-11-26,USA,Education,Small,Partner,North America
C07904,Core Networks,2024-04-04,UK,Healthcare,Small,Referral,Europe
C07905,Digital Works,2024-11-04,USA,Education,Medium,Organic Search,North America
C07906,Core Systems,2025-03-12,Canada,Professional Services,Medium,Organic Search,North America
C07907,Summit Group,2025-09-18,USA,Retail,Small,Partner,North America
C07908,Prime Technologies,2025-05-10,India,Finance,Small,Partner,APAC
C07909,Apex Services,2024-09-13,USA,Education,Enterprise,Sales,North America
C07910,Prime Solutions,2025-06-06,Australia,Finance,Medium,Organic Search,APAC
C07911,Prime Solutions,2024-03-17,India,Technology,Medium,Paid Search,APAC
C07912,Core Solutions,2025-04-16,Australia,Finance,Small,Referral,APAC
C07913,Next Systems,2025-03-28,Australia,Finance,Small,Paid Search,APAC
C07914,Bright Technologies,2025-02-22,Other,Healthcare,Small,Partner,Other
C07915,Cloud Software,2025-04-07,India,Manufacturing,Small,Sales,APAC
C07916,Digital Networks,2024-11-16,USA,Finance,Small,Organic Search,North America
C07917,Cloud Labs,2025-04-13,UK,Manufacturing,Large,Sales,Europe
C07918,Nova Systems,2025-05-26,Other,Healthcare,Small,Referral,Other
C07919,Core Labs,2025-08-14,Germany,Manufacturing,Small,Referral,Europe
C07920,Blue Solutions,2025-02-10,Germany,Professional Services,Medium,Sales,Europe
C07921,Vertex Technologies,2024-03-14,UK,Professional Services,Small,Partner,Europe
C07922,Digital Labs,2024-05-14,UK,Education,Large,Organic Search,Europe
C07923,Prime Analytics,2024-07-28,Other,Healthcare,Large,Paid Social,Other
C07924,Core Software,2024-09-01,USA,Technology,Medium,Paid Search,North America
C07925,Core Labs,2024-07-08,Canada,Education,Medium,Partner,North America
C07926,Vertex Services,2024-04-24,UK,Manufacturing,Small,Organic Search,Europe
C07927,Vertex Solutions,2025-10-28,India,Finance,Small,Partner,APAC
C07928,Prime Services,2024-05-20,Germany,Finance,Small,Email Marketing,Europe
C07929,Nova Software,2024-02-01,Singapore,Professional Services,Small,Paid Social,APAC
C07930,Prime Group,2025-09-09,USA,Technology,Medium,Paid Search,North America
C07931,Prime Labs,2025-11-24,USA,Professional Services,Medium,Paid Search,North America
C07932,Cloud Systems,2024-11-12,Germany,Professional Services,Large,Paid Search,Europe
C07933,Blue Analytics,2025-09-19,USA,Manufacturing,Small,Partner,North America
C07934,Digital Works,2025-07-11,Germany,Finance,Small,Paid Search,Europe
C07935,Vertex Technologies,2025-09-07,India,Retail,Small,Paid Social,APAC
C07936,Vertex Group,2025-03-02,Canada,Manufacturing,Large,Paid Social,North America
C07937,Summit Group,2024-06-26,Australia,Manufacturing,Medium,Sales,APAC
C07938,Apex Software,2024-11-23,India,Healthcare,Large,Organic Search,APAC
C07939,Nova Systems,2024-10-15,USA,Finance,Small,Organic Search,North America
C07940,Vertex Works,2024-04-23,Other,Healthcare,Large,Paid Social,Other
C07941,Fusion Labs,2025-06-29,India,Professional Services,Large,Email Marketing,APAC
C07942,Digital Networks,2024-02-16,USA,Finance,Small,Organic Search,North America
C07943,Cloud Labs,2024-09-19,India,Professional Services,Small,Organic Search,APAC
C07944,Next Software,2024-02-14,USA,Marketing,Medium,Email Marketing,North America
C07945,Core Solutions,2025-06-25,USA,Retail,Small,Referral,North America
C07946,Core Works,2024-10-10,USA,Healthcare,Medium,Sales,North America
C07947,Summit Analytics,2025-05-17,USA,Education,Medium,Paid Search,North America
C07948,Blue Solutions,2024-08-22,USA,Retail,Small,Referral,North America
C07949,Fusion Works,2025-09-16,Other,Retail,Medium,Organic Search,Other
C07950,Blue Networks,2024-09-10,UK,Technology,Small,Partner,Europe
C07951,Bright Systems,2024-02-26,India,Technology,Small,Organic Search,APAC
C07952,Cloud Works,2024-08-30,India,Manufacturing,Medium,Referral,APAC
C07953,Vertex Networks,2025-01-13,UK,Finance,Large,Organic Search,Europe
C07954,Summit Works,2024-10-30,Australia,Manufacturing,Medium,Referral,APAC
C07955,Core Labs,2025-09-21,USA,Retail,Medium,Partner,North America
C07956,Fusion Technologies,2024-08-03,India,Healthcare,Medium,Paid Search,APAC
C07957,Core Technologies,2025-03-25,UK,Manufacturing,Medium,Organic Search,Europe
C07958,Vertex Software,2025-08-15,USA,Manufacturing,Medium,Sales,North America
C07959,Bright Group,2024-09-12,Canada,Healthcare,Medium,Sales,North America
C07960,Core Networks,2025-11-20,Canada,Education,Medium,Partner,North America
C07961,Core Works,2024-07-28,USA,Manufacturing,Medium,Paid Search,North America
C07962,Nova Technologies,2025-10-23,India,Retail,Small,Organic Search,APAC
C07963,Prime Networks,2025-07-24,USA,Retail,Small,Referral,North America
C07964,Blue Solutions,2025-03-09,Canada,Technology,Small,Organic Search,North America
C07965,Nova Technologies,2024-10-08,USA,Other,Small,Email Marketing,North America
C07966,Core Analytics,2025-01-03,Australia,Education,Small,Paid Social,APAC
C07967,Blue Labs,2025-08-25,Australia,Finance,Small,Sales,APAC
C07968,Blue Systems,2025-01-16,India,Technology,Small,Organic Search,APAC
C07969,Bright Services,2024-12-30,USA,Professional Services,Small,Sales,North America
C07970,Prime Services,2024-06-18,USA,Manufacturing,Small,Organic Search,North America
C07971,Blue Technologies,2024-11-12,India,Technology,Medium,Organic Search,APAC
C07972,Summit Technologies,2025-06-04,Other,Healthcare,Small,Paid Social,Other
C07973,Apex Group,2024-10-09,USA,Education,Small,Organic Search,North America
C07974,Bright Analytics,2024-12-20,UK,Technology,Small,Referral,Europe
C07975,Next Works,2025-10-18,USA,Finance,Small,Paid Social,North America
C07976,Digital Works,2025-06-05,USA,Education,Medium,Paid Social,North America
C07977,Summit Services,2024-12-07,Canada,Technology,Small,Organic Search,North America
C07978,Core Works,2025-06-05,Other,Other,Small,Referral,Other
C07979,Cloud Technologies,2024-08-02,Canada,Retail,Small,Organic Search,North America
C07980,Digital Software,2025-06-01,USA,Professional Services,Small,Paid Social,North America
C07981,Bright Technologies,2024-04-21,Canada,Professional Services,Medium,Organic Search,North America
C07982,Prime Group,2025-09-18,Other,Finance,Small,Referral,Other
C07983,Apex Solutions,2025-05-10,Germany,Healthcare,Medium,Sales,Europe
C07984,Apex Software,2024-05-02,UK,Healthcare,Medium,Paid Social,Europe
C07985,Core Labs,2025-03-08,Germany,Technology,Medium,Referral,Europe
C07986,Summit Works,2024-06-22,UK,Retail,Medium,Partner,Europe
C07987,Fusion Technologies,2025-02-26,India,Technology,Small,Referral,APAC
C07988,Prime Works,2024-03-15,Other,Manufacturing,Medium,Referral,Other
C07989,Vertex Technologies,2025-03-20,Australia,Retail,Medium,Organic Search,APAC
C07990,Vertex Works,2024-11-02,Canada,Finance,Medium,Sales,North America
C07991,Prime Technologies,2024-01-28,Singapore,Technology,Medium,Organic Search,APAC
C07992,Next Services,2024-01-06,USA,Retail,Medium,Partner,North America
C07993,Core Technologies,2025-10-24,USA,Other,Medium,Paid Search,North America
C07994,Apex Technologies,2025-02-22,Germany,Technology,Enterprise,Organic Search,Europe
C07995,Nova Technologies,2024-01-05,USA,Education,Medium,Paid Search,North America
C07996,Summit Services,2024-11-08,USA,Healthcare,Small,Email Marketing,North America
C07997,Apex Services,2025-09-17,Australia,Technology,Small,Organic Search,APAC
C07998,Core Systems,2025-10-31,UK,Healthcare,Medium,Paid Search,Europe
C07999,Next Solutions,2024-12-15,India,Professional Services,Medium,Organic Search,APAC
C08000,Cloud Analytics,2024-04-28,Australia,Retail,Large,Partner,APAC
C08001,Bright Analytics,2024-05-19,USA,Other,Medium,Sales,North America
C08002,Fusion Labs,2024-10-03,Other,Technology,Small,Referral,Other
C08003,Cloud Systems,2025-02-12,UK,Technology,Medium,Organic Search,Europe
C08004,Core Services,2024-07-25,India,Healthcare,Large,Email Marketing,APAC
C08005,Fusion Group,2025-07-08,USA,Retail,Small,Organic Search,North America
C08006,Fusion Group,2024-11-08,Singapore,Professional Services,Medium,Paid Social,APAC
C08007,Blue Networks,2025-04-11,India,Retail,Small,Partner,APAC
C08008,Nova Systems,2024-04-16,India,Technology,Small,Paid Search,APAC
C08009,Summit Group,2024-09-05,Singapore,Technology,Medium,Referral,APAC
C08010,Apex Group,2025-08-28,USA,Healthcare,Medium,Organic Search,North America
C08011,Bright Group,2024-12-13,Canada,Retail,Small,Sales,North America
C08012,Blue Technologies,2024-07-19,UK,Healthcare,Small,Email Marketing,Europe
C08013,Summit Group,2025-01-07,USA,Healthcare,Medium,Paid Search,North America
C08014,Next Solutions,2025-01-07,UK,Technology,Medium,Organic Search,Europe
C08015,Next Group,2024-10-29,Australia,Healthcare,Medium,Referral,APAC
C08016,Summit Networks,2024-07-17,Singapore,Manufacturing,Medium,Paid Search,APAC
C08017,Fusion Group,2025-07-23,USA,Finance,Medium,Organic Search,North America
C08018,Core Solutions,2024-05-20,India,Technology,Large,Email Marketing,APAC
C08019,Cloud Solutions,2025-10-25,India,Technology,Medium,Referral,APAC
C08020,Cloud Labs,2025-02-09,Canada,Healthcare,Medium,Paid Search,North America
C08021,Core Networks,2025-03-22,India,Professional Services,Small,Partner,APAC
C08022,Summit Systems,2024-12-25,Australia,Healthcare,Small,Organic Search,APAC
C08023,Fusion Analytics,2024-03-05,USA,Other,Large,Paid Search,North America
C08024,Prime Software,2024-10-15,USA,Manufacturing,Large,Paid Search,North America
C08025,Core Systems,2024-04-11,UK,Education,Small,Paid Search,Europe
C08026,Digital Technologies,2024-01-28,USA,Healthcare,Small,Paid Social,North America
C08027,Summit Analytics,2025-06-08,USA,Technology,Medium,Email Marketing,North America
C08028,Bright Solutions,2024-06-04,Canada,Finance,Large,Email Marketing,North America
C08029,Apex Technologies,2024-11-15,Canada,Retail,Small,Organic Search,North America
C08030,Vertex Systems,2024-04-08,USA,Technology,Small,Paid Search,North America
C08031,Next Software,2025-06-27,Canada,Professional Services,Small,Referral,North America
C08032,Prime Group,2024-11-04,India,Technology,Small,Referral,APAC
C08033,Blue Works,2024-07-26,Germany,Technology,Small,Paid Social,Europe
C08034,Summit Analytics,2025-10-02,India,Marketing,Medium,Paid Social,APAC
C08035,Fusion Software,2024-01-04,USA,Professional Services,Small,Paid Search,North America
C08036,Summit Labs,2025-11-27,India,Retail,Small,Paid Search,APAC
C08037,Cloud Software,2025-08-31,USA,Healthcare,Large,Email Marketing,North America
C08038,Prime Services,2024-09-02,USA,Education,Medium,Partner,North America
C08039,Vertex Technologies,2025-10-08,India,Professional Services,Small,Referral,APAC
C08040,Fusion Group,2024-11-19,USA,Manufacturing,Large,Organic Search,North America
C08041,Prime Labs,2024-02-12,India,Finance,Medium,Sales,APAC
C08042,Nova Group,2024-03-20,Other,Finance,Medium,Paid Social,Other
C08043,Core Solutions,2025-05-28,Other,Technology,Large,Partner,Other
C08044,Summit Labs,2025-04-24,India,Finance,Small,Organic Search,APAC
C08045,Nova Group,2024-12-15,UK,Retail,Medium,Organic Search,Europe
C08046,Blue Systems,2024-10-16,Australia,Manufacturing,Medium,Sales,APAC
C08047,Bright Services,2024-02-15,India,Technology,Small,Organic Search,APAC
C08048,Next Services,2025-03-16,UK,Technology,Medium,Organic Search,Europe
C08049,Next Technologies,2025-09-28,USA,Professional Services,Medium,Organic Search,North America
C08050,Cloud Analytics,2025-02-03,Germany,Education,Medium,Paid Search,Europe
C08051,Digital Software,2024-02-18,India,Technology,Medium,Organic Search,APAC
C08052,Cloud Labs,2025-01-10,Canada,Technology,Enterprise,Organic Search,North America
C08053,Next Software,2024-07-09,Singapore,Finance,Medium,Paid Social,APAC
C08054,Blue Networks,2024-01-11,USA,Other,Medium,Sales,North America
C08055,Next Solutions,2025-08-05,India,Retail,Small,Sales,APAC
C08056,Digital Analytics,2024-10-24,UK,Professional Services,Medium,Paid Search,Europe
C08057,Fusion Technologies,2025-04-06,UK,Manufacturing,Small,Organic Search,Europe
C08058,Next Technologies,2025-04-13,USA,Other,Medium,Organic Search,North America
C08059,Core Software,2024-04-03,Other,Manufacturing,Large,Organic Search,Other
C08060,Cloud Works,2025-03-19,USA,Other,Small,Email Marketing,North America
C08061,Apex Software,2024-11-30,USA,Marketing,Small,Referral,North America
C08062,Nova Analytics,2025-11-12,USA,Healthcare,Small,Email Marketing,North America
C08063,Summit Labs,2024-03-17,Singapore,Technology,Small,Referral,APAC
C08064,Summit Services,2025-05-03,India,Technology,Small,Paid Search,APAC
C08065,Digital Group,2024-10-18,USA,Professional Services,Small,Organic Search,North America
C08066,Blue Solutions,2024-10-10,Canada,Technology,Small,Paid Search,North America
C08067,Summit Networks,2024-03-08,UK,Marketing,Small,Referral,Europe
C08068,Vertex Analytics,2024-02-17,USA,Finance,Small,Sales,North America
C08069,Bright Solutions,2024-11-30,Other,Technology,Medium,Referral,Other
C08070,Bright Solutions,2025-09-27,USA,Retail,Small,Referral,North America
C08071,Next Services,2025-09-06,India,Technology,Small,Paid Social,APAC
C08072,Cloud Group,2025-05-07,USA,Education,Medium,Paid Search,North America
C08073,Blue Works,2025-04-23,India,Manufacturing,Small,Paid Search,APAC
C08074,Blue Services,2025-11-05,Other,Education,Medium,Organic Search,Other
C08075,Prime Systems,2025-12-01,Germany,Finance,Small,Referral,Europe
C08076,Apex Networks,2024-04-25,USA,Technology,Small,Partner,North America
C08077,Vertex Group,2025-09-17,India,Finance,Large,Sales,APAC
C08078,Fusion Systems,2025-06-19,USA,Professional Services,Small,Referral,North America
C08079,Fusion Systems,2024-11-10,India,Retail,Enterprise,Paid Social,APAC
C08080,Core Group,2025-04-05,Canada,Technology,Small,Paid Search,North America
C08081,Apex Services,2024-10-20,USA,Finance,Small,Paid Search,North America
C08082,Core Software,2025-10-27,USA,Retail,Medium,Paid Search,North America
C08083,Digital Analytics,2024-07-23,Germany,Healthcare,Small,Referral,Europe
C08084,Next Services,2024-10-16,India,Professional Services,Small,Sales,APAC
C08085,Next Technologies,2024-08-03,India,Education,Medium,Email Marketing,APAC
C08086,Core Software,2025-04-25,Germany,Education,Medium,Paid Social,Europe
C08087,Nova Group,2025-05-27,USA,Retail,Medium,Organic Search,North America
C08088,Summit Services,2025-01-27,Other,Other,Small,Email Marketing,Other
C08089,Vertex Services,2024-03-04,USA,Technology,Medium,Organic Search,North America
C08090,Next Networks,2025-03-17,USA,Other,Small,Email Marketing,North America
C08091,Next Systems,2024-05-29,India,Technology,Medium,Organic Search,APAC
C08092,Apex Services,2024-05-14,Germany,Professional Services,Small,Referral,Europe
C08093,Next Solutions,2024-10-21,USA,Retail,Medium,Sales,North America
C08094,Summit Technologies,2024-12-10,USA,Finance,Medium,Paid Search,North America
C08095,Nova Systems,2025-06-06,USA,Marketing,Enterprise,Paid Search,North America
C08096,Digital Solutions,2024-10-30,UK,Marketing,Small,Organic Search,Europe
C08097,Bright Works,2024-06-23,UK,Finance,Small,Organic Search,Europe
C08098,Digital Labs,2024-12-15,USA,Education,Small,Referral,North America
C08099,Prime Technologies,2025-10-16,USA,Education,Large,Partner,North America
C08100,Apex Works,2025-01-02,UK,Healthcare,Small,Referral,Europe
C08101,Apex Technologies,2024-02-06,UK,Technology,Small,Sales,Europe
C08102,Digital Software,2024-12-24,USA,Marketing,Small,Organic Search,North America
C08103,Next Networks,2024-05-10,India,Healthcare,Medium,Referral,APAC
C08104,Cloud Networks,2025-07-25,USA,Education,Small,Paid Social,North America
C08105,Digital Works,2024-06-12,India,Manufacturing,Large,Paid Search,APAC
C08106,Next Software,2025-05-13,UK,Marketing,Small,Organic Search,Europe
C08107,Blue Analytics,2024-03-23,USA,Education,Medium,Paid Search,North America
C08108,Cloud Systems,2024-08-16,USA,Education,Medium,Organic Search,North America
C08109,Core Labs,2025-09-06,Germany,Retail,Large,Paid Social,Europe
C08110,Digital Solutions,2025-05-19,USA,Technology,Medium,Paid Search,North America
C08111,Blue Analytics,2024-04-27,USA,Retail,Large,Sales,North America
C08112,Nova Technologies,2025-06-24,Germany,Technology,Large,Email Marketing,Europe
C08113,Prime Group,2025-03-07,Other,Technology,Large,Paid Search,Other
C08114,Summit Works,2024-02-20,USA,Other,Medium,Paid Social,North America
C08115,Prime Analytics,2024-06-17,Germany,Technology,Medium,Sales,Europe
C08116,Cloud Works,2025-02-23,Singapore,Education,Medium,Sales,APAC
C08117,Cloud Labs,2025-03-23,Canada,Education,Large,Sales,North America
C08118,Blue Networks,2024-05-15,India,Education,Enterprise,Organic Search,APAC
C08119,Apex Technologies,2025-06-30,UK,Professional Services,Medium,Email Marketing,Europe
C08120,Apex Networks,2024-10-20,UK,Professional Services,Enterprise,Organic Search,Europe
C08121,Blue Software,2025-03-10,Canada,Marketing,Small,Email Marketing,North America
C08122,Fusion Technologies,2025-08-19,Canada,Finance,Small,Partner,North America
C08123,Fusion Solutions,2025-07-17,India,Retail,Small,Organic Search,APAC
C08124,Next Works,2024-05-05,Australia,Marketing,Medium,Sales,APAC
C08125,Summit Technologies,2025-09-04,India,Finance,Small,Email Marketing,APAC
C08126,Vertex Systems,2024-12-23,India,Retail,Large,Organic Search,APAC
C08127,Core Labs,2025-08-14,Australia,Healthcare,Small,Email Marketing,APAC
C08128,Bright Solutions,2024-08-17,India,Technology,Small,Sales,APAC
C08129,Fusion Networks,2024-08-09,Germany,Healthcare,Small,Referral,Europe
C08130,Next Services,2024-03-26,Other,Retail,Medium,Organic Search,Other
C08131,Digital Services,2024-08-07,India,Other,Large,Referral,APAC
C08132,Nova Systems,2024-12-29,USA,Healthcare,Small,Organic Search,North America
C08133,Fusion Services,2024-12-05,USA,Technology,Small,Partner,North America
C08134,Vertex Networks,2024-11-24,USA,Healthcare,Medium,Paid Social,North America
C08135,Next Works,2024-02-19,India,Education,Small,Sales,APAC
C08136,Vertex Analytics,2025-02-13,India,Marketing,Large,Organic Search,APAC
C08137,Summit Systems,2024-03-29,Other,Education,Medium,Email Marketing,Other
C08138,Digital Works,2025-09-09,USA,Technology,Small,Email Marketing,North America
C08139,Blue Networks,2024-07-23,Other,Education,Small,Referral,Other
C08140,Apex Group,2025-10-20,USA,Retail,Medium,Organic Search,North America
C08141,Cloud Works,2024-07-16,UK,Technology,Small,Paid Social,Europe
C08142,Cloud Analytics,2024-07-13,Other,Marketing,Small,Organic Search,Other
C08143,Blue Works,2025-03-08,India,Healthcare,Medium,Paid Search,APAC
C08144,Cloud Analytics,2024-01-02,India,Professional Services,Medium,Paid Social,APAC
C08145,Cloud Solutions,2024-07-22,USA,Marketing,Small,Organic Search,North America
C08146,Core Services,2025-08-24,USA,Technology,Small,Organic Search,North America
C08147,Next Services,2025-05-20,USA,Technology,Small,Paid Search,North America
C08148,Next Group,2025-10-17,USA,Healthcare,Small,Referral,North America
C08149,Vertex Networks,2025-01-11,Other,Technology,Medium,Sales,Other
C08150,Next Labs,2024-07-16,USA,Professional Services,Small,Referral,North America
C08151,Core Software,2025-03-16,USA,Technology,Small,Sales,North America
C08152,Vertex Solutions,2025-01-18,India,Other,Medium,Referral,APAC
C08153,Fusion Technologies,2025-04-03,UK,Manufacturing,Medium,Paid Social,Europe
C08154,Prime Systems,2025-07-03,USA,Technology,Small,Sales,North America
C08155,Bright Analytics,2025-08-15,India,Technology,Small,Organic Search,APAC
C08156,Cloud Software,2024-08-20,USA,Retail,Small,Partner,North America
C08157,Fusion Software,2024-04-27,Singapore,Technology,Medium,Organic Search,APAC
C08158,Core Solutions,2024-11-12,Canada,Technology,Small,Referral,North America
C08159,Vertex Labs,2025-01-18,USA,Finance,Medium,Referral,North America
C08160,Prime Solutions,2025-09-21,USA,Retail,Large,Referral,North America
C08161,Bright Analytics,2024-04-25,Canada,Professional Services,Small,Sales,North America
C08162,Cloud Labs,2024-07-30,India,Marketing,Large,Partner,APAC
C08163,Core Analytics,2025-03-28,USA,Finance,Medium,Organic Search,North America
C08164,Apex Technologies,2024-03-23,USA,Healthcare,Small,Paid Social,North America
C08165,Nova Systems,2025-01-05,UK,Other,Small,Paid Social,Europe
C08166,Summit Solutions,2025-04-25,USA,Education,Medium,Referral,North America
C08167,Vertex Works,2024-03-05,Germany,Manufacturing,Medium,Email Marketing,Europe
C08168,Digital Labs,2024-08-30,USA,Healthcare,Medium,Sales,North America
C08169,Digital Technologies,2024-10-26,Australia,Technology,Small,Organic Search,APAC
C08170,Vertex Group,2024-02-29,USA,Finance,Large,Organic Search,North America
C08171,Core Analytics,2025-01-21,UK,Retail,Large,Email Marketing,Europe
C08172,Next Works,2025-01-03,India,Finance,Small,Partner,APAC
C08173,Apex Analytics,2025-08-14,USA,Education,Medium,Referral,North America
C08174,Apex Group,2024-01-27,USA,Healthcare,Small,Partner,North America
C08175,Core Works,2025-01-08,India,Manufacturing,Medium,Referral,APAC
C08176,Fusion Solutions,2025-09-15,USA,Other,Large,Sales,North America
C08177,Bright Group,2025-03-23,India,Other,Medium,Referral,APAC
C08178,Vertex Solutions,2024-11-28,USA,Technology,Small,Referral,North America
C08179,Summit Labs,2025-08-06,USA,Technology,Medium,Paid Search,North America
C08180,Fusion Systems,2024-10-09,Other,Finance,Small,Paid Search,Other
C08181,Bright Group,2024-06-24,Germany,Education,Small,Referral,Europe
C08182,Fusion Works,2025-10-20,India,Other,Medium,Organic Search,APAC
C08183,Next Analytics,2024-05-28,India,Professional Services,Small,Partner,APAC
C08184,Vertex Systems,2024-09-04,USA,Finance,Large,Partner,North America
C08185,Summit Works,2025-01-01,India,Marketing,Small,Paid Social,APAC
C08186,Prime Services,2024-09-26,Canada,Education,Small,Referral,North America
C08187,Digital Technologies,2024-06-05,USA,Marketing,Small,Organic Search,North America
C08188,Apex Solutions,2025-08-23,India,Education,Large,Organic Search,APAC
C08189,Nova Technologies,2024-03-31,USA,Healthcare,Medium,Paid Search,North America
C08190,Core Labs,2024-12-10,UK,Education,Medium,Partner,Europe
C08191,Digital Software,2024-05-22,Canada,Technology,Medium,Paid Search,North America
C08192,Blue Analytics,2025-06-13,India,Other,Small,Paid Search,APAC
C08193,Prime Systems,2025-03-17,India,Retail,Small,Paid Search,APAC
C08194,Bright Group,2025-11-09,USA,Technology,Small,Organic Search,North America
C08195,Cloud Works,2025-02-25,India,Manufacturing,Large,Email Marketing,APAC
C08196,Bright Analytics,2024-02-26,USA,Professional Services,Medium,Paid Search,North America
C08197,Prime Works,2025-01-22,Other,Finance,Medium,Paid Search,Other
C08198,Bright Software,2025-02-22,Other,Professional Services,Medium,Paid Search,Other
C08199,Apex Software,2025-01-29,Canada,Technology,Small,Sales,North America
C08200,Summit Solutions,2025-05-03,Australia,Technology,Large,Email Marketing,APAC
C08201,Fusion Systems,2024-08-30,Other,Retail,Small,Email Marketing,Other
C08202,Summit Works,2024-09-28,Singapore,Professional Services,Small,Referral,APAC
C08203,Core Services,2024-12-06,Australia,Technology,Medium,Paid Search,APAC
C08204,Fusion Services,2025-06-16,Canada,Finance,Medium,Organic Search,North America
C08205,Vertex Labs,2024-07-29,USA,Retail,Medium,Organic Search,North America
C08206,Blue Analytics,2025-08-13,UK,Healthcare,Medium,Organic Search,Europe
C08207,Fusion Technologies,2024-07-08,Australia,Manufacturing,Medium,Partner,APAC
C08208,Core Technologies,2024-09-01,USA,Retail,Small,Sales,North America
C08209,Summit Systems,2024-04-02,Singapore,Education,Large,Organic Search,APAC
C08210,Prime Group,2025-04-28,India,Marketing,Medium,Paid Search,APAC
C08211,Core Group,2025-08-03,USA,Manufacturing,Small,Paid Social,North America
C08212,Digital Solutions,2024-04-04,India,Healthcare,Large,Paid Search,APAC
C08213,Blue Systems,2024-11-27,USA,Professional Services,Medium,Paid Social,North America
C08214,Nova Networks,2024-12-27,India,Professional Services,Small,Referral,APAC
C08215,Cloud Works,2025-02-27,USA,Education,Medium,Organic Search,North America
C08216,Cloud Software,2025-10-14,Other,Professional Services,Medium,Referral,Other
C08217,Blue Services,2025-11-06,UK,Retail,Small,Organic Search,Europe
C08218,Blue Solutions,2025-10-31,USA,Retail,Small,Partner,North America
C08219,Vertex Services,2024-11-07,India,Retail,Small,Partner,APAC
C08220,Bright Services,2024-05-15,USA,Marketing,Small,Email Marketing,North America
C08221,Core Technologies,2024-06-04,Canada,Finance,Medium,Referral,North America
C08222,Vertex Works,2025-04-16,Other,Professional Services,Small,Paid Search,Other
C08223,Prime Group,2025-03-28,Canada,Education,Large,Sales,North America
C08224,Bright Systems,2025-02-07,USA,Education,Medium,Paid Search,North America
C08225,Prime Solutions,2025-06-01,India,Healthcare,Medium,Paid Search,APAC
C08226,Prime Group,2025-08-30,India,Other,Enterprise,Partner,APAC
C08227,Apex Works,2024-01-30,UK,Technology,Large,Paid Search,Europe
C08228,Cloud Labs,2025-05-28,Canada,Education,Medium,Partner,North America
C08229,Next Analytics,2024-05-13,Canada,Marketing,Medium,Paid Search,North America
C08230,Apex Systems,2024-10-02,UK,Retail,Medium,Organic Search,Europe
C08231,Bright Analytics,2025-01-03,USA,Retail,Small,Email Marketing,North America
C08232,Nova Solutions,2024-11-30,Germany,Professional Services,Medium,Paid Search,Europe
C08233,Blue Analytics,2025-07-22,India,Professional Services,Large,Sales,APAC
C08234,Summit Solutions,2025-04-23,USA,Education,Medium,Paid Social,North America
C08235,Blue Software,2025-08-23,UK,Retail,Medium,Partner,Europe
C08236,Bright Services,2024-05-19,India,Professional Services,Medium,Email Marketing,APAC
C08237,Vertex Services,2024-10-18,India,Healthcare,Small,Paid Search,APAC
C08238,Prime Group,2025-02-21,Singapore,Technology,Medium,Paid Social,APAC
C08239,Digital Labs,2024-08-29,Australia,Education,Medium,Sales,APAC
C08240,Core Solutions,2025-05-02,UK,Finance,Small,Organic Search,Europe
C08241,Vertex Networks,2024-10-07,USA,Healthcare,Small,Paid Social,North America
C08242,Cloud Group,2024-04-10,India,Finance,Small,Referral,APAC
C08243,Digital Labs,2025-04-02,India,Technology,Small,Email Marketing,APAC
C08244,Vertex Solutions,2025-03-05,USA,Retail,Medium,Paid Search,North America
C08245,Core Solutions,2024-12-21,USA,Retail,Medium,Paid Social,North America
C08246,Blue Software,2025-10-01,USA,Professional Services,Medium,Referral,North America
C08247,Apex Works,2024-10-26,USA,Finance,Small,Paid Search,North America
C08248,Apex Group,2025-06-19,USA,Professional Services,Medium,Organic Search,North America
C08249,Bright Group,2024-02-06,Canada,Manufacturing,Large,Paid Search,North America
C08250,Prime Software,2025-02-02,Other,Retail,Small,Sales,Other
C08251,Nova Labs,2024-06-17,UK,Professional Services,Small,Paid Social,Europe
C08252,Cloud Software,2024-07-03,India,Technology,Small,Partner,APAC
C08253,Bright Solutions,2024-10-20,USA,Education,Large,Paid Social,North America
C08254,Prime Labs,2025-01-15,India,Marketing,Medium,Paid Social,APAC
C08255,Core Systems,2025-09-13,India,Technology,Large,Sales,APAC
C08256,Blue Systems,2024-09-14,India,Education,Small,Paid Search,APAC
C08257,Core Group,2025-02-01,USA,Technology,Large,Organic Search,North America
C08258,Cloud Networks,2024-12-17,Australia,Finance,Small,Email Marketing,APAC
C08259,Vertex Systems,2024-08-08,Australia,Finance,Small,Paid Search,APAC
C08260,Cloud Labs,2025-08-21,India,Retail,Small,Paid Search,APAC
C08261,Cloud Services,2024-05-27,India,Technology,Small,Sales,APAC
C08262,Apex Solutions,2024-03-15,Germany,Finance,Large,Sales,Europe
C08263,Cloud Solutions,2024-09-06,USA,Professional Services,Large,Email Marketing,North America
C08264,Digital Group,2024-01-26,USA,Education,Medium,Partner,North America
C08265,Next Group,2024-09-21,USA,Technology,Medium,Organic Search,North America
C08266,Bright Services,2024-07-13,Singapore,Finance,Medium,Email Marketing,APAC
C08267,Prime Networks,2025-08-09,Other,Other,Small,Paid Social,Other
C08268,Prime Analytics,2025-01-02,Germany,Marketing,Medium,Partner,Europe
C08269,Bright Systems,2025-01-18,Germany,Technology,Medium,Organic Search,Europe
C08270,Prime Technologies,2024-11-04,UK,Technology,Medium,Partner,Europe
C08271,Cloud Technologies,2024-10-20,USA,Finance,Medium,Organic Search,North America
C08272,Fusion Technologies,2024-11-14,Other,Retail,Small,Referral,Other
C08273,Blue Technologies,2025-03-20,India,Finance,Small,Paid Social,APAC
C08274,Summit Group,2024-02-13,USA,Marketing,Large,Referral,North America
C08275,Apex Group,2025-11-24,UK,Healthcare,Small,Organic Search,Europe
C08276,Cloud Software,2024-01-24,UK,Healthcare,Small,Sales,Europe
C08277,Fusion Group,2024-02-15,USA,Retail,Small,Referral,North America
C08278,Apex Software,2024-10-17,India,Education,Medium,Partner,APAC
C08279,Prime Systems,2024-08-10,USA,Retail,Small,Partner,North America
C08280,Nova Systems,2024-08-22,Australia,Retail,Small,Paid Search,APAC
C08281,Blue Group,2024-06-24,Canada,Technology,Small,Paid Search,North America
C08282,Cloud Networks,2024-11-24,Germany,Technology,Small,Email Marketing,Europe
C08283,Fusion Technologies,2024-02-20,USA,Retail,Small,Paid Social,North America
C08284,Blue Technologies,2024-12-25,Germany,Other,Medium,Organic Search,Europe
C08285,Fusion Software,2024-06-25,USA,Professional Services,Small,Paid Social,North America
C08286,Bright Analytics,2024-04-20,India,Manufacturing,Medium,Paid Search,APAC
C08287,Apex Works,2025-02-06,India,Education,Small,Organic Search,APAC
C08288,Blue Networks,2025-10-08,USA,Technology,Large,Partner,North America
C08289,Digital Technologies,2025-04-16,India,Professional Services,Small,Paid Social,APAC
C08290,Summit Labs,2025-08-05,USA,Other,Enterprise,Organic Search,North America
C08291,Cloud Technologies,2025-07-10,Australia,Healthcare,Small,Partner,APAC
C08292,Nova Networks,2024-12-15,USA,Technology,Medium,Email Marketing,North America
C08293,Vertex Software,2024-06-29,Canada,Technology,Medium,Paid Search,North America
C08294,Next Works,2024-11-30,Other,Marketing,Medium,Email Marketing,Other
C08295,Fusion Solutions,2024-01-28,USA,Healthcare,Medium,Paid Search,North America
C08296,Cloud Systems,2025-06-30,India,Retail,Medium,Referral,APAC
C08297,Summit Labs,2024-11-15,India,Technology,Small,Sales,APAC
C08298,Prime Software,2025-03-21,Canada,Retail,Medium,Paid Search,North America
C08299,Cloud Services,2024-10-30,Germany,Professional Services,Large,Organic Search,Europe
C08300,Nova Works,2025-11-15,USA,Retail,Medium,Paid Social,North America
C08301,Prime Labs,2025-06-04,India,Professional Services,Large,Sales,APAC
C08302,Digital Group,2024-03-29,India,Marketing,Small,Organic Search,APAC
C08303,Fusion Labs,2024-01-23,UK,Technology,Small,Partner,Europe
C08304,Digital Systems,2024-08-30,USA,Healthcare,Medium,Referral,North America
C08305,Next Systems,2024-09-12,USA,Marketing,Large,Partner,North America
C08306,Digital Solutions,2025-03-19,Singapore,Professional Services,Small,Organic Search,APAC
C08307,Apex Networks,2024-01-12,UK,Finance,Large,Paid Search,Europe
C08308,Summit Systems,2025-08-09,Canada,Technology,Large,Email Marketing,North America
C08309,Digital Analytics,2024-07-25,Germany,Retail,Medium,Organic Search,Europe
C08310,Apex Technologies,2025-07-18,USA,Technology,Large,Partner,North America
C08311,Digital Software,2024-03-18,Other,Professional Services,Small,Paid Social,Other
C08312,Blue Services,2025-04-10,Germany,Professional Services,Medium,Sales,Europe
C08313,Next Networks,2024-06-12,USA,Retail,Small,Paid Search,North America
C08314,Fusion Analytics,2024-06-02,Germany,Technology,Medium,Sales,Europe
C08315,Blue Technologies,2024-04-17,UK,Retail,Large,Paid Search,Europe
C08316,Summit Systems,2024-12-12,USA,Manufacturing,Large,Paid Search,North America
C08317,Summit Systems,2025-07-29,UK,Manufacturing,Medium,Email Marketing,Europe
C08318,Blue Services,2025-10-20,USA,Other,Medium,Referral,North America
C08319,Core Software,2025-02-06,USA,Manufacturing,Small,Referral,North America
C08320,Cloud Labs,2024-03-02,UK,Healthcare,Enterprise,Organic Search,Europe
C08321,Blue Software,2025-03-27,India,Manufacturing,Large,Partner,APAC
C08322,Nova Networks,2025-11-24,Singapore,Manufacturing,Medium,Email Marketing,APAC
C08323,Digital Systems,2025-11-25,USA,Retail,Medium,Partner,North America
C08324,Summit Software,2024-10-29,USA,Professional Services,Large,Partner,North America
C08325,Fusion Software,2025-09-22,India,Marketing,Medium,Paid Social,APAC
C08326,Blue Technologies,2025-01-23,India,Technology,Small,Organic Search,APAC
C08327,Blue Group,2024-07-14,USA,Technology,Large,Partner,North America
C08328,Apex Systems,2025-02-19,Germany,Professional Services,Enterprise,Organic Search,Europe
C08329,Bright Solutions,2025-01-09,Canada,Technology,Large,Email Marketing,North America
C08330,Summit Solutions,2025-06-02,India,Finance,Small,Email Marketing,APAC
C08331,Prime Software,2025-07-18,UK,Manufacturing,Medium,Sales,Europe
C08332,Core Solutions,2025-10-28,USA,Professional Services,Medium,Sales,North America
C08333,Next Software,2025-05-16,India,Technology,Enterprise,Paid Search,APAC
C08334,Vertex Works,2024-10-18,UK,Manufacturing,Small,Organic Search,Europe
C08335,Nova Solutions,2024-12-26,India,Healthcare,Small,Organic Search,APAC
C08336,Apex Solutions,2025-05-07,Singapore,Other,Medium,Paid Search,APAC
C08337,Fusion Analytics,2024-08-17,Other,Healthcare,Small,Organic Search,Other
C08338,Bright Services,2025-09-03,Canada,Marketing,Enterprise,Paid Search,North America
C08339,Nova Systems,2024-02-12,UK,Technology,Large,Paid Search,Europe
C08340,Fusion Works,2025-10-27,USA,Finance,Medium,Email Marketing,North America
C08341,Core Solutions,2025-11-29,Other,Healthcare,Medium,Email Marketing,Other
C08342,Blue Group,2024-12-11,Other,Manufacturing,Small,Organic Search,Other
C08343,Prime Group,2025-09-19,USA,Manufacturing,Small,Sales,North America
C08344,Apex Technologies,2024-03-05,India,Finance,Medium,Organic Search,APAC
C08345,Digital Group,2024-12-01,Canada,Education,Medium,Referral,North America
C08346,Nova Systems,2025-09-01,Other,Retail,Medium,Paid Search,Other
C08347,Digital Networks,2025-04-22,USA,Professional Services,Medium,Paid Social,North America
C08348,Prime Networks,2025-09-29,India,Marketing,Medium,Organic Search,APAC
C08349,Summit Services,2025-08-17,UK,Healthcare,Small,Partner,Europe
C08350,Summit Networks,2024-01-24,India,Technology,Medium,Sales,APAC
C08351,Next Software,2024-03-16,Other,Finance,Large,Sales,Other
C08352,Vertex Group,2024-07-29,USA,Marketing,Medium,Email Marketing,North America
C08353,Blue Works,2024-10-18,Other,Healthcare,Medium,Sales,Other
C08354,Blue Labs,2025-12-01,USA,Healthcare,Medium,Organic Search,North America
C08355,Blue Group,2025-02-16,India,Finance,Small,Paid Search,APAC
C08356,Cloud Labs,2025-05-14,India,Finance,Small,Organic Search,APAC
C08357,Core Software,2025-01-20,UK,Healthcare,Small,Organic Search,Europe
C08358,Bright Labs,2025-11-12,Australia,Technology,Small,Organic Search,APAC
C08359,Fusion Systems,2025-11-24,USA,Technology,Large,Sales,North America
C08360,Prime Solutions,2025-01-18,USA,Education,Small,Paid Social,North America
C08361,Core Works,2024-04-25,USA,Technology,Small,Partner,North America
C08362,Apex Technologies,2024-07-11,Australia,Other,Medium,Paid Search,APAC
C08363,Apex Group,2024-06-01,USA,Marketing,Small,Paid Search,North America
C08364,Fusion Solutions,2025-12-01,India,Technology,Small,Partner,APAC
C08365,Vertex Solutions,2024-09-02,India,Technology,Medium,Partner,APAC
C08366,Next Group,2025-01-03,Singapore,Technology,Medium,Partner,APAC
C08367,Fusion Labs,2024-03-30,Canada,Technology,Medium,Paid Search,North America
C08368,Fusion Services,2025-04-20,USA,Retail,Small,Paid Social,North America
C08369,Cloud Works,2024-08-09,Canada,Retail,Small,Paid Search,North America
C08370,Core Software,2024-08-21,USA,Retail,Small,Paid Search,North America
C08371,Bright Services,2025-11-02,USA,Healthcare,Medium,Paid Search,North America
C08372,Next Group,2024-09-05,India,Healthcare,Large,Paid Search,APAC
C08373,Fusion Solutions,2024-02-05,Other,Professional Services,Enterprise,Partner,Other
C08374,Apex Technologies,2025-05-23,Canada,Technology,Medium,Referral,North America
C08375,Cloud Labs,2025-11-17,Other,Technology,Medium,Sales,Other
C08376,Core Works,2024-06-15,Other,Technology,Small,Paid Search,Other
C08377,Fusion Labs,2025-07-27,India,Healthcare,Medium,Email Marketing,APAC
C08378,Summit Technologies,2024-06-04,USA,Manufacturing,Small,Paid Social,North America
C08379,Prime Solutions,2024-07-04,India,Retail,Medium,Paid Search,APAC
C08380,Vertex Labs,2024-04-25,India,Professional Services,Medium,Paid Search,APAC
C08381,Digital Labs,2025-06-23,USA,Retail,Enterprise,Paid Social,North America
C08382,Blue Works,2024-08-27,USA,Healthcare,Small,Paid Search,North America
C08383,Core Group,2025-05-09,Other,Technology,Medium,Organic Search,Other
C08384,Prime Solutions,2025-04-18,Australia,Technology,Medium,Email Marketing,APAC
C08385,Cloud Solutions,2025-07-05,India,Manufacturing,Medium,Sales,APAC
C08386,Vertex Labs,2025-10-05,India,Healthcare,Small,Partner,APAC
C08387,Apex Software,2025-10-16,UK,Finance,Medium,Organic Search,Europe
C08388,Vertex Software,2024-05-24,UK,Technology,Small,Sales,Europe
C08389,Nova Labs,2024-05-12,Singapore,Marketing,Small,Partner,APAC
C08390,Apex Services,2024-04-26,India,Marketing,Large,Email Marketing,APAC
C08391,Blue Systems,2024-03-18,India,Healthcare,Medium,Paid Search,APAC
C08392,Digital Systems,2025-10-30,Australia,Technology,Enterprise,Organic Search,APAC
C08393,Nova Networks,2025-04-27,Germany,Healthcare,Medium,Partner,Europe
C08394,Apex Technologies,2025-01-23,India,Education,Large,Sales,APAC
C08395,Digital Works,2024-10-26,USA,Marketing,Large,Email Marketing,North America
C08396,Blue Technologies,2025-07-28,USA,Healthcare,Small,Sales,North America
C08397,Bright Software,2024-02-21,Other,Education,Small,Sales,Other
C08398,Bright Solutions,2025-08-13,Canada,Finance,Medium,Paid Search,North America
C08399,Next Software,2024-08-30,USA,Healthcare,Medium,Partner,North America
C08400,Vertex Services,2024-06-11,India,Healthcare,Small,Paid Search,APAC
C08401,Apex Technologies,2025-01-11,India,Technology,Large,Paid Search,APAC
C08402,Core Solutions,2025-03-15,Germany,Retail,Small,Organic Search,Europe
C08403,Bright Systems,2024-11-28,USA,Technology,Small,Organic Search,North America
C08404,Summit Works,2024-08-18,USA,Retail,Medium,Referral,North America
C08405,Fusion Solutions,2024-07-21,USA,Other,Medium,Paid Social,North America
C08406,Digital Labs,2025-03-28,Other,Technology,Enterprise,Paid Social,Other
C08407,Cloud Analytics,2024-05-29,USA,Technology,Small,Organic Search,North America
C08408,Fusion Works,2025-06-26,Canada,Finance,Medium,Referral,North America
C08409,Vertex Analytics,2025-05-30,Canada,Retail,Small,Paid Search,North America
C08410,Vertex Group,2024-11-06,Canada,Marketing,Large,Partner,North America
C08411,Vertex Group,2025-01-27,Australia,Manufacturing,Small,Referral,APAC
C08412,Summit Services,2024-10-17,Australia,Manufacturing,Small,Sales,APAC
C08413,Apex Group,2024-03-07,Other,Education,Small,Sales,Other
C08414,Summit Labs,2024-02-06,Canada,Education,Medium,Partner,North America
C08415,Bright Labs,2024-09-12,USA,Professional Services,Small,Referral,North America
C08416,Prime Software,2024-11-02,Canada,Technology,Medium,Paid Search,North America
C08417,Next Solutions,2025-03-16,USA,Manufacturing,Large,Referral,North America
C08418,Fusion Solutions,2024-07-10,USA,Retail,Small,Email Marketing,North America
C08419,Digital Analytics,2025-11-12,USA,Education,Medium,Organic Search,North America
C08420,Apex Services,2025-07-16,Germany,Manufacturing,Small,Paid Social,Europe
C08421,Bright Analytics,2025-11-17,India,Healthcare,Small,Sales,APAC
C08422,Next Works,2025-04-20,India,Healthcare,Medium,Organic Search,APAC
C08423,Digital Solutions,2024-02-26,USA,Retail,Medium,Partner,North America
C08424,Vertex Technologies,2025-01-05,India,Other,Enterprise,Referral,APAC
C08425,Digital Solutions,2024-02-28,USA,Technology,Small,Sales,North America
C08426,Vertex Analytics,2024-03-25,USA,Finance,Small,Sales,North America
C08427,Digital Technologies,2024-10-28,USA,Education,Small,Paid Search,North America
C08428,Cloud Technologies,2025-04-21,USA,Finance,Small,Paid Social,North America
C08429,Fusion Group,2025-10-09,India,Technology,Small,Paid Search,APAC
C08430,Nova Technologies,2025-05-10,India,Healthcare,Medium,Referral,APAC
C08431,Nova Group,2025-04-19,India,Technology,Small,Referral,APAC
C08432,Core Group,2024-04-01,Germany,Retail,Small,Organic Search,Europe
C08433,Nova Systems,2025-03-31,India,Healthcare,Medium,Paid Social,APAC
C08434,Apex Solutions,2025-02-15,Other,Education,Small,Paid Social,Other
C08435,Summit Analytics,2025-03-24,India,Retail,Small,Paid Search,APAC
C08436,Apex Services,2025-01-13,Australia,Healthcare,Large,Sales,APAC
C08437,Apex Software,2024-10-04,Canada,Technology,Medium,Paid Search,North America
C08438,Cloud Software,2025-10-13,UK,Education,Small,Referral,Europe
C08439,Vertex Technologies,2024-12-21,India,Retail,Small,Referral,APAC
C08440,Vertex Group,2024-08-18,Australia,Technology,Small,Partner,APAC
C08441,Digital Solutions,2024-05-04,USA,Retail,Large,Organic Search,North America
C08442,Apex Software,2024-12-28,India,Marketing,Large,Partner,APAC
C08443,Cloud Networks,2025-03-31,India,Education,Small,Paid Social,APAC
C08444,Apex Solutions,2025-07-23,USA,Education,Small,Organic Search,North America
C08445,Summit Analytics,2024-12-29,USA,Professional Services,Small,Referral,North America
C08446,Vertex Solutions,2024-02-11,Germany,Marketing,Small,Paid Search,Europe
C08447,Fusion Analytics,2024-10-30,USA,Healthcare,Medium,Organic Search,North America
C08448,Apex Analytics,2025-08-29,India,Technology,Small,Paid Social,APAC
C08449,Bright Solutions,2025-09-22,USA,Finance,Large,Organic Search,North America
C08450,Nova Systems,2025-11-27,UK,Marketing,Large,Email Marketing,Europe
C08451,Core Solutions,2025-08-24,Australia,Technology,Small,Paid Search,APAC
C08452,Cloud Solutions,2025-08-14,USA,Healthcare,Small,Paid Social,North America
C08453,Summit Labs,2025-08-14,Germany,Retail,Large,Referral,Europe
C08454,Next Systems,2024-01-20,USA,Healthcare,Small,Organic Search,North America
C08455,Digital Group,2024-05-05,UK,Technology,Small,Referral,Europe
C08456,Fusion Analytics,2025-09-11,USA,Healthcare,Large,Referral,North America
C08457,Summit Solutions,2024-06-08,USA,Manufacturing,Medium,Paid Search,North America
C08458,Vertex Group,2025-11-18,UK,Professional Services,Medium,Email Marketing,Europe
C08459,Cloud Services,2025-09-26,UK,Retail,Small,Sales,Europe
C08460,Prime Services,2024-09-26,USA,Technology,Medium,Referral,North America
C08461,Apex Networks,2024-07-18,USA,Finance,Enterprise,Referral,North America
C08462,Summit Group,2024-05-31,USA,Technology,Small,Referral,North America
C08463,Cloud Services,2024-07-08,USA,Education,Small,Paid Search,North America
C08464,Digital Systems,2025-01-12,India,Retail,Medium,Paid Search,APAC
C08465,Vertex Systems,2025-07-21,USA,Technology,Small,Email Marketing,North America
C08466,Next Analytics,2025-01-08,UK,Healthcare,Small,Paid Social,Europe
C08467,Vertex Solutions,2025-09-04,UK,Retail,Small,Referral,Europe
C08468,Prime Solutions,2024-09-17,Canada,Retail,Small,Partner,North America
C08469,Nova Networks,2024-04-25,USA,Other,Large,Paid Search,North America
C08470,Blue Labs,2024-12-01,USA,Finance,Small,Partner,North America
C08471,Digital Group,2025-03-25,India,Professional Services,Small,Email Marketing,APAC
C08472,Vertex Solutions,2024-12-13,Australia,Manufacturing,Medium,Paid Social,APAC
C08473,Vertex Systems,2025-03-19,UK,Retail,Large,Organic Search,Europe
C08474,Bright Networks,2025-01-30,Canada,Technology,Large,Organic Search,North America
C08475,Nova Analytics,2025-07-28,UK,Retail,Small,Organic Search,Europe
C08476,Blue Technologies,2025-05-31,Singapore,Technology,Medium,Referral,APAC
C08477,Vertex Systems,2025-03-13,USA,Technology,Large,Sales,North America
C08478,Nova Software,2024-02-02,Germany,Retail,Small,Sales,Europe
C08479,Bright Software,2025-11-22,Canada,Technology,Small,Paid Search,North America
C08480,Core Software,2024-09-14,USA,Other,Small,Partner,North America
C08481,Bright Technologies,2024-07-27,Germany,Manufacturing,Small,Paid Search,Europe
C08482,Core Group,2024-03-26,UK,Marketing,Small,Organic Search,Europe
C08483,Digital Solutions,2024-01-09,USA,Finance,Small,Organic Search,North America
C08484,Prime Solutions,2024-09-21,Australia,Healthcare,Medium,Paid Search,APAC
C08485,Vertex Technologies,2025-07-21,USA,Manufacturing,Small,Paid Search,North America
C08486,Summit Services,2024-02-01,Germany,Healthcare,Medium,Partner,Europe
C08487,Apex Software,2024-09-08,India,Technology,Medium,Referral,APAC
C08488,Apex Works,2025-06-28,India,Healthcare,Small,Email Marketing,APAC
C08489,Blue Analytics,2025-06-18,Other,Finance,Medium,Paid Search,Other
C08490,Summit Systems,2024-03-14,Other,Professional Services,Small,Organic Search,Other
C08491,Prime Solutions,2024-04-13,USA,Education,Large,Organic Search,North America
C08492,Fusion Systems,2024-09-17,India,Technology,Medium,Referral,APAC
C08493,Blue Works,2024-09-30,USA,Technology,Medium,Organic Search,North America
C08494,Fusion Solutions,2025-01-31,UK,Technology,Small,Organic Search,Europe
C08495,Core Analytics,2025-10-18,Australia,Technology,Medium,Sales,APAC
C08496,Next Labs,2024-10-02,India,Technology,Large,Paid Search,APAC
C08497,Next Labs,2024-01-11,USA,Marketing,Large,Paid Search,North America
C08498,Nova Software,2025-05-13,Singapore,Healthcare,Small,Partner,APAC
C08499,Bright Software,2025-05-06,USA,Retail,Medium,Referral,North America
C08500,Bright Technologies,2024-05-26,Canada,Professional Services,Medium,Organic Search,North America
C08501,Vertex Networks,2024-01-07,USA,Retail,Large,Referral,North America
C08502,Cloud Analytics,2024-04-15,USA,Retail,Enterprise,Partner,North America
C08503,Nova Services,2025-06-27,USA,Professional Services,Medium,Referral,North America
C08504,Next Analytics,2024-02-11,Australia,Finance,Small,Sales,APAC
C08505,Nova Solutions,2025-09-27,UK,Education,Large,Organic Search,Europe
C08506,Vertex Works,2025-07-04,India,Marketing,Small,Paid Social,APAC
C08507,Blue Labs,2025-01-10,Canada,Other,Medium,Sales,North America
C08508,Prime Technologies,2025-08-19,India,Retail,Medium,Sales,APAC
C08509,Bright Analytics,2025-03-28,USA,Retail,Small,Paid Social,North America
C08510,Bright Systems,2024-07-10,India,Education,Small,Paid Search,APAC
C08511,Nova Technologies,2024-02-09,Australia,Technology,Medium,Sales,APAC
C08512,Summit Services,2024-11-25,India,Manufacturing,Medium,Sales,APAC
C08513,Blue Works,2025-02-05,USA,Technology,Large,Paid Search,North America
C08514,Cloud Group,2024-05-30,USA,Finance,Large,Paid Search,North America
C08515,Fusion Networks,2025-01-19,Canada,Finance,Small,Sales,North America
C08516,Digital Works,2024-04-15,UK,Marketing,Medium,Partner,Europe
C08517,Cloud Services,2025-05-23,USA,Technology,Medium,Organic Search,North America
C08518,Fusion Software,2024-01-09,UK,Marketing,Small,Sales,Europe
C08519,Apex Works,2024-01-19,USA,Retail,Medium,Referral,North America
C08520,Apex Technologies,2024-01-06,Australia,Healthcare,Medium,Sales,APAC
C08521,Summit Solutions,2025-01-20,USA,Healthcare,Large,Referral,North America
C08522,Next Software,2024-08-30,UK,Technology,Medium,Paid Social,Europe
C08523,Bright Software,2024-05-24,USA,Professional Services,Medium,Partner,North America
C08524,Cloud Solutions,2024-03-15,USA,Education,Small,Sales,North America
C08525,Bright Services,2024-06-20,USA,Retail,Small,Paid Social,North America
C08526,Blue Services,2025-07-06,Canada,Finance,Small,Paid Social,North America
C08527,Apex Services,2025-05-17,USA,Healthcare,Medium,Sales,North America
C08528,Digital Solutions,2025-04-02,USA,Retail,Small,Partner,North America
C08529,Next Technologies,2025-09-12,USA,Professional Services,Medium,Paid Search,North America
C08530,Summit Software,2024-06-21,USA,Healthcare,Small,Paid Search,North America
C08531,Vertex Networks,2025-01-03,India,Healthcare,Medium,Organic Search,APAC
C08532,Apex Labs,2024-09-15,India,Manufacturing,Large,Referral,APAC
C08533,Core Services,2024-12-06,India,Professional Services,Medium,Organic Search,APAC
C08534,Core Software,2025-01-08,USA,Healthcare,Large,Email Marketing,North America
C08535,Vertex Solutions,2024-07-17,Germany,Retail,Medium,Paid Social,Europe
C08536,Summit Services,2024-11-20,Other,Technology,Medium,Email Marketing,Other
C08537,Cloud Services,2024-11-02,India,Finance,Medium,Paid Search,APAC
C08538,Nova Solutions,2025-11-08,Canada,Marketing,Large,Paid Social,North America
C08539,Core Group,2024-10-21,UK,Other,Large,Organic Search,Europe
C08540,Summit Analytics,2025-01-14,Australia,Technology,Small,Organic Search,APAC
C08541,Vertex Services,2024-01-29,USA,Technology,Medium,Referral,North America
C08542,Apex Systems,2025-09-25,Canada,Professional Services,Medium,Paid Search,North America
C08543,Next Technologies,2025-06-10,USA,Technology,Medium,Referral,North America
C08544,Next Software,2025-04-16,USA,Retail,Small,Paid Search,North America
C08545,Blue Works,2024-08-16,USA,Retail,Medium,Referral,North America
C08546,Blue Technologies,2025-06-28,India,Healthcare,Medium,Paid Search,APAC
C08547,Next Services,2024-09-15,Australia,Other,Large,Referral,APAC
C08548,Prime Solutions,2025-06-21,Other,Finance,Medium,Paid Social,Other
C08549,Prime Technologies,2024-03-29,UK,Retail,Medium,Organic Search,Europe
C08550,Vertex Group,2024-11-20,USA,Manufacturing,Small,Partner,North America
C08551,Summit Networks,2024-11-05,UK,Technology,Medium,Referral,Europe
C08552,Bright Services,2025-02-03,Australia,Healthcare,Medium,Paid Social,APAC
C08553,Fusion Analytics,2025-07-27,USA,Education,Small,Paid Social,North America
C08554,Bright Software,2024-10-13,USA,Technology,Small,Referral,North America
C08555,Next Technologies,2025-01-01,USA,Healthcare,Small,Organic Search,North America
C08556,Fusion Solutions,2024-04-10,Germany,Technology,Small,Paid Social,Europe
C08557,Next Analytics,2024-12-31,Canada,Finance,Small,Paid Social,North America
C08558,Cloud Group,2024-11-30,Australia,Manufacturing,Medium,Email Marketing,APAC
C08559,Prime Group,2024-11-25,UK,Finance,Medium,Sales,Europe
C08560,Prime Systems,2025-10-08,India,Professional Services,Large,Partner,APAC
C08561,Core Analytics,2025-07-08,India,Education,Small,Referral,APAC
C08562,Summit Systems,2025-01-21,UK,Technology,Medium,Referral,Europe
C08563,Bright Networks,2024-10-28,USA,Retail,Medium,Organic Search,North America
C08564,Nova Group,2025-02-17,UK,Manufacturing,Small,Paid Search,Europe
C08565,Prime Technologies,2025-08-21,Other,Education,Small,Organic Search,Other
C08566,Next Software,2024-02-17,Germany,Manufacturing,Small,Referral,Europe
C08567,Fusion Services,2025-08-04,Australia,Healthcare,Medium,Organic Search,APAC
C08568,Blue Software,2025-10-26,India,Retail,Medium,Organic Search,APAC
C08569,Cloud Networks,2024-03-31,UK,Marketing,Small,Organic Search,Europe
C08570,Prime Services,2024-08-03,Canada,Retail,Enterprise,Paid Search,North America
C08571,Summit Networks,2025-04-13,Other,Technology,Medium,Partner,Other
C08572,Apex Networks,2024-06-30,UK,Healthcare,Enterprise,Organic Search,Europe
C08573,Fusion Services,2025-01-27,India,Professional Services,Large,Organic Search,APAC
C08574,Blue Solutions,2025-06-18,Germany,Education,Small,Paid Search,Europe
C08575,Fusion Services,2025-09-23,USA,Technology,Small,Partner,North America
C08576,Nova Technologies,2025-04-06,USA,Technology,Enterprise,Paid Social,North America
C08577,Prime Solutions,2024-11-29,Germany,Technology,Medium,Paid Search,Europe
C08578,Digital Works,2024-05-06,India,Technology,Small,Organic Search,APAC
C08579,Digital Technologies,2025-02-25,USA,Other,Small,Paid Social,North America
C08580,Cloud Group,2024-03-18,India,Marketing,Small,Paid Search,APAC
C08581,Nova Software,2025-11-09,UK,Other,Medium,Organic Search,Europe
C08582,Cloud Services,2025-02-05,India,Retail,Medium,Sales,APAC
C08583,Next Software,2025-06-05,Germany,Marketing,Large,Paid Search,Europe
C08584,Blue Solutions,2024-11-01,USA,Technology,Small,Email Marketing,North America
C08585,Digital Solutions,2025-04-15,USA,Healthcare,Medium,Paid Social,North America
C08586,Blue Services,2025-05-21,India,Marketing,Medium,Paid Social,APAC
C08587,Blue Services,2025-09-21,India,Professional Services,Small,Organic Search,APAC
C08588,Core Systems,2025-02-11,USA,Technology,Medium,Partner,North America
C08589,Blue Technologies,2024-06-02,USA,Manufacturing,Medium,Partner,North America
C08590,Vertex Systems,2025-03-21,UK,Retail,Large,Referral,Europe
C08591,Summit Works,2025-04-03,USA,Professional Services,Medium,Sales,North America
C08592,Nova Software,2025-05-31,Canada,Education,Small,Referral,North America
C08593,Vertex Technologies,2024-10-27,UK,Technology,Large,Sales,Europe
C08594,Nova Analytics,2024-05-02,India,Professional Services,Medium,Paid Social,APAC
C08595,Summit Solutions,2024-07-31,India,Marketing,Medium,Paid Social,APAC
C08596,Digital Group,2024-05-08,USA,Technology,Medium,Paid Search,North America
C08597,Next Works,2024-07-08,Canada,Finance,Medium,Paid Search,North America
C08598,Next Group,2024-11-29,Australia,Finance,Small,Organic Search,APAC
C08599,Fusion Systems,2024-04-08,Singapore,Healthcare,Medium,Paid Social,APAC
C08600,Cloud Solutions,2025-08-21,USA,Finance,Small,Partner,North America
C08601,Summit Works,2025-10-25,USA,Professional Services,Small,Referral,North America
C08602,Fusion Software,2024-01-21,Germany,Other,Medium,Email Marketing,Europe
C08603,Next Group,2024-04-22,India,Education,Enterprise,Paid Search,APAC
C08604,Vertex Technologies,2024-07-27,Singapore,Other,Small,Paid Social,APAC
C08605,Digital Systems,2025-01-24,USA,Other,Small,Paid Search,North America
C08606,Next Analytics,2024-01-28,India,Other,Medium,Sales,APAC
C08607,Nova Labs,2025-02-22,USA,Technology,Small,Referral,North America
C08608,Summit Software,2024-12-24,Other,Retail,Medium,Paid Search,Other
C08609,Prime Analytics,2024-08-31,India,Finance,Large,Referral,APAC
C08610,Nova Systems,2024-11-13,India,Technology,Medium,Organic Search,APAC
C08611,Vertex Systems,2024-08-22,India,Professional Services,Small,Paid Social,APAC
C08612,Bright Solutions,2025-09-03,India,Manufacturing,Small,Partner,APAC
C08613,Cloud Labs,2024-01-14,Germany,Technology,Medium,Organic Search,Europe
C08614,Digital Labs,2024-11-23,Singapore,Finance,Small,Organic Search,APAC
C08615,Blue Labs,2024-04-24,Germany,Retail,Small,Paid Search,Europe
C08616,Summit Services,2024-12-21,USA,Marketing,Medium,Referral,North America
C08617,Vertex Technologies,2024-10-18,India,Finance,Small,Organic Search,APAC
C08618,Apex Solutions,2025-10-13,USA,Finance,Small,Organic Search,North America
C08619,Fusion Analytics,2024-05-11,India,Manufacturing,Small,Organic Search,APAC
C08620,Next Services,2025-10-21,UK,Education,Small,Organic Search,Europe
C08621,Summit Software,2025-04-10,India,Technology,Small,Partner,APAC
C08622,Bright Group,2025-06-26,India,Finance,Medium,Paid Search,APAC
C08623,Blue Solutions,2025-11-21,UK,Healthcare,Small,Organic Search,Europe
C08624,Vertex Networks,2024-03-07,UK,Finance,Enterprise,Organic Search,Europe
C08625,Core Solutions,2024-02-14,India,Professional Services,Medium,Organic Search,APAC
C08626,Fusion Systems,2024-10-31,Other,Healthcare,Medium,Organic Search,Other
C08627,Prime Group,2024-06-09,UK,Retail,Medium,Sales,Europe
C08628,Apex Systems,2025-03-02,USA,Retail,Small,Paid Social,North America
C08629,Bright Works,2025-06-03,USA,Education,Small,Partner,North America
C08630,Cloud Group,2025-08-06,India,Manufacturing,Large,Referral,APAC
C08631,Summit Technologies,2025-02-08,India,Healthcare,Small,Partner,APAC
C08632,Nova Software,2025-01-24,India,Other,Medium,Partner,APAC
C08633,Apex Networks,2024-11-07,USA,Technology,Small,Email Marketing,North America
C08634,Summit Networks,2024-05-05,Singapore,Technology,Medium,Referral,APAC
C08635,Digital Solutions,2025-11-10,India,Manufacturing,Medium,Paid Social,APAC
C08636,Nova Group,2024-03-14,India,Technology,Enterprise,Partner,APAC
C08637,Core Software,2025-10-12,Canada,Professional Services,Medium,Partner,North America
C08638,Nova Analytics,2025-09-25,USA,Marketing,Small,Paid Search,North America
C08639,Next Systems,2024-06-08,USA,Technology,Medium,Paid Social,North America
C08640,Cloud Services,2025-04-06,Australia,Education,Small,Paid Search,APAC
C08641,Digital Software,2025-02-22,Other,Finance,Medium,Paid Search,Other
C08642,Fusion Analytics,2024-01-26,Other,Finance,Small,Email Marketing,Other
C08643,Fusion Networks,2025-09-24,Singapore,Other,Medium,Referral,APAC
C08644,Vertex Technologies,2024-03-16,USA,Healthcare,Small,Referral,North America
C08645,Apex Services,2024-10-24,Canada,Retail,Large,Partner,North America
C08646,Fusion Works,2025-11-01,Canada,Technology,Medium,Sales,North America
C08647,Vertex Analytics,2024-08-30,Other,Technology,Small,Sales,Other
C08648,Next Group,2025-03-15,Canada,Professional Services,Large,Partner,North America
C08649,Bright Solutions,2024-06-27,USA,Healthcare,Small,Partner,North America
C08650,Digital Services,2024-03-08,India,Marketing,Small,Organic Search,APAC
C08651,Apex Group,2024-06-05,Other,Retail,Medium,Paid Social,Other
C08652,Blue Labs,2025-02-02,India,Professional Services,Medium,Organic Search,APAC
C08653,Core Analytics,2024-03-24,USA,Technology,Enterprise,Sales,North America
C08654,Next Labs,2024-06-18,USA,Professional Services,Small,Paid Search,North America
C08655,Apex Networks,2025-03-24,USA,Healthcare,Small,Organic Search,North America
C08656,Cloud Group,2024-04-27,Canada,Retail,Small,Sales,North America
C08657,Next Group,2024-12-09,India,Healthcare,Medium,Sales,APAC
C08658,Summit Technologies,2025-01-16,Canada,Marketing,Small,Partner,North America
C08659,Next Group,2025-03-12,USA,Retail,Small,Organic Search,North America
C08660,Next Analytics,2024-08-13,UK,Retail,Large,Sales,Europe
C08661,Digital Networks,2025-10-15,Canada,Marketing,Medium,Referral,North America
C08662,Bright Group,2025-08-04,Canada,Manufacturing,Small,Organic Search,North America
C08663,Blue Group,2024-05-21,Singapore,Retail,Small,Organic Search,APAC
C08664,Fusion Group,2025-08-25,USA,Professional Services,Small,Organic Search,North America
C08665,Fusion Analytics,2025-08-03,India,Other,Small,Partner,APAC
C08666,Bright Solutions,2024-11-23,India,Healthcare,Medium,Paid Social,APAC
C08667,Apex Analytics,2025-02-13,India,Retail,Small,Paid Search,APAC
C08668,Apex Systems,2025-05-05,Australia,Manufacturing,Large,Paid Search,APAC
C08669,Bright Works,2024-04-22,USA,Education,Small,Organic Search,North America
C08670,Summit Technologies,2024-07-03,UK,Other,Medium,Referral,Europe
C08671,Cloud Works,2025-03-21,India,Manufacturing,Medium,Organic Search,APAC
C08672,Digital Software,2025-02-20,UK,Healthcare,Small,Paid Social,Europe
C08673,Vertex Systems,2024-08-18,India,Technology,Small,Paid Social,APAC
C08674,Cloud Works,2024-07-26,Other,Education,Medium,Referral,Other
C08675,Blue Labs,2025-01-06,India,Retail,Large,Paid Search,APAC
C08676,Blue Analytics,2025-02-23,USA,Technology,Small,Paid Social,North America
C08677,Digital Solutions,2025-09-10,Australia,Other,Small,Paid Social,APAC
C08678,Next Group,2024-03-23,Singapore,Retail,Large,Referral,APAC
C08679,Vertex Works,2024-10-10,USA,Professional Services,Small,Email Marketing,North America
C08680,Blue Networks,2025-01-13,Canada,Manufacturing,Medium,Paid Search,North America
C08681,Apex Labs,2024-08-02,India,Finance,Small,Paid Search,APAC
C08682,Bright Networks,2025-07-29,Australia,Manufacturing,Small,Referral,APAC
C08683,Vertex Solutions,2024-07-01,Australia,Other,Medium,Sales,APAC
C08684,Fusion Technologies,2024-07-03,Singapore,Marketing,Small,Organic Search,APAC
C08685,Nova Works,2024-07-17,Canada,Technology,Small,Paid Search,North America
C08686,Next Services,2024-10-24,USA,Professional Services,Medium,Paid Social,North America
C08687,Blue Systems,2024-06-21,UK,Professional Services,Small,Paid Search,Europe
C08688,Nova Networks,2024-03-12,USA,Finance,Medium,Referral,North America
C08689,Cloud Analytics,2024-12-10,Germany,Retail,Small,Organic Search,Europe
C08690,Core Solutions,2025-08-17,Canada,Other,Large,Paid Social,North America
C08691,Fusion Services,2024-04-18,Germany,Finance,Medium,Organic Search,Europe
C08692,Vertex Analytics,2024-05-24,USA,Retail,Small,Paid Search,North America
C08693,Digital Group,2024-03-18,Australia,Other,Small,Organic Search,APAC
C08694,Bright Solutions,2024-01-28,India,Professional Services,Small,Sales,APAC
C08695,Bright Systems,2025-06-27,India,Other,Small,Organic Search,APAC
C08696,Digital Software,2025-03-19,USA,Healthcare,Medium,Partner,North America
C08697,Fusion Technologies,2024-04-02,UK,Finance,Medium,Paid Social,Europe
C08698,Blue Solutions,2024-09-09,USA,Technology,Small,Organic Search,North America
C08699,Blue Analytics,2024-12-19,India,Other,Small,Paid Search,APAC
C08700,Nova Networks,2024-05-17,UK,Retail,Small,Sales,Europe
C08701,Digital Analytics,2025-01-18,USA,Professional Services,Small,Referral,North America
C08702,Cloud Technologies,2024-02-24,India,Technology,Medium,Email Marketing,APAC
C08703,Next Works,2024-08-24,Australia,Technology,Medium,Paid Search,APAC
C08704,Core Technologies,2024-12-09,India,Manufacturing,Enterprise,Organic Search,APAC
C08705,Digital Systems,2025-03-07,USA,Marketing,Medium,Paid Search,North America
C08706,Next Works,2024-02-19,USA,Education,Small,Organic Search,North America
C08707,Cloud Networks,2024-09-15,India,Professional Services,Small,Paid Social,APAC
C08708,Digital Software,2024-03-13,Germany,Marketing,Small,Partner,Europe
C08709,Bright Software,2025-10-31,Canada,Retail,Medium,Sales,North America
C08710,Digital Analytics,2024-12-24,India,Technology,Small,Paid Social,APAC
C08711,Core Software,2025-10-10,USA,Education,Medium,Email Marketing,North America
C08712,Summit Analytics,2024-04-27,USA,Healthcare,Small,Paid Social,North America
C08713,Fusion Software,2024-05-20,USA,Other,Small,Referral,North America
C08714,Nova Works,2024-10-09,Singapore,Finance,Enterprise,Organic Search,APAC
C08715,Vertex Technologies,2024-04-16,Australia,Finance,Enterprise,Organic Search,APAC
C08716,Vertex Solutions,2024-04-23,USA,Education,Small,Paid Social,North America
C08717,Digital Labs,2024-03-31,USA,Finance,Medium,Partner,North America
C08718,Vertex Analytics,2024-01-27,Germany,Technology,Large,Paid Social,Europe
C08719,Core Group,2025-02-04,UK,Professional Services,Small,Organic Search,Europe
C08720,Vertex Services,2025-05-01,USA,Healthcare,Medium,Paid Social,North America
C08721,Fusion Systems,2024-02-10,UK,Marketing,Small,Paid Search,Europe
C08722,Next Networks,2025-03-24,UK,Other,Small,Sales,Europe
C08723,Bright Technologies,2024-07-07,USA,Retail,Medium,Referral,North America
C08724,Bright Software,2024-10-04,India,Technology,Small,Organic Search,APAC
C08725,Bright Software,2025-05-24,USA,Education,Small,Referral,North America
C08726,Digital Networks,2025-11-06,USA,Education,Small,Partner,North America
C08727,Digital Services,2024-01-13,Canada,Marketing,Medium,Organic Search,North America
C08728,Vertex Technologies,2024-06-19,Singapore,Technology,Large,Email Marketing,APAC
C08729,Summit Group,2025-10-18,USA,Technology,Small,Email Marketing,North America
C08730,Summit Software,2025-06-05,India,Professional Services,Medium,Organic Search,APAC
C08731,Nova Solutions,2024-04-05,USA,Retail,Small,Paid Social,North America
C08732,Prime Networks,2025-07-08,USA,Healthcare,Enterprise,Organic Search,North America
C08733,Next Works,2025-08-25,Other,Retail,Medium,Sales,Other
C08734,Next Works,2024-12-09,Canada,Marketing,Medium,Paid Search,North America
C08735,Fusion Group,2024-12-09,USA,Finance,Small,Paid Search,North America
C08736,Vertex Networks,2025-01-15,UK,Manufacturing,Medium,Organic Search,Europe
C08737,Blue Solutions,2025-11-14,USA,Education,Medium,Paid Search,North America
C08738,Cloud Solutions,2025-08-20,USA,Technology,Small,Paid Search,North America
C08739,Vertex Works,2024-06-11,Other,Retail,Medium,Organic Search,Other
C08740,Blue Solutions,2025-05-31,USA,Finance,Medium,Organic Search,North America
C08741,Blue Systems,2025-10-31,Australia,Technology,Small,Paid Search,APAC
C08742,Next Systems,2024-02-06,UK,Manufacturing,Small,Sales,Europe
C08743,Core Solutions,2025-01-30,India,Professional Services,Enterprise,Paid Search,APAC
C08744,Vertex Group,2025-01-01,USA,Manufacturing,Small,Sales,North America
C08745,Next Software,2025-10-27,Other,Education,Medium,Referral,Other
C08746,Cloud Works,2025-02-12,UK,Technology,Large,Organic Search,Europe
C08747,Blue Analytics,2024-03-18,USA,Retail,Large,Email Marketing,North America
C08748,Summit Technologies,2024-03-17,Other,Professional Services,Small,Paid Social,Other
C08749,Bright Systems,2024-10-28,Singapore,Professional Services,Small,Sales,APAC
C08750,Summit Solutions,2024-08-08,UK,Healthcare,Small,Paid Social,Europe
C08751,Vertex Technologies,2024-08-04,UK,Professional Services,Small,Organic Search,Europe
C08752,Core Labs,2025-11-30,USA,Technology,Small,Organic Search,North America
C08753,Nova Labs,2025-10-26,USA,Retail,Small,Paid Search,North America
C08754,Cloud Software,2024-04-01,Germany,Professional Services,Large,Organic Search,Europe
C08755,Apex Networks,2025-09-22,USA,Manufacturing,Small,Organic Search,North America
C08756,Bright Systems,2025-06-17,USA,Retail,Small,Organic Search,North America
C08757,Digital Technologies,2024-09-23,India,Healthcare,Medium,Paid Social,APAC
C08758,Cloud Software,2025-11-30,USA,Retail,Large,Paid Social,North America
C08759,Prime Works,2025-10-31,India,Technology,Small,Paid Social,APAC
C08760,Blue Systems,2024-02-13,USA,Technology,Small,Organic Search,North America
C08761,Blue Labs,2025-03-09,Canada,Healthcare,Small,Sales,North America
C08762,Prime Services,2025-09-26,USA,Technology,Large,Email Marketing,North America
C08763,Bright Solutions,2025-04-28,Germany,Finance,Medium,Paid Search,Europe
C08764,Core Analytics,2025-08-21,India,Healthcare,Small,Paid Search,APAC
C08765,Fusion Networks,2024-08-30,Other,Manufacturing,Medium,Organic Search,Other
C08766,Digital Works,2024-11-08,UK,Healthcare,Large,Referral,Europe
C08767,Core Networks,2025-05-21,USA,Technology,Small,Organic Search,North America
C08768,Prime Software,2024-05-31,UK,Finance,Small,Organic Search,Europe
C08769,Digital Systems,2025-01-23,Australia,Professional Services,Small,Paid Social,APAC
C08770,Bright Services,2024-01-15,USA,Retail,Small,Organic Search,North America
C08771,Prime Technologies,2024-02-19,India,Professional Services,Large,Sales,APAC
C08772,Vertex Networks,2025-05-24,UK,Manufacturing,Small,Organic Search,Europe
C08773,Fusion Works,2024-08-09,India,Manufacturing,Small,Paid Search,APAC
C08774,Fusion Works,2025-01-12,Other,Technology,Large,Paid Search,Other
C08775,Next Networks,2024-06-10,USA,Technology,Medium,Organic Search,North America
C08776,Vertex Group,2024-09-03,USA,Retail,Small,Organic Search,North America
C08777,Blue Networks,2024-09-21,India,Healthcare,Medium,Organic Search,APAC
C08778,Digital Works,2025-07-24,USA,Technology,Small,Organic Search,North America
C08779,Summit Analytics,2025-02-17,USA,Finance,Enterprise,Paid Social,North America
C08780,Nova Software,2024-02-07,USA,Retail,Medium,Email Marketing,North America
C08781,Bright Group,2024-06-06,USA,Professional Services,Small,Referral,North America
C08782,Nova Services,2025-12-01,India,Finance,Medium,Paid Social,APAC
C08783,Vertex Software,2025-02-09,India,Retail,Medium,Paid Social,APAC
C08784,Digital Solutions,2024-11-16,Canada,Healthcare,Small,Paid Social,North America
C08785,Prime Labs,2025-08-03,USA,Retail,Small,Paid Social,North America
C08786,Blue Solutions,2024-12-07,Other,Retail,Medium,Paid Search,Other
C08787,Summit Works,2024-09-26,USA,Professional Services,Medium,Organic Search,North America
C08788,Summit Analytics,2024-03-19,India,Finance,Small,Organic Search,APAC
C08789,Next Group,2025-08-15,Singapore,Retail,Small,Email Marketing,APAC
C08790,Next Systems,2025-06-13,Germany,Professional Services,Medium,Sales,Europe
C08791,Blue Analytics,2025-06-02,Australia,Healthcare,Medium,Organic Search,APAC
C08792,Cloud Systems,2024-02-05,USA,Technology,Enterprise,Sales,North America
C08793,Digital Labs,2024-04-13,India,Manufacturing,Medium,Sales,APAC
C08794,Cloud Systems,2025-05-12,India,Retail,Medium,Partner,APAC
C08795,Summit Solutions,2025-02-14,Canada,Manufacturing,Enterprise,Organic Search,North America
C08796,Vertex Networks,2025-05-01,Australia,Professional Services,Small,Paid Search,APAC
C08797,Blue Group,2025-09-24,India,Other,Small,Referral,APAC
C08798,Core Systems,2025-02-13,USA,Technology,Small,Paid Social,North America
C08799,Cloud Software,2024-05-20,UK,Healthcare,Enterprise,Sales,Europe
C08800,Prime Group,2025-10-15,Australia,Technology,Small,Paid Search,APAC
C08801,Vertex Services,2025-07-04,Germany,Healthcare,Small,Organic Search,Europe
C08802,Digital Technologies,2024-05-30,USA,Education,Medium,Partner,North America
C08803,Summit Networks,2024-02-17,Canada,Healthcare,Medium,Sales,North America
C08804,Nova Analytics,2024-07-17,UK,Education,Small,Organic Search,Europe
C08805,Digital Networks,2025-04-29,Canada,Manufacturing,Small,Referral,North America
C08806,Nova Analytics,2025-05-02,USA,Education,Small,Sales,North America
C08807,Apex Networks,2025-11-05,UK,Technology,Small,Paid Search,Europe
C08808,Nova Technologies,2024-10-21,Germany,Retail,Small,Paid Social,Europe
C08809,Digital Group,2025-08-22,India,Technology,Medium,Sales,APAC
C08810,Apex Networks,2025-06-24,Germany,Education,Small,Paid Social,Europe
C08811,Vertex Software,2025-02-11,UK,Retail,Medium,Organic Search,Europe
C08812,Next Solutions,2025-06-15,USA,Manufacturing,Medium,Sales,North America
C08813,Bright Solutions,2025-02-09,Canada,Healthcare,Medium,Referral,North America
C08814,Prime Systems,2025-07-28,UK,Finance,Small,Partner,Europe
C08815,Blue Networks,2025-09-10,Germany,Education,Medium,Organic Search,Europe
C08816,Cloud Networks,2024-08-21,USA,Retail,Small,Paid Social,North America
C08817,Cloud Systems,2024-01-21,USA,Technology,Medium,Organic Search,North America
C08818,Vertex Networks,2024-02-08,India,Healthcare,Small,Organic Search,APAC
C08819,Cloud Labs,2024-06-24,India,Technology,Small,Paid Search,APAC
C08820,Next Networks,2025-02-10,USA,Retail,Medium,Partner,North America
C08821,Blue Solutions,2024-04-04,Other,Retail,Small,Organic Search,Other
C08822,Cloud Software,2025-11-03,Other,Healthcare,Large,Organic Search,Other
C08823,Next Analytics,2024-02-16,India,Marketing,Small,Organic Search,APAC
C08824,Vertex Labs,2024-06-21,USA,Healthcare,Medium,Paid Social,North America
C08825,Summit Software,2025-10-20,USA,Professional Services,Small,Email Marketing,North America
C08826,Apex Works,2024-03-01,Other,Manufacturing,Medium,Organic Search,Other
C08827,Digital Labs,2024-05-17,USA,Manufacturing,Large,Organic Search,North America
C08828,Nova Works,2024-05-05,UK,Professional Services,Small,Partner,Europe
C08829,Cloud Works,2024-05-03,Australia,Professional Services,Small,Paid Search,APAC
C08830,Cloud Technologies,2025-07-24,USA,Other,Small,Sales,North America
C08831,Next Solutions,2025-07-30,Other,Healthcare,Medium,Referral,Other
C08832,Digital Works,2025-11-05,Canada,Technology,Medium,Referral,North America
C08833,Core Works,2025-03-20,India,Education,Medium,Sales,APAC
C08834,Cloud Solutions,2025-07-23,Australia,Professional Services,Large,Organic Search,APAC
C08835,Vertex Technologies,2024-03-14,India,Marketing,Large,Organic Search,APAC
C08836,Core Software,2025-02-02,USA,Healthcare,Small,Organic Search,North America
C08837,Next Labs,2024-06-22,USA,Retail,Small,Paid Social,North America
C08838,Core Group,2025-06-21,Germany,Finance,Small,Paid Search,Europe
C08839,Core Services,2024-05-10,India,Technology,Enterprise,Organic Search,APAC
C08840,Cloud Systems,2024-07-11,Australia,Finance,Medium,Referral,APAC
C08841,Fusion Technologies,2024-05-20,Australia,Retail,Enterprise,Organic Search,APAC
C08842,Summit Analytics,2024-09-25,Australia,Healthcare,Small,Sales,APAC
C08843,Blue Analytics,2024-08-02,UK,Technology,Small,Organic Search,Europe
C08844,Blue Software,2024-08-29,USA,Technology,Small,Paid Search,North America
C08845,Summit Systems,2024-01-19,Australia,Marketing,Medium,Organic Search,APAC
C08846,Cloud Group,2024-02-04,USA,Manufacturing,Small,Paid Search,North America
C08847,Next Group,2024-01-24,Australia,Manufacturing,Small,Organic Search,APAC
C08848,Next Technologies,2025-04-09,USA,Finance,Medium,Paid Search,North America
C08849,Core Software,2024-08-21,USA,Technology,Medium,Paid Search,North America
C08850,Fusion Technologies,2024-12-20,UK,Marketing,Small,Paid Social,Europe
C08851,Fusion Software,2025-10-07,Australia,Professional Services,Small,Organic Search,APAC
C08852,Digital Networks,2024-06-12,India,Retail,Medium,Sales,APAC
C08853,Nova Group,2024-06-19,Germany,Finance,Large,Paid Social,Europe
C08854,Digital Networks,2024-05-01,Australia,Marketing,Medium,Paid Social,APAC
C08855,Next Networks,2024-05-03,India,Finance,Medium,Sales,APAC
C08856,Vertex Technologies,2025-01-05,India,Education,Small,Organic Search,APAC
C08857,Nova Networks,2025-07-14,USA,Education,Medium,Organic Search,North America
C08858,Vertex Networks,2025-05-28,USA,Other,Medium,Organic Search,North America
C08859,Nova Analytics,2024-04-22,Other,Healthcare,Small,Referral,Other
C08860,Cloud Works,2025-04-13,Germany,Retail,Medium,Organic Search,Europe
C08861,Prime Solutions,2025-10-02,USA,Healthcare,Large,Paid Social,North America
C08862,Vertex Solutions,2025-08-28,India,Finance,Small,Email Marketing,APAC
C08863,Digital Technologies,2025-06-02,UK,Education,Small,Organic Search,Europe
C08864,Cloud Networks,2025-08-17,India,Technology,Medium,Organic Search,APAC
C08865,Fusion Networks,2024-05-25,USA,Technology,Medium,Paid Search,North America
C08866,Fusion Services,2024-09-21,Germany,Education,Large,Partner,Europe
C08867,Blue Software,2025-08-01,USA,Healthcare,Enterprise,Organic Search,North America
C08868,Apex Services,2025-05-26,UK,Finance,Medium,Paid Search,Europe
C08869,Blue Networks,2025-04-10,USA,Other,Enterprise,Paid Search,North America
C08870,Next Analytics,2024-04-25,UK,Retail,Small,Organic Search,Europe
C08871,Prime Group,2024-08-12,Other,Retail,Large,Referral,Other
C08872,Digital Software,2025-11-02,USA,Retail,Medium,Organic Search,North America
C08873,Core Labs,2025-06-28,Germany,Other,Medium,Paid Search,Europe
C08874,Bright Software,2024-12-24,Canada,Retail,Medium,Sales,North America
C08875,Core Analytics,2024-03-17,UK,Education,Small,Paid Search,Europe
C08876,Vertex Software,2025-01-22,Australia,Marketing,Medium,Paid Social,APAC
C08877,Fusion Group,2024-11-02,USA,Technology,Medium,Sales,North America
C08878,Vertex Group,2025-06-29,Germany,Finance,Medium,Paid Search,Europe
C08879,Nova Solutions,2025-04-24,Australia,Healthcare,Large,Sales,APAC
C08880,Apex Analytics,2025-02-01,USA,Technology,Small,Paid Social,North America
C08881,Nova Works,2025-05-18,Other,Professional Services,Large,Email Marketing,Other
C08882,Cloud Networks,2025-01-24,USA,Finance,Small,Organic Search,North America
C08883,Summit Software,2024-12-30,UK,Marketing,Medium,Organic Search,Europe
C08884,Cloud Group,2025-10-06,USA,Technology,Large,Organic Search,North America
C08885,Prime Systems,2024-12-02,Canada,Technology,Medium,Organic Search,North America
C08886,Nova Technologies,2024-12-29,Australia,Technology,Small,Partner,APAC
C08887,Summit Services,2024-12-15,India,Finance,Medium,Partner,APAC
C08888,Nova Labs,2025-02-13,India,Marketing,Large,Paid Search,APAC
C08889,Digital Works,2024-06-09,UK,Finance,Medium,Organic Search,Europe
C08890,Apex Systems,2025-08-05,India,Education,Medium,Partner,APAC
C08891,Apex Systems,2025-05-26,India,Finance,Small,Partner,APAC
C08892,Apex Networks,2024-08-01,Other,Healthcare,Small,Referral,Other
C08893,Prime Services,2025-09-16,USA,Finance,Small,Sales,North America
C08894,Next Systems,2025-06-13,India,Finance,Small,Referral,APAC
C08895,Summit Analytics,2024-05-04,USA,Finance,Small,Sales,North America
C08896,Nova Software,2025-10-11,India,Technology,Medium,Partner,APAC
C08897,Summit Solutions,2024-07-17,USA,Technology,Small,Organic Search,North America
C08898,Digital Solutions,2024-12-10,Other,Professional Services,Small,Paid Search,Other
C08899,Nova Solutions,2024-02-01,India,Marketing,Small,Paid Social,APAC
C08900,Blue Services,2024-09-08,India,Technology,Medium,Referral,APAC
C08901,Cloud Solutions,2024-09-01,Canada,Education,Small,Paid Search,North America
C08902,Apex Software,2025-04-13,Singapore,Finance,Large,Organic Search,APAC
C08903,Prime Systems,2025-01-12,USA,Healthcare,Small,Referral,North America
C08904,Prime Networks,2024-08-10,USA,Professional Services,Medium,Organic Search,North America
C08905,Core Works,2024-06-18,UK,Finance,Medium,Email Marketing,Europe
C08906,Prime Analytics,2025-06-04,India,Retail,Medium,Partner,APAC
C08907,Core Software,2025-06-16,USA,Technology,Small,Paid Search,North America
C08908,Core Group,2024-01-25,UK,Technology,Small,Sales,Europe
C08909,Nova Labs,2025-09-16,Germany,Education,Small,Organic Search,Europe
C08910,Blue Group,2024-07-01,USA,Technology,Small,Referral,North America
C08911,Cloud Systems,2025-02-17,India,Healthcare,Medium,Paid Social,APAC
C08912,Cloud Software,2024-06-11,Other,Professional Services,Medium,Paid Search,Other
C08913,Blue Networks,2025-07-21,India,Education,Medium,Email Marketing,APAC
C08914,Cloud Analytics,2024-08-18,India,Finance,Large,Referral,APAC
C08915,Next Technologies,2024-06-08,UK,Technology,Large,Sales,Europe
C08916,Bright Networks,2024-09-12,USA,Technology,Medium,Paid Social,North America
C08917,Bright Solutions,2024-02-03,USA,Technology,Small,Referral,North America
C08918,Apex Networks,2025-03-04,Australia,Technology,Medium,Paid Social,APAC
C08919,Cloud Analytics,2025-09-08,Germany,Education,Small,Paid Search,Europe
C08920,Blue Group,2024-05-02,UK,Other,Medium,Organic Search,Europe
C08921,Vertex Networks,2024-12-03,UK,Technology,Large,Referral,Europe
C08922,Summit Group,2024-12-05,USA,Professional Services,Large,Referral,North America
C08923,Core Labs,2024-12-01,India,Marketing,Medium,Paid Social,APAC
C08924,Vertex Software,2025-11-11,USA,Technology,Large,Organic Search,North America
C08925,Prime Software,2025-11-30,Canada,Technology,Small,Partner,North America
C08926,Digital Software,2024-07-27,Other,Manufacturing,Medium,Partner,Other
C08927,Prime Services,2025-09-05,USA,Other,Medium,Organic Search,North America
C08928,Next Services,2025-09-28,Germany,Technology,Large,Sales,Europe
C08929,Bright Group,2024-08-24,UK,Technology,Medium,Partner,Europe
C08930,Nova Software,2025-01-25,Canada,Healthcare,Small,Organic Search,North America
C08931,Blue Analytics,2024-11-22,USA,Retail,Small,Organic Search,North America
C08932,Digital Labs,2025-09-28,India,Healthcare,Medium,Organic Search,APAC
C08933,Digital Solutions,2024-08-08,USA,Education,Medium,Sales,North America
C08934,Core Works,2025-02-22,USA,Retail,Small,Referral,North America
C08935,Digital Labs,2025-11-06,India,Finance,Small,Paid Search,APAC
C08936,Next Networks,2024-06-09,USA,Education,Small,Paid Search,North America
C08937,Next Analytics,2025-08-29,Australia,Manufacturing,Large,Sales,APAC
C08938,Prime Networks,2024-11-02,USA,Retail,Small,Email Marketing,North America
C08939,Prime Systems,2025-09-10,USA,Technology,Medium,Organic Search,North America
C08940,Fusion Technologies,2024-03-01,Other,Retail,Medium,Partner,Other
C08941,Blue Systems,2025-07-14,Germany,Healthcare,Small,Paid Social,Europe
C08942,Core Labs,2025-07-25,USA,Technology,Large,Organic Search,North America
C08943,Apex Works,2024-06-22,UK,Finance,Large,Paid Social,Europe
C08944,Prime Systems,2024-06-17,USA,Marketing,Small,Referral,North America
C08945,Nova Group,2024-05-03,USA,Marketing,Enterprise,Referral,North America
C08946,Next Labs,2025-01-06,Singapore,Professional Services,Small,Paid Social,APAC
C08947,Fusion Works,2024-08-08,Australia,Marketing,Medium,Partner,APAC
C08948,Bright Solutions,2025-11-09,UK,Retail,Enterprise,Paid Social,Europe
C08949,Nova Solutions,2024-08-14,India,Technology,Small,Paid Search,APAC
C08950,Bright Software,2025-04-16,UK,Manufacturing,Large,Sales,Europe
C08951,Vertex Solutions,2025-05-15,USA,Technology,Small,Partner,North America
C08952,Summit Labs,2024-03-28,USA,Technology,Small,Organic Search,North America
C08953,Bright Group,2025-04-04,Canada,Education,Medium,Partner,North America
C08954,Bright Analytics,2025-08-09,Canada,Professional Services,Small,Email Marketing,North America
C08955,Next Software,2025-04-17,UK,Finance,Small,Partner,Europe
C08956,Prime Networks,2025-06-28,Canada,Technology,Medium,Organic Search,North America
C08957,Nova Labs,2025-08-16,USA,Marketing,Medium,Partner,North America
C08958,Blue Technologies,2024-12-19,Singapore,Retail,Small,Sales,APAC
C08959,Summit Solutions,2025-06-27,UK,Healthcare,Small,Referral,Europe
C08960,Prime Technologies,2024-09-09,USA,Technology,Medium,Referral,North America
C08961,Digital Systems,2025-06-24,Other,Finance,Small,Paid Search,Other
C08962,Next Software,2024-12-29,Singapore,Technology,Small,Referral,APAC
C08963,Blue Labs,2024-09-11,Singapore,Finance,Medium,Email Marketing,APAC
C08964,Cloud Technologies,2024-02-08,Australia,Technology,Small,Email Marketing,APAC
C08965,Apex Networks,2025-05-25,Canada,Healthcare,Small,Organic Search,North America
C08966,Nova Analytics,2025-08-06,USA,Retail,Small,Sales,North America
C08967,Summit Analytics,2025-05-27,USA,Technology,Large,Sales,North America
C08968,Blue Analytics,2025-10-12,India,Healthcare,Small,Paid Search,APAC
C08969,Fusion Solutions,2024-12-23,Other,Education,Small,Organic Search,Other
C08970,Vertex Systems,2024-11-08,USA,Education,Small,Referral,North America
C08971,Apex Services,2025-09-30,India,Education,Small,Paid Social,APAC
C08972,Summit Technologies,2025-01-21,USA,Technology,Large,Email Marketing,North America
C08973,Blue Services,2025-11-01,UK,Marketing,Medium,Paid Social,Europe
C08974,Fusion Labs,2024-12-15,Germany,Manufacturing,Small,Email Marketing,Europe
C08975,Core Group,2024-03-11,Germany,Retail,Small,Partner,Europe
C08976,Next Solutions,2024-03-07,Germany,Retail,Large,Paid Search,Europe
C08977,Core Networks,2025-03-30,Singapore,Finance,Medium,Partner,APAC
C08978,Blue Group,2024-12-19,USA,Finance,Large,Paid Search,North America
C08979,Core Technologies,2025-06-07,USA,Technology,Medium,Paid Search,North America
C08980,Apex Technologies,2025-11-06,USA,Retail,Small,Organic Search,North America
C08981,Core Solutions,2025-10-01,Germany,Manufacturing,Small,Partner,Europe
C08982,Core Services,2025-01-15,USA,Technology,Large,Sales,North America
C08983,Blue Group,2025-01-11,UK,Education,Medium,Organic Search,Europe
C08984,Blue Group,2024-09-25,Germany,Technology,Small,Organic Search,Europe
C08985,Summit Group,2025-08-29,USA,Technology,Large,Paid Social,North America
C08986,Summit Analytics,2024-07-20,Germany,Technology,Medium,Paid Search,Europe
C08987,Summit Networks,2025-03-07,UK,Finance,Medium,Organic Search,Europe
C08988,Blue Solutions,2024-01-03,Germany,Professional Services,Small,Referral,Europe
C08989,Core Systems,2025-10-27,USA,Professional Services,Medium,Paid Search,North America
C08990,Apex Works,2025-05-14,India,Technology,Medium,Referral,APAC
C08991,Next Systems,2024-05-19,India,Healthcare,Small,Referral,APAC
C08992,Fusion Systems,2024-01-07,Other,Marketing,Medium,Paid Social,Other
C08993,Next Systems,2024-05-12,India,Retail,Small,Paid Search,APAC
C08994,Blue Solutions,2025-03-20,Germany,Retail,Small,Email Marketing,Europe
C08995,Vertex Analytics,2025-03-11,Australia,Retail,Large,Referral,APAC
C08996,Vertex Works,2025-11-15,UK,Finance,Small,Paid Search,Europe
C08997,Prime Systems,2025-04-04,USA,Retail,Medium,Organic Search,North America
C08998,Vertex Systems,2024-07-26,Germany,Education,Large,Referral,Europe
C08999,Next Technologies,2024-04-27,India,Healthcare,Medium,Paid Search,APAC
C09000,Core Labs,2025-02-14,India,Technology,Large,Paid Social,APAC
C09001,Fusion Group,2025-04-10,India,Marketing,Small,Paid Search,APAC
C09002,Apex Services,2024-02-19,UK,Retail,Small,Organic Search,Europe
C09003,Nova Analytics,2025-05-16,USA,Retail,Medium,Partner,North America
C09004,Next Solutions,2024-04-04,USA,Healthcare,Medium,Organic Search,North America
C09005,Nova Technologies,2025-07-04,USA,Professional Services,Medium,Paid Search,North America
C09006,Next Group,2025-09-25,USA,Education,Small,Partner,North America
C09007,Prime Networks,2024-06-09,UK,Technology,Small,Paid Search,Europe
C09008,Next Solutions,2025-02-16,Canada,Other,Small,Organic Search,North America
C09009,Blue Services,2025-03-13,Singapore,Marketing,Small,Organic Search,APAC
C09010,Summit Technologies,2025-11-16,USA,Finance,Small,Paid Search,North America
C09011,Bright Systems,2024-09-24,UK,Technology,Medium,Partner,Europe
C09012,Blue Systems,2025-08-10,UK,Marketing,Large,Organic Search,Europe
C09013,Digital Systems,2025-08-26,Australia,Technology,Medium,Organic Search,APAC
C09014,Summit Systems,2024-12-19,India,Finance,Large,Organic Search,APAC
C09015,Blue Solutions,2025-02-13,Singapore,Technology,Small,Organic Search,APAC
C09016,Fusion Software,2024-06-26,UK,Retail,Small,Email Marketing,Europe
C09017,Nova Labs,2024-08-23,India,Technology,Large,Referral,APAC
C09018,Vertex Services,2025-08-23,Australia,Marketing,Medium,Partner,APAC
C09019,Digital Analytics,2025-01-01,India,Manufacturing,Medium,Organic Search,APAC
C09020,Bright Services,2024-12-02,USA,Professional Services,Small,Sales,North America
C09021,Next Technologies,2024-11-23,UK,Retail,Small,Email Marketing,Europe
C09022,Fusion Works,2024-01-05,USA,Technology,Small,Organic Search,North America
C09023,Apex Technologies,2024-06-22,USA,Technology,Small,Partner,North America
C09024,Next Services,2025-12-01,UK,Manufacturing,Small,Paid Search,Europe
C09025,Vertex Solutions,2025-06-25,Singapore,Retail,Small,Organic Search,APAC
C09026,Summit Systems,2025-11-22,India,Education,Small,Organic Search,APAC
C09027,Digital Works,2024-10-07,USA,Technology,Small,Organic Search,North America
C09028,Prime Analytics,2024-11-06,Germany,Other,Large,Email Marketing,Europe
C09029,Digital Analytics,2025-05-19,Australia,Other,Medium,Email Marketing,APAC
C09030,Cloud Group,2024-04-04,Other,Technology,Medium,Organic Search,Other
C09031,Digital Systems,2024-12-27,UK,Finance,Small,Organic Search,Europe
C09032,Digital Technologies,2025-05-07,USA,Healthcare,Medium,Paid Social,North America
C09033,Summit Systems,2025-12-01,USA,Education,Small,Email Marketing,North America
C09034,Core Solutions,2024-12-31,USA,Retail,Medium,Referral,North America
C09035,Digital Labs,2025-02-15,USA,Technology,Small,Organic Search,North America
C09036,Next Systems,2024-06-04,USA,Professional Services,Large,Paid Search,North America
C09037,Next Software,2024-09-15,Canada,Professional Services,Small,Paid Social,North America
C09038,Vertex Works,2024-01-13,Germany,Retail,Small,Paid Search,Europe
C09039,Bright Technologies,2024-02-24,USA,Retail,Small,Email Marketing,North America
C09040,Blue Networks,2024-10-06,USA,Finance,Medium,Paid Search,North America
C09041,Summit Services,2025-01-07,USA,Professional Services,Small,Paid Social,North America
C09042,Vertex Services,2024-05-31,Germany,Healthcare,Medium,Paid Search,Europe
C09043,Apex Systems,2024-12-24,India,Marketing,Medium,Referral,APAC
C09044,Nova Services,2025-06-13,Australia,Professional Services,Small,Organic Search,APAC
C09045,Digital Technologies,2025-07-30,India,Education,Medium,Sales,APAC
C09046,Bright Analytics,2024-07-01,Canada,Manufacturing,Small,Sales,North America
C09047,Blue Systems,2025-09-13,Canada,Technology,Small,Paid Social,North America
C09048,Next Solutions,2025-06-18,USA,Finance,Medium,Partner,North America
C09049,Apex Systems,2025-02-06,Other,Healthcare,Medium,Organic Search,Other
C09050,Bright Technologies,2024-08-30,India,Marketing,Enterprise,Paid Search,APAC
C09051,Summit Works,2024-06-22,Singapore,Retail,Medium,Referral,APAC
C09052,Blue Solutions,2024-03-11,UK,Finance,Small,Paid Social,Europe
C09053,Next Software,2025-01-17,India,Professional Services,Small,Referral,APAC
C09054,Core Systems,2025-09-04,India,Manufacturing,Large,Organic Search,APAC
C09055,Apex Analytics,2024-12-02,India,Manufacturing,Medium,Organic Search,APAC
C09056,Core Software,2025-06-28,Australia,Technology,Small,Partner,APAC
C09057,Fusion Analytics,2024-04-01,India,Technology,Medium,Paid Social,APAC
C09058,Summit Labs,2025-05-30,USA,Professional Services,Medium,Organic Search,North America
C09059,Bright Networks,2024-05-28,Singapore,Education,Medium,Organic Search,APAC
C09060,Fusion Labs,2025-06-13,India,Education,Large,Sales,APAC
C09061,Core Analytics,2025-11-18,Australia,Technology,Large,Paid Search,APAC
C09062,Core Services,2024-03-17,USA,Technology,Small,Email Marketing,North America
C09063,Prime Solutions,2024-04-01,USA,Technology,Medium,Partner,North America
C09064,Cloud Networks,2024-05-05,Singapore,Retail,Small,Organic Search,APAC
C09065,Next Networks,2024-09-15,Other,Finance,Small,Partner,Other
C09066,Summit Labs,2024-06-06,Germany,Finance,Medium,Referral,Europe
C09067,Cloud Services,2025-09-30,Other,Professional Services,Medium,Organic Search,Other
C09068,Core Analytics,2024-10-22,USA,Technology,Medium,Referral,North America
C09069,Summit Systems,2025-07-21,Germany,Retail,Small,Partner,Europe
C09070,Digital Works,2024-05-17,Other,Professional Services,Medium,Organic Search,Other
C09071,Nova Technologies,2025-11-02,Other,Other,Large,Paid Search,Other
C09072,Prime Group,2024-01-08,USA,Manufacturing,Large,Email Marketing,North America
C09073,Cloud Labs,2025-07-01,USA,Technology,Small,Paid Search,North America
C09074,Bright Works,2024-09-05,Germany,Education,Medium,Paid Social,Europe
C09075,Core Technologies,2025-06-17,USA,Education,Small,Email Marketing,North America
C09076,Bright Systems,2025-10-08,India,Technology,Large,Organic Search,APAC
C09077,Core Group,2025-03-27,UK,Manufacturing,Medium,Paid Search,Europe
C09078,Nova Services,2025-11-16,India,Technology,Medium,Organic Search,APAC
C09079,Vertex Analytics,2024-01-25,Other,Technology,Small,Referral,Other
C09080,Fusion Networks,2024-05-28,USA,Healthcare,Medium,Paid Search,North America
C09081,Nova Works,2025-01-20,UK,Manufacturing,Small,Partner,Europe
C09082,Fusion Labs,2025-06-05,Singapore,Technology,Small,Referral,APAC
C09083,Next Software,2025-10-10,India,Technology,Medium,Paid Search,APAC
C09084,Cloud Software,2025-06-06,Other,Finance,Small,Paid Search,Other
C09085,Nova Systems,2024-02-01,India,Other,Enterprise,Sales,APAC
C09086,Cloud Group,2024-04-27,Canada,Retail,Medium,Paid Search,North America
C09087,Apex Group,2024-05-08,Germany,Retail,Small,Paid Search,Europe
C09088,Next Software,2024-05-04,Australia,Marketing,Medium,Organic Search,APAC
C09089,Bright Works,2024-04-12,Australia,Marketing,Small,Paid Search,APAC
C09090,Fusion Networks,2024-08-11,USA,Education,Small,Paid Social,North America
C09091,Bright Group,2024-09-13,USA,Technology,Small,Paid Social,North America
C09092,Apex Services,2025-01-07,Australia,Retail,Small,Organic Search,APAC
C09093,Apex Systems,2024-04-20,Australia,Healthcare,Enterprise,Sales,APAC
C09094,Next Works,2024-12-08,India,Education,Enterprise,Organic Search,APAC
C09095,Digital Group,2024-12-28,Canada,Technology,Small,Paid Search,North America
C09096,Prime Software,2025-07-01,Australia,Finance,Small,Paid Search,APAC
C09097,Blue Software,2024-03-19,USA,Technology,Small,Organic Search,North America
C09098,Core Group,2025-08-28,USA,Marketing,Medium,Paid Search,North America
C09099,Digital Services,2025-11-28,India,Manufacturing,Small,Organic Search,APAC
C09100,Digital Labs,2024-10-31,USA,Marketing,Large,Organic Search,North America
C09101,Apex Technologies,2024-03-06,USA,Finance,Small,Partner,North America
C09102,Bright Services,2024-08-23,UK,Professional Services,Small,Organic Search,Europe
C09103,Vertex Technologies,2024-11-16,Australia,Education,Small,Paid Search,APAC
C09104,Bright Networks,2025-11-05,USA,Technology,Small,Paid Search,North America
C09105,Prime Works,2024-11-19,USA,Education,Enterprise,Organic Search,North America
C09106,Fusion Works,2024-10-12,India,Retail,Small,Sales,APAC
C09107,Vertex Labs,2025-11-01,India,Manufacturing,Enterprise,Paid Social,APAC
C09108,Bright Analytics,2025-06-16,UK,Education,Large,Referral,Europe
C09109,Core Software,2024-02-15,Canada,Marketing,Medium,Sales,North America
C09110,Bright Analytics,2025-10-08,India,Technology,Small,Organic Search,APAC
C09111,Vertex Technologies,2024-07-02,USA,Other,Large,Sales,North America
C09112,Cloud Networks,2025-10-03,USA,Education,Small,Referral,North America
C09113,Fusion Works,2024-09-24,Other,Education,Medium,Email Marketing,Other
C09114,Apex Technologies,2024-06-01,Germany,Technology,Small,Organic Search,Europe
C09115,Core Technologies,2025-11-01,Germany,Technology,Small,Paid Social,Europe
C09116,Cloud Labs,2024-12-03,India,Technology,Small,Email Marketing,APAC
C09117,Nova Systems,2024-06-18,UK,Other,Medium,Paid Search,Europe
C09118,Next Technologies,2025-08-05,USA,Professional Services,Medium,Sales,North America
C09119,Blue Analytics,2024-02-05,Other,Technology,Small,Sales,Other
C09120,Digital Solutions,2024-05-01,Australia,Marketing,Small,Email Marketing,APAC
C09121,Cloud Analytics,2024-03-26,Germany,Manufacturing,Medium,Referral,Europe
C09122,Summit Labs,2025-01-26,USA,Other,Medium,Email Marketing,North America
C09123,Next Analytics,2024-11-05,Australia,Technology,Medium,Organic Search,APAC
C09124,Summit Technologies,2024-12-12,USA,Technology,Small,Sales,North America
C09125,Cloud Systems,2025-02-23,Australia,Technology,Small,Sales,APAC
C09126,Bright Networks,2025-05-28,USA,Finance,Small,Referral,North America
C09127,Prime Analytics,2024-10-01,UK,Education,Medium,Organic Search,Europe
C09128,Apex Networks,2024-12-04,Canada,Finance,Medium,Referral,North America
C09129,Cloud Group,2025-03-28,Other,Professional Services,Medium,Referral,Other
C09130,Prime Technologies,2024-12-13,UK,Finance,Medium,Organic Search,Europe
C09131,Core Services,2024-02-27,Singapore,Finance,Medium,Organic Search,APAC
C09132,Prime Labs,2024-11-18,USA,Marketing,Small,Paid Social,North America
C09133,Digital Networks,2025-03-12,USA,Technology,Enterprise,Organic Search,North America
C09134,Vertex Networks,2025-04-13,UK,Education,Medium,Organic Search,Europe
C09135,Cloud Solutions,2025-02-14,USA,Retail,Large,Referral,North America
C09136,Cloud Group,2025-04-12,USA,Finance,Medium,Referral,North America
C09137,Next Software,2025-06-11,USA,Professional Services,Small,Organic Search,North America
C09138,Prime Solutions,2024-11-27,USA,Technology,Enterprise,Partner,North America
C09139,Next Labs,2025-08-11,India,Technology,Medium,Paid Social,APAC
C09140,Nova Software,2024-11-14,Australia,Finance,Small,Referral,APAC
C09141,Bright Software,2024-03-20,Other,Technology,Medium,Referral,Other
C09142,Blue Software,2025-08-24,India,Finance,Small,Organic Search,APAC
C09143,Summit Group,2025-01-30,India,Retail,Medium,Organic Search,APAC
C09144,Digital Group,2024-08-27,Canada,Technology,Medium,Sales,North America
C09145,Prime Software,2025-03-30,India,Healthcare,Small,Referral,APAC
C09146,Bright Solutions,2025-11-03,USA,Technology,Medium,Partner,North America
C09147,Cloud Works,2025-11-07,UK,Retail,Medium,Organic Search,Europe
C09148,Summit Technologies,2024-02-18,Other,Healthcare,Medium,Organic Search,Other
C09149,Fusion Labs,2025-05-06,USA,Technology,Medium,Referral,North America
C09150,Nova Networks,2025-10-15,India,Healthcare,Medium,Organic Search,APAC
C09151,Digital Systems,2024-12-12,USA,Other,Medium,Sales,North America
C09152,Prime Analytics,2024-03-13,Other,Marketing,Medium,Sales,Other
C09153,Prime Solutions,2024-02-06,Australia,Finance,Medium,Organic Search,APAC
C09154,Core Group,2024-07-20,UK,Technology,Large,Sales,Europe
C09155,Cloud Systems,2024-10-07,Other,Finance,Small,Paid Search,Other
C09156,Vertex Solutions,2025-01-08,USA,Technology,Large,Sales,North America
C09157,Apex Technologies,2025-03-16,UK,Manufacturing,Large,Sales,Europe
C09158,Prime Solutions,2024-07-01,Australia,Retail,Small,Paid Social,APAC
C09159,Next Analytics,2025-04-12,USA,Manufacturing,Small,Sales,North America
C09160,Core Systems,2025-06-20,USA,Technology,Small,Referral,North America
C09161,Bright Networks,2024-10-17,Canada,Marketing,Small,Referral,North America
C09162,Core Analytics,2024-05-22,India,Manufacturing,Medium,Paid Search,APAC
C09163,Cloud Services,2025-01-02,Other,Retail,Small,Paid Social,Other
C09164,Digital Systems,2025-08-25,USA,Technology,Medium,Sales,North America
C09165,Vertex Labs,2025-07-28,Australia,Healthcare,Small,Paid Search,APAC
C09166,Bright Software,2025-02-02,Germany,Marketing,Medium,Organic Search,Europe
C09167,Cloud Services,2025-05-13,UK,Professional Services,Medium,Referral,Europe
C09168,Summit Group,2024-03-01,India,Professional Services,Medium,Email Marketing,APAC
C09169,Next Software,2024-10-22,USA,Healthcare,Small,Sales,North America
C09170,Bright Networks,2024-07-06,Other,Manufacturing,Medium,Organic Search,Other
C09171,Vertex Group,2024-11-20,Canada,Education,Enterprise,Partner,North America
C09172,Blue Group,2024-04-16,UK,Other,Large,Paid Social,Europe
C09173,Bright Group,2024-01-30,Canada,Healthcare,Medium,Paid Search,North America
C09174,Core Analytics,2024-11-30,USA,Technology,Small,Organic Search,North America
C09175,Fusion Solutions,2024-05-13,USA,Professional Services,Medium,Partner,North America
C09176,Digital Systems,2024-01-29,USA,Technology,Small,Organic Search,North America
C09177,Nova Services,2025-05-15,Other,Manufacturing,Small,Partner,Other
C09178,Fusion Services,2024-10-10,Singapore,Technology,Small,Organic Search,APAC
C09179,Blue Group,2024-11-25,USA,Manufacturing,Small,Organic Search,North America
C09180,Apex Networks,2024-10-21,USA,Retail,Medium,Organic Search,North America
C09181,Nova Systems,2025-09-30,UK,Marketing,Small,Email Marketing,Europe
C09182,Apex Labs,2024-01-18,Canada,Professional Services,Small,Paid Search,North America
C09183,Blue Labs,2024-04-09,Other,Education,Medium,Sales,Other
C09184,Core Systems,2024-11-04,Singapore,Marketing,Small,Referral,APAC
C09185,Summit Solutions,2025-05-27,USA,Technology,Small,Email Marketing,North America
C09186,Digital Systems,2025-07-12,UK,Professional Services,Medium,Paid Search,Europe
C09187,Cloud Works,2025-06-05,USA,Manufacturing,Medium,Organic Search,North America
C09188,Vertex Labs,2024-10-26,USA,Retail,Small,Paid Social,North America
C09189,Next Solutions,2025-03-02,USA,Technology,Medium,Sales,North America
C09190,Fusion Systems,2024-12-07,Singapore,Marketing,Medium,Sales,APAC
C09191,Cloud Software,2024-11-22,USA,Finance,Medium,Paid Search,North America
C09192,Vertex Group,2024-07-26,USA,Marketing,Enterprise,Organic Search,North America
C09193,Apex Analytics,2024-08-02,USA,Marketing,Small,Paid Social,North America
C09194,Vertex Labs,2024-04-18,USA,Education,Small,Organic Search,North America
C09195,Prime Labs,2024-12-15,UK,Marketing,Small,Email Marketing,Europe
C09196,Cloud Software,2025-01-20,UK,Professional Services,Small,Paid Search,Europe
C09197,Nova Group,2024-04-03,USA,Education,Small,Paid Social,North America
C09198,Cloud Systems,2025-04-07,India,Professional Services,Small,Referral,APAC
C09199,Apex Group,2024-10-01,USA,Finance,Medium,Organic Search,North America
C09200,Summit Software,2024-08-15,UK,Other,Enterprise,Referral,Europe
C09201,Digital Systems,2024-02-24,Germany,Finance,Medium,Paid Social,Europe
C09202,Blue Software,2024-11-28,UK,Marketing,Large,Sales,Europe
C09203,Prime Systems,2025-07-02,USA,Marketing,Small,Referral,North America
C09204,Vertex Works,2024-11-30,Australia,Education,Medium,Sales,APAC
C09205,Apex Solutions,2025-03-22,India,Professional Services,Small,Organic Search,APAC
C09206,Cloud Analytics,2024-01-02,UK,Marketing,Medium,Organic Search,Europe
C09207,Bright Works,2024-04-22,UK,Retail,Small,Paid Social,Europe
C09208,Core Networks,2024-07-22,India,Technology,Large,Organic Search,APAC
C09209,Digital Networks,2025-08-14,Canada,Manufacturing,Medium,Email Marketing,North America
C09210,Blue Labs,2025-04-01,India,Professional Services,Large,Paid Social,APAC
C09211,Core Networks,2024-06-02,USA,Professional Services,Medium,Sales,North America
C09212,Nova Works,2024-08-26,India,Healthcare,Medium,Referral,APAC
C09213,Prime Group,2024-09-25,Australia,Finance,Large,Referral,APAC
C09214,Nova Software,2024-12-22,India,Retail,Medium,Organic Search,APAC
C09215,Core Works,2024-02-18,India,Marketing,Medium,Referral,APAC
C09216,Vertex Solutions,2024-01-19,Australia,Retail,Small,Paid Search,APAC
C09217,Next Technologies,2024-11-30,USA,Healthcare,Large,Referral,North America
C09218,Digital Labs,2025-06-11,India,Manufacturing,Small,Sales,APAC
C09219,Blue Labs,2024-11-24,India,Retail,Small,Organic Search,APAC
C09220,Fusion Works,2024-11-16,USA,Retail,Small,Paid Search,North America
C09221,Fusion Labs,2024-12-15,India,Professional Services,Small,Organic Search,APAC
C09222,Blue Solutions,2025-04-12,Australia,Retail,Medium,Organic Search,APAC
C09223,Fusion Group,2024-06-24,USA,Finance,Small,Paid Search,North America
C09224,Apex Analytics,2025-09-07,USA,Healthcare,Small,Referral,North America
C09225,Core Technologies,2025-01-18,Germany,Finance,Large,Paid Search,Europe
C09226,Blue Group,2025-06-01,Singapore,Healthcare,Medium,Referral,APAC
C09227,Vertex Systems,2025-05-28,India,Finance,Large,Paid Search,APAC
C09228,Summit Technologies,2024-03-22,Singapore,Healthcare,Small,Email Marketing,APAC
C09229,Vertex Analytics,2025-09-19,India,Technology,Small,Sales,APAC
C09230,Digital Group,2024-02-05,Other,Technology,Small,Organic Search,Other
C09231,Next Systems,2024-03-16,India,Technology,Small,Paid Search,APAC
C09232,Nova Analytics,2025-03-15,UK,Finance,Small,Organic Search,Europe
C09233,Prime Networks,2025-10-31,UK,Manufacturing,Large,Paid Search,Europe
C09234,Summit Technologies,2024-12-20,Canada,Marketing,Small,Organic Search,North America
C09235,Digital Technologies,2025-03-08,USA,Marketing,Medium,Email Marketing,North America
C09236,Apex Software,2025-08-06,USA,Retail,Small,Organic Search,North America
C09237,Prime Works,2024-07-03,USA,Healthcare,Medium,Organic Search,North America
C09238,Digital Labs,2024-11-22,USA,Technology,Small,Paid Search,North America
C09239,Fusion Solutions,2024-06-23,USA,Technology,Small,Partner,North America
C09240,Vertex Solutions,2024-12-05,India,Retail,Small,Organic Search,APAC
C09241,Fusion Solutions,2024-06-15,India,Retail,Small,Paid Search,APAC
C09242,Core Services,2025-02-02,UK,Manufacturing,Small,Referral,Europe
C09243,Vertex Services,2025-05-19,USA,Technology,Large,Paid Search,North America
C09244,Summit Networks,2024-03-31,USA,Technology,Small,Organic Search,North America
C09245,Bright Works,2025-05-24,India,Professional Services,Small,Email Marketing,APAC
C09246,Core Networks,2024-03-08,USA,Professional Services,Small,Paid Social,North America
C09247,Next Software,2024-04-10,Other,Finance,Small,Paid Search,Other
C09248,Digital Services,2025-10-17,India,Finance,Small,Email Marketing,APAC
C09249,Bright Works,2024-10-06,UK,Technology,Small,Referral,Europe
C09250,Prime Works,2025-11-01,Germany,Technology,Medium,Referral,Europe
C09251,Fusion Group,2025-09-03,USA,Other,Medium,Organic Search,North America
C09252,Fusion Systems,2025-11-14,India,Finance,Medium,Organic Search,APAC
C09253,Prime Networks,2025-11-17,India,Manufacturing,Large,Organic Search,APAC
C09254,Prime Analytics,2024-11-03,USA,Technology,Medium,Organic Search,North America
C09255,Blue Technologies,2024-04-15,USA,Professional Services,Large,Paid Search,North America
C09256,Fusion Networks,2025-06-18,USA,Professional Services,Enterprise,Paid Search,North America
C09257,Core Technologies,2025-02-17,Germany,Retail,Medium,Organic Search,Europe
C09258,Vertex Technologies,2025-01-21,USA,Technology,Small,Sales,North America
C09259,Prime Solutions,2024-07-11,UK,Retail,Small,Organic Search,Europe
C09260,Bright Software,2025-04-05,India,Technology,Medium,Referral,APAC
C09261,Next Systems,2024-11-23,India,Retail,Large,Partner,APAC
C09262,Bright Labs,2024-09-04,UK,Manufacturing,Medium,Organic Search,Europe
C09263,Summit Analytics,2025-11-30,India,Retail,Small,Sales,APAC
C09264,Fusion Group,2025-09-28,Other,Healthcare,Enterprise,Organic Search,Other
C09265,Nova Analytics,2024-01-26,USA,Education,Small,Sales,North America
C09266,Fusion Analytics,2025-05-16,USA,Finance,Small,Organic Search,North America
C09267,Next Labs,2025-01-07,India,Technology,Medium,Referral,APAC
C09268,Cloud Labs,2025-03-16,Germany,Professional Services,Small,Referral,Europe
C09269,Nova Works,2025-06-25,Australia,Technology,Medium,Organic Search,APAC
C09270,Core Software,2025-04-04,Germany,Marketing,Large,Sales,Europe
C09271,Vertex Networks,2025-03-21,India,Education,Medium,Paid Social,APAC
C09272,Summit Analytics,2024-05-04,USA,Technology,Small,Referral,North America
C09273,Vertex Networks,2025-08-27,UK,Healthcare,Small,Partner,Europe
C09274,Prime Systems,2025-07-21,Canada,Finance,Medium,Organic Search,North America
C09275,Nova Group,2025-10-10,Australia,Retail,Small,Organic Search,APAC
C09276,Blue Systems,2024-08-09,UK,Other,Small,Partner,Europe
C09277,Bright Systems,2025-01-20,India,Manufacturing,Medium,Organic Search,APAC
C09278,Next Labs,2025-11-24,USA,Technology,Small,Organic Search,North America
C09279,Nova Solutions,2024-12-10,Other,Manufacturing,Enterprise,Paid Search,Other
C09280,Summit Group,2025-06-16,USA,Marketing,Small,Paid Social,North America
C09281,Fusion Labs,2025-02-16,USA,Marketing,Medium,Referral,North America
C09282,Core Software,2024-03-15,USA,Other,Medium,Sales,North America
C09283,Cloud Systems,2025-04-04,India,Healthcare,Large,Referral,APAC
C09284,Summit Group,2025-04-24,Singapore,Professional Services,Small,Partner,APAC
C09285,Fusion Software,2024-04-28,USA,Manufacturing,Large,Sales,North America
C09286,Cloud Analytics,2024-07-21,India,Technology,Medium,Organic Search,APAC
C09287,Digital Analytics,2024-11-06,Germany,Retail,Small,Paid Social,Europe
C09288,Blue Labs,2024-03-03,Australia,Finance,Small,Organic Search,APAC
C09289,Blue Technologies,2025-06-06,Germany,Finance,Large,Organic Search,Europe
C09290,Fusion Software,2024-03-07,USA,Healthcare,Small,Paid Search,North America
C09291,Digital Works,2025-08-13,Canada,Healthcare,Medium,Paid Search,North America
C09292,Prime Services,2024-12-22,Canada,Manufacturing,Medium,Organic Search,North America
C09293,Nova Services,2024-07-16,UK,Professional Services,Medium,Referral,Europe
C09294,Digital Works,2024-09-16,Other,Technology,Large,Organic Search,Other
C09295,Prime Systems,2025-06-10,USA,Retail,Medium,Referral,North America
C09296,Digital Networks,2025-08-14,USA,Manufacturing,Medium,Sales,North America
C09297,Prime Technologies,2025-02-01,Other,Education,Small,Partner,Other
C09298,Bright Group,2025-05-06,Canada,Healthcare,Medium,Email Marketing,North America
C09299,Vertex Software,2024-04-29,USA,Professional Services,Medium,Paid Search,North America
C09300,Fusion Group,2025-10-03,Other,Finance,Medium,Organic Search,Other
C09301,Bright Labs,2025-09-29,USA,Healthcare,Medium,Paid Social,North America
C09302,Vertex Group,2025-04-19,USA,Finance,Medium,Paid Search,North America
C09303,Cloud Services,2025-09-13,Other,Other,Enterprise,Organic Search,Other
C09304,Next Works,2024-10-19,USA,Education,Small,Organic Search,North America
C09305,Prime Networks,2024-04-14,USA,Finance,Small,Sales,North America
C09306,Summit Works,2024-02-19,UK,Education,Small,Sales,Europe
C09307,Blue Software,2025-06-28,India,Retail,Large,Paid Search,APAC
C09308,Nova Systems,2024-04-04,USA,Retail,Medium,Organic Search,North America
C09309,Digital Labs,2024-12-02,India,Other,Medium,Organic Search,APAC
C09310,Apex Solutions,2024-09-30,India,Manufacturing,Large,Referral,APAC
C09311,Fusion Software,2024-12-09,USA,Healthcare,Enterprise,Paid Social,North America
C09312,Prime Services,2024-03-16,USA,Marketing,Medium,Paid Search,North America
C09313,Fusion Works,2024-10-31,India,Other,Medium,Referral,APAC
C09314,Digital Works,2025-07-26,USA,Healthcare,Small,Organic Search,North America
C09315,Next Technologies,2024-08-04,USA,Retail,Small,Email Marketing,North America
C09316,Prime Labs,2025-01-19,India,Finance,Medium,Paid Search,APAC
C09317,Blue Technologies,2025-09-04,India,Retail,Medium,Referral,APAC
C09318,Bright Systems,2025-04-21,India,Retail,Medium,Referral,APAC
C09319,Nova Networks,2025-08-16,India,Retail,Large,Partner,APAC
C09320,Apex Technologies,2025-05-01,USA,Marketing,Small,Organic Search,North America
C09321,Next Technologies,2025-02-25,USA,Education,Small,Organic Search,North America
C09322,Apex Services,2025-03-17,Other,Healthcare,Large,Paid Social,Other
C09323,Vertex Services,2025-09-20,UK,Technology,Large,Email Marketing,Europe
C09324,Nova Technologies,2025-02-06,USA,Manufacturing,Small,Sales,North America
C09325,Core Group,2024-06-08,Singapore,Marketing,Large,Sales,APAC
C09326,Core Systems,2024-06-03,India,Healthcare,Medium,Partner,APAC
C09327,Digital Systems,2025-02-27,USA,Retail,Medium,Organic Search,North America
C09328,Bright Services,2024-08-11,India,Manufacturing,Small,Organic Search,APAC
C09329,Summit Software,2025-07-05,India,Other,Medium,Partner,APAC
C09330,Digital Services,2024-06-19,USA,Retail,Medium,Organic Search,North America
C09331,Fusion Analytics,2025-10-18,Singapore,Retail,Large,Paid Search,APAC
C09332,Vertex Systems,2025-06-17,Other,Education,Large,Paid Search,Other
C09333,Core Networks,2024-02-21,USA,Manufacturing,Medium,Paid Social,North America
C09334,Core Labs,2024-04-13,USA,Marketing,Small,Paid Social,North America
C09335,Core Analytics,2024-07-15,India,Education,Small,Organic Search,APAC
C09336,Summit Group,2025-04-17,USA,Professional Services,Small,Paid Social,North America
C09337,Vertex Solutions,2025-02-02,USA,Finance,Medium,Paid Social,North America
C09338,Fusion Software,2025-03-02,Other,Marketing,Large,Partner,Other
C09339,Bright Services,2024-11-08,Germany,Marketing,Medium,Paid Search,Europe
C09340,Next Software,2025-03-01,USA,Retail,Medium,Referral,North America
C09341,Fusion Analytics,2024-06-30,USA,Finance,Large,Paid Search,North America
C09342,Cloud Systems,2025-05-25,India,Marketing,Small,Organic Search,APAC
C09343,Bright Networks,2024-07-02,Canada,Manufacturing,Small,Paid Social,North America
C09344,Summit Group,2025-10-25,USA,Retail,Enterprise,Organic Search,North America
C09345,Prime Solutions,2024-07-31,Australia,Professional Services,Medium,Partner,APAC
C09346,Fusion Solutions,2024-09-26,India,Healthcare,Small,Sales,APAC
C09347,Core Services,2024-06-24,USA,Retail,Small,Organic Search,North America
C09348,Blue Works,2024-10-25,India,Technology,Medium,Paid Social,APAC
C09349,Fusion Systems,2025-10-28,Germany,Healthcare,Small,Paid Search,Europe
C09350,Blue Services,2025-06-08,USA,Education,Enterprise,Paid Social,North America
C09351,Next Software,2024-04-11,UK,Retail,Enterprise,Paid Search,Europe
C09352,Digital Networks,2024-02-13,Germany,Retail,Small,Organic Search,Europe
C09353,Blue Networks,2024-04-17,UK,Finance,Small,Organic Search,Europe
C09354,Fusion Systems,2025-07-31,India,Marketing,Small,Organic Search,APAC
C09355,Apex Technologies,2024-03-19,USA,Marketing,Enterprise,Paid Social,North America
C09356,Nova Group,2025-11-01,Australia,Technology,Small,Organic Search,APAC
C09357,Bright Services,2025-04-21,USA,Retail,Large,Referral,North America
C09358,Prime Technologies,2025-08-16,USA,Healthcare,Medium,Paid Search,North America
C09359,Apex Software,2024-11-30,USA,Technology,Small,Paid Search,North America
C09360,Nova Software,2024-06-03,USA,Professional Services,Small,Partner,North America
C09361,Fusion Services,2024-02-09,Canada,Marketing,Small,Organic Search,North America
C09362,Next Software,2025-03-09,USA,Finance,Small,Partner,North America
C09363,Summit Software,2024-04-09,India,Manufacturing,Medium,Sales,APAC
C09364,Nova Technologies,2024-09-13,India,Technology,Small,Referral,APAC
C09365,Bright Group,2024-10-09,Other,Technology,Medium,Organic Search,Other
C09366,Fusion Works,2025-04-03,Canada,Education,Small,Sales,North America
C09367,Next Analytics,2024-03-23,USA,Marketing,Small,Paid Search,North America
C09368,Next Technologies,2025-01-30,India,Manufacturing,Small,Paid Search,APAC
C09369,Digital Works,2024-08-01,Other,Other,Medium,Paid Search,Other
C09370,Fusion Software,2024-12-17,India,Marketing,Small,Organic Search,APAC
C09371,Cloud Technologies,2025-08-12,USA,Retail,Small,Paid Social,North America
C09372,Next Analytics,2025-10-05,USA,Marketing,Small,Organic Search,North America
C09373,Prime Systems,2025-08-03,USA,Education,Medium,Paid Social,North America
C09374,Prime Services,2024-08-06,Other,Other,Medium,Paid Search,Other
C09375,Prime Group,2024-01-12,USA,Education,Medium,Sales,North America
C09376,Bright Solutions,2024-09-10,India,Education,Small,Paid Social,APAC
C09377,Fusion Analytics,2024-01-25,Other,Technology,Large,Sales,Other
C09378,Fusion Networks,2024-07-13,UK,Retail,Small,Referral,Europe
C09379,Digital Technologies,2024-08-04,UK,Manufacturing,Small,Organic Search,Europe
C09380,Vertex Labs,2025-11-05,USA,Technology,Small,Paid Search,North America
C09381,Bright Networks,2024-06-15,USA,Education,Medium,Organic Search,North America
C09382,Core Software,2024-10-08,Other,Retail,Small,Email Marketing,Other
C09383,Nova Labs,2025-08-22,USA,Marketing,Large,Paid Social,North America
C09384,Summit Labs,2024-03-09,Canada,Healthcare,Enterprise,Organic Search,North America
C09385,Cloud Solutions,2025-07-23,USA,Healthcare,Large,Paid Social,North America
C09386,Blue Labs,2025-07-15,USA,Other,Small,Organic Search,North America
C09387,Apex Networks,2024-09-07,India,Retail,Small,Partner,APAC
C09388,Summit Technologies,2025-02-28,USA,Retail,Medium,Referral,North America
C09389,Apex Technologies,2024-05-11,USA,Technology,Large,Referral,North America
C09390,Core Software,2024-08-05,Other,Retail,Small,Partner,Other
C09391,Cloud Labs,2024-04-23,USA,Finance,Large,Paid Social,North America
C09392,Apex Analytics,2025-04-26,UK,Technology,Large,Partner,Europe
C09393,Cloud Group,2025-11-09,USA,Manufacturing,Large,Paid Social,North America
C09394,Vertex Group,2025-04-15,Canada,Retail,Large,Referral,North America
C09395,Apex Software,2025-06-27,USA,Retail,Small,Partner,North America
C09396,Bright Labs,2024-05-23,USA,Education,Small,Referral,North America
C09397,Blue Services,2024-08-28,USA,Marketing,Medium,Partner,North America
C09398,Vertex Analytics,2025-06-26,India,Technology,Small,Paid Search,APAC
C09399,Prime Systems,2025-06-02,USA,Retail,Medium,Sales,North America
C09400,Bright Group,2024-10-11,USA,Manufacturing,Small,Paid Search,North America
C09401,Vertex Services,2025-08-02,Other,Manufacturing,Small,Referral,Other
C09402,Fusion Services,2025-02-15,Canada,Marketing,Small,Sales,North America
C09403,Bright Works,2025-03-10,India,Finance,Small,Organic Search,APAC
C09404,Core Software,2024-01-14,Singapore,Manufacturing,Medium,Organic Search,APAC
C09405,Summit Analytics,2024-05-06,Singapore,Technology,Medium,Referral,APAC
C09406,Core Solutions,2024-03-05,Australia,Manufacturing,Small,Organic Search,APAC
C09407,Blue Solutions,2024-08-16,UK,Technology,Large,Paid Social,Europe
C09408,Next Analytics,2024-06-04,India,Education,Small,Organic Search,APAC
C09409,Core Technologies,2024-12-07,USA,Finance,Medium,Organic Search,North America
C09410,Cloud Labs,2024-03-28,India,Finance,Medium,Paid Social,APAC
C09411,Blue Solutions,2024-10-27,USA,Healthcare,Small,Paid Search,North America
C09412,Bright Software,2024-03-31,Other,Professional Services,Small,Organic Search,Other
C09413,Summit Solutions,2024-01-31,Canada,Finance,Medium,Organic Search,North America
C09414,Nova Labs,2024-12-15,Germany,Other,Small,Email Marketing,Europe
C09415,Core Software,2025-07-28,Australia,Marketing,Medium,Organic Search,APAC
C09416,Summit Networks,2024-12-12,USA,Retail,Small,Paid Search,North America
C09417,Bright Systems,2024-12-03,Other,Other,Medium,Email Marketing,Other
C09418,Bright Technologies,2025-11-13,Other,Retail,Medium,Paid Social,Other
C09419,Nova Networks,2025-01-08,USA,Education,Small,Paid Search,North America
C09420,Blue Services,2024-12-26,UK,Technology,Medium,Sales,Europe
C09421,Cloud Works,2024-08-20,Canada,Technology,Medium,Organic Search,North America
C09422,Digital Group,2025-11-23,UK,Finance,Large,Organic Search,Europe
C09423,Blue Labs,2024-10-28,Other,Manufacturing,Small,Referral,Other
C09424,Fusion Solutions,2025-08-13,USA,Retail,Enterprise,Paid Search,North America
C09425,Core Labs,2025-08-12,USA,Professional Services,Medium,Sales,North America
C09426,Summit Labs,2025-04-29,Australia,Professional Services,Small,Sales,APAC
C09427,Summit Solutions,2025-01-21,USA,Technology,Medium,Referral,North America
C09428,Summit Analytics,2024-03-23,India,Manufacturing,Medium,Paid Search,APAC
C09429,Core Labs,2025-07-05,Singapore,Healthcare,Small,Paid Search,APAC
C09430,Vertex Analytics,2025-07-03,Australia,Healthcare,Small,Partner,APAC
C09431,Next Labs,2024-05-27,Other,Healthcare,Medium,Sales,Other
C09432,Apex Networks,2025-09-18,UK,Healthcare,Large,Paid Search,Europe
C09433,Fusion Works,2025-06-14,USA,Technology,Medium,Referral,North America
C09434,Nova Technologies,2024-10-24,USA,Technology,Small,Organic Search,North America
C09435,Blue Software,2024-09-01,India,Education,Medium,Partner,APAC
C09436,Nova Works,2024-09-05,UK,Professional Services,Small,Paid Search,Europe
C09437,Bright Analytics,2025-07-12,USA,Education,Medium,Sales,North America
C09438,Summit Works,2025-07-28,USA,Technology,Small,Organic Search,North America
C09439,Prime Technologies,2025-10-01,USA,Other,Medium,Organic Search,North America
C09440,Nova Solutions,2024-02-28,Canada,Retail,Small,Paid Search,North America
C09441,Next Systems,2025-08-06,USA,Technology,Small,Referral,North America
C09442,Bright Systems,2024-04-08,USA,Retail,Medium,Paid Search,North America
C09443,Apex Solutions,2024-01-26,UK,Healthcare,Small,Organic Search,Europe
C09444,Core Services,2025-09-20,Other,Marketing,Small,Organic Search,Other
C09445,Summit Systems,2025-04-06,India,Technology,Medium,Organic Search,APAC
C09446,Fusion Solutions,2024-08-25,USA,Education,Medium,Partner,North America
C09447,Core Works,2024-06-30,USA,Healthcare,Small,Paid Social,North America
C09448,Next Works,2025-09-12,India,Marketing,Small,Referral,APAC
C09449,Fusion Analytics,2025-09-24,USA,Finance,Medium,Organic Search,North America
C09450,Apex Works,2024-07-18,USA,Education,Medium,Paid Search,North America
C09451,Next Services,2024-09-07,USA,Professional Services,Enterprise,Partner,North America
C09452,Nova Solutions,2024-05-05,India,Professional Services,Small,Partner,APAC
C09453,Prime Labs,2024-09-19,UK,Retail,Medium,Sales,Europe
C09454,Core Software,2024-02-03,Australia,Other,Enterprise,Organic Search,APAC
C09455,Apex Analytics,2024-06-05,USA,Finance,Small,Sales,North America
C09456,Vertex Networks,2024-03-16,Canada,Manufacturing,Small,Paid Search,North America
C09457,Fusion Solutions,2025-09-04,Australia,Education,Small,Paid Search,APAC
C09458,Cloud Labs,2025-07-24,Australia,Technology,Medium,Email Marketing,APAC
C09459,Next Labs,2025-02-05,India,Healthcare,Medium,Paid Search,APAC
C09460,Core Works,2024-02-09,Canada,Healthcare,Small,Partner,North America
C09461,Nova Labs,2024-04-01,Other,Healthcare,Small,Partner,Other
C09462,Nova Works,2024-11-01,Singapore,Education,Large,Organic Search,APAC
C09463,Next Networks,2024-03-11,USA,Marketing,Medium,Partner,North America
C09464,Blue Labs,2025-11-18,India,Marketing,Small,Organic Search,APAC
C09465,Vertex Group,2024-08-26,UK,Other,Medium,Paid Social,Europe
C09466,Prime Networks,2024-04-12,USA,Finance,Medium,Paid Social,North America
C09467,Blue Services,2025-09-01,USA,Finance,Large,Organic Search,North America
C09468,Fusion Software,2024-03-02,India,Healthcare,Large,Paid Social,APAC
C09469,Summit Services,2024-02-17,USA,Manufacturing,Medium,Partner,North America
C09470,Fusion Systems,2025-05-28,UK,Retail,Small,Paid Search,Europe
C09471,Apex Group,2025-02-12,India,Marketing,Medium,Referral,APAC
C09472,Cloud Labs,2024-09-25,Australia,Healthcare,Small,Sales,APAC
C09473,Next Works,2024-10-05,India,Professional Services,Small,Partner,APAC
C09474,Next Labs,2025-05-21,UK,Education,Small,Paid Search,Europe
C09475,Apex Analytics,2024-02-18,USA,Technology,Enterprise,Paid Search,North America
C09476,Summit Software,2024-04-10,Other,Education,Small,Organic Search,Other
C09477,Cloud Systems,2025-02-28,India,Retail,Small,Organic Search,APAC
C09478,Vertex Technologies,2024-06-13,India,Healthcare,Small,Organic Search,APAC
C09479,Fusion Solutions,2024-11-26,USA,Marketing,Small,Organic Search,North America
C09480,Core Analytics,2025-09-11,USA,Manufacturing,Small,Paid Social,North America
C09481,Prime Analytics,2025-06-30,India,Technology,Medium,Email Marketing,APAC
C09482,Summit Analytics,2024-06-22,USA,Healthcare,Small,Sales,North America
C09483,Vertex Software,2025-05-24,USA,Manufacturing,Small,Partner,North America
C09484,Blue Labs,2024-03-29,Canada,Healthcare,Small,Referral,North America
C09485,Summit Works,2024-02-17,Canada,Healthcare,Medium,Sales,North America
C09486,Fusion Networks,2025-02-27,UK,Finance,Medium,Organic Search,Europe
C09487,Fusion Technologies,2025-10-20,USA,Education,Medium,Referral,North America
C09488,Blue Software,2025-11-03,Other,Marketing,Medium,Sales,Other
C09489,Core Services,2025-10-10,Other,Retail,Small,Email Marketing,Other
C09490,Prime Technologies,2024-12-04,Canada,Professional Services,Medium,Paid Search,North America
C09491,Next Group,2024-07-23,Singapore,Technology,Small,Partner,APAC
C09492,Summit Group,2025-08-11,USA,Marketing,Large,Organic Search,North America
C09493,Nova Works,2024-09-29,Other,Marketing,Medium,Organic Search,Other
C09494,Fusion Analytics,2024-02-11,Canada,Education,Enterprise,Partner,North America
C09495,Vertex Solutions,2025-11-22,Australia,Professional Services,Medium,Sales,APAC
C09496,Summit Technologies,2025-01-26,USA,Finance,Large,Sales,North America
C09497,Summit Labs,2025-04-01,Australia,Retail,Medium,Paid Search,APAC
C09498,Apex Software,2024-02-12,Australia,Retail,Small,Partner,APAC
C09499,Nova Labs,2024-04-16,India,Finance,Medium,Referral,APAC
C09500,Vertex Group,2025-07-12,Australia,Professional Services,Medium,Sales,APAC
C09501,Apex Technologies,2024-08-23,USA,Professional Services,Medium,Paid Search,North America
C09502,Next Networks,2024-12-15,Canada,Finance,Enterprise,Sales,North America
C09503,Summit Software,2025-10-28,USA,Technology,Small,Paid Search,North America
C09504,Fusion Group,2024-07-30,Singapore,Finance,Medium,Sales,APAC
C09505,Core Labs,2025-02-14,Singapore,Manufacturing,Small,Paid Search,APAC
C09506,Bright Group,2025-11-14,USA,Retail,Small,Email Marketing,North America
C09507,Next Technologies,2024-07-10,Other,Manufacturing,Small,Paid Search,Other
C09508,Digital Labs,2024-03-30,Other,Technology,Small,Partner,Other
C09509,Blue Technologies,2024-03-22,India,Marketing,Medium,Sales,APAC
C09510,Prime Solutions,2025-04-03,USA,Marketing,Small,Referral,North America
C09511,Vertex Analytics,2025-08-05,Australia,Technology,Medium,Paid Search,APAC
C09512,Nova Analytics,2024-09-25,Australia,Finance,Small,Sales,APAC
C09513,Core Works,2025-11-08,India,Other,Small,Organic Search,APAC
C09514,Next Services,2025-11-09,UK,Finance,Medium,Sales,Europe
C09515,Vertex Works,2024-09-10,India,Education,Small,Paid Social,APAC
C09516,Apex Group,2024-02-29,Canada,Marketing,Small,Organic Search,North America
C09517,Vertex Group,2024-06-01,Germany,Professional Services,Small,Sales,Europe
C09518,Next Group,2025-03-23,UK,Retail,Small,Partner,Europe
C09519,Blue Works,2025-07-07,Australia,Healthcare,Small,Referral,APAC
C09520,Bright Networks,2024-06-10,Canada,Finance,Large,Sales,North America
C09521,Summit Software,2024-11-27,USA,Finance,Medium,Organic Search,North America
C09522,Nova Systems,2024-07-28,UK,Retail,Large,Paid Search,Europe
C09523,Nova Technologies,2025-07-15,Canada,Other,Small,Partner,North America
C09524,Apex Analytics,2025-11-01,USA,Retail,Medium,Paid Social,North America
C09525,Summit Services,2024-07-03,Other,Healthcare,Large,Sales,Other
C09526,Nova Technologies,2024-10-14,USA,Technology,Small,Email Marketing,North America
C09527,Prime Networks,2025-08-29,India,Professional Services,Medium,Organic Search,APAC
C09528,Core Services,2024-07-12,Australia,Education,Medium,Organic Search,APAC
C09529,Nova Works,2025-05-19,Canada,Manufacturing,Small,Paid Search,North America
C09530,Summit Solutions,2025-06-22,UK,Manufacturing,Medium,Partner,Europe
C09531,Summit Labs,2025-07-08,USA,Technology,Large,Paid Search,North America
C09532,Core Technologies,2024-04-02,Australia,Healthcare,Medium,Sales,APAC
C09533,Digital Software,2025-05-03,India,Healthcare,Small,Organic Search,APAC
C09534,Digital Group,2024-08-22,UK,Marketing,Small,Organic Search,Europe
C09535,Vertex Analytics,2025-06-26,USA,Other,Medium,Organic Search,North America
C09536,Fusion Networks,2024-11-16,India,Technology,Large,Referral,APAC
C09537,Bright Analytics,2025-03-24,USA,Education,Enterprise,Paid Search,North America
C09538,Bright Systems,2024-01-19,Other,Professional Services,Small,Partner,Other
C09539,Next Software,2024-12-29,Germany,Technology,Medium,Referral,Europe
C09540,Next Works,2024-11-11,USA,Technology,Small,Paid Search,North America
C09541,Core Group,2025-03-15,India,Retail,Small,Referral,APAC
C09542,Core Analytics,2024-03-08,UK,Finance,Medium,Referral,Europe
C09543,Vertex Services,2025-05-29,India,Technology,Large,Paid Search,APAC
C09544,Next Networks,2025-01-14,USA,Education,Medium,Paid Search,North America
C09545,Apex Analytics,2025-11-24,Other,Finance,Medium,Paid Social,Other
C09546,Fusion Services,2025-05-13,India,Finance,Small,Organic Search,APAC
C09547,Nova Analytics,2025-11-09,Other,Other,Small,Referral,Other
C09548,Next Analytics,2025-09-18,Germany,Education,Medium,Paid Search,Europe
C09549,Digital Systems,2025-09-09,Canada,Finance,Medium,Paid Search,North America
C09550,Apex Labs,2024-11-30,India,Finance,Small,Referral,APAC
C09551,Fusion Group,2024-04-06,Germany,Technology,Large,Organic Search,Europe
C09552,Blue Labs,2024-08-03,Germany,Retail,Medium,Paid Search,Europe
C09553,Summit Group,2025-01-25,UK,Manufacturing,Medium,Paid Search,Europe
C09554,Digital Networks,2025-05-22,UK,Healthcare,Medium,Referral,Europe
C09555,Digital Technologies,2024-06-14,UK,Marketing,Medium,Paid Social,Europe
C09556,Vertex Group,2025-02-25,UK,Professional Services,Small,Paid Social,Europe
C09557,Summit Analytics,2025-04-26,India,Technology,Enterprise,Paid Search,APAC
C09558,Digital Labs,2025-10-24,USA,Healthcare,Medium,Paid Search,North America
C09559,Nova Works,2025-05-03,USA,Retail,Large,Sales,North America
C09560,Digital Systems,2025-08-21,India,Marketing,Medium,Organic Search,APAC
C09561,Vertex Labs,2024-11-03,Other,Retail,Medium,Paid Social,Other
C09562,Cloud Works,2025-10-30,Australia,Technology,Medium,Paid Search,APAC
C09563,Blue Networks,2024-09-04,India,Retail,Medium,Organic Search,APAC
C09564,Vertex Labs,2024-07-02,Germany,Marketing,Large,Referral,Europe
C09565,Fusion Services,2024-02-12,Canada,Other,Medium,Organic Search,North America
C09566,Bright Analytics,2025-01-23,Australia,Professional Services,Medium,Paid Search,APAC
C09567,Next Services,2024-07-24,Other,Finance,Small,Organic Search,Other
C09568,Fusion Solutions,2025-05-10,USA,Professional Services,Small,Partner,North America
C09569,Digital Labs,2024-02-05,Canada,Other,Medium,Paid Social,North America
C09570,Vertex Analytics,2024-01-18,Singapore,Technology,Medium,Partner,APAC
C09571,Fusion Networks,2024-04-22,UK,Healthcare,Small,Sales,Europe
C09572,Bright Technologies,2024-02-23,UK,Education,Medium,Paid Social,Europe
C09573,Next Group,2025-03-13,USA,Technology,Small,Organic Search,North America
C09574,Apex Technologies,2025-11-21,Canada,Technology,Medium,Referral,North America
C09575,Next Technologies,2024-10-09,UK,Healthcare,Small,Sales,Europe
C09576,Core Services,2024-11-11,India,Professional Services,Medium,Organic Search,APAC
C09577,Vertex Labs,2024-08-08,India,Marketing,Small,Referral,APAC
C09578,Bright Technologies,2024-03-16,USA,Retail,Medium,Paid Search,North America
C09579,Next Software,2025-09-17,USA,Professional Services,Small,Email Marketing,North America
C09580,Cloud Solutions,2025-07-07,Canada,Manufacturing,Small,Email Marketing,North America
C09581,Next Software,2024-02-05,USA,Retail,Small,Organic Search,North America
C09582,Cloud Systems,2025-04-10,USA,Professional Services,Medium,Partner,North America
C09583,Digital Software,2024-09-07,USA,Retail,Medium,Paid Search,North America
C09584,Next Solutions,2025-04-13,USA,Finance,Small,Paid Search,North America
C09585,Summit Technologies,2024-05-12,UK,Retail,Small,Paid Search,Europe
C09586,Digital Analytics,2025-08-08,Singapore,Technology,Medium,Sales,APAC
C09587,Fusion Works,2025-07-13,Canada,Technology,Enterprise,Organic Search,North America
C09588,Fusion Networks,2024-12-12,Australia,Finance,Medium,Paid Search,APAC
C09589,Bright Labs,2024-06-25,Singapore,Technology,Small,Organic Search,APAC
C09590,Vertex Solutions,2025-10-01,Australia,Technology,Large,Paid Search,APAC
C09591,Next Group,2025-07-01,USA,Finance,Medium,Paid Search,North America
C09592,Fusion Networks,2024-10-19,Germany,Other,Small,Sales,Europe
C09593,Next Analytics,2024-12-07,UK,Finance,Small,Paid Social,Europe
C09594,Vertex Analytics,2025-10-27,Other,Retail,Medium,Paid Search,Other
C09595,Vertex Systems,2025-09-24,UK,Technology,Small,Sales,Europe
C09596,Vertex Group,2024-05-06,USA,Finance,Small,Organic Search,North America
C09597,Fusion Technologies,2024-09-11,USA,Technology,Large,Paid Search,North America
C09598,Digital Technologies,2024-09-03,India,Professional Services,Medium,Email Marketing,APAC
C09599,Cloud Solutions,2025-01-03,India,Finance,Medium,Sales,APAC
C09600,Blue Systems,2024-12-13,USA,Retail,Small,Referral,North America
C09601,Core Analytics,2024-01-05,USA,Professional Services,Small,Partner,North America
C09602,Apex Analytics,2024-07-15,USA,Retail,Small,Referral,North America
C09603,Summit Networks,2025-08-12,India,Marketing,Medium,Paid Search,APAC
C09604,Apex Technologies,2025-08-04,Other,Technology,Small,Organic Search,Other
C09605,Cloud Analytics,2025-03-04,USA,Technology,Small,Paid Social,North America
C09606,Core Services,2025-04-04,Canada,Finance,Medium,Email Marketing,North America
C09607,Next Works,2025-08-31,USA,Retail,Large,Partner,North America
C09608,Bright Systems,2025-07-29,Other,Technology,Large,Organic Search,Other
C09609,Summit Software,2025-02-20,Canada,Technology,Small,Paid Social,North America
C09610,Nova Systems,2025-03-16,USA,Education,Small,Paid Search,North America
C09611,Prime Technologies,2025-05-08,Other,Technology,Small,Sales,Other
C09612,Digital Works,2025-06-28,India,Healthcare,Small,Referral,APAC
C09613,Core Systems,2025-06-10,Australia,Retail,Small,Paid Search,APAC
C09614,Next Systems,2025-10-23,USA,Technology,Large,Referral,North America
C09615,Summit Services,2025-11-26,UK,Other,Medium,Paid Social,Europe
C09616,Cloud Works,2024-10-15,Canada,Healthcare,Medium,Partner,North America
C09617,Nova Services,2024-02-26,Australia,Manufacturing,Large,Paid Search,APAC
C09618,Nova Software,2025-06-22,India,Other,Large,Sales,APAC
C09619,Prime Systems,2024-11-12,USA,Technology,Large,Paid Search,North America
C09620,Core Software,2024-03-26,Germany,Finance,Large,Paid Social,Europe
C09621,Summit Works,2025-05-24,USA,Retail,Large,Referral,North America
C09622,Vertex Solutions,2025-11-15,USA,Retail,Small,Organic Search,North America
C09623,Summit Group,2025-07-30,Germany,Manufacturing,Enterprise,Organic Search,Europe
C09624,Bright Solutions,2025-09-08,Australia,Finance,Medium,Sales,APAC
C09625,Prime Works,2025-06-01,Other,Retail,Large,Email Marketing,Other
C09626,Summit Systems,2025-08-03,USA,Healthcare,Medium,Partner,North America
C09627,Summit Solutions,2025-02-07,UK,Technology,Large,Email Marketing,Europe
C09628,Next Software,2025-05-20,UK,Education,Small,Email Marketing,Europe
C09629,Digital Works,2024-10-15,UK,Retail,Large,Organic Search,Europe
C09630,Next Services,2024-01-15,USA,Healthcare,Small,Sales,North America
C09631,Digital Analytics,2025-11-13,USA,Manufacturing,Small,Organic Search,North America
C09632,Bright Solutions,2024-03-23,India,Education,Small,Organic Search,APAC
C09633,Apex Works,2024-11-06,Germany,Professional Services,Medium,Referral,Europe
C09634,Digital Works,2025-11-13,USA,Retail,Medium,Referral,North America
C09635,Vertex Software,2025-04-15,USA,Finance,Medium,Organic Search,North America
C09636,Vertex Labs,2024-08-09,Australia,Education,Medium,Email Marketing,APAC
C09637,Bright Networks,2025-05-17,UK,Retail,Large,Sales,Europe
C09638,Core Solutions,2024-10-09,USA,Retail,Large,Referral,North America
C09639,Cloud Solutions,2025-05-19,USA,Technology,Small,Email Marketing,North America
C09640,Prime Software,2024-05-30,UK,Professional Services,Small,Paid Social,Europe
C09641,Prime Services,2024-12-16,UK,Retail,Medium,Organic Search,Europe
C09642,Vertex Group,2025-06-10,Australia,Education,Small,Organic Search,APAC
C09643,Next Services,2025-09-07,USA,Manufacturing,Large,Organic Search,North America
C09644,Vertex Labs,2024-05-07,USA,Healthcare,Medium,Partner,North America
C09645,Prime Software,2025-08-10,UK,Other,Small,Sales,Europe
C09646,Core Group,2024-08-02,Singapore,Marketing,Small,Organic Search,APAC
C09647,Nova Technologies,2025-05-01,USA,Retail,Small,Organic Search,North America
C09648,Digital Analytics,2024-03-16,Other,Technology,Small,Paid Search,Other
C09649,Apex Systems,2025-11-02,USA,Technology,Small,Partner,North America
C09650,Apex Labs,2025-10-03,Canada,Finance,Medium,Paid Social,North America
C09651,Nova Analytics,2025-03-02,India,Technology,Large,Paid Search,APAC
C09652,Prime Solutions,2025-08-22,USA,Education,Enterprise,Partner,North America
C09653,Summit Networks,2025-10-21,Canada,Technology,Small,Email Marketing,North America
C09654,Nova Works,2025-06-11,UK,Healthcare,Small,Organic Search,Europe
C09655,Fusion Solutions,2024-03-25,Australia,Retail,Small,Paid Social,APAC
C09656,Apex Labs,2025-09-05,Other,Education,Large,Organic Search,Other
C09657,Cloud Solutions,2024-03-31,India,Technology,Medium,Email Marketing,APAC
C09658,Vertex Group,2025-06-11,UK,Healthcare,Large,Sales,Europe
C09659,Core Technologies,2025-03-19,USA,Education,Small,Paid Search,North America
C09660,Bright Software,2024-06-18,USA,Finance,Medium,Organic Search,North America
C09661,Cloud Analytics,2024-10-24,Germany,Professional Services,Medium,Organic Search,Europe
C09662,Fusion Networks,2024-12-11,USA,Technology,Medium,Referral,North America
C09663,Core Networks,2024-01-17,UK,Healthcare,Large,Referral,Europe
C09664,Prime Networks,2025-09-06,USA,Finance,Small,Sales,North America
C09665,Digital Services,2024-05-20,India,Technology,Large,Paid Search,APAC
C09666,Core Systems,2025-01-09,Canada,Marketing,Small,Paid Search,North America
C09667,Blue Group,2025-09-24,USA,Technology,Small,Referral,North America
C09668,Apex Technologies,2024-06-14,Other,Technology,Medium,Partner,Other
C09669,Next Labs,2025-04-04,USA,Retail,Small,Organic Search,North America
C09670,Prime Networks,2024-11-23,USA,Finance,Small,Paid Search,North America
C09671,Bright Solutions,2024-08-13,India,Technology,Medium,Sales,APAC
C09672,Fusion Technologies,2024-11-26,USA,Finance,Small,Partner,North America
C09673,Vertex Software,2024-01-06,India,Technology,Small,Referral,APAC
C09674,Summit Analytics,2025-05-08,Australia,Technology,Small,Partner,APAC
C09675,Nova Systems,2024-01-16,Canada,Professional Services,Large,Paid Search,North America
C09676,Vertex Group,2025-02-19,Other,Marketing,Small,Paid Social,Other
C09677,Vertex Analytics,2025-02-02,USA,Professional Services,Small,Paid Search,North America
C09678,Nova Systems,2025-08-19,USA,Retail,Medium,Organic Search,North America
C09679,Summit Software,2025-07-28,UK,Manufacturing,Large,Organic Search,Europe
C09680,Cloud Networks,2024-01-06,UK,Healthcare,Small,Paid Search,Europe
C09681,Summit Networks,2024-03-25,UK,Marketing,Medium,Paid Social,Europe
C09682,Prime Networks,2024-12-16,USA,Education,Small,Organic Search,North America
C09683,Vertex Solutions,2024-07-06,UK,Technology,Enterprise,Partner,Europe
C09684,Bright Systems,2025-08-22,Australia,Professional Services,Small,Paid Search,APAC
C09685,Nova Systems,2025-07-08,UK,Technology,Medium,Referral,Europe
C09686,Blue Works,2024-03-17,Germany,Marketing,Large,Referral,Europe
C09687,Next Systems,2024-01-12,USA,Retail,Small,Paid Social,North America
C09688,Digital Works,2024-05-30,USA,Manufacturing,Small,Paid Search,North America
C09689,Core Services,2025-06-16,USA,Other,Medium,Referral,North America
C09690,Summit Works,2025-10-28,India,Retail,Enterprise,Partner,APAC
C09691,Bright Solutions,2025-10-23,India,Finance,Medium,Sales,APAC
C09692,Vertex Works,2025-04-22,Australia,Professional Services,Large,Email Marketing,APAC
C09693,Digital Networks,2024-11-27,Australia,Technology,Small,Paid Social,APAC
C09694,Vertex Technologies,2025-11-29,Canada,Technology,Medium,Referral,North America
C09695,Summit Technologies,2024-03-21,USA,Healthcare,Small,Partner,North America
C09696,Vertex Group,2024-02-20,India,Healthcare,Small,Organic Search,APAC
C09697,Core Networks,2024-05-25,USA,Technology,Small,Paid Social,North America
C09698,Apex Works,2024-10-21,Other,Healthcare,Small,Organic Search,Other
C09699,Blue Analytics,2024-11-08,Germany,Finance,Medium,Paid Search,Europe
C09700,Next Networks,2024-05-26,USA,Professional Services,Small,Sales,North America
C09701,Apex Works,2025-02-14,USA,Technology,Medium,Sales,North America
C09702,Vertex Networks,2025-09-30,UK,Education,Small,Sales,Europe
C09703,Core Group,2025-08-29,USA,Technology,Medium,Sales,North America
C09704,Nova Systems,2025-09-17,USA,Manufacturing,Medium,Organic Search,North America
C09705,Next Systems,2024-01-09,USA,Retail,Small,Referral,North America
C09706,Prime Services,2025-06-26,USA,Education,Small,Email Marketing,North America
C09707,Vertex Systems,2024-04-02,India,Technology,Small,Sales,APAC
C09708,Digital Services,2025-10-03,Other,Finance,Small,Partner,Other
C09709,Core Group,2024-05-01,Germany,Professional Services,Medium,Sales,Europe
C09710,Next Works,2025-05-01,India,Manufacturing,Small,Paid Social,APAC
C09711,Fusion Analytics,2024-03-30,USA,Retail,Small,Organic Search,North America
C09712,Digital Technologies,2025-11-28,Australia,Finance,Small,Paid Search,APAC
C09713,Prime Analytics,2025-06-15,USA,Other,Small,Paid Search,North America
C09714,Nova Group,2024-02-23,UK,Finance,Small,Referral,Europe
C09715,Next Software,2025-03-19,Other,Education,Small,Partner,Other
C09716,Core Systems,2024-07-26,Canada,Education,Medium,Referral,North America
C09717,Bright Systems,2024-11-14,USA,Retail,Small,Referral,North America
C09718,Fusion Technologies,2024-04-23,UK,Healthcare,Small,Paid Search,Europe
C09719,Prime Services,2024-01-29,Canada,Professional Services,Medium,Referral,North America
C09720,Prime Networks,2024-05-12,USA,Technology,Medium,Organic Search,North America
C09721,Fusion Solutions,2025-11-17,India,Healthcare,Small,Referral,APAC
C09722,Nova Analytics,2024-05-02,USA,Manufacturing,Small,Email Marketing,North America
C09723,Core Labs,2024-12-30,UK,Healthcare,Small,Paid Search,Europe
C09724,Vertex Solutions,2024-06-23,UK,Healthcare,Large,Organic Search,Europe
C09725,Digital Labs,2024-03-09,UK,Healthcare,Small,Sales,Europe
C09726,Next Analytics,2025-02-14,India,Finance,Small,Sales,APAC
C09727,Next Works,2024-12-28,India,Marketing,Small,Organic Search,APAC
C09728,Blue Software,2025-11-30,USA,Marketing,Medium,Sales,North America
C09729,Fusion Services,2025-08-11,Canada,Finance,Large,Partner,North America
C09730,Vertex Analytics,2025-07-14,USA,Technology,Medium,Referral,North America
C09731,Blue Labs,2024-07-24,Canada,Retail,Small,Referral,North America
C09732,Blue Analytics,2024-05-16,USA,Manufacturing,Small,Paid Search,North America
C09733,Fusion Services,2024-12-29,UK,Manufacturing,Small,Organic Search,Europe
C09734,Fusion Systems,2024-01-12,India,Retail,Medium,Paid Search,APAC
C09735,Apex Technologies,2024-05-02,USA,Healthcare,Small,Partner,North America
C09736,Core Group,2024-06-22,India,Retail,Small,Referral,APAC
C09737,Bright Technologies,2025-06-11,USA,Professional Services,Small,Paid Search,North America
C09738,Bright Networks,2025-11-17,UK,Other,Large,Organic Search,Europe
C09739,Bright Labs,2025-08-20,India,Technology,Small,Sales,APAC
C09740,Nova Technologies,2025-02-13,UK,Retail,Small,Organic Search,Europe
C09741,Fusion Systems,2025-02-25,UK,Retail,Small,Organic Search,Europe
C09742,Core Technologies,2024-11-13,USA,Technology,Small,Partner,North America
C09743,Fusion Works,2024-12-26,USA,Technology,Medium,Organic Search,North America
C09744,Core Technologies,2025-01-18,UK,Finance,Medium,Paid Search,Europe
C09745,Digital Labs,2024-03-25,USA,Retail,Medium,Paid Search,North America
C09746,Core Group,2025-02-23,USA,Healthcare,Enterprise,Sales,North America
C09747,Bright Works,2025-06-17,USA,Education,Small,Paid Social,North America
C09748,Fusion Services,2024-08-21,USA,Technology,Large,Organic Search,North America
C09749,Apex Software,2024-11-10,USA,Marketing,Medium,Organic Search,North America
C09750,Summit Works,2024-11-21,USA,Finance,Large,Organic Search,North America
C09751,Next Group,2024-01-18,Australia,Retail,Small,Organic Search,APAC
C09752,Blue Services,2025-06-01,USA,Professional Services,Medium,Sales,North America
C09753,Prime Solutions,2024-03-17,Other,Professional Services,Medium,Referral,Other
C09754,Nova Analytics,2024-04-11,USA,Education,Large,Paid Search,North America
C09755,Prime Technologies,2025-03-07,Canada,Technology,Medium,Email Marketing,North America
C09756,Blue Solutions,2024-03-25,India,Finance,Large,Referral,APAC
C09757,Vertex Analytics,2025-06-17,USA,Finance,Small,Organic Search,North America
C09758,Vertex Networks,2024-03-31,Other,Professional Services,Medium,Paid Search,Other
C09759,Fusion Works,2025-03-22,USA,Finance,Medium,Referral,North America
C09760,Fusion Software,2025-08-20,UK,Marketing,Medium,Paid Search,Europe
C09761,Nova Networks,2025-01-07,UK,Technology,Medium,Paid Social,Europe
C09762,Blue Systems,2024-04-19,UK,Finance,Medium,Referral,Europe
C09763,Cloud Labs,2024-04-16,India,Marketing,Enterprise,Partner,APAC
C09764,Next Solutions,2025-03-14,USA,Finance,Medium,Paid Search,North America
C09765,Cloud Systems,2024-01-28,USA,Finance,Medium,Organic Search,North America
C09766,Vertex Technologies,2024-07-12,USA,Technology,Medium,Organic Search,North America
C09767,Vertex Networks,2024-09-03,India,Education,Medium,Email Marketing,APAC
C09768,Digital Software,2025-01-08,USA,Finance,Small,Paid Social,North America
C09769,Vertex Networks,2024-06-05,Other,Retail,Medium,Paid Search,Other
C09770,Nova Labs,2024-08-31,Other,Manufacturing,Medium,Paid Social,Other
C09771,Fusion Software,2025-03-04,UK,Finance,Medium,Organic Search,Europe
C09772,Fusion Technologies,2025-09-04,USA,Education,Enterprise,Referral,North America
C09773,Prime Software,2024-10-13,Australia,Education,Small,Paid Search,APAC
C09774,Fusion Analytics,2025-06-02,Australia,Professional Services,Small,Partner,APAC
C09775,Nova Solutions,2025-10-10,UK,Manufacturing,Large,Paid Social,Europe
C09776,Digital Works,2024-08-29,UK,Professional Services,Medium,Sales,Europe
C09777,Summit Works,2024-08-31,Canada,Finance,Medium,Email Marketing,North America
C09778,Nova Works,2025-10-11,India,Finance,Small,Referral,APAC
C09779,Digital Analytics,2024-05-15,USA,Technology,Small,Paid Search,North America
C09780,Cloud Works,2024-12-26,Germany,Retail,Small,Referral,Europe
C09781,Next Works,2024-12-27,India,Retail,Medium,Sales,APAC
C09782,Nova Analytics,2024-03-08,Australia,Technology,Small,Paid Social,APAC
C09783,Vertex Group,2024-09-16,India,Healthcare,Small,Paid Search,APAC
C09784,Apex Works,2025-09-16,UK,Manufacturing,Small,Organic Search,Europe
C09785,Fusion Solutions,2025-04-26,Germany,Healthcare,Large,Paid Social,Europe
C09786,Prime Networks,2024-05-04,USA,Marketing,Medium,Organic Search,North America
C09787,Prime Networks,2024-04-03,India,Professional Services,Large,Referral,APAC
C09788,Next Group,2025-04-19,Australia,Education,Medium,Organic Search,APAC
C09789,Cloud Services,2025-04-23,USA,Technology,Large,Paid Social,North America
C09790,Core Services,2024-05-23,UK,Healthcare,Small,Paid Search,Europe
C09791,Cloud Services,2024-11-02,UK,Other,Small,Partner,Europe
C09792,Core Technologies,2025-03-09,UK,Retail,Large,Paid Search,Europe
C09793,Apex Group,2024-09-14,Canada,Manufacturing,Medium,Paid Search,North America
C09794,Bright Technologies,2025-09-10,USA,Retail,Large,Referral,North America
C09795,Bright Networks,2024-11-28,USA,Technology,Small,Paid Search,North America
C09796,Summit Analytics,2024-08-15,India,Technology,Small,Paid Search,APAC
C09797,Blue Analytics,2025-09-25,USA,Marketing,Small,Sales,North America
C09798,Next Solutions,2024-11-17,Other,Professional Services,Medium,Partner,Other
C09799,Fusion Solutions,2024-11-03,USA,Technology,Small,Organic Search,North America
C09800,Fusion Works,2024-09-28,India,Technology,Small,Paid Search,APAC
C09801,Summit Services,2025-08-06,India,Professional Services,Medium,Referral,APAC
C09802,Prime Technologies,2025-08-05,Other,Technology,Enterprise,Partner,Other
C09803,Bright Systems,2024-02-22,Australia,Professional Services,Small,Referral,APAC
C09804,Nova Labs,2025-10-20,Australia,Healthcare,Enterprise,Paid Search,APAC
C09805,Nova Works,2025-01-09,UK,Technology,Medium,Referral,Europe
C09806,Bright Works,2025-03-06,Germany,Marketing,Large,Paid Search,Europe
C09807,Bright Solutions,2025-10-22,Germany,Healthcare,Small,Paid Social,Europe
C09808,Core Software,2025-08-27,Other,Healthcare,Medium,Email Marketing,Other
C09809,Apex Group,2024-08-07,UK,Manufacturing,Small,Paid Search,Europe
C09810,Core Labs,2025-05-23,Other,Technology,Medium,Referral,Other
C09811,Bright Networks,2025-08-10,USA,Manufacturing,Enterprise,Organic Search,North America
C09812,Nova Systems,2024-09-10,Canada,Professional Services,Medium,Paid Social,North America
C09813,Core Technologies,2025-10-31,USA,Finance,Small,Partner,North America
C09814,Summit Works,2025-06-03,India,Healthcare,Small,Partner,APAC
C09815,Vertex Services,2025-08-21,Australia,Manufacturing,Small,Partner,APAC
C09816,Vertex Technologies,2024-11-03,Germany,Finance,Medium,Partner,Europe
C09817,Prime Solutions,2024-06-17,USA,Healthcare,Small,Paid Social,North America
C09818,Next Services,2024-10-01,Singapore,Technology,Medium,Organic Search,APAC
C09819,Summit Labs,2024-06-02,India,Retail,Medium,Partner,APAC
C09820,Apex Analytics,2025-03-18,USA,Technology,Large,Paid Search,North America
C09821,Next Services,2025-09-28,Canada,Finance,Small,Sales,North America
C09822,Core Works,2024-01-05,UK,Retail,Medium,Partner,Europe
C09823,Next Analytics,2025-06-01,Australia,Professional Services,Medium,Email Marketing,APAC
C09824,Fusion Works,2025-06-04,USA,Healthcare,Large,Paid Social,North America
C09825,Prime Group,2024-09-18,UK,Other,Medium,Email Marketing,Europe
C09826,Vertex Works,2024-10-20,Australia,Marketing,Medium,Partner,APAC
C09827,Apex Solutions,2025-08-12,India,Marketing,Medium,Sales,APAC
C09828,Fusion Analytics,2025-05-08,USA,Professional Services,Small,Paid Search,North America
C09829,Fusion Services,2024-10-04,USA,Finance,Medium,Email Marketing,North America
C09830,Fusion Works,2025-03-22,Singapore,Healthcare,Large,Referral,APAC
C09831,Digital Works,2024-08-18,USA,Other,Medium,Paid Search,North America
C09832,Bright Software,2024-05-06,USA,Technology,Large,Sales,North America
C09833,Cloud Systems,2024-05-30,USA,Professional Services,Small,Organic Search,North America
C09834,Prime Group,2025-05-01,USA,Healthcare,Small,Referral,North America
C09835,Bright Labs,2024-03-24,USA,Education,Small,Organic Search,North America
C09836,Fusion Software,2024-04-14,India,Retail,Large,Partner,APAC
C09837,Nova Systems,2024-09-17,UK,Technology,Enterprise,Referral,Europe
C09838,Bright Services,2024-11-06,USA,Healthcare,Small,Organic Search,North America
C09839,Blue Group,2024-06-25,USA,Healthcare,Small,Referral,North America
C09840,Cloud Software,2025-11-17,India,Healthcare,Small,Referral,APAC
C09841,Digital Works,2024-02-12,India,Finance,Small,Email Marketing,APAC
C09842,Summit Solutions,2024-11-02,USA,Healthcare,Small,Referral,North America
C09843,Next Software,2024-04-25,USA,Professional Services,Small,Organic Search,North America
C09844,Bright Labs,2025-01-24,USA,Other,Small,Partner,North America
C09845,Prime Services,2024-05-26,India,Healthcare,Small,Sales,APAC
C09846,Cloud Services,2024-09-23,Germany,Manufacturing,Large,Paid Social,Europe
C09847,Fusion Systems,2024-01-09,USA,Technology,Small,Paid Search,North America
C09848,Summit Software,2024-07-10,Australia,Technology,Small,Email Marketing,APAC
C09849,Apex Networks,2024-04-29,UK,Technology,Large,Referral,Europe
C09850,Nova Networks,2025-11-04,UK,Technology,Large,Paid Search,Europe
C09851,Digital Services,2024-12-17,Canada,Retail,Large,Referral,North America
C09852,Fusion Systems,2025-04-04,Canada,Manufacturing,Medium,Paid Search,North America
C09853,Next Group,2024-03-31,USA,Healthcare,Medium,Paid Search,North America
C09854,Cloud Services,2025-09-12,Germany,Healthcare,Enterprise,Paid Search,Europe
C09855,Summit Networks,2024-10-20,UK,Marketing,Enterprise,Paid Social,Europe
C09856,Blue Solutions,2025-03-30,USA,Professional Services,Large,Organic Search,North America
C09857,Nova Works,2025-08-02,Germany,Technology,Medium,Organic Search,Europe
C09858,Fusion Systems,2025-07-08,UK,Professional Services,Medium,Organic Search,Europe
C09859,Next Software,2024-05-18,Canada,Retail,Large,Organic Search,North America
C09860,Nova Systems,2025-06-02,USA,Technology,Small,Paid Social,North America
C09861,Fusion Works,2024-07-27,India,Finance,Medium,Paid Search,APAC
C09862,Vertex Services,2025-01-22,India,Manufacturing,Medium,Sales,APAC
C09863,Prime Services,2025-03-03,UK,Technology,Medium,Referral,Europe
C09864,Prime Software,2024-12-27,USA,Finance,Small,Paid Search,North America
C09865,Apex Solutions,2024-11-21,Singapore,Technology,Medium,Email Marketing,APAC
C09866,Bright Networks,2025-03-12,India,Manufacturing,Small,Email Marketing,APAC
C09867,Nova Systems,2024-03-01,USA,Retail,Medium,Organic Search,North America
C09868,Nova Analytics,2024-06-17,USA,Finance,Medium,Organic Search,North America
C09869,Bright Systems,2025-08-13,USA,Technology,Medium,Paid Social,North America
C09870,Summit Analytics,2024-08-13,Singapore,Education,Medium,Paid Search,APAC
C09871,Summit Services,2025-01-17,USA,Professional Services,Medium,Partner,North America
C09872,Next Group,2025-09-24,USA,Healthcare,Medium,Organic Search,North America
C09873,Apex Technologies,2025-06-07,UK,Finance,Medium,Paid Social,Europe
C09874,Summit Analytics,2024-10-13,USA,Retail,Small,Referral,North America
C09875,Bright Works,2024-08-06,UK,Professional Services,Large,Referral,Europe
C09876,Summit Works,2024-12-22,Germany,Professional Services,Large,Email Marketing,Europe
C09877,Core Networks,2025-01-14,India,Other,Small,Organic Search,APAC
C09878,Nova Systems,2025-02-07,Other,Retail,Small,Paid Social,Other
C09879,Nova Software,2025-02-05,USA,Other,Small,Referral,North America
C09880,Fusion Software,2024-02-12,Canada,Finance,Medium,Paid Social,North America
C09881,Core Systems,2025-05-15,India,Marketing,Enterprise,Sales,APAC
C09882,Nova Technologies,2024-01-03,Germany,Retail,Medium,Paid Social,Europe
C09883,Fusion Systems,2025-06-21,Canada,Marketing,Small,Paid Social,North America
C09884,Blue Works,2024-11-17,India,Marketing,Large,Paid Search,APAC
C09885,Blue Software,2025-10-10,USA,Retail,Large,Organic Search,North America
C09886,Next Technologies,2025-01-04,Canada,Finance,Small,Organic Search,North America
C09887,Prime Networks,2025-05-06,USA,Technology,Small,Referral,North America
C09888,Apex Systems,2024-01-20,Other,Marketing,Enterprise,Sales,Other
C09889,Nova Systems,2024-04-09,India,Finance,Large,Email Marketing,APAC
C09890,Bright Services,2025-06-13,Other,Manufacturing,Small,Referral,Other
C09891,Nova Works,2025-06-11,USA,Retail,Medium,Paid Search,North America
C09892,Vertex Software,2025-09-09,Other,Professional Services,Medium,Organic Search,Other
C09893,Core Software,2024-11-01,Germany,Education,Medium,Sales,Europe
C09894,Bright Analytics,2024-07-31,Canada,Other,Large,Partner,North America
C09895,Fusion Solutions,2024-03-23,Germany,Education,Small,Paid Social,Europe
C09896,Vertex Works,2025-09-08,UK,Professional Services,Medium,Organic Search,Europe
C09897,Nova Labs,2025-02-08,Singapore,Technology,Small,Organic Search,APAC
C09898,Cloud Services,2024-06-24,Canada,Manufacturing,Medium,Paid Search,North America
C09899,Vertex Technologies,2025-01-09,UK,Retail,Large,Organic Search,Europe
C09900,Cloud Software,2024-07-27,Other,Manufacturing,Large,Organic Search,Other
C09901,Prime Technologies,2024-06-06,Other,Finance,Medium,Paid Search,Other
C09902,Fusion Systems,2025-06-02,USA,Other,Medium,Paid Social,North America
C09903,Summit Solutions,2024-02-17,UK,Finance,Large,Partner,Europe
C09904,Blue Solutions,2024-05-03,Other,Technology,Medium,Paid Search,Other
C09905,Nova Solutions,2024-08-18,Other,Education,Small,Paid Social,Other
C09906,Core Group,2025-08-27,USA,Professional Services,Medium,Organic Search,North America
C09907,Prime Works,2025-05-23,India,Retail,Medium,Organic Search,APAC
C09908,Nova Systems,2025-02-09,USA,Marketing,Large,Paid Search,North America
C09909,Digital Technologies,2025-03-28,USA,Marketing,Small,Paid Social,North America
C09910,Digital Labs,2025-08-12,Canada,Retail,Small,Partner,North America
C09911,Fusion Networks,2024-07-03,Germany,Manufacturing,Small,Paid Social,Europe
C09912,Core Works,2024-08-30,USA,Manufacturing,Small,Paid Social,North America
C09913,Vertex Technologies,2025-09-12,USA,Finance,Small,Sales,North America
C09914,Cloud Software,2024-06-08,India,Other,Large,Paid Search,APAC
C09915,Vertex Labs,2025-03-01,USA,Education,Large,Paid Social,North America
C09916,Cloud Labs,2025-03-06,USA,Technology,Large,Organic Search,North America
C09917,Summit Networks,2025-09-19,USA,Manufacturing,Small,Sales,North America
C09918,Digital Analytics,2025-04-06,USA,Finance,Small,Organic Search,North America
C09919,Core Systems,2025-11-18,Canada,Retail,Medium,Sales,North America
C09920,Bright Analytics,2024-06-26,USA,Manufacturing,Small,Partner,North America
C09921,Nova Services,2025-05-09,USA,Education,Small,Organic Search,North America
C09922,Core Technologies,2024-12-09,India,Technology,Medium,Partner,APAC
C09923,Fusion Services,2024-12-29,India,Retail,Large,Email Marketing,APAC
C09924,Next Analytics,2025-03-28,UK,Retail,Small,Paid Social,Europe
C09925,Apex Services,2024-12-30,USA,Professional Services,Small,Organic Search,North America
C09926,Core Solutions,2024-08-15,Other,Healthcare,Small,Organic Search,Other
C09927,Prime Services,2025-07-06,India,Retail,Small,Partner,APAC
C09928,Digital Analytics,2025-11-09,USA,Marketing,Small,Paid Social,North America
C09929,Cloud Labs,2025-08-04,India,Marketing,Medium,Organic Search,APAC
C09930,Prime Software,2024-11-03,UK,Retail,Small,Paid Search,Europe
C09931,Nova Services,2025-03-31,Other,Finance,Medium,Organic Search,Other
C09932,Prime Networks,2024-10-07,USA,Healthcare,Small,Partner,North America
C09933,Summit Group,2025-01-29,India,Technology,Small,Organic Search,APAC
C09934,Prime Works,2025-10-23,USA,Finance,Large,Paid Search,North America
C09935,Bright Solutions,2025-10-07,India,Education,Small,Organic Search,APAC
C09936,Vertex Solutions,2024-12-02,USA,Technology,Medium,Partner,North America
C09937,Next Solutions,2024-11-01,Australia,Professional Services,Small,Organic Search,APAC
C09938,Blue Services,2025-05-05,USA,Retail,Medium,Paid Social,North America
C09939,Digital Group,2025-02-11,UK,Manufacturing,Medium,Sales,Europe
C09940,Prime Networks,2024-02-13,USA,Professional Services,Small,Organic Search,North America
C09941,Blue Group,2025-08-29,Other,Retail,Small,Email Marketing,Other
C09942,Apex Technologies,2024-02-14,USA,Professional Services,Medium,Organic Search,North America
C09943,Prime Systems,2025-05-31,USA,Finance,Enterprise,Paid Search,North America
C09944,Core Labs,2024-09-14,India,Technology,Small,Organic Search,APAC
C09945,Prime Systems,2024-09-05,USA,Finance,Small,Paid Search,North America
C09946,Fusion Works,2024-01-03,USA,Healthcare,Small,Referral,North America
C09947,Vertex Software,2024-12-05,India,Manufacturing,Small,Paid Search,APAC
C09948,Blue Networks,2025-02-11,USA,Healthcare,Small,Paid Social,North America
C09949,Nova Analytics,2024-11-22,UK,Marketing,Small,Paid Search,Europe
C09950,Digital Labs,2024-04-13,Singapore,Education,Small,Sales,APAC
C09951,Digital Networks,2025-11-08,USA,Retail,Large,Paid Search,North America
C09952,Apex Systems,2025-06-27,UK,Retail,Enterprise,Organic Search,Europe
C09953,Apex Services,2025-09-05,Australia,Healthcare,Large,Email Marketing,APAC
C09954,Bright Networks,2024-04-16,Other,Marketing,Large,Paid Search,Other
C09955,Cloud Technologies,2024-01-11,USA,Retail,Medium,Email Marketing,North America
C09956,Bright Software,2024-04-12,USA,Finance,Small,Paid Search,North America
C09957,Digital Services,2024-06-23,USA,Education,Medium,Email Marketing,North America
C09958,Bright Analytics,2025-11-01,Other,Manufacturing,Large,Paid Social,Other
C09959,Core Analytics,2024-11-29,India,Other,Large,Partner,APAC
C09960,Prime Services,2024-02-14,USA,Technology,Enterprise,Referral,North America
C09961,Digital Services,2024-02-27,India,Manufacturing,Small,Organic Search,APAC
C09962,Fusion Labs,2025-08-20,Other,Marketing,Small,Partner,Other
C09963,Cloud Works,2025-11-29,USA,Professional Services,Small,Email Marketing,North America
C09964,Cloud Labs,2025-02-14,Other,Other,Medium,Sales,Other
C09965,Prime Works,2024-08-18,Canada,Education,Medium,Sales,North America
C09966,Vertex Systems,2025-02-18,Singapore,Education,Small,Organic Search,APAC
C09967,Vertex Analytics,2024-04-27,Canada,Manufacturing,Small,Referral,North America
C09968,Nova Works,2025-02-24,UK,Healthcare,Small,Referral,Europe
C09969,Digital Services,2024-03-16,Germany,Retail,Small,Partner,Europe
C09970,Cloud Labs,2025-04-13,Canada,Technology,Small,Organic Search,North America
C09971,Digital Services,2024-10-03,Canada,Professional Services,Large,Paid Search,North America
C09972,Next Networks,2024-01-29,Australia,Education,Small,Partner,APAC
C09973,Next Systems,2024-07-22,USA,Healthcare,Enterprise,Paid Social,North America
C09974,Nova Group,2024-01-14,USA,Education,Enterprise,Email Marketing,North America
C09975,Fusion Analytics,2025-04-18,UK,Professional Services,Small,Partner,Europe
C09976,Digital Networks,2025-05-30,Other,Manufacturing,Small,Email Marketing,Other
C09977,Prime Networks,2024-10-26,Other,Finance,Large,Partner,Other
C09978,Bright Systems,2025-04-03,Australia,Healthcare,Medium,Referral,APAC
C09979,Core Analytics,2025-06-05,UK,Technology,Large,Organic Search,Europe
C09980,Apex Labs,2024-03-30,India,Technology,Large,Organic Search,APAC
C09981,Bright Labs,2024-06-10,USA,Manufacturing,Small,Organic Search,North America
C09982,Apex Networks,2025-08-16,India,Technology,Small,Organic Search,APAC
C09983,Digital Analytics,2025-06-20,Australia,Healthcare,Medium,Organic Search,APAC
C09984,Bright Technologies,2024-09-14,India,Technology,Small,Partner,APAC
C09985,Fusion Solutions,2024-12-17,UK,Technology,Small,Paid Search,Europe
C09986,Bright Systems,2024-09-30,USA,Finance,Medium,Email Marketing,North America
C09987,Prime Analytics,2025-06-17,USA,Marketing,Small,Partner,North America
C09988,Digital Services,2025-10-14,UK,Manufacturing,Large,Paid Search,Europe
C09989,Nova Systems,2025-11-04,Singapore,Retail,Small,Referral,APAC
C09990,Prime Group,2025-03-31,India,Education,Small,Organic Search,APAC
C09991,Bright Systems,2024-12-31,Canada,Retail,Large,Partner,North America
C09992,Vertex Group,2025-07-30,Singapore,Finance,Small,Email Marketing,APAC
C09993,Cloud Technologies,2025-06-28,USA,Education,Medium,Partner,North America
C09994,Bright Technologies,2025-08-11,Canada,Retail,Small,Paid Search,North America
C09995,Prime Networks,2025-08-08,Other,Technology,Medium,Organic Search,Other
C09996,Nova Group,2025-04-26,India,Finance,Small,Referral,APAC
C09997,Nova Systems,2024-09-08,USA,Technology,Medium,Referral,North America
C09998,Nova Works,2024-11-27,UK,Marketing,Medium,Paid Search,Europe
C09999,Cloud Labs,2024-12-24,India,Finance,Small,Sales,APAC
C10000,Summit Systems,2024-10-23,USA,Healthcare,Medium,Partner,North America
