subscription_id,customer_id,plan_id,start_date,end_date,billing_cycle,monthly_price,subscription_status
S000001,C00001,P02,2024-04-12,,Annual,79.0,Active
S000002,C00001,P03,2025-04-06,,Monthly,149.0,Active
S000003,C00002,P01,2024-08-02,,Monthly,29.0,Active
S000004,C00003,P02,2024-12-09,,Annual,79.0,Active
S000005,C00003,P03,2025-09-08,,Monthly,149.0,Active
S000006,C00003,P04,2025-12-28,,Monthly,399.0,Active
S000007,C00004,P04,2024-01-22,,Annual,399.0,Active
S000008,C00005,P02,2025-07-20,,Annual,79.0,Active
S000009,C00006,P02,2024-09-30,,Annual,79.0,Active
S000010,C00007,P02,2024-12-05,,Annual,79.0,Active
S000011,C00007,P01,2025-05-13,,Monthly,29.0,Active
S000012,C00008,P02,2025-07-15,2025-10-04,Monthly,79.0,Cancelled
S000013,C00009,P01,2025-07-09,,Monthly,29.0,Active
S000014,C00010,P02,2024-09-08,2025-08-03,Monthly,79.0,Cancelled
S000015,C00011,P01,2024-08-04,,Monthly,29.0,Active
S000016,C00012,P02,2025-06-04,2025-11-12,Monthly,79.0,Cancelled
S000017,C00013,P03,2025-11-05,,Monthly,149.0,Active
S000018,C00014,P04,2024-07-19,,Monthly,399.0,Active
S000019,C00015,P01,2024-04-08,2024-09-25,Monthly,29.0,Cancelled
S000020,C00016,P01,2024-01-05,2024-04-16,Annual,29.0,Cancelled
S000021,C00017,P03,2025-04-05,,Monthly,149.0,Active
S000022,C00017,P02,2025-12-27,,Monthly,79.0,Active
S000023,C00018,P02,2025-02-10,,Monthly,79.0,Active
S000024,C00019,P03,2024-03-26,,Monthly,149.0,Active
S000025,C00020,P01,2024-11-26,2025-10-23,Monthly,29.0,Cancelled
S000026,C00021,P02,2024-10-09,,Annual,79.0,Active
S000027,C00022,P01,2024-11-13,,Monthly,29.0,Active
S000028,C00022,P02,2025-02-26,,Annual,79.0,Active
S000029,C00023,P02,2024-08-20,,Monthly,79.0,Active
S000030,C00024,P01,2025-01-21,,Monthly,29.0,Active
S000031,C00024,P02,2025-07-12,,Annual,79.0,Active
S000032,C00025,P02,2024-08-12,2025-01-18,Monthly,79.0,Cancelled
S000033,C00026,P02,2025-03-14,,Monthly,79.0,Active
S000034,C00027,P01,2024-07-16,,Monthly,29.0,Active
S000035,C00028,P03,2025-04-08,,Monthly,149.0,Active
S000036,C00029,P03,2024-05-27,,Annual,149.0,Active
S000037,C00030,P02,2025-10-02,,Monthly,79.0,Active
S000038,C00031,P03,2024-09-19,,Monthly,149.0,Active
S000039,C00032,P03,2024-10-30,,Monthly,149.0,Active
S000040,C00033,P03,2025-10-20,2025-12-28,Monthly,149.0,Cancelled
S000041,C00034,P04,2025-08-09,,Monthly,399.0,Active
S000042,C00035,P02,2024-06-01,,Annual,79.0,Active
S000043,C00035,P03,2025-12-02,,Monthly,149.0,Active
S000044,C00036,P01,2024-06-09,,Annual,29.0,Active
S000045,C00036,P02,2024-10-13,,Annual,79.0,Active
S000046,C00037,P01,2024-07-13,,Monthly,29.0,Active
S000047,C00037,P02,2025-07-21,,Monthly,79.0,Active
S000048,C00038,P03,2025-10-31,,Monthly,149.0,Active
S000049,C00039,P01,2025-08-31,,Monthly,29.0,Active
S000050,C00040,P04,2025-06-30,,Monthly,399.0,Active
S000051,C00041,P01,2024-04-08,,Monthly,29.0,Active
S000052,C00042,P03,2024-04-25,,Monthly,149.0,Active
S000053,C00042,P04,2025-10-07,,Annual,399.0,Active
S000054,C00043,P03,2025-07-19,,Monthly,149.0,Active
S000055,C00044,P02,2025-09-30,,Monthly,79.0,Active
S000056,C00045,P03,2024-06-24,,Monthly,149.0,Active
S000057,C00046,P03,2024-02-05,,Annual,149.0,Active
S000058,C00046,P04,2024-11-02,,Monthly,399.0,Active
S000059,C00047,P01,2025-04-15,,Monthly,29.0,Active
S000060,C00047,P01,2025-07-30,,Monthly,29.0,Active
S000061,C00048,P03,2025-11-28,,Monthly,149.0,Active
S000062,C00049,P02,2024-02-23,,Monthly,79.0,Active
S000063,C00049,P03,2025-02-22,,Monthly,149.0,Active
S000064,C00049,P04,2025-08-14,,Annual,399.0,Active
S000065,C00050,P01,2024-04-12,,Annual,29.0,Active
S000066,C00051,P01,2025-10-17,,Monthly,29.0,Active
S000067,C00052,P02,2024-12-11,,Monthly,79.0,Active
S000068,C00053,P02,2024-02-27,,Monthly,79.0,Active
S000069,C00053,P03,2024-06-21,,Monthly,149.0,Active
S000070,C00053,P02,2025-04-03,,Monthly,79.0,Active
S000071,C00054,P02,2024-08-24,,Monthly,79.0,Active
S000072,C00055,P02,2024-03-16,,Monthly,79.0,Active
S000073,C00056,P03,2024-02-16,,Annual,149.0,Active
S000074,C00057,P01,2025-03-07,2025-08-14,Monthly,29.0,Cancelled
S000075,C00058,P03,2024-04-09,2024-07-02,Monthly,149.0,Cancelled
S000076,C00059,P02,2024-11-20,,Monthly,79.0,Active
S000077,C00060,P01,2025-10-25,,Monthly,29.0,Active
S000078,C00061,P02,2024-09-24,2025-02-17,Annual,79.0,Cancelled
S000079,C00062,P01,2024-09-09,,Annual,29.0,Active
S000080,C00063,P02,2025-08-24,,Monthly,79.0,Active
S000081,C00064,P02,2025-02-23,,Annual,79.0,Active
S000082,C00065,P03,2025-11-19,,Annual,149.0,Active
S000083,C00066,P02,2025-01-03,,Annual,79.0,Active
S000084,C00067,P02,2024-12-07,2025-08-29,Monthly,79.0,Cancelled
S000085,C00068,P02,2025-03-30,,Monthly,79.0,Active
S000086,C00069,P01,2024-04-08,,Monthly,29.0,Active
S000087,C00069,P02,2025-03-16,,Monthly,79.0,Active
S000088,C00070,P04,2024-04-18,,Monthly,399.0,Active
S000089,C00071,P02,2024-08-22,,Monthly,79.0,Active
S000090,C00072,P02,2025-06-02,,Monthly,79.0,Active
S000091,C00073,P01,2024-01-29,,Monthly,29.0,Active
S000092,C00074,P04,2025-05-25,,Monthly,399.0,Active
S000093,C00075,P02,2024-06-15,2024-11-23,Annual,79.0,Cancelled
S000094,C00076,P02,2025-10-21,,Monthly,79.0,Active
S000095,C00077,P01,2024-07-09,2024-10-21,Monthly,29.0,Cancelled
S000096,C00078,P02,2024-03-20,,Annual,79.0,Active
S000097,C00078,P03,2024-11-20,,Annual,149.0,Active
S000098,C00079,P01,2025-02-05,2025-06-29,Annual,29.0,Cancelled
S000099,C00080,P02,2024-09-15,,Monthly,79.0,Active
S000100,C00080,P01,2025-02-18,,Monthly,29.0,Active
S000101,C00081,P02,2025-02-11,,Annual,79.0,Active
S000102,C00082,P03,2025-06-23,,Annual,149.0,Active
S000103,C00083,P04,2025-04-05,,Monthly,399.0,Active
S000104,C00083,P04,2025-11-11,,Monthly,399.0,Active
S000105,C00084,P01,2024-09-12,,Annual,29.0,Active
S000106,C00085,P03,2024-04-28,,Monthly,149.0,Active
S000107,C00086,P03,2024-10-08,,Monthly,149.0,Active
S000108,C00087,P03,2024-04-08,,Annual,149.0,Active
S000109,C00088,P02,2025-03-12,,Annual,79.0,Active
S000110,C00089,P01,2024-01-01,,Monthly,29.0,Active
S000111,C00089,P01,2025-02-04,,Monthly,29.0,Active
S000112,C00090,P04,2025-07-04,,Monthly,399.0,Active
S000113,C00091,P01,2024-02-23,,Monthly,29.0,Active
S000114,C00092,P01,2025-07-31,2025-11-29,Monthly,29.0,Cancelled
S000115,C00093,P01,2024-11-30,,Monthly,29.0,Active
S000116,C00094,P01,2024-04-15,2024-07-30,Monthly,29.0,Cancelled
S000117,C00095,P02,2025-05-22,,Annual,79.0,Active
S000118,C00095,P03,2025-11-26,,Monthly,149.0,Active
S000119,C00096,P02,2024-04-20,,Annual,79.0,Active
S000120,C00097,P02,2024-12-25,,Monthly,79.0,Active
S000121,C00098,P02,2024-02-20,,Annual,79.0,Active
S000122,C00099,P02,2025-05-27,,Monthly,79.0,Active
S000123,C00099,P03,2025-09-03,,Annual,149.0,Active
S000124,C00100,P02,2024-09-05,,Monthly,79.0,Active
S000125,C00100,P03,2025-11-02,,Monthly,149.0,Active
S000126,C00100,P04,2025-12-31,,Monthly,399.0,Active
S000127,C00101,P03,2024-09-13,,Annual,149.0,Active
S000128,C00102,P04,2025-06-09,,Annual,399.0,Active
S000129,C00103,P01,2024-01-07,,Monthly,29.0,Active
S000130,C00103,P01,2025-08-29,,Monthly,29.0,Active
S000131,C00103,P02,2025-12-09,,Monthly,79.0,Active
S000132,C00104,P01,2024-01-15,2025-02-01,Annual,29.0,Cancelled
S000133,C00105,P03,2024-03-26,,Annual,149.0,Active
S000134,C00106,P03,2024-03-07,,Monthly,149.0,Active
S000135,C00107,P01,2025-01-03,,Monthly,29.0,Active
S000136,C00107,P02,2025-04-29,,Monthly,79.0,Active
S000137,C00108,P03,2024-11-10,,Annual,149.0,Active
S000138,C00109,P02,2025-05-17,,Annual,79.0,Active
S000139,C00109,P03,2025-08-28,,Monthly,149.0,Active
S000140,C00110,P02,2024-05-16,,Monthly,79.0,Active
S000141,C00111,P04,2025-04-12,,Monthly,399.0,Active
S000142,C00111,P04,2025-12-17,,Annual,399.0,Active
S000143,C00112,P02,2025-07-27,,Monthly,79.0,Active
S000144,C00113,P02,2024-11-21,,Monthly,79.0,Active
S000145,C00113,P03,2025-10-30,,Monthly,149.0,Active
S000146,C00114,P01,2024-03-30,,Annual,29.0,Active
S000147,C00115,P02,2025-11-03,,Annual,79.0,Active
S000148,C00116,P01,2025-10-03,,Monthly,29.0,Active
S000149,C00117,P02,2025-02-22,,Annual,79.0,Active
S000150,C00118,P04,2025-04-03,,Monthly,399.0,Active
S000151,C00119,P01,2024-08-16,,Monthly,29.0,Active
S000152,C00120,P03,2025-07-27,,Monthly,149.0,Active
S000153,C00121,P01,2025-06-09,,Annual,29.0,Active
S000154,C00122,P01,2024-05-24,,Monthly,29.0,Active
S000155,C00123,P01,2024-07-16,2025-07-04,Annual,29.0,Cancelled
S000156,C00124,P01,2025-04-22,,Monthly,29.0,Active
S000157,C00125,P03,2024-10-15,,Monthly,149.0,Active
S000158,C00126,P02,2024-06-07,2025-10-27,Annual,79.0,Cancelled
S000159,C00127,P04,2024-06-05,,Annual,399.0,Active
S000160,C00128,P03,2024-10-18,,Monthly,149.0,Active
S000161,C00129,P02,2024-05-13,,Monthly,79.0,Active
S000162,C00129,P03,2025-06-15,,Monthly,149.0,Active
S000163,C00130,P03,2025-09-14,,Monthly,149.0,Active
S000164,C00131,P01,2024-05-06,,Monthly,29.0,Active
S000165,C00132,P03,2025-02-10,2025-08-13,Monthly,149.0,Cancelled
S000166,C00133,P02,2024-01-01,,Monthly,79.0,Active
S000167,C00134,P01,2024-05-16,,Monthly,29.0,Active
S000168,C00135,P02,2025-08-24,,Annual,79.0,Active
S000169,C00136,P03,2024-06-30,,Monthly,149.0,Active
S000170,C00137,P01,2025-10-27,,Monthly,29.0,Active
S000171,C00138,P03,2025-09-21,,Monthly,149.0,Active
S000172,C00139,P03,2024-11-13,,Monthly,149.0,Active
S000173,C00140,P03,2024-01-18,,Annual,149.0,Active
S000174,C00141,P02,2024-08-09,,Annual,79.0,Active
S000175,C00142,P02,2025-04-02,,Monthly,79.0,Active
S000176,C00143,P01,2024-12-14,,Monthly,29.0,Active
S000177,C00143,P01,2025-06-29,,Annual,29.0,Active
S000178,C00144,P01,2024-08-26,,Monthly,29.0,Active
S000179,C00144,P02,2025-02-02,,Monthly,79.0,Active
S000180,C00145,P04,2024-03-18,,Monthly,399.0,Active
S000181,C00146,P02,2024-01-07,,Monthly,79.0,Active
S000182,C00146,P03,2025-11-13,,Monthly,149.0,Active
S000183,C00147,P03,2024-10-11,,Monthly,149.0,Active
S000184,C00148,P03,2025-04-15,2025-08-08,Monthly,149.0,Cancelled
S000185,C00148,P02,2025-08-08,2025-12-04,Annual,79.0,Cancelled
S000186,C00149,P01,2024-02-22,2024-05-09,Monthly,29.0,Cancelled
S000187,C00150,P03,2024-02-28,,Monthly,149.0,Active
S000188,C00151,P02,2024-08-24,,Monthly,79.0,Active
S000189,C00151,P03,2025-05-29,,Monthly,149.0,Active
S000190,C00152,P02,2024-01-29,,Monthly,79.0,Active
S000191,C00152,P03,2025-12-25,,Monthly,149.0,Active
S000192,C00152,P02,2025-12-31,,Monthly,79.0,Active
S000193,C00153,P03,2024-12-21,,Monthly,149.0,Active
S000194,C00154,P03,2025-09-20,,Monthly,149.0,Active
S000195,C00155,P02,2024-09-24,,Monthly,79.0,Active
S000196,C00156,P04,2025-07-11,,Annual,399.0,Active
S000197,C00157,P02,2024-01-29,,Annual,79.0,Active
S000198,C00158,P04,2024-08-14,,Monthly,399.0,Active
S000199,C00159,P03,2025-07-01,,Monthly,149.0,Active
S000200,C00159,P04,2025-11-25,,Annual,399.0,Active
S000201,C00160,P01,2024-07-19,,Monthly,29.0,Active
S000202,C00161,P01,2024-02-11,,Monthly,29.0,Active
S000203,C00162,P03,2025-06-07,,Monthly,149.0,Active
S000204,C00163,P03,2025-05-11,,Annual,149.0,Active
S000205,C00164,P02,2025-04-29,2025-08-25,Annual,79.0,Cancelled
S000206,C00165,P01,2025-05-03,,Monthly,29.0,Active
S000207,C00166,P01,2024-03-26,2025-05-16,Monthly,29.0,Cancelled
S000208,C00167,P04,2025-04-21,,Monthly,399.0,Active
S000209,C00168,P03,2024-09-29,,Monthly,149.0,Active
S000210,C00169,P03,2024-06-19,,Annual,149.0,Active
S000211,C00170,P01,2024-12-14,,Annual,29.0,Active
S000212,C00171,P03,2024-11-06,,Monthly,149.0,Active
S000213,C00172,P02,2024-02-08,,Monthly,79.0,Active
S000214,C00173,P02,2024-09-28,,Monthly,79.0,Active
S000215,C00173,P01,2025-01-13,,Annual,29.0,Active
S000216,C00174,P03,2025-01-23,,Monthly,149.0,Active
S000217,C00174,P02,2025-05-26,,Annual,79.0,Active
S000218,C00175,P01,2024-05-25,,Monthly,29.0,Active
S000219,C00176,P02,2024-12-09,,Monthly,79.0,Active
S000220,C00177,P03,2025-03-15,,Monthly,149.0,Active
S000221,C00178,P04,2025-07-24,,Monthly,399.0,Active
S000222,C00179,P04,2024-08-05,,Annual,399.0,Active
S000223,C00180,P02,2025-11-19,,Annual,79.0,Active
S000224,C00181,P01,2024-03-02,,Monthly,29.0,Active
S000225,C00182,P03,2025-08-02,2025-11-12,Monthly,149.0,Cancelled
S000226,C00183,P03,2024-07-13,,Monthly,149.0,Active
S000227,C00183,P04,2025-07-16,,Monthly,399.0,Active
S000228,C00184,P01,2024-05-03,,Monthly,29.0,Active
S000229,C00185,P04,2024-11-11,,Monthly,399.0,Active
S000230,C00186,P02,2024-11-18,,Annual,79.0,Active
S000231,C00186,P03,2025-06-14,,Monthly,149.0,Active
S000232,C00187,P02,2024-05-26,,Annual,79.0,Active
S000233,C00188,P03,2025-11-23,,Monthly,149.0,Active
S000234,C00189,P01,2024-01-31,,Monthly,29.0,Active
S000235,C00190,P03,2024-09-14,,Annual,149.0,Active
S000236,C00191,P02,2024-08-20,2025-03-26,Monthly,79.0,Cancelled
S000237,C00192,P04,2025-04-11,,Monthly,399.0,Active
S000238,C00193,P01,2024-10-04,,Annual,29.0,Active
S000239,C00194,P01,2025-02-04,,Monthly,29.0,Active
S000240,C00195,P02,2024-08-14,,Monthly,79.0,Active
S000241,C00195,P01,2025-02-20,,Monthly,29.0,Active
S000242,C00196,P04,2025-06-21,,Monthly,399.0,Active
S000243,C00197,P04,2024-09-27,,Monthly,399.0,Active
S000244,C00197,P03,2025-08-17,,Monthly,149.0,Active
S000245,C00198,P02,2025-04-03,2025-06-26,Monthly,79.0,Cancelled
S000246,C00199,P03,2024-03-24,,Monthly,149.0,Active
S000247,C00200,P02,2025-06-10,,Monthly,79.0,Active
S000248,C00201,P01,2024-02-29,,Annual,29.0,Active
S000249,C00202,P04,2024-07-17,2024-09-18,Monthly,399.0,Cancelled
S000250,C00203,P01,2025-07-11,2025-12-13,Monthly,29.0,Cancelled
S000251,C00204,P01,2025-06-04,2025-10-03,Monthly,29.0,Cancelled
S000252,C00205,P01,2024-12-09,2025-07-11,Annual,29.0,Cancelled
S000253,C00206,P03,2025-06-27,,Monthly,149.0,Active
S000254,C00207,P03,2025-11-21,,Annual,149.0,Active
S000255,C00208,P01,2024-04-01,,Annual,29.0,Active
S000256,C00208,P01,2025-01-13,,Monthly,29.0,Active
S000257,C00208,P01,2025-06-03,,Monthly,29.0,Active
S000258,C00209,P02,2025-08-11,,Monthly,79.0,Active
S000259,C00210,P01,2024-05-22,,Monthly,29.0,Active
S000260,C00211,P02,2024-01-09,,Monthly,79.0,Active
S000261,C00211,P03,2024-12-27,,Monthly,149.0,Active
S000262,C00212,P01,2025-11-20,,Monthly,29.0,Active
S000263,C00213,P03,2024-07-26,2024-12-26,Monthly,149.0,Cancelled
S000264,C00214,P02,2024-01-14,,Monthly,79.0,Active
S000265,C00215,P02,2024-05-26,2025-02-16,Monthly,79.0,Cancelled
S000266,C00215,P03,2025-02-16,2025-07-04,Monthly,149.0,Cancelled
S000267,C00215,P02,2025-07-04,2025-11-28,Monthly,79.0,Cancelled
S000268,C00216,P03,2025-08-16,,Monthly,149.0,Active
S000269,C00217,P03,2024-02-04,2025-05-21,Monthly,149.0,Cancelled
S000270,C00218,P01,2024-06-07,,Monthly,29.0,Active
S000271,C00219,P01,2025-07-15,,Monthly,29.0,Active
S000272,C00220,P01,2024-11-30,,Monthly,29.0,Active
S000273,C00220,P02,2025-12-19,,Annual,79.0,Active
S000274,C00221,P04,2024-08-24,,Monthly,399.0,Active
S000275,C00222,P03,2024-10-24,,Monthly,149.0,Active
S000276,C00223,P01,2025-01-15,,Monthly,29.0,Active
S000277,C00223,P02,2025-11-15,,Monthly,79.0,Active
S000278,C00224,P02,2024-01-28,,Monthly,79.0,Active
S000279,C00225,P04,2024-10-27,,Annual,399.0,Active
S000280,C00226,P02,2024-12-26,,Monthly,79.0,Active
S000281,C00227,P02,2024-10-10,,Monthly,79.0,Active
S000282,C00228,P01,2025-07-09,,Annual,29.0,Active
S000283,C00229,P02,2024-11-29,,Monthly,79.0,Active
S000284,C00229,P03,2025-11-09,,Annual,149.0,Active
S000285,C00230,P02,2024-07-16,,Monthly,79.0,Active
S000286,C00231,P02,2024-10-02,,Annual,79.0,Active
S000287,C00232,P02,2024-02-08,,Annual,79.0,Active
S000288,C00232,P03,2024-08-07,,Annual,149.0,Active
S000289,C00233,P03,2025-01-18,,Monthly,149.0,Active
S000290,C00234,P02,2024-12-06,,Monthly,79.0,Active
S000291,C00235,P01,2024-07-11,,Monthly,29.0,Active
S000292,C00236,P01,2025-10-09,,Monthly,29.0,Active
S000293,C00237,P02,2024-01-01,,Annual,79.0,Active
S000294,C00238,P03,2025-07-28,,Monthly,149.0,Active
S000295,C00239,P02,2025-09-01,2025-12-09,Monthly,79.0,Cancelled
S000296,C00240,P03,2024-10-05,2024-12-15,Monthly,149.0,Cancelled
S000297,C00241,P01,2025-10-16,2025-12-21,Annual,29.0,Cancelled
S000298,C00242,P01,2024-10-31,,Monthly,29.0,Active
S000299,C00243,P02,2024-01-03,2024-07-07,Monthly,79.0,Cancelled
S000300,C00244,P02,2024-01-12,,Monthly,79.0,Active
S000301,C00245,P04,2024-11-21,,Annual,399.0,Active
S000302,C00246,P01,2024-12-01,,Annual,29.0,Active
S000303,C00247,P01,2024-05-20,2025-02-20,Annual,29.0,Cancelled
S000304,C00248,P02,2025-10-09,,Monthly,79.0,Active
S000305,C00249,P02,2024-12-10,,Annual,79.0,Active
S000306,C00249,P03,2025-09-30,,Monthly,149.0,Active
S000307,C00250,P03,2024-08-28,2025-04-02,Monthly,149.0,Cancelled
S000308,C00250,P04,2025-04-02,2025-07-25,Monthly,399.0,Cancelled
S000309,C00251,P01,2025-01-19,2025-11-10,Monthly,29.0,Cancelled
S000310,C00252,P03,2024-10-03,,Annual,149.0,Active
S000311,C00253,P02,2025-09-28,,Monthly,79.0,Active
S000312,C00254,P02,2025-10-25,,Annual,79.0,Active
S000313,C00255,P02,2025-03-14,2025-09-24,Monthly,79.0,Cancelled
S000314,C00256,P03,2025-10-23,,Monthly,149.0,Active
S000315,C00257,P01,2025-08-12,,Monthly,29.0,Active
S000316,C00258,P03,2025-10-19,,Monthly,149.0,Active
S000317,C00259,P03,2025-11-30,,Monthly,149.0,Active
S000318,C00260,P02,2024-12-18,2025-07-29,Monthly,79.0,Cancelled
S000319,C00260,P03,2025-07-29,2025-12-22,Monthly,149.0,Cancelled
S000320,C00261,P03,2025-07-14,,Monthly,149.0,Active
S000321,C00262,P02,2025-07-15,,Monthly,79.0,Active
S000322,C00263,P02,2024-06-20,2024-10-08,Monthly,79.0,Cancelled
S000323,C00264,P03,2025-03-17,,Annual,149.0,Active
S000324,C00264,P02,2025-11-05,,Monthly,79.0,Active
S000325,C00265,P02,2024-02-24,2025-07-22,Annual,79.0,Cancelled
S000326,C00266,P01,2024-04-13,,Monthly,29.0,Active
S000327,C00267,P03,2025-02-09,,Monthly,149.0,Active
S000328,C00268,P01,2025-05-23,,Monthly,29.0,Active
S000329,C00268,P02,2025-09-22,,Monthly,79.0,Active
S000330,C00269,P02,2025-03-24,2025-06-28,Monthly,79.0,Cancelled
S000331,C00270,P01,2025-02-22,,Monthly,29.0,Active
S000332,C00271,P03,2024-02-11,,Monthly,149.0,Active
S000333,C00272,P02,2024-01-07,2024-10-26,Monthly,79.0,Cancelled
S000334,C00272,P03,2024-10-26,2025-05-15,Monthly,149.0,Cancelled
S000335,C00273,P03,2025-04-10,,Annual,149.0,Active
S000336,C00273,P04,2025-10-18,,Annual,399.0,Active
S000337,C00274,P04,2024-06-12,,Monthly,399.0,Active
S000338,C00274,P04,2025-06-07,,Monthly,399.0,Active
S000339,C00274,P04,2025-10-07,,Monthly,399.0,Active
S000340,C00275,P02,2025-04-27,,Annual,79.0,Active
S000341,C00275,P01,2025-11-09,,Monthly,29.0,Active
S000342,C00276,P03,2025-06-20,2025-08-30,Monthly,149.0,Cancelled
S000343,C00277,P01,2025-10-19,,Monthly,29.0,Active
S000344,C00278,P02,2025-04-11,,Annual,79.0,Active
S000345,C00278,P03,2025-11-11,,Annual,149.0,Active
S000346,C00279,P02,2024-09-09,,Monthly,79.0,Active
S000347,C00280,P04,2024-06-04,,Monthly,399.0,Active
S000348,C00281,P02,2025-09-06,,Monthly,79.0,Active
S000349,C00282,P03,2024-08-18,,Monthly,149.0,Active
S000350,C00283,P01,2024-06-03,,Annual,29.0,Active
S000351,C00284,P04,2025-07-27,,Monthly,399.0,Active
S000352,C00285,P02,2025-02-26,,Annual,79.0,Active
S000353,C00286,P02,2024-06-21,,Monthly,79.0,Active
S000354,C00287,P02,2024-07-01,,Annual,79.0,Active
S000355,C00288,P02,2024-08-14,,Annual,79.0,Active
S000356,C00289,P04,2024-07-10,,Monthly,399.0,Active
S000357,C00290,P04,2024-08-29,,Annual,399.0,Active
S000358,C00291,P03,2024-07-18,,Monthly,149.0,Active
S000359,C00292,P01,2024-03-27,,Monthly,29.0,Active
S000360,C00292,P02,2025-10-27,,Monthly,79.0,Active
S000361,C00293,P01,2025-04-27,,Annual,29.0,Active
S000362,C00294,P02,2025-02-02,,Monthly,79.0,Active
S000363,C00295,P02,2024-12-17,2025-12-30,Monthly,79.0,Cancelled
S000364,C00296,P02,2024-12-25,,Monthly,79.0,Active
S000365,C00297,P03,2024-06-17,,Monthly,149.0,Active
S000366,C00298,P02,2025-01-08,,Monthly,79.0,Active
S000367,C00298,P01,2025-05-25,,Annual,29.0,Active
S000368,C00299,P02,2024-09-29,,Annual,79.0,Active
S000369,C00300,P01,2025-09-17,,Annual,29.0,Active
S000370,C00301,P03,2024-05-01,,Monthly,149.0,Active
S000371,C00302,P03,2025-01-31,,Monthly,149.0,Active
S000372,C00303,P02,2025-10-23,,Monthly,79.0,Active
S000373,C00304,P03,2024-10-09,,Monthly,149.0,Active
S000374,C00305,P03,2025-12-01,,Annual,149.0,Active
S000375,C00306,P01,2024-05-07,,Monthly,29.0,Active
S000376,C00306,P02,2025-09-29,,Monthly,79.0,Active
S000377,C00307,P01,2025-05-29,2025-12-21,Monthly,29.0,Cancelled
S000378,C00308,P03,2024-01-10,,Monthly,149.0,Active
S000379,C00308,P02,2024-06-01,,Monthly,79.0,Active
S000380,C00309,P03,2025-08-20,2025-11-28,Annual,149.0,Cancelled
S000381,C00310,P01,2025-03-12,,Monthly,29.0,Active
S000382,C00310,P02,2025-11-11,,Monthly,79.0,Active
S000383,C00311,P02,2024-04-10,2025-10-10,Monthly,79.0,Cancelled
S000384,C00312,P02,2024-06-02,,Monthly,79.0,Active
S000385,C00313,P03,2024-07-06,,Monthly,149.0,Active
S000386,C00313,P04,2025-05-29,,Monthly,399.0,Active
S000387,C00314,P01,2024-12-01,,Monthly,29.0,Active
S000388,C00315,P04,2024-06-07,,Monthly,399.0,Active
S000389,C00315,P04,2025-01-09,,Monthly,399.0,Active
S000390,C00316,P01,2024-04-26,,Monthly,29.0,Active
S000391,C00317,P04,2024-07-01,,Monthly,399.0,Active
S000392,C00318,P01,2024-04-27,,Monthly,29.0,Active
S000393,C00319,P01,2025-07-12,,Annual,29.0,Active
S000394,C00320,P02,2025-07-26,,Annual,79.0,Active
S000395,C00321,P01,2025-07-16,,Annual,29.0,Active
S000396,C00322,P02,2024-02-18,,Monthly,79.0,Active
S000397,C00322,P01,2024-06-27,,Monthly,29.0,Active
S000398,C00322,P02,2024-10-16,,Annual,79.0,Active
S000399,C00323,P02,2025-10-02,,Monthly,79.0,Active
S000400,C00324,P02,2025-06-26,,Monthly,79.0,Active
S000401,C00325,P01,2024-08-07,,Monthly,29.0,Active
S000402,C00326,P02,2024-07-23,,Monthly,79.0,Active
S000403,C00327,P01,2025-03-16,2025-12-06,Monthly,29.0,Cancelled
S000404,C00328,P02,2024-07-21,,Annual,79.0,Active
S000405,C00329,P04,2024-05-21,,Monthly,399.0,Active
S000406,C00330,P02,2024-10-31,2025-03-19,Monthly,79.0,Cancelled
S000407,C00330,P01,2025-03-19,2025-05-16,Annual,29.0,Cancelled
S000408,C00331,P03,2024-06-26,,Monthly,149.0,Active
S000409,C00332,P01,2025-10-25,2025-12-25,Monthly,29.0,Cancelled
S000410,C00333,P03,2025-06-12,2025-11-14,Annual,149.0,Cancelled
S000411,C00334,P02,2024-01-22,,Annual,79.0,Active
S000412,C00335,P04,2025-08-10,,Monthly,399.0,Active
S000413,C00336,P02,2024-02-01,,Monthly,79.0,Active
S000414,C00337,P03,2024-07-31,,Monthly,149.0,Active
S000415,C00338,P02,2024-01-26,,Monthly,79.0,Active
S000416,C00339,P03,2025-07-07,,Monthly,149.0,Active
S000417,C00340,P01,2024-11-02,,Monthly,29.0,Active
S000418,C00341,P01,2025-04-29,,Monthly,29.0,Active
S000419,C00342,P02,2025-07-07,2025-12-26,Monthly,79.0,Cancelled
S000420,C00343,P01,2024-02-09,,Annual,29.0,Active
S000421,C00344,P02,2024-09-16,2025-01-31,Monthly,79.0,Cancelled
S000422,C00345,P03,2024-01-16,,Monthly,149.0,Active
S000423,C00346,P01,2024-04-11,,Monthly,29.0,Active
S000424,C00347,P01,2024-07-14,,Monthly,29.0,Active
S000425,C00348,P01,2025-01-06,,Monthly,29.0,Active
S000426,C00349,P01,2024-08-13,,Monthly,29.0,Active
S000427,C00350,P01,2024-08-05,,Monthly,29.0,Active
S000428,C00351,P01,2024-03-15,,Annual,29.0,Active
S000429,C00352,P02,2024-10-15,,Monthly,79.0,Active
S000430,C00353,P02,2025-03-29,,Monthly,79.0,Active
S000431,C00354,P02,2025-03-17,,Annual,79.0,Active
S000432,C00355,P01,2024-10-28,,Monthly,29.0,Active
S000433,C00356,P01,2024-04-24,2025-09-11,Monthly,29.0,Cancelled
S000434,C00357,P03,2024-05-21,,Monthly,149.0,Active
S000435,C00358,P04,2024-10-07,,Annual,399.0,Active
S000436,C00359,P03,2025-09-13,,Monthly,149.0,Active
S000437,C00360,P03,2025-09-27,,Monthly,149.0,Active
S000438,C00361,P02,2025-11-06,,Monthly,79.0,Active
S000439,C00362,P03,2024-11-29,,Monthly,149.0,Active
S000440,C00363,P01,2025-09-23,,Monthly,29.0,Active
S000441,C00364,P02,2025-07-29,,Monthly,79.0,Active
S000442,C00365,P04,2025-11-14,,Monthly,399.0,Active
S000443,C00366,P01,2025-04-24,,Monthly,29.0,Active
S000444,C00367,P03,2025-10-20,2025-12-29,Monthly,149.0,Cancelled
S000445,C00368,P04,2025-10-30,,Monthly,399.0,Active
S000446,C00369,P01,2025-05-06,,Monthly,29.0,Active
S000447,C00370,P01,2024-09-18,,Monthly,29.0,Active
S000448,C00371,P02,2025-04-11,,Monthly,79.0,Active
S000449,C00372,P02,2025-03-07,,Monthly,79.0,Active
S000450,C00373,P02,2025-07-08,,Monthly,79.0,Active
S000451,C00374,P01,2025-01-16,,Monthly,29.0,Active
S000452,C00375,P01,2025-07-24,2025-11-15,Monthly,29.0,Cancelled
S000453,C00376,P02,2024-06-16,2025-12-26,Monthly,79.0,Cancelled
S000454,C00377,P02,2024-10-27,2025-07-02,Monthly,79.0,Cancelled
S000455,C00378,P02,2025-11-19,,Monthly,79.0,Active
S000456,C00379,P02,2025-04-29,,Monthly,79.0,Active
S000457,C00380,P03,2025-10-16,2025-12-18,Annual,149.0,Cancelled
S000458,C00381,P03,2024-07-28,,Annual,149.0,Active
S000459,C00382,P04,2025-05-28,,Monthly,399.0,Active
S000460,C00383,P01,2024-08-22,,Monthly,29.0,Active
S000461,C00384,P01,2024-10-05,,Monthly,29.0,Active
S000462,C00385,P02,2025-03-04,,Monthly,79.0,Active
S000463,C00386,P02,2024-07-13,,Annual,79.0,Active
S000464,C00387,P02,2024-04-27,,Monthly,79.0,Active
S000465,C00388,P03,2024-07-14,,Annual,149.0,Active
S000466,C00389,P03,2025-02-22,,Annual,149.0,Active
S000467,C00390,P04,2025-01-26,,Monthly,399.0,Active
S000468,C00390,P04,2025-06-01,,Annual,399.0,Active
S000469,C00391,P02,2025-03-09,,Annual,79.0,Active
S000470,C00392,P01,2024-06-03,2024-12-05,Monthly,29.0,Cancelled
S000471,C00393,P03,2025-06-25,,Annual,149.0,Active
S000472,C00394,P03,2025-10-07,,Monthly,149.0,Active
S000473,C00395,P03,2024-04-18,,Monthly,149.0,Active
S000474,C00396,P03,2025-01-13,,Monthly,149.0,Active
S000475,C00396,P04,2025-10-04,,Monthly,399.0,Active
S000476,C00397,P04,2024-12-06,,Monthly,399.0,Active
S000477,C00397,P04,2025-04-21,,Monthly,399.0,Active
S000478,C00398,P01,2025-08-26,,Annual,29.0,Active
S000479,C00399,P02,2025-05-23,2025-10-05,Monthly,79.0,Cancelled
S000480,C00399,P03,2025-10-05,2025-12-05,Annual,149.0,Cancelled
S000481,C00400,P03,2024-06-13,,Annual,149.0,Active
S000482,C00401,P02,2024-03-04,,Monthly,79.0,Active
S000483,C00402,P01,2025-01-29,2025-06-30,Monthly,29.0,Cancelled
S000484,C00403,P01,2025-06-12,,Annual,29.0,Active
S000485,C00404,P02,2024-08-15,,Monthly,79.0,Active
S000486,C00405,P03,2025-05-13,,Monthly,149.0,Active
S000487,C00406,P01,2024-12-30,,Annual,29.0,Active
S000488,C00407,P02,2024-05-26,,Monthly,79.0,Active
S000489,C00408,P03,2025-04-24,,Annual,149.0,Active
S000490,C00409,P04,2025-11-11,,Annual,399.0,Active
S000491,C00410,P01,2024-09-20,,Monthly,29.0,Active
S000492,C00411,P01,2025-07-02,,Annual,29.0,Active
S000493,C00412,P01,2025-11-06,,Monthly,29.0,Active
S000494,C00413,P03,2024-03-15,,Annual,149.0,Active
S000495,C00414,P02,2024-05-02,,Annual,79.0,Active
S000496,C00415,P01,2024-07-06,,Monthly,29.0,Active
S000497,C00415,P02,2024-11-20,,Monthly,79.0,Active
S000498,C00416,P01,2025-03-26,,Monthly,29.0,Active
S000499,C00417,P02,2024-11-16,,Monthly,79.0,Active
S000500,C00418,P01,2024-10-07,,Annual,29.0,Active
S000501,C00419,P02,2025-03-31,,Monthly,79.0,Active
S000502,C00420,P03,2025-02-11,2025-06-28,Monthly,149.0,Cancelled
S000503,C00420,P02,2025-06-28,2025-12-28,Annual,79.0,Cancelled
S000504,C00421,P02,2024-01-12,,Monthly,79.0,Active
S000505,C00421,P01,2025-05-26,,Annual,29.0,Active
S000506,C00421,P01,2025-10-23,,Monthly,29.0,Active
S000507,C00422,P01,2025-07-14,,Annual,29.0,Active
S000508,C00423,P03,2024-07-27,,Monthly,149.0,Active
S000509,C00424,P02,2025-07-30,2025-10-22,Monthly,79.0,Cancelled
S000510,C00425,P02,2024-05-20,,Monthly,79.0,Active
S000511,C00426,P01,2025-04-15,,Monthly,29.0,Active
S000512,C00427,P02,2024-08-22,,Monthly,79.0,Active
S000513,C00428,P03,2025-06-16,,Annual,149.0,Active
S000514,C00429,P01,2025-06-23,,Monthly,29.0,Active
S000515,C00429,P02,2025-11-19,,Monthly,79.0,Active
S000516,C00430,P03,2025-03-30,,Monthly,149.0,Active
S000517,C00430,P04,2025-11-16,,Monthly,399.0,Active
S000518,C00431,P02,2024-06-14,,Monthly,79.0,Active
S000519,C00431,P01,2025-06-09,,Monthly,29.0,Active
S000520,C00432,P04,2024-09-19,,Monthly,399.0,Active
S000521,C00433,P01,2025-03-13,,Annual,29.0,Active
S000522,C00433,P02,2025-07-23,,Monthly,79.0,Active
S000523,C00434,P02,2024-02-23,,Annual,79.0,Active
S000524,C00434,P01,2024-11-11,,Monthly,29.0,Active
S000525,C00435,P02,2025-02-01,,Monthly,79.0,Active
S000526,C00435,P03,2025-11-11,,Monthly,149.0,Active
S000527,C00436,P04,2025-06-19,,Annual,399.0,Active
S000528,C00437,P01,2024-04-28,,Monthly,29.0,Active
S000529,C00437,P02,2025-02-03,,Annual,79.0,Active
S000530,C00438,P03,2025-11-23,,Annual,149.0,Active
S000531,C00439,P04,2025-10-26,,Annual,399.0,Active
S000532,C00440,P04,2025-04-28,,Monthly,399.0,Active
S000533,C00441,P01,2025-05-18,,Monthly,29.0,Active
S000534,C00441,P02,2025-12-12,,Annual,79.0,Active
S000535,C00442,P03,2024-08-13,,Annual,149.0,Active
S000536,C00443,P02,2025-01-27,,Annual,79.0,Active
S000537,C00444,P01,2024-08-20,,Annual,29.0,Active
S000538,C00445,P03,2025-05-21,,Monthly,149.0,Active
S000539,C00445,P04,2025-11-24,,Monthly,399.0,Active
S000540,C00446,P02,2024-02-18,,Annual,79.0,Active
S000541,C00447,P04,2024-01-05,,Monthly,399.0,Active
S000542,C00447,P03,2024-10-19,,Monthly,149.0,Active
S000543,C00448,P04,2024-01-15,,Monthly,399.0,Active
S000544,C00448,P04,2025-04-06,,Monthly,399.0,Active
S000545,C00449,P02,2025-08-12,,Annual,79.0,Active
S000546,C00450,P02,2024-11-26,2025-04-13,Monthly,79.0,Cancelled
S000547,C00451,P04,2024-09-08,,Monthly,399.0,Active
S000548,C00451,P04,2025-06-19,,Annual,399.0,Active
S000549,C00451,P04,2025-09-20,,Monthly,399.0,Active
S000550,C00452,P03,2025-08-23,,Annual,149.0,Active
S000551,C00453,P03,2025-09-11,,Annual,149.0,Active
S000552,C00454,P01,2024-09-03,2025-05-19,Monthly,29.0,Cancelled
S000553,C00455,P02,2025-08-15,,Monthly,79.0,Active
S000554,C00456,P02,2024-03-14,,Monthly,79.0,Active
S000555,C00457,P02,2024-06-18,2025-08-15,Monthly,79.0,Cancelled
S000556,C00458,P01,2024-12-14,,Monthly,29.0,Active
S000557,C00459,P03,2025-10-28,,Monthly,149.0,Active
S000558,C00460,P04,2025-02-07,,Monthly,399.0,Active
S000559,C00461,P04,2025-11-15,,Annual,399.0,Active
S000560,C00462,P01,2024-02-27,,Monthly,29.0,Active
S000561,C00463,P01,2024-07-11,,Monthly,29.0,Active
S000562,C00463,P01,2025-11-13,,Monthly,29.0,Active
S000563,C00464,P03,2025-10-22,,Monthly,149.0,Active
S000564,C00465,P03,2024-06-02,,Annual,149.0,Active
S000565,C00466,P01,2024-04-18,,Monthly,29.0,Active
S000566,C00466,P01,2025-09-26,,Annual,29.0,Active
S000567,C00466,P01,2025-12-28,,Monthly,29.0,Active
S000568,C00467,P01,2025-04-19,2025-09-27,Annual,29.0,Cancelled
S000569,C00468,P01,2024-07-07,,Monthly,29.0,Active
S000570,C00469,P03,2025-03-08,,Annual,149.0,Active
S000571,C00470,P02,2025-05-23,,Monthly,79.0,Active
S000572,C00471,P01,2024-03-25,2025-02-28,Monthly,29.0,Cancelled
S000573,C00472,P02,2025-05-25,,Monthly,79.0,Active
S000574,C00473,P01,2024-04-21,,Monthly,29.0,Active
S000575,C00474,P03,2025-07-04,2025-11-30,Monthly,149.0,Cancelled
S000576,C00475,P01,2024-07-20,,Annual,29.0,Active
S000577,C00476,P02,2025-05-19,,Monthly,79.0,Active
S000578,C00477,P02,2024-07-09,,Monthly,79.0,Active
S000579,C00478,P04,2024-07-16,,Monthly,399.0,Active
S000580,C00479,P01,2025-11-11,,Annual,29.0,Active
S000581,C00480,P02,2025-07-28,,Monthly,79.0,Active
S000582,C00481,P02,2025-04-18,,Monthly,79.0,Active
S000583,C00482,P04,2025-02-22,,Monthly,399.0,Active
S000584,C00483,P03,2024-11-10,,Monthly,149.0,Active
S000585,C00484,P02,2025-03-28,,Monthly,79.0,Active
S000586,C00485,P04,2025-08-14,,Annual,399.0,Active
S000587,C00486,P02,2025-01-10,,Annual,79.0,Active
S000588,C00487,P02,2025-09-17,,Monthly,79.0,Active
S000589,C00488,P02,2024-04-22,,Annual,79.0,Active
S000590,C00488,P01,2025-12-14,,Monthly,29.0,Active
S000591,C00489,P01,2025-05-31,,Monthly,29.0,Active
S000592,C00489,P01,2025-09-20,,Monthly,29.0,Active
S000593,C00490,P02,2024-01-19,,Monthly,79.0,Active
S000594,C00490,P03,2025-11-04,,Monthly,149.0,Active
S000595,C00490,P04,2025-12-31,,Monthly,399.0,Active
S000596,C00491,P01,2025-11-24,,Monthly,29.0,Active
S000597,C00492,P02,2024-01-29,,Monthly,79.0,Active
S000598,C00493,P01,2024-11-17,,Monthly,29.0,Active
S000599,C00494,P01,2025-02-28,,Monthly,29.0,Active
S000600,C00495,P03,2024-07-26,2025-02-06,Monthly,149.0,Cancelled
S000601,C00495,P04,2025-02-06,2025-02-26,Monthly,399.0,Cancelled
S000602,C00496,P01,2024-08-06,2024-11-22,Monthly,29.0,Cancelled
S000603,C00496,P01,2024-11-22,2025-08-04,Monthly,29.0,Cancelled
S000604,C00497,P01,2025-08-18,,Monthly,29.0,Active
S000605,C00498,P02,2024-03-13,,Monthly,79.0,Active
S000606,C00499,P03,2025-02-16,,Monthly,149.0,Active
S000607,C00500,P01,2025-07-13,,Monthly,29.0,Active
S000608,C00501,P01,2024-10-27,,Monthly,29.0,Active
S000609,C00502,P02,2024-08-24,,Annual,79.0,Active
S000610,C00503,P01,2024-02-23,,Annual,29.0,Active
S000611,C00503,P01,2025-09-27,,Monthly,29.0,Active
S000612,C00504,P04,2024-09-04,,Monthly,399.0,Active
S000613,C00505,P03,2025-01-03,,Monthly,149.0,Active
S000614,C00505,P02,2025-08-20,,Monthly,79.0,Active
S000615,C00506,P03,2024-12-31,2025-05-28,Monthly,149.0,Cancelled
S000616,C00507,P04,2024-06-09,,Monthly,399.0,Active
S000617,C00508,P02,2024-06-12,,Monthly,79.0,Active
S000618,C00509,P01,2025-08-25,,Monthly,29.0,Active
S000619,C00510,P02,2024-10-21,,Monthly,79.0,Active
S000620,C00511,P03,2025-03-20,,Annual,149.0,Active
S000621,C00511,P04,2025-12-17,,Monthly,399.0,Active
S000622,C00512,P01,2024-11-30,,Annual,29.0,Active
S000623,C00512,P02,2025-04-29,,Monthly,79.0,Active
S000624,C00513,P03,2024-08-01,,Annual,149.0,Active
S000625,C00513,P02,2025-05-24,,Annual,79.0,Active
S000626,C00514,P03,2024-01-03,,Annual,149.0,Active
S000627,C00515,P02,2024-01-21,,Monthly,79.0,Active
S000628,C00516,P01,2024-05-08,,Monthly,29.0,Active
S000629,C00517,P03,2024-02-21,,Annual,149.0,Active
S000630,C00517,P02,2025-06-20,,Monthly,79.0,Active
S000631,C00518,P03,2025-09-13,,Annual,149.0,Active
S000632,C00519,P03,2024-01-06,,Monthly,149.0,Active
S000633,C00520,P01,2025-04-09,2025-08-02,Annual,29.0,Cancelled
S000634,C00521,P01,2025-08-21,,Monthly,29.0,Active
S000635,C00522,P01,2025-09-07,2025-12-11,Monthly,29.0,Cancelled
S000636,C00523,P02,2025-02-17,,Monthly,79.0,Active
S000637,C00524,P01,2025-11-04,,Monthly,29.0,Active
S000638,C00525,P03,2024-04-27,,Monthly,149.0,Active
S000639,C00526,P02,2024-01-19,,Monthly,79.0,Active
S000640,C00526,P03,2025-02-11,,Monthly,149.0,Active
S000641,C00527,P02,2024-05-20,,Monthly,79.0,Active
S000642,C00528,P03,2024-11-12,,Monthly,149.0,Active
S000643,C00528,P04,2025-06-09,,Annual,399.0,Active
S000644,C00529,P04,2024-10-31,,Monthly,399.0,Active
S000645,C00530,P02,2024-09-07,,Annual,79.0,Active
S000646,C00531,P02,2025-10-29,,Monthly,79.0,Active
S000647,C00532,P02,2024-12-29,,Monthly,79.0,Active
S000648,C00533,P04,2025-03-04,,Monthly,399.0,Active
S000649,C00534,P02,2025-01-18,,Monthly,79.0,Active
S000650,C00534,P03,2025-11-09,,Monthly,149.0,Active
S000651,C00535,P03,2024-10-18,,Monthly,149.0,Active
S000652,C00536,P01,2024-08-08,,Annual,29.0,Active
S000653,C00536,P02,2025-01-20,,Monthly,79.0,Active
S000654,C00537,P02,2025-07-27,,Monthly,79.0,Active
S000655,C00538,P02,2024-03-02,,Annual,79.0,Active
S000656,C00538,P01,2025-08-01,,Annual,29.0,Active
S000657,C00539,P01,2024-05-15,,Monthly,29.0,Active
S000658,C00539,P02,2025-05-12,,Monthly,79.0,Active
S000659,C00540,P01,2024-12-20,,Annual,29.0,Active
S000660,C00540,P01,2025-10-02,,Annual,29.0,Active
S000661,C00541,P02,2025-03-17,,Annual,79.0,Active
S000662,C00542,P02,2025-04-29,,Monthly,79.0,Active
S000663,C00543,P04,2025-06-11,,Monthly,399.0,Active
S000664,C00544,P02,2024-10-26,,Monthly,79.0,Active
S000665,C00545,P01,2025-10-19,2025-12-28,Monthly,29.0,Cancelled
S000666,C00546,P02,2024-08-09,2025-05-12,Monthly,79.0,Cancelled
S000667,C00547,P03,2025-08-08,,Monthly,149.0,Active
S000668,C00548,P01,2024-12-05,2025-05-19,Monthly,29.0,Cancelled
S000669,C00549,P02,2024-03-10,,Monthly,79.0,Active
S000670,C00550,P01,2024-08-04,,Monthly,29.0,Active
S000671,C00551,P01,2024-09-14,,Monthly,29.0,Active
S000672,C00552,P04,2025-10-13,,Annual,399.0,Active
S000673,C00553,P01,2024-12-16,,Monthly,29.0,Active
S000674,C00554,P03,2025-05-13,,Monthly,149.0,Active
S000675,C00555,P02,2025-02-18,2025-11-05,Monthly,79.0,Cancelled
S000676,C00556,P04,2024-12-20,,Monthly,399.0,Active
S000677,C00557,P02,2025-11-13,,Monthly,79.0,Active
S000678,C00558,P01,2025-10-12,,Monthly,29.0,Active
S000679,C00559,P03,2025-07-15,,Monthly,149.0,Active
S000680,C00560,P02,2024-06-03,,Monthly,79.0,Active
S000681,C00561,P01,2025-02-28,,Monthly,29.0,Active
S000682,C00562,P03,2024-09-16,,Annual,149.0,Active
S000683,C00563,P01,2025-02-07,,Monthly,29.0,Active
S000684,C00564,P04,2025-06-15,,Monthly,399.0,Active
S000685,C00565,P01,2025-03-13,,Monthly,29.0,Active
S000686,C00566,P01,2025-10-01,2025-12-19,Monthly,29.0,Cancelled
S000687,C00567,P02,2024-06-03,,Monthly,79.0,Active
S000688,C00568,P03,2024-08-21,2025-03-10,Annual,149.0,Cancelled
S000689,C00569,P03,2025-01-14,,Monthly,149.0,Active
S000690,C00570,P02,2024-03-11,,Monthly,79.0,Active
S000691,C00571,P02,2025-04-29,,Monthly,79.0,Active
S000692,C00571,P03,2025-08-26,,Monthly,149.0,Active
S000693,C00572,P03,2024-12-25,,Annual,149.0,Active
S000694,C00573,P01,2025-06-23,,Monthly,29.0,Active
S000695,C00573,P02,2025-11-17,,Monthly,79.0,Active
S000696,C00574,P04,2024-08-10,,Monthly,399.0,Active
S000697,C00574,P03,2025-09-20,,Monthly,149.0,Active
S000698,C00575,P02,2024-01-31,,Monthly,79.0,Active
S000699,C00576,P02,2025-02-27,2025-09-24,Annual,79.0,Cancelled
S000700,C00577,P02,2024-03-05,,Monthly,79.0,Active
S000701,C00577,P01,2024-10-11,,Monthly,29.0,Active
S000702,C00578,P01,2024-03-29,2024-09-22,Annual,29.0,Cancelled
S000703,C00579,P01,2025-06-08,,Annual,29.0,Active
S000704,C00580,P01,2025-03-22,,Monthly,29.0,Active
S000705,C00581,P01,2024-07-05,,Annual,29.0,Active
S000706,C00582,P03,2025-08-11,2025-11-09,Monthly,149.0,Cancelled
S000707,C00583,P02,2025-11-02,,Monthly,79.0,Active
S000708,C00584,P02,2024-08-24,,Annual,79.0,Active
S000709,C00585,P03,2024-07-03,,Monthly,149.0,Active
S000710,C00585,P02,2025-02-23,,Monthly,79.0,Active
S000711,C00585,P03,2025-08-26,,Monthly,149.0,Active
S000712,C00586,P01,2024-12-14,2025-04-07,Monthly,29.0,Cancelled
S000713,C00587,P01,2025-08-18,,Monthly,29.0,Active
S000714,C00588,P02,2024-10-02,2025-06-20,Monthly,79.0,Cancelled
S000715,C00589,P03,2024-02-27,,Monthly,149.0,Active
S000716,C00590,P03,2024-04-20,,Annual,149.0,Active
S000717,C00591,P01,2025-05-25,2025-09-06,Monthly,29.0,Cancelled
S000718,C00592,P02,2025-08-28,,Monthly,79.0,Active
S000719,C00593,P02,2024-12-29,,Annual,79.0,Active
S000720,C00594,P01,2025-11-24,,Annual,29.0,Active
S000721,C00595,P01,2024-08-24,,Monthly,29.0,Active
S000722,C00595,P02,2024-12-12,,Annual,79.0,Active
S000723,C00596,P01,2024-02-11,2024-05-18,Monthly,29.0,Cancelled
S000724,C00597,P01,2025-02-27,,Annual,29.0,Active
S000725,C00598,P02,2024-08-20,,Monthly,79.0,Active
S000726,C00599,P02,2025-10-29,,Monthly,79.0,Active
S000727,C00600,P01,2024-10-19,,Monthly,29.0,Active
S000728,C00601,P02,2025-07-23,,Monthly,79.0,Active
S000729,C00602,P01,2025-11-26,,Monthly,29.0,Active
S000730,C00603,P03,2025-04-16,,Monthly,149.0,Active
S000731,C00604,P04,2025-01-09,,Monthly,399.0,Active
S000732,C00605,P04,2024-03-13,,Monthly,399.0,Active
S000733,C00606,P03,2024-10-09,,Monthly,149.0,Active
S000734,C00607,P02,2024-12-16,,Monthly,79.0,Active
S000735,C00608,P03,2025-08-23,,Monthly,149.0,Active
S000736,C00609,P02,2025-04-13,,Monthly,79.0,Active
S000737,C00610,P03,2024-10-28,,Monthly,149.0,Active
S000738,C00611,P01,2024-03-31,,Annual,29.0,Active
S000739,C00612,P02,2024-08-29,,Monthly,79.0,Active
S000740,C00612,P03,2025-01-28,,Annual,149.0,Active
S000741,C00612,P04,2025-12-01,,Monthly,399.0,Active
S000742,C00613,P01,2024-08-24,,Monthly,29.0,Active
S000743,C00614,P01,2025-07-24,,Monthly,29.0,Active
S000744,C00615,P03,2025-08-24,,Monthly,149.0,Active
S000745,C00616,P02,2025-08-28,,Annual,79.0,Active
S000746,C00617,P04,2025-08-10,,Monthly,399.0,Active
S000747,C00618,P01,2025-11-24,,Monthly,29.0,Active
S000748,C00619,P02,2025-06-12,,Monthly,79.0,Active
S000749,C00620,P01,2024-12-31,,Monthly,29.0,Active
S000750,C00621,P01,2025-11-05,,Monthly,29.0,Active
S000751,C00622,P04,2024-01-05,,Annual,399.0,Active
S000752,C00623,P02,2024-09-05,2025-08-20,Annual,79.0,Cancelled
S000753,C00624,P03,2024-12-02,,Monthly,149.0,Active
S000754,C00625,P04,2024-11-12,,Monthly,399.0,Active
S000755,C00626,P01,2024-05-07,,Annual,29.0,Active
S000756,C00627,P01,2025-03-04,,Annual,29.0,Active
S000757,C00628,P02,2024-06-19,2025-12-14,Monthly,79.0,Cancelled
S000758,C00629,P02,2024-04-12,,Monthly,79.0,Active
S000759,C00630,P03,2024-07-15,2025-08-22,Monthly,149.0,Cancelled
S000760,C00631,P03,2024-12-15,,Monthly,149.0,Active
S000761,C00631,P02,2025-10-25,,Monthly,79.0,Active
S000762,C00632,P01,2024-10-14,,Monthly,29.0,Active
S000763,C00632,P01,2025-04-11,,Annual,29.0,Active
S000764,C00633,P02,2024-01-06,,Monthly,79.0,Active
S000765,C00634,P02,2025-03-27,2025-08-28,Monthly,79.0,Cancelled
S000766,C00635,P02,2024-07-11,,Monthly,79.0,Active
S000767,C00636,P02,2024-11-11,,Annual,79.0,Active
S000768,C00637,P02,2024-03-23,2024-10-09,Monthly,79.0,Cancelled
S000769,C00638,P01,2024-08-24,,Annual,29.0,Active
S000770,C00638,P02,2025-11-07,,Monthly,79.0,Active
S000771,C00638,P01,2025-12-31,,Monthly,29.0,Active
S000772,C00639,P02,2025-09-30,,Annual,79.0,Active
S000773,C00640,P02,2025-02-08,,Monthly,79.0,Active
S000774,C00641,P03,2024-02-23,,Monthly,149.0,Active
S000775,C00642,P01,2025-10-17,,Monthly,29.0,Active
S000776,C00643,P03,2025-10-03,,Monthly,149.0,Active
S000777,C00644,P02,2024-01-12,2024-11-03,Monthly,79.0,Cancelled
S000778,C00645,P01,2025-06-03,,Monthly,29.0,Active
S000779,C00646,P01,2025-10-24,2025-12-27,Monthly,29.0,Cancelled
S000780,C00647,P04,2024-08-15,,Monthly,399.0,Active
S000781,C00648,P04,2024-10-11,,Monthly,399.0,Active
S000782,C00649,P01,2024-01-30,,Monthly,29.0,Active
S000783,C00649,P02,2025-02-05,,Monthly,79.0,Active
S000784,C00649,P03,2025-09-01,,Monthly,149.0,Active
S000785,C00650,P01,2025-11-22,,Monthly,29.0,Active
S000786,C00651,P02,2024-08-26,,Annual,79.0,Active
S000787,C00651,P03,2025-11-20,,Monthly,149.0,Active
S000788,C00651,P04,2025-12-31,,Monthly,399.0,Active
S000789,C00652,P02,2025-09-29,,Annual,79.0,Active
S000790,C00653,P03,2025-09-09,2025-12-09,Monthly,149.0,Cancelled
S000791,C00654,P01,2024-07-07,,Monthly,29.0,Active
S000792,C00654,P02,2025-01-15,,Monthly,79.0,Active
S000793,C00655,P02,2024-07-12,,Monthly,79.0,Active
S000794,C00656,P02,2024-05-08,,Monthly,79.0,Active
S000795,C00657,P04,2024-08-12,,Annual,399.0,Active
S000796,C00658,P01,2025-09-09,,Monthly,29.0,Active
S000797,C00659,P03,2024-01-12,,Monthly,149.0,Active
S000798,C00659,P02,2025-02-27,,Monthly,79.0,Active
S000799,C00660,P01,2024-01-30,,Monthly,29.0,Active
S000800,C00661,P01,2024-12-26,,Monthly,29.0,Active
S000801,C00662,P01,2024-12-28,2025-06-13,Monthly,29.0,Cancelled
S000802,C00663,P03,2024-03-13,,Annual,149.0,Active
S000803,C00664,P01,2024-02-29,,Monthly,29.0,Active
S000804,C00664,P02,2024-07-01,,Monthly,79.0,Active
S000805,C00665,P03,2024-03-18,,Monthly,149.0,Active
S000806,C00666,P02,2025-09-13,,Monthly,79.0,Active
S000807,C00667,P02,2025-03-29,,Monthly,79.0,Active
S000808,C00668,P02,2024-04-05,,Monthly,79.0,Active
S000809,C00669,P02,2025-03-27,,Monthly,79.0,Active
S000810,C00670,P03,2025-08-21,,Monthly,149.0,Active
S000811,C00671,P03,2025-05-09,2025-12-17,Annual,149.0,Cancelled
S000812,C00672,P02,2024-09-01,,Annual,79.0,Active
S000813,C00672,P03,2025-03-07,,Monthly,149.0,Active
S000814,C00673,P01,2024-09-07,,Monthly,29.0,Active
S000815,C00674,P01,2025-05-22,,Monthly,29.0,Active
S000816,C00675,P02,2025-07-19,,Annual,79.0,Active
S000817,C00676,P01,2024-02-27,2025-01-16,Annual,29.0,Cancelled
S000818,C00677,P01,2025-11-03,,Monthly,29.0,Active
S000819,C00678,P04,2025-11-09,,Monthly,399.0,Active
S000820,C00679,P01,2024-03-26,2024-12-31,Monthly,29.0,Cancelled
S000821,C00680,P02,2024-07-18,,Monthly,79.0,Active
S000822,C00681,P04,2024-01-20,,Monthly,399.0,Active
S000823,C00681,P03,2025-07-05,,Monthly,149.0,Active
S000824,C00682,P03,2024-02-11,,Monthly,149.0,Active
S000825,C00683,P03,2025-01-03,,Monthly,149.0,Active
S000826,C00684,P01,2024-09-19,,Annual,29.0,Active
S000827,C00685,P02,2025-09-20,,Monthly,79.0,Active
S000828,C00686,P01,2024-04-25,,Monthly,29.0,Active
S000829,C00687,P04,2024-08-02,,Monthly,399.0,Active
S000830,C00688,P03,2025-06-24,,Annual,149.0,Active
S000831,C00689,P03,2025-02-17,,Monthly,149.0,Active
S000832,C00690,P02,2025-05-21,,Monthly,79.0,Active
S000833,C00691,P02,2025-05-04,,Monthly,79.0,Active
S000834,C00692,P01,2025-05-10,,Annual,29.0,Active
S000835,C00693,P01,2025-05-30,2025-11-23,Monthly,29.0,Cancelled
S000836,C00694,P03,2024-07-07,,Monthly,149.0,Active
S000837,C00695,P02,2025-10-19,,Monthly,79.0,Active
S000838,C00696,P02,2025-06-12,,Monthly,79.0,Active
S000839,C00697,P03,2024-04-17,,Annual,149.0,Active
S000840,C00697,P04,2025-01-07,,Annual,399.0,Active
S000841,C00698,P01,2025-08-21,,Annual,29.0,Active
S000842,C00699,P02,2025-08-29,,Annual,79.0,Active
S000843,C00700,P02,2024-06-03,,Annual,79.0,Active
S000844,C00700,P01,2025-07-14,,Monthly,29.0,Active
S000845,C00701,P03,2024-09-27,2025-03-27,Monthly,149.0,Cancelled
S000846,C00702,P03,2025-02-25,,Monthly,149.0,Active
S000847,C00703,P01,2024-07-14,,Annual,29.0,Active
S000848,C00703,P02,2025-11-13,,Annual,79.0,Active
S000849,C00704,P03,2024-01-25,,Monthly,149.0,Active
S000850,C00704,P02,2024-10-25,,Annual,79.0,Active
S000851,C00705,P03,2025-09-22,,Monthly,149.0,Active
S000852,C00706,P02,2024-02-22,,Annual,79.0,Active
S000853,C00707,P01,2024-12-04,,Monthly,29.0,Active
S000854,C00708,P04,2024-03-07,,Monthly,399.0,Active
S000855,C00709,P03,2025-07-10,,Monthly,149.0,Active
S000856,C00710,P02,2024-11-22,,Monthly,79.0,Active
S000857,C00711,P03,2024-09-22,,Monthly,149.0,Active
S000858,C00712,P01,2025-04-09,,Monthly,29.0,Active
S000859,C00713,P01,2025-03-02,,Monthly,29.0,Active
S000860,C00714,P03,2024-04-01,,Annual,149.0,Active
S000861,C00715,P04,2024-03-08,,Monthly,399.0,Active
S000862,C00716,P02,2025-08-28,2025-11-20,Monthly,79.0,Cancelled
S000863,C00717,P02,2025-01-04,,Monthly,79.0,Active
S000864,C00718,P04,2024-02-04,,Monthly,399.0,Active
S000865,C00719,P02,2025-07-16,,Monthly,79.0,Active
S000866,C00720,P01,2025-11-29,,Monthly,29.0,Active
S000867,C00721,P01,2025-09-02,2025-12-18,Monthly,29.0,Cancelled
S000868,C00722,P01,2025-10-23,,Monthly,29.0,Active
S000869,C00723,P03,2024-08-01,2025-10-13,Monthly,149.0,Cancelled
S000870,C00724,P03,2024-03-04,,Annual,149.0,Active
S000871,C00725,P01,2025-04-07,,Monthly,29.0,Active
S000872,C00726,P02,2024-10-29,2025-06-07,Monthly,79.0,Cancelled
S000873,C00727,P03,2024-09-01,,Monthly,149.0,Active
S000874,C00727,P04,2025-09-21,,Monthly,399.0,Active
S000875,C00727,P04,2025-12-27,,Monthly,399.0,Active
S000876,C00728,P03,2025-10-21,,Monthly,149.0,Active
S000877,C00729,P01,2025-05-12,2025-12-12,Monthly,29.0,Cancelled
S000878,C00730,P03,2024-06-16,,Annual,149.0,Active
S000879,C00730,P04,2025-04-04,,Monthly,399.0,Active
S000880,C00731,P03,2024-12-09,,Monthly,149.0,Active
S000881,C00732,P02,2024-12-10,,Monthly,79.0,Active
S000882,C00733,P02,2025-10-02,,Monthly,79.0,Active
S000883,C00734,P01,2024-12-10,,Monthly,29.0,Active
S000884,C00735,P01,2024-10-13,,Monthly,29.0,Active
S000885,C00736,P03,2025-04-23,,Monthly,149.0,Active
S000886,C00737,P02,2024-09-28,2024-12-06,Monthly,79.0,Cancelled
S000887,C00738,P03,2025-08-27,,Monthly,149.0,Active
S000888,C00739,P01,2025-05-10,,Monthly,29.0,Active
S000889,C00740,P02,2024-06-12,,Monthly,79.0,Active
S000890,C00740,P03,2025-06-27,,Monthly,149.0,Active
S000891,C00741,P02,2024-05-09,,Monthly,79.0,Active
S000892,C00742,P03,2025-10-30,,Annual,149.0,Active
S000893,C00743,P01,2024-07-01,,Monthly,29.0,Active
S000894,C00744,P02,2025-08-04,,Monthly,79.0,Active
S000895,C00745,P02,2025-04-11,,Monthly,79.0,Active
S000896,C00746,P03,2025-06-30,,Monthly,149.0,Active
S000897,C00747,P03,2024-05-23,,Monthly,149.0,Active
S000898,C00748,P03,2025-07-07,,Annual,149.0,Active
S000899,C00749,P02,2025-06-01,2025-12-14,Annual,79.0,Cancelled
S000900,C00750,P01,2024-11-26,,Monthly,29.0,Active
S000901,C00751,P02,2025-08-24,,Monthly,79.0,Active
S000902,C00752,P01,2024-04-21,,Monthly,29.0,Active
S000903,C00753,P04,2024-02-04,,Monthly,399.0,Active
S000904,C00753,P04,2025-06-07,,Monthly,399.0,Active
S000905,C00754,P03,2024-06-20,,Monthly,149.0,Active
S000906,C00755,P02,2025-11-29,,Annual,79.0,Active
S000907,C00756,P02,2024-04-25,,Monthly,79.0,Active
S000908,C00757,P02,2025-09-19,,Monthly,79.0,Active
S000909,C00758,P03,2024-09-03,,Monthly,149.0,Active
S000910,C00759,P02,2024-12-17,,Monthly,79.0,Active
S000911,C00760,P02,2024-12-14,,Monthly,79.0,Active
S000912,C00761,P01,2024-01-14,2024-11-01,Monthly,29.0,Cancelled
S000913,C00762,P04,2025-08-19,2025-12-24,Monthly,399.0,Cancelled
S000914,C00763,P02,2025-03-17,,Annual,79.0,Active
S000915,C00764,P01,2024-11-20,,Monthly,29.0,Active
S000916,C00765,P02,2025-03-01,2025-09-21,Monthly,79.0,Cancelled
S000917,C00766,P03,2025-03-14,,Monthly,149.0,Active
S000918,C00767,P01,2024-08-03,2025-11-23,Monthly,29.0,Cancelled
S000919,C00768,P02,2024-04-14,,Annual,79.0,Active
S000920,C00769,P02,2025-04-16,,Monthly,79.0,Active
S000921,C00770,P02,2024-07-07,,Monthly,79.0,Active
S000922,C00771,P01,2024-03-11,,Monthly,29.0,Active
S000923,C00771,P02,2024-07-21,,Monthly,79.0,Active
S000924,C00772,P03,2025-05-08,,Annual,149.0,Active
S000925,C00773,P02,2025-03-10,,Monthly,79.0,Active
S000926,C00773,P03,2025-11-25,,Monthly,149.0,Active
S000927,C00774,P01,2025-11-24,,Monthly,29.0,Active
S000928,C00775,P03,2025-09-02,,Monthly,149.0,Active
S000929,C00776,P04,2025-07-07,,Annual,399.0,Active
S000930,C00777,P03,2025-02-01,,Monthly,149.0,Active
S000931,C00778,P01,2025-07-22,,Annual,29.0,Active
S000932,C00779,P02,2024-11-16,,Annual,79.0,Active
S000933,C00779,P03,2025-07-08,,Monthly,149.0,Active
S000934,C00779,P04,2025-12-11,,Monthly,399.0,Active
S000935,C00780,P04,2025-06-21,,Annual,399.0,Active
S000936,C00781,P01,2025-01-25,2025-11-27,Monthly,29.0,Cancelled
S000937,C00782,P01,2025-08-30,2025-11-06,Monthly,29.0,Cancelled
S000938,C00783,P01,2024-12-05,,Monthly,29.0,Active
S000939,C00784,P01,2024-10-05,,Annual,29.0,Active
S000940,C00784,P02,2025-09-02,,Monthly,79.0,Active
S000941,C00785,P02,2025-09-12,,Monthly,79.0,Active
S000942,C00786,P02,2025-08-21,,Annual,79.0,Active
S000943,C00787,P02,2025-02-16,,Monthly,79.0,Active
S000944,C00787,P01,2025-08-14,,Monthly,29.0,Active
S000945,C00788,P03,2025-09-08,,Monthly,149.0,Active
S000946,C00789,P01,2024-08-13,2025-03-24,Monthly,29.0,Cancelled
S000947,C00790,P02,2024-02-25,,Monthly,79.0,Active
S000948,C00791,P02,2025-03-17,2025-07-17,Monthly,79.0,Cancelled
S000949,C00792,P03,2025-05-26,,Monthly,149.0,Active
S000950,C00792,P02,2025-11-16,,Annual,79.0,Active
S000951,C00793,P01,2024-06-14,2025-06-04,Monthly,29.0,Cancelled
S000952,C00794,P03,2024-05-09,,Monthly,149.0,Active
S000953,C00795,P02,2025-01-02,,Monthly,79.0,Active
S000954,C00796,P02,2024-09-30,,Monthly,79.0,Active
S000955,C00797,P01,2024-12-03,,Annual,29.0,Active
S000956,C00797,P02,2025-11-30,,Annual,79.0,Active
S000957,C00798,P04,2024-09-03,,Monthly,399.0,Active
S000958,C00798,P03,2025-01-28,,Monthly,149.0,Active
S000959,C00799,P04,2024-12-03,,Annual,399.0,Active
S000960,C00800,P01,2025-08-10,,Annual,29.0,Active
S000961,C00801,P01,2024-11-03,,Annual,29.0,Active
S000962,C00802,P01,2024-05-08,2025-05-05,Annual,29.0,Cancelled
S000963,C00803,P03,2024-05-27,,Monthly,149.0,Active
S000964,C00804,P01,2025-06-21,,Monthly,29.0,Active
S000965,C00805,P04,2025-02-01,2025-05-10,Monthly,399.0,Cancelled
S000966,C00806,P01,2024-10-08,,Monthly,29.0,Active
S000967,C00807,P02,2024-12-02,,Annual,79.0,Active
S000968,C00808,P01,2024-09-24,,Monthly,29.0,Active
S000969,C00809,P04,2024-07-10,,Monthly,399.0,Active
S000970,C00810,P01,2024-03-11,,Monthly,29.0,Active
S000971,C00811,P03,2025-03-18,,Monthly,149.0,Active
S000972,C00812,P04,2024-01-09,,Monthly,399.0,Active
S000973,C00813,P03,2024-09-23,,Monthly,149.0,Active
S000974,C00814,P02,2025-10-13,,Annual,79.0,Active
S000975,C00815,P01,2025-05-30,,Monthly,29.0,Active
S000976,C00816,P03,2024-01-19,,Monthly,149.0,Active
S000977,C00817,P03,2025-10-13,,Monthly,149.0,Active
S000978,C00818,P01,2024-07-30,2025-05-05,Annual,29.0,Cancelled
S000979,C00819,P03,2025-10-22,,Annual,149.0,Active
S000980,C00820,P02,2025-02-13,2025-05-19,Monthly,79.0,Cancelled
S000981,C00821,P02,2025-01-24,2025-04-02,Monthly,79.0,Cancelled
S000982,C00822,P01,2024-09-04,,Monthly,29.0,Active
S000983,C00823,P02,2024-12-17,,Monthly,79.0,Active
S000984,C00824,P03,2024-01-25,,Monthly,149.0,Active
S000985,C00825,P02,2024-10-15,,Monthly,79.0,Active
S000986,C00826,P01,2025-02-05,,Annual,29.0,Active
S000987,C00827,P02,2025-03-11,2025-09-22,Monthly,79.0,Cancelled
S000988,C00828,P02,2024-02-11,,Monthly,79.0,Active
S000989,C00829,P02,2024-05-19,,Monthly,79.0,Active
S000990,C00830,P01,2025-02-17,,Monthly,29.0,Active
S000991,C00831,P04,2024-09-11,,Monthly,399.0,Active
S000992,C00831,P04,2025-03-02,,Annual,399.0,Active
S000993,C00832,P02,2025-09-30,2025-12-08,Monthly,79.0,Cancelled
S000994,C00833,P03,2025-06-27,,Monthly,149.0,Active
S000995,C00834,P03,2024-12-31,,Monthly,149.0,Active
S000996,C00835,P03,2025-07-30,2025-11-30,Monthly,149.0,Cancelled
S000997,C00836,P04,2024-08-06,,Monthly,399.0,Active
S000998,C00836,P04,2025-12-08,,Monthly,399.0,Active
S000999,C00837,P02,2024-12-01,,Annual,79.0,Active
S001000,C00838,P01,2025-06-07,,Annual,29.0,Active
S001001,C00839,P02,2025-09-06,,Monthly,79.0,Active
S001002,C00840,P02,2025-06-28,,Monthly,79.0,Active
S001003,C00840,P03,2025-12-01,,Monthly,149.0,Active
S001004,C00841,P02,2025-10-16,,Annual,79.0,Active
S001005,C00842,P03,2024-01-04,,Monthly,149.0,Active
S001006,C00842,P02,2025-06-23,,Monthly,79.0,Active
S001007,C00843,P03,2024-04-10,,Monthly,149.0,Active
S001008,C00843,P04,2025-05-02,,Annual,399.0,Active
S001009,C00843,P04,2025-11-13,,Monthly,399.0,Active
S001010,C00844,P02,2024-08-13,,Annual,79.0,Active
S001011,C00844,P03,2025-06-01,,Monthly,149.0,Active
S001012,C00845,P02,2024-12-01,,Annual,79.0,Active
S001013,C00846,P01,2025-01-02,,Annual,29.0,Active
S001014,C00847,P02,2025-03-21,,Monthly,79.0,Active
S001015,C00848,P03,2025-07-14,,Monthly,149.0,Active
S001016,C00849,P01,2025-09-01,,Monthly,29.0,Active
S001017,C00850,P04,2025-04-08,,Annual,399.0,Active
S001018,C00850,P04,2025-11-30,,Annual,399.0,Active
S001019,C00851,P03,2025-05-17,,Monthly,149.0,Active
S001020,C00852,P04,2024-09-02,2025-06-28,Monthly,399.0,Cancelled
S001021,C00853,P02,2024-02-06,,Monthly,79.0,Active
S001022,C00853,P03,2024-12-30,,Monthly,149.0,Active
S001023,C00854,P01,2024-01-19,,Monthly,29.0,Active
S001024,C00855,P03,2024-11-20,,Annual,149.0,Active
S001025,C00855,P02,2025-09-27,,Monthly,79.0,Active
S001026,C00856,P01,2025-06-05,,Monthly,29.0,Active
S001027,C00857,P02,2024-03-18,,Annual,79.0,Active
S001028,C00857,P03,2024-08-10,,Monthly,149.0,Active
S001029,C00858,P01,2025-03-20,,Monthly,29.0,Active
S001030,C00859,P03,2025-03-21,,Monthly,149.0,Active
S001031,C00860,P03,2024-03-11,,Monthly,149.0,Active
S001032,C00861,P02,2025-04-30,,Annual,79.0,Active
S001033,C00861,P03,2025-11-08,,Monthly,149.0,Active
S001034,C00862,P01,2025-08-27,,Monthly,29.0,Active
S001035,C00863,P01,2025-07-05,,Annual,29.0,Active
S001036,C00864,P01,2024-07-02,,Monthly,29.0,Active
S001037,C00864,P02,2025-05-17,,Annual,79.0,Active
S001038,C00865,P01,2025-05-23,,Annual,29.0,Active
S001039,C00866,P02,2024-11-24,,Monthly,79.0,Active
S001040,C00867,P02,2025-02-26,,Monthly,79.0,Active
S001041,C00868,P01,2025-10-31,,Monthly,29.0,Active
S001042,C00869,P03,2024-02-26,,Annual,149.0,Active
S001043,C00870,P03,2025-10-02,,Monthly,149.0,Active
S001044,C00871,P03,2024-07-29,,Monthly,149.0,Active
S001045,C00872,P03,2024-05-25,,Monthly,149.0,Active
S001046,C00873,P03,2025-03-03,,Annual,149.0,Active
S001047,C00874,P04,2025-05-25,,Monthly,399.0,Active
S001048,C00875,P04,2025-02-01,,Monthly,399.0,Active
S001049,C00876,P01,2024-08-22,,Annual,29.0,Active
S001050,C00876,P02,2025-10-02,,Annual,79.0,Active
S001051,C00877,P01,2025-04-07,,Annual,29.0,Active
S001052,C00878,P02,2024-12-23,,Monthly,79.0,Active
S001053,C00879,P02,2024-01-17,,Monthly,79.0,Active
S001054,C00880,P04,2024-04-28,,Monthly,399.0,Active
S001055,C00881,P02,2025-11-20,,Monthly,79.0,Active
S001056,C00882,P01,2025-05-23,,Monthly,29.0,Active
S001057,C00883,P01,2024-08-18,2025-04-09,Monthly,29.0,Cancelled
S001058,C00884,P04,2024-10-03,,Annual,399.0,Active
S001059,C00884,P04,2025-02-22,,Monthly,399.0,Active
S001060,C00885,P01,2024-06-16,2024-11-11,Annual,29.0,Cancelled
S001061,C00886,P02,2025-02-23,2025-11-26,Monthly,79.0,Cancelled
S001062,C00887,P01,2024-12-13,,Monthly,29.0,Active
S001063,C00887,P01,2025-08-30,,Monthly,29.0,Active
S001064,C00888,P04,2025-01-30,,Monthly,399.0,Active
S001065,C00889,P01,2024-12-18,,Monthly,29.0,Active
S001066,C00890,P03,2025-06-06,,Monthly,149.0,Active
S001067,C00891,P02,2025-06-26,,Annual,79.0,Active
S001068,C00892,P02,2025-04-08,,Monthly,79.0,Active
S001069,C00893,P01,2024-06-14,,Monthly,29.0,Active
S001070,C00893,P02,2025-10-20,,Monthly,79.0,Active
S001071,C00894,P03,2024-02-18,,Monthly,149.0,Active
S001072,C00895,P03,2025-01-07,,Monthly,149.0,Active
S001073,C00896,P01,2024-03-27,,Annual,29.0,Active
S001074,C00896,P01,2025-10-28,,Annual,29.0,Active
S001075,C00897,P02,2025-01-09,,Monthly,79.0,Active
S001076,C00898,P01,2024-05-07,,Annual,29.0,Active
S001077,C00899,P01,2025-07-18,,Annual,29.0,Active
S001078,C00900,P01,2024-06-27,2024-11-27,Monthly,29.0,Cancelled
S001079,C00901,P01,2025-03-17,,Monthly,29.0,Active
S001080,C00902,P02,2024-04-20,,Monthly,79.0,Active
S001081,C00903,P02,2024-10-07,2025-01-10,Monthly,79.0,Cancelled
S001082,C00903,P03,2025-01-10,2025-04-20,Monthly,149.0,Cancelled
S001083,C00904,P01,2025-08-03,2025-11-09,Monthly,29.0,Cancelled
S001084,C00905,P02,2025-05-16,,Monthly,79.0,Active
S001085,C00905,P01,2025-12-08,,Monthly,29.0,Active
S001086,C00906,P02,2025-12-01,,Monthly,79.0,Active
S001087,C00907,P03,2025-10-17,,Monthly,149.0,Active
S001088,C00908,P02,2025-03-13,2025-06-10,Monthly,79.0,Cancelled
S001089,C00909,P04,2025-08-31,,Monthly,399.0,Active
S001090,C00910,P03,2024-09-20,,Monthly,149.0,Active
S001091,C00911,P03,2025-05-16,,Annual,149.0,Active
S001092,C00912,P01,2024-04-02,,Monthly,29.0,Active
S001093,C00913,P03,2024-03-13,2025-03-19,Annual,149.0,Cancelled
S001094,C00914,P02,2024-08-08,,Monthly,79.0,Active
S001095,C00915,P02,2024-03-13,,Monthly,79.0,Active
S001096,C00916,P01,2024-01-06,2024-06-18,Monthly,29.0,Cancelled
S001097,C00917,P03,2024-07-22,,Monthly,149.0,Active
S001098,C00917,P04,2025-09-04,,Monthly,399.0,Active
S001099,C00918,P02,2024-04-26,,Monthly,79.0,Active
S001100,C00919,P02,2025-05-06,,Monthly,79.0,Active
S001101,C00920,P02,2024-01-16,,Monthly,79.0,Active
S001102,C00921,P03,2024-04-24,2024-10-13,Monthly,149.0,Cancelled
S001103,C00922,P02,2024-10-23,2025-02-18,Monthly,79.0,Cancelled
S001104,C00922,P03,2025-02-18,2025-04-26,Monthly,149.0,Cancelled
S001105,C00923,P01,2025-06-21,,Monthly,29.0,Active
S001106,C00924,P03,2025-05-12,,Monthly,149.0,Active
S001107,C00924,P02,2025-08-20,,Annual,79.0,Active
S001108,C00925,P01,2024-02-05,,Monthly,29.0,Active
S001109,C00926,P03,2025-09-10,,Annual,149.0,Active
S001110,C00927,P01,2025-04-10,,Monthly,29.0,Active
S001111,C00928,P02,2025-07-12,,Monthly,79.0,Active
S001112,C00929,P04,2025-04-23,,Monthly,399.0,Active
S001113,C00930,P02,2024-04-08,,Monthly,79.0,Active
S001114,C00930,P01,2025-12-04,,Monthly,29.0,Active
S001115,C00931,P02,2024-05-02,,Annual,79.0,Active
S001116,C00931,P03,2024-08-10,,Monthly,149.0,Active
S001117,C00932,P02,2025-01-23,,Monthly,79.0,Active
S001118,C00932,P01,2025-07-17,,Monthly,29.0,Active
S001119,C00933,P03,2025-03-08,,Monthly,149.0,Active
S001120,C00934,P01,2024-05-22,2024-12-29,Monthly,29.0,Cancelled
S001121,C00935,P03,2024-06-20,,Annual,149.0,Active
S001122,C00936,P01,2025-03-04,2025-11-29,Monthly,29.0,Cancelled
S001123,C00937,P04,2025-04-05,2025-06-19,Monthly,399.0,Cancelled
S001124,C00938,P01,2024-08-23,,Annual,29.0,Active
S001125,C00938,P02,2025-03-03,,Monthly,79.0,Active
S001126,C00939,P03,2025-06-25,,Monthly,149.0,Active
S001127,C00940,P03,2025-01-20,2025-04-13,Monthly,149.0,Cancelled
S001128,C00941,P01,2024-11-06,,Monthly,29.0,Active
S001129,C00942,P01,2024-12-17,,Monthly,29.0,Active
S001130,C00943,P01,2024-06-10,,Annual,29.0,Active
S001131,C00944,P03,2024-11-08,,Monthly,149.0,Active
S001132,C00945,P03,2025-04-28,,Monthly,149.0,Active
S001133,C00945,P02,2025-10-29,,Monthly,79.0,Active
S001134,C00946,P02,2025-07-11,,Annual,79.0,Active
S001135,C00947,P02,2025-09-01,,Monthly,79.0,Active
S001136,C00948,P03,2024-07-29,2025-02-02,Monthly,149.0,Cancelled
S001137,C00949,P03,2025-02-16,,Monthly,149.0,Active
S001138,C00949,P02,2025-07-07,,Monthly,79.0,Active
S001139,C00950,P03,2025-06-21,,Monthly,149.0,Active
S001140,C00950,P02,2025-10-19,,Annual,79.0,Active
S001141,C00951,P03,2024-05-12,,Monthly,149.0,Active
S001142,C00952,P03,2024-04-26,,Monthly,149.0,Active
S001143,C00953,P02,2025-02-25,2025-10-02,Monthly,79.0,Cancelled
S001144,C00954,P02,2024-03-12,,Monthly,79.0,Active
S001145,C00955,P01,2025-06-21,,Monthly,29.0,Active
S001146,C00955,P02,2025-12-13,,Monthly,79.0,Active
S001147,C00956,P01,2025-08-23,,Monthly,29.0,Active
S001148,C00957,P01,2024-08-13,,Monthly,29.0,Active
S001149,C00958,P03,2025-03-07,,Annual,149.0,Active
S001150,C00959,P04,2025-10-12,,Annual,399.0,Active
S001151,C00960,P01,2024-05-09,2025-02-25,Annual,29.0,Cancelled
S001152,C00961,P01,2024-06-22,,Monthly,29.0,Active
S001153,C00962,P03,2024-07-10,2025-03-21,Monthly,149.0,Cancelled
S001154,C00963,P03,2025-06-24,,Monthly,149.0,Active
S001155,C00964,P02,2025-01-27,,Monthly,79.0,Active
S001156,C00965,P02,2025-07-09,,Monthly,79.0,Active
S001157,C00966,P02,2024-03-16,,Annual,79.0,Active
S001158,C00967,P02,2024-03-25,,Monthly,79.0,Active
S001159,C00968,P02,2025-08-28,,Annual,79.0,Active
S001160,C00969,P02,2025-09-08,,Monthly,79.0,Active
S001161,C00970,P02,2024-01-20,,Monthly,79.0,Active
S001162,C00971,P03,2025-11-11,,Monthly,149.0,Active
S001163,C00972,P03,2025-01-05,,Monthly,149.0,Active
S001164,C00973,P04,2025-01-21,,Monthly,399.0,Active
S001165,C00974,P01,2024-08-03,,Monthly,29.0,Active
S001166,C00975,P02,2025-08-23,,Monthly,79.0,Active
S001167,C00976,P04,2025-05-12,,Monthly,399.0,Active
S001168,C00977,P03,2024-11-20,2025-07-11,Monthly,149.0,Cancelled
S001169,C00978,P02,2024-03-30,,Monthly,79.0,Active
S001170,C00979,P03,2024-03-19,,Annual,149.0,Active
S001171,C00980,P01,2025-02-01,,Monthly,29.0,Active
S001172,C00981,P03,2025-03-21,,Monthly,149.0,Active
S001173,C00982,P01,2025-06-14,,Annual,29.0,Active
S001174,C00983,P03,2024-07-20,,Monthly,149.0,Active
S001175,C00983,P04,2025-02-16,,Monthly,399.0,Active
S001176,C00984,P04,2024-09-28,,Annual,399.0,Active
S001177,C00984,P04,2025-10-03,,Monthly,399.0,Active
S001178,C00985,P03,2024-08-15,,Monthly,149.0,Active
S001179,C00986,P02,2025-10-10,,Monthly,79.0,Active
S001180,C00987,P02,2024-04-10,,Annual,79.0,Active
S001181,C00988,P01,2025-09-25,,Annual,29.0,Active
S001182,C00989,P04,2025-03-17,,Annual,399.0,Active
S001183,C00990,P03,2024-02-06,,Monthly,149.0,Active
S001184,C00991,P01,2025-04-11,,Monthly,29.0,Active
S001185,C00991,P02,2025-10-07,,Monthly,79.0,Active
S001186,C00992,P02,2024-04-09,,Monthly,79.0,Active
S001187,C00993,P01,2025-09-10,,Annual,29.0,Active
S001188,C00994,P02,2024-02-28,,Monthly,79.0,Active
S001189,C00995,P02,2024-09-30,,Monthly,79.0,Active
S001190,C00996,P02,2025-11-23,,Monthly,79.0,Active
S001191,C00997,P01,2025-07-13,,Monthly,29.0,Active
S001192,C00998,P02,2025-06-04,,Monthly,79.0,Active
S001193,C00999,P02,2025-05-26,,Monthly,79.0,Active
S001194,C01000,P03,2024-01-12,,Annual,149.0,Active
S001195,C01000,P02,2024-09-09,,Monthly,79.0,Active
S001196,C01000,P01,2025-09-27,,Monthly,29.0,Active
S001197,C01001,P02,2025-02-19,,Monthly,79.0,Active
S001198,C01002,P01,2024-10-06,2025-07-31,Annual,29.0,Cancelled
S001199,C01003,P01,2024-09-30,2025-05-24,Monthly,29.0,Cancelled
S001200,C01004,P02,2025-11-04,,Annual,79.0,Active
S001201,C01005,P02,2024-07-24,,Monthly,79.0,Active
S001202,C01006,P03,2025-04-19,,Annual,149.0,Active
S001203,C01006,P04,2025-11-09,,Annual,399.0,Active
S001204,C01007,P01,2024-10-19,,Annual,29.0,Active
S001205,C01008,P01,2025-04-30,,Monthly,29.0,Active
S001206,C01008,P01,2025-10-19,,Monthly,29.0,Active
S001207,C01009,P02,2025-01-01,,Monthly,79.0,Active
S001208,C01009,P03,2025-06-19,,Monthly,149.0,Active
S001209,C01010,P01,2025-12-01,,Monthly,29.0,Active
S001210,C01011,P03,2024-02-10,,Monthly,149.0,Active
S001211,C01012,P02,2024-04-28,,Monthly,79.0,Active
S001212,C01013,P01,2025-09-26,,Monthly,29.0,Active
S001213,C01014,P03,2024-04-14,2025-08-18,Monthly,149.0,Cancelled
S001214,C01015,P01,2024-08-08,,Monthly,29.0,Active
S001215,C01015,P02,2025-06-19,,Monthly,79.0,Active
S001216,C01016,P02,2024-08-23,,Monthly,79.0,Active
S001217,C01017,P02,2025-04-24,,Monthly,79.0,Active
S001218,C01018,P02,2025-07-22,,Annual,79.0,Active
S001219,C01019,P01,2025-08-18,,Monthly,29.0,Active
S001220,C01020,P01,2025-10-12,,Monthly,29.0,Active
S001221,C01021,P03,2025-02-24,,Monthly,149.0,Active
S001222,C01022,P02,2025-11-17,,Monthly,79.0,Active
S001223,C01023,P03,2025-11-28,,Annual,149.0,Active
S001224,C01024,P04,2024-08-26,,Monthly,399.0,Active
S001225,C01025,P02,2025-11-19,,Monthly,79.0,Active
S001226,C01026,P02,2024-12-25,,Monthly,79.0,Active
S001227,C01026,P03,2025-11-13,,Monthly,149.0,Active
S001228,C01026,P04,2025-12-31,,Monthly,399.0,Active
S001229,C01027,P03,2025-02-18,,Annual,149.0,Active
S001230,C01028,P02,2025-07-23,,Monthly,79.0,Active
S001231,C01029,P03,2025-07-27,,Monthly,149.0,Active
S001232,C01030,P02,2024-10-18,,Monthly,79.0,Active
S001233,C01031,P02,2025-04-07,,Monthly,79.0,Active
S001234,C01032,P03,2024-11-28,,Monthly,149.0,Active
S001235,C01033,P02,2025-10-14,,Annual,79.0,Active
S001236,C01034,P02,2024-03-02,,Monthly,79.0,Active
S001237,C01034,P03,2025-10-12,,Monthly,149.0,Active
S001238,C01034,P04,2025-12-31,,Monthly,399.0,Active
S001239,C01035,P02,2025-08-25,,Monthly,79.0,Active
S001240,C01036,P02,2025-02-10,,Monthly,79.0,Active
S001241,C01037,P02,2025-06-11,,Monthly,79.0,Active
S001242,C01038,P02,2025-09-03,,Monthly,79.0,Active
S001243,C01039,P03,2025-11-18,,Annual,149.0,Active
S001244,C01040,P02,2024-06-11,,Monthly,79.0,Active
S001245,C01041,P03,2024-04-05,,Monthly,149.0,Active
S001246,C01042,P02,2025-08-26,,Monthly,79.0,Active
S001247,C01043,P02,2024-07-10,,Annual,79.0,Active
S001248,C01043,P03,2024-11-15,,Monthly,149.0,Active
S001249,C01043,P04,2025-11-13,,Monthly,399.0,Active
S001250,C01044,P02,2024-04-13,,Monthly,79.0,Active
S001251,C01045,P02,2024-11-13,,Monthly,79.0,Active
S001252,C01045,P03,2025-04-04,,Monthly,149.0,Active
S001253,C01046,P03,2024-07-30,,Monthly,149.0,Active
S001254,C01047,P01,2025-05-26,,Monthly,29.0,Active
S001255,C01047,P02,2025-09-19,,Monthly,79.0,Active
S001256,C01048,P04,2025-11-02,,Monthly,399.0,Active
S001257,C01049,P03,2024-12-22,2025-06-10,Monthly,149.0,Cancelled
S001258,C01050,P02,2024-06-29,2025-03-06,Monthly,79.0,Cancelled
S001259,C01051,P01,2025-11-13,,Monthly,29.0,Active
S001260,C01052,P01,2024-02-18,2024-06-13,Annual,29.0,Cancelled
S001261,C01053,P02,2025-08-27,,Annual,79.0,Active
S001262,C01054,P02,2025-03-22,,Monthly,79.0,Active
S001263,C01055,P01,2024-12-09,,Annual,29.0,Active
S001264,C01056,P01,2025-06-10,2025-11-09,Monthly,29.0,Cancelled
S001265,C01057,P01,2025-08-15,2025-12-27,Monthly,29.0,Cancelled
S001266,C01058,P01,2024-10-23,,Monthly,29.0,Active
S001267,C01059,P02,2024-11-21,,Monthly,79.0,Active
S001268,C01060,P03,2024-06-13,,Monthly,149.0,Active
S001269,C01061,P02,2025-06-13,,Annual,79.0,Active
S001270,C01062,P02,2025-04-10,,Monthly,79.0,Active
S001271,C01062,P01,2025-11-19,,Monthly,29.0,Active
S001272,C01063,P02,2025-10-18,2025-12-29,Monthly,79.0,Cancelled
S001273,C01064,P02,2025-05-14,,Monthly,79.0,Active
S001274,C01065,P02,2024-06-09,,Monthly,79.0,Active
S001275,C01066,P03,2025-02-16,,Monthly,149.0,Active
S001276,C01067,P03,2025-10-23,,Monthly,149.0,Active
S001277,C01068,P01,2025-01-18,,Monthly,29.0,Active
S001278,C01069,P03,2024-06-25,,Monthly,149.0,Active
S001279,C01070,P03,2024-11-25,,Monthly,149.0,Active
S001280,C01071,P02,2024-09-05,,Monthly,79.0,Active
S001281,C01071,P01,2025-06-18,,Monthly,29.0,Active
S001282,C01072,P03,2024-05-04,,Monthly,149.0,Active
S001283,C01073,P02,2024-04-15,,Annual,79.0,Active
S001284,C01073,P01,2025-07-11,,Annual,29.0,Active
S001285,C01074,P03,2025-07-04,,Monthly,149.0,Active
S001286,C01074,P04,2025-12-29,,Annual,399.0,Active
S001287,C01075,P03,2024-07-02,,Monthly,149.0,Active
S001288,C01076,P01,2024-08-17,,Annual,29.0,Active
S001289,C01077,P03,2025-08-26,,Monthly,149.0,Active
S001290,C01078,P02,2025-01-06,,Annual,79.0,Active
S001291,C01079,P03,2025-08-28,,Annual,149.0,Active
S001292,C01080,P02,2024-05-27,2025-09-23,Monthly,79.0,Cancelled
S001293,C01081,P03,2025-10-02,,Monthly,149.0,Active
S001294,C01082,P02,2025-04-05,,Monthly,79.0,Active
S001295,C01083,P01,2025-05-11,,Annual,29.0,Active
S001296,C01084,P02,2024-02-11,,Annual,79.0,Active
S001297,C01084,P03,2024-08-24,,Annual,149.0,Active
S001298,C01085,P01,2025-02-19,2025-07-30,Monthly,29.0,Cancelled
S001299,C01086,P02,2024-05-09,,Monthly,79.0,Active
S001300,C01086,P03,2024-10-02,,Monthly,149.0,Active
S001301,C01087,P03,2024-04-19,,Monthly,149.0,Active
S001302,C01087,P04,2024-08-28,,Annual,399.0,Active
S001303,C01087,P04,2025-02-11,,Monthly,399.0,Active
S001304,C01088,P03,2024-04-14,,Monthly,149.0,Active
S001305,C01089,P01,2024-02-17,2024-06-20,Monthly,29.0,Cancelled
S001306,C01090,P03,2024-07-29,,Monthly,149.0,Active
S001307,C01091,P03,2025-07-31,,Annual,149.0,Active
S001308,C01092,P02,2025-10-05,,Monthly,79.0,Active
S001309,C01093,P01,2024-06-24,2025-08-06,Annual,29.0,Cancelled
S001310,C01094,P04,2024-02-11,,Monthly,399.0,Active
S001311,C01095,P01,2024-11-15,,Annual,29.0,Active
S001312,C01095,P01,2025-02-21,,Annual,29.0,Active
S001313,C01096,P03,2024-06-10,,Monthly,149.0,Active
S001314,C01097,P01,2024-10-13,,Monthly,29.0,Active
S001315,C01098,P02,2025-10-27,,Annual,79.0,Active
S001316,C01099,P01,2024-04-13,,Annual,29.0,Active
S001317,C01100,P02,2024-10-03,,Monthly,79.0,Active
S001318,C01101,P03,2025-01-14,,Annual,149.0,Active
S001319,C01102,P01,2024-11-28,,Monthly,29.0,Active
S001320,C01103,P01,2025-01-03,,Monthly,29.0,Active
S001321,C01104,P01,2025-05-09,,Annual,29.0,Active
S001322,C01105,P01,2024-01-20,,Annual,29.0,Active
S001323,C01106,P02,2025-01-21,,Monthly,79.0,Active
S001324,C01107,P01,2024-05-09,,Monthly,29.0,Active
S001325,C01108,P02,2025-06-10,2025-09-18,Annual,79.0,Cancelled
S001326,C01109,P03,2024-10-25,2025-04-09,Monthly,149.0,Cancelled
S001327,C01109,P04,2025-04-09,2025-06-08,Monthly,399.0,Cancelled
S001328,C01110,P03,2024-04-24,,Monthly,149.0,Active
S001329,C01111,P04,2025-09-14,,Monthly,399.0,Active
S001330,C01112,P01,2024-04-13,,Annual,29.0,Active
S001331,C01113,P01,2025-11-11,,Annual,29.0,Active
S001332,C01114,P04,2025-11-11,,Monthly,399.0,Active
S001333,C01115,P01,2024-08-17,,Monthly,29.0,Active
S001334,C01115,P02,2025-07-09,,Monthly,79.0,Active
S001335,C01115,P03,2025-10-26,,Monthly,149.0,Active
S001336,C01116,P02,2025-03-14,,Monthly,79.0,Active
S001337,C01117,P02,2025-04-08,,Monthly,79.0,Active
S001338,C01118,P02,2024-11-05,,Monthly,79.0,Active
S001339,C01119,P01,2024-05-15,,Monthly,29.0,Active
S001340,C01119,P02,2025-05-31,,Monthly,79.0,Active
S001341,C01119,P03,2025-10-23,,Monthly,149.0,Active
S001342,C01120,P04,2025-06-04,,Monthly,399.0,Active
S001343,C01121,P01,2025-11-17,,Monthly,29.0,Active
S001344,C01122,P01,2025-03-11,2025-12-09,Monthly,29.0,Cancelled
S001345,C01123,P01,2024-03-17,,Monthly,29.0,Active
S001346,C01123,P02,2025-12-01,,Monthly,79.0,Active
S001347,C01123,P01,2025-12-31,,Monthly,29.0,Active
S001348,C01124,P02,2024-03-28,2025-05-27,Monthly,79.0,Cancelled
S001349,C01125,P03,2025-07-23,2025-11-02,Monthly,149.0,Cancelled
S001350,C01126,P03,2024-05-31,2025-10-16,Annual,149.0,Cancelled
S001351,C01127,P02,2024-08-11,,Annual,79.0,Active
S001352,C01128,P04,2024-06-25,2025-11-20,Monthly,399.0,Cancelled
S001353,C01129,P04,2024-09-11,,Monthly,399.0,Active
S001354,C01130,P02,2025-07-11,,Annual,79.0,Active
S001355,C01131,P01,2024-03-28,,Annual,29.0,Active
S001356,C01131,P01,2025-10-13,,Monthly,29.0,Active
S001357,C01132,P02,2024-12-08,,Monthly,79.0,Active
S001358,C01133,P02,2025-10-23,,Annual,79.0,Active
S001359,C01134,P01,2024-01-10,,Annual,29.0,Active
S001360,C01135,P02,2025-08-05,,Monthly,79.0,Active
S001361,C01136,P01,2025-10-04,,Monthly,29.0,Active
S001362,C01137,P02,2025-02-03,,Monthly,79.0,Active
S001363,C01138,P02,2025-02-05,2025-08-20,Annual,79.0,Cancelled
S001364,C01139,P03,2025-02-20,,Annual,149.0,Active
S001365,C01140,P01,2025-08-28,,Annual,29.0,Active
S001366,C01141,P02,2024-05-05,,Monthly,79.0,Active
S001367,C01142,P03,2024-10-07,,Monthly,149.0,Active
S001368,C01143,P02,2025-08-28,,Annual,79.0,Active
S001369,C01144,P03,2025-02-03,,Monthly,149.0,Active
S001370,C01144,P04,2025-07-10,,Monthly,399.0,Active
S001371,C01145,P01,2024-03-12,,Monthly,29.0,Active
S001372,C01146,P02,2025-08-02,2025-11-16,Monthly,79.0,Cancelled
S001373,C01147,P01,2024-12-11,2025-10-27,Monthly,29.0,Cancelled
S001374,C01148,P03,2025-01-14,,Monthly,149.0,Active
S001375,C01149,P01,2025-02-14,2025-12-28,Monthly,29.0,Cancelled
S001376,C01150,P01,2024-08-16,,Monthly,29.0,Active
S001377,C01151,P03,2025-01-09,,Monthly,149.0,Active
S001378,C01152,P01,2025-05-10,,Monthly,29.0,Active
S001379,C01153,P01,2024-04-10,,Monthly,29.0,Active
S001380,C01154,P02,2025-03-22,,Monthly,79.0,Active
S001381,C01155,P03,2025-06-11,2025-09-07,Monthly,149.0,Cancelled
S001382,C01156,P01,2025-08-06,,Annual,29.0,Active
S001383,C01157,P01,2024-09-25,2025-12-17,Monthly,29.0,Cancelled
S001384,C01158,P01,2024-06-11,,Monthly,29.0,Active
S001385,C01159,P02,2024-08-12,,Monthly,79.0,Active
S001386,C01160,P01,2024-08-31,,Monthly,29.0,Active
S001387,C01160,P01,2025-11-21,,Monthly,29.0,Active
S001388,C01161,P02,2024-03-13,,Monthly,79.0,Active
S001389,C01162,P02,2024-09-09,,Annual,79.0,Active
S001390,C01162,P03,2025-03-19,,Annual,149.0,Active
S001391,C01162,P04,2025-09-07,,Monthly,399.0,Active
S001392,C01163,P03,2025-06-21,2025-11-18,Monthly,149.0,Cancelled
S001393,C01164,P03,2024-02-13,,Monthly,149.0,Active
S001394,C01165,P01,2024-03-29,,Monthly,29.0,Active
S001395,C01166,P02,2024-07-07,,Monthly,79.0,Active
S001396,C01167,P04,2024-04-23,,Monthly,399.0,Active
S001397,C01168,P02,2024-12-04,,Monthly,79.0,Active
S001398,C01169,P01,2025-04-16,2025-07-25,Monthly,29.0,Cancelled
S001399,C01170,P02,2024-07-21,,Monthly,79.0,Active
S001400,C01171,P03,2024-12-07,2025-04-19,Annual,149.0,Cancelled
S001401,C01172,P01,2025-07-08,,Annual,29.0,Active
S001402,C01173,P02,2025-03-17,,Annual,79.0,Active
S001403,C01173,P03,2025-07-22,,Monthly,149.0,Active
S001404,C01174,P01,2025-10-28,2025-12-30,Annual,29.0,Cancelled
S001405,C01175,P01,2025-05-30,,Monthly,29.0,Active
S001406,C01176,P02,2025-11-06,,Monthly,79.0,Active
S001407,C01177,P02,2025-01-19,,Annual,79.0,Active
S001408,C01178,P04,2025-10-01,,Monthly,399.0,Active
S001409,C01179,P01,2025-07-13,,Monthly,29.0,Active
S001410,C01180,P02,2024-02-07,,Annual,79.0,Active
S001411,C01181,P01,2025-03-08,,Monthly,29.0,Active
S001412,C01182,P01,2025-08-23,,Monthly,29.0,Active
S001413,C01183,P02,2024-01-02,,Monthly,79.0,Active
S001414,C01183,P01,2024-06-12,,Monthly,29.0,Active
S001415,C01184,P03,2025-03-09,,Monthly,149.0,Active
S001416,C01184,P04,2025-08-21,,Monthly,399.0,Active
S001417,C01185,P03,2024-05-18,,Annual,149.0,Active
S001418,C01186,P02,2024-03-28,2025-07-28,Monthly,79.0,Cancelled
S001419,C01187,P02,2024-03-14,,Monthly,79.0,Active
S001420,C01188,P02,2024-06-29,,Monthly,79.0,Active
S001421,C01188,P03,2024-11-19,,Monthly,149.0,Active
S001422,C01188,P04,2025-06-07,,Monthly,399.0,Active
S001423,C01189,P03,2025-04-17,,Monthly,149.0,Active
S001424,C01189,P02,2025-09-17,,Monthly,79.0,Active
S001425,C01190,P02,2025-04-30,,Annual,79.0,Active
S001426,C01191,P01,2025-10-05,,Monthly,29.0,Active
S001427,C01192,P02,2025-10-23,,Annual,79.0,Active
S001428,C01193,P04,2024-11-17,,Annual,399.0,Active
S001429,C01194,P01,2025-09-09,,Monthly,29.0,Active
S001430,C01195,P01,2024-07-13,,Monthly,29.0,Active
S001431,C01196,P02,2025-07-26,,Monthly,79.0,Active
S001432,C01197,P02,2025-01-18,,Monthly,79.0,Active
S001433,C01198,P01,2025-09-10,2025-11-11,Monthly,29.0,Cancelled
S001434,C01199,P02,2025-08-29,,Monthly,79.0,Active
S001435,C01200,P01,2024-08-03,2025-04-17,Monthly,29.0,Cancelled
S001436,C01201,P02,2025-06-16,2025-10-07,Annual,79.0,Cancelled
S001437,C01202,P01,2024-08-19,,Annual,29.0,Active
S001438,C01203,P01,2025-08-13,,Annual,29.0,Active
S001439,C01204,P02,2024-10-17,,Monthly,79.0,Active
S001440,C01205,P01,2025-04-11,,Monthly,29.0,Active
S001441,C01206,P04,2025-02-20,,Monthly,399.0,Active
S001442,C01207,P02,2024-06-19,,Monthly,79.0,Active
S001443,C01208,P02,2025-06-24,,Monthly,79.0,Active
S001444,C01209,P03,2024-11-29,,Monthly,149.0,Active
S001445,C01210,P02,2025-01-30,,Monthly,79.0,Active
S001446,C01210,P03,2025-08-30,,Monthly,149.0,Active
S001447,C01211,P01,2024-04-21,,Monthly,29.0,Active
S001448,C01212,P01,2025-07-17,,Monthly,29.0,Active
S001449,C01213,P02,2024-09-04,,Monthly,79.0,Active
S001450,C01214,P02,2024-10-12,,Monthly,79.0,Active
S001451,C01215,P02,2025-04-07,2025-11-13,Monthly,79.0,Cancelled
S001452,C01216,P03,2024-02-08,,Monthly,149.0,Active
S001453,C01217,P03,2024-09-04,,Monthly,149.0,Active
S001454,C01217,P04,2025-01-01,,Annual,399.0,Active
S001455,C01218,P01,2025-10-04,2025-12-25,Annual,29.0,Cancelled
S001456,C01219,P02,2024-08-13,,Annual,79.0,Active
S001457,C01220,P02,2025-08-23,,Monthly,79.0,Active
S001458,C01221,P02,2024-03-12,,Monthly,79.0,Active
S001459,C01222,P01,2025-05-04,2025-12-12,Annual,29.0,Cancelled
S001460,C01223,P04,2024-03-27,,Monthly,399.0,Active
S001461,C01223,P04,2024-09-25,,Annual,399.0,Active
S001462,C01224,P02,2025-02-14,,Monthly,79.0,Active
S001463,C01225,P02,2025-08-05,,Monthly,79.0,Active
S001464,C01226,P03,2025-11-30,,Monthly,149.0,Active
S001465,C01227,P02,2025-04-19,2025-09-18,Monthly,79.0,Cancelled
S001466,C01228,P01,2024-10-04,,Annual,29.0,Active
S001467,C01228,P02,2025-06-05,,Annual,79.0,Active
S001468,C01228,P01,2025-11-13,,Monthly,29.0,Active
S001469,C01229,P03,2025-09-28,,Monthly,149.0,Active
S001470,C01230,P03,2025-11-19,,Annual,149.0,Active
S001471,C01231,P02,2024-11-20,,Annual,79.0,Active
S001472,C01232,P03,2024-08-18,,Annual,149.0,Active
S001473,C01233,P01,2025-01-02,,Monthly,29.0,Active
S001474,C01234,P04,2025-07-29,2025-10-19,Annual,399.0,Cancelled
S001475,C01235,P02,2024-02-02,,Monthly,79.0,Active
S001476,C01235,P01,2024-11-30,,Monthly,29.0,Active
S001477,C01236,P02,2025-09-03,,Annual,79.0,Active
S001478,C01237,P01,2025-08-28,,Monthly,29.0,Active
S001479,C01238,P02,2025-11-25,,Annual,79.0,Active
S001480,C01239,P02,2024-07-19,,Monthly,79.0,Active
S001481,C01240,P03,2024-02-28,2025-04-28,Monthly,149.0,Cancelled
S001482,C01241,P02,2025-04-15,,Monthly,79.0,Active
S001483,C01242,P01,2024-07-26,,Monthly,29.0,Active
S001484,C01243,P04,2025-02-23,,Monthly,399.0,Active
S001485,C01244,P03,2024-05-10,,Monthly,149.0,Active
S001486,C01244,P04,2024-09-10,,Monthly,399.0,Active
S001487,C01244,P03,2025-09-09,,Monthly,149.0,Active
S001488,C01245,P03,2024-11-26,,Monthly,149.0,Active
S001489,C01246,P02,2024-05-26,,Monthly,79.0,Active
S001490,C01246,P01,2025-12-08,,Monthly,29.0,Active
S001491,C01247,P02,2025-04-25,,Monthly,79.0,Active
S001492,C01248,P03,2025-05-01,,Monthly,149.0,Active
S001493,C01249,P01,2024-03-17,,Monthly,29.0,Active
S001494,C01250,P02,2024-01-27,,Monthly,79.0,Active
S001495,C01251,P02,2024-09-13,,Monthly,79.0,Active
S001496,C01251,P03,2025-11-02,,Monthly,149.0,Active
S001497,C01251,P02,2025-12-31,,Monthly,79.0,Active
S001498,C01252,P01,2024-07-01,,Annual,29.0,Active
S001499,C01253,P03,2024-12-01,,Monthly,149.0,Active
S001500,C01254,P02,2025-09-15,2025-12-17,Monthly,79.0,Cancelled
S001501,C01255,P01,2025-03-25,,Monthly,29.0,Active
S001502,C01256,P02,2024-06-12,,Monthly,79.0,Active
S001503,C01257,P02,2025-03-20,,Monthly,79.0,Active
S001504,C01258,P02,2025-06-12,,Annual,79.0,Active
S001505,C01259,P04,2025-06-24,,Monthly,399.0,Active
S001506,C01260,P02,2024-04-10,,Monthly,79.0,Active
S001507,C01261,P01,2024-10-07,2025-02-09,Monthly,29.0,Cancelled
S001508,C01262,P01,2025-01-15,,Monthly,29.0,Active
S001509,C01263,P02,2025-03-29,,Monthly,79.0,Active
S001510,C01264,P01,2025-02-28,,Monthly,29.0,Active
S001511,C01264,P02,2025-08-12,,Monthly,79.0,Active
S001512,C01265,P03,2024-02-13,,Monthly,149.0,Active
S001513,C01266,P01,2024-08-04,,Annual,29.0,Active
S001514,C01267,P03,2025-11-09,,Monthly,149.0,Active
S001515,C01268,P03,2024-01-25,,Monthly,149.0,Active
S001516,C01269,P03,2024-03-26,,Monthly,149.0,Active
S001517,C01269,P04,2025-02-15,,Monthly,399.0,Active
S001518,C01270,P03,2025-07-08,,Annual,149.0,Active
S001519,C01271,P01,2025-11-06,,Monthly,29.0,Active
S001520,C01272,P04,2024-08-21,,Monthly,399.0,Active
S001521,C01272,P03,2025-03-12,,Monthly,149.0,Active
S001522,C01272,P04,2025-08-30,,Monthly,399.0,Active
S001523,C01273,P01,2025-01-15,,Annual,29.0,Active
S001524,C01274,P01,2025-09-30,,Monthly,29.0,Active
S001525,C01275,P03,2024-04-19,,Monthly,149.0,Active
S001526,C01276,P03,2024-01-26,,Monthly,149.0,Active
S001527,C01277,P01,2025-02-03,,Annual,29.0,Active
S001528,C01278,P04,2024-06-11,,Monthly,399.0,Active
S001529,C01278,P04,2024-11-13,,Monthly,399.0,Active
S001530,C01279,P01,2024-06-11,,Monthly,29.0,Active
S001531,C01279,P02,2025-03-03,,Monthly,79.0,Active
S001532,C01280,P02,2024-08-30,,Annual,79.0,Active
S001533,C01280,P03,2025-05-01,,Monthly,149.0,Active
S001534,C01280,P02,2025-11-26,,Annual,79.0,Active
S001535,C01281,P04,2024-02-07,,Annual,399.0,Active
S001536,C01282,P01,2025-03-04,2025-07-15,Monthly,29.0,Cancelled
S001537,C01283,P02,2024-02-20,,Monthly,79.0,Active
S001538,C01284,P04,2025-04-12,,Monthly,399.0,Active
S001539,C01284,P04,2025-09-03,,Monthly,399.0,Active
S001540,C01285,P03,2025-03-14,,Monthly,149.0,Active
S001541,C01286,P02,2024-08-27,,Monthly,79.0,Active
S001542,C01287,P02,2024-11-06,,Monthly,79.0,Active
S001543,C01287,P03,2025-07-22,,Annual,149.0,Active
S001544,C01287,P04,2025-12-14,,Monthly,399.0,Active
S001545,C01288,P03,2025-10-04,,Annual,149.0,Active
S001546,C01289,P01,2024-07-08,,Monthly,29.0,Active
S001547,C01290,P03,2024-02-24,,Monthly,149.0,Active
S001548,C01291,P03,2025-10-31,,Annual,149.0,Active
S001549,C01292,P02,2024-10-23,,Monthly,79.0,Active
S001550,C01293,P01,2025-06-27,,Monthly,29.0,Active
S001551,C01293,P02,2025-10-15,,Monthly,79.0,Active
S001552,C01294,P03,2024-04-04,,Annual,149.0,Active
S001553,C01295,P01,2025-04-26,,Annual,29.0,Active
S001554,C01296,P03,2025-10-12,,Monthly,149.0,Active
S001555,C01297,P03,2024-03-28,,Monthly,149.0,Active
S001556,C01298,P02,2024-08-23,2025-06-01,Monthly,79.0,Cancelled
S001557,C01298,P01,2025-06-01,2025-08-12,Monthly,29.0,Cancelled
S001558,C01299,P03,2024-08-21,,Monthly,149.0,Active
S001559,C01300,P02,2024-06-10,,Annual,79.0,Active
S001560,C01301,P03,2024-08-30,,Monthly,149.0,Active
S001561,C01302,P02,2025-06-05,2025-12-06,Annual,79.0,Cancelled
S001562,C01303,P03,2025-05-22,,Monthly,149.0,Active
S001563,C01303,P02,2025-12-08,,Annual,79.0,Active
S001564,C01304,P01,2025-08-17,,Monthly,29.0,Active
S001565,C01305,P01,2024-05-15,,Monthly,29.0,Active
S001566,C01306,P02,2025-09-29,,Annual,79.0,Active
S001567,C01307,P03,2025-06-11,,Monthly,149.0,Active
S001568,C01308,P03,2025-09-28,,Monthly,149.0,Active
S001569,C01309,P01,2024-04-02,,Annual,29.0,Active
S001570,C01310,P03,2025-07-13,,Annual,149.0,Active
S001571,C01311,P04,2024-03-17,,Monthly,399.0,Active
S001572,C01311,P04,2024-10-30,,Monthly,399.0,Active
S001573,C01311,P03,2025-08-03,,Monthly,149.0,Active
S001574,C01312,P01,2024-03-14,,Monthly,29.0,Active
S001575,C01313,P04,2025-08-06,,Monthly,399.0,Active
S001576,C01314,P01,2024-09-01,,Monthly,29.0,Active
S001577,C01315,P02,2024-01-19,,Monthly,79.0,Active
S001578,C01316,P02,2025-01-07,,Monthly,79.0,Active
S001579,C01317,P01,2024-03-01,,Monthly,29.0,Active
S001580,C01318,P04,2024-12-07,,Monthly,399.0,Active
S001581,C01319,P01,2025-09-28,2025-12-10,Monthly,29.0,Cancelled
S001582,C01320,P01,2024-07-09,,Monthly,29.0,Active
S001583,C01320,P01,2025-03-06,,Annual,29.0,Active
S001584,C01321,P01,2025-09-26,,Monthly,29.0,Active
S001585,C01322,P01,2024-06-19,2025-09-10,Monthly,29.0,Cancelled
S001586,C01323,P02,2025-08-15,,Monthly,79.0,Active
S001587,C01324,P02,2025-08-02,,Monthly,79.0,Active
S001588,C01325,P01,2025-10-02,,Annual,29.0,Active
S001589,C01326,P02,2024-08-22,2025-02-04,Monthly,79.0,Cancelled
S001590,C01327,P02,2024-09-09,,Annual,79.0,Active
S001591,C01328,P02,2024-07-28,,Annual,79.0,Active
S001592,C01329,P03,2025-06-30,,Monthly,149.0,Active
S001593,C01330,P02,2024-11-14,,Monthly,79.0,Active
S001594,C01331,P01,2024-10-08,2024-12-07,Monthly,29.0,Cancelled
S001595,C01332,P01,2025-06-29,2025-12-22,Monthly,29.0,Cancelled
S001596,C01333,P01,2025-01-24,,Monthly,29.0,Active
S001597,C01334,P03,2025-03-21,,Monthly,149.0,Active
S001598,C01335,P02,2024-11-13,,Monthly,79.0,Active
S001599,C01336,P02,2025-02-15,,Monthly,79.0,Active
S001600,C01337,P01,2024-09-29,,Annual,29.0,Active
S001601,C01338,P03,2025-10-13,,Monthly,149.0,Active
S001602,C01339,P03,2024-10-30,,Monthly,149.0,Active
S001603,C01340,P01,2025-11-18,,Monthly,29.0,Active
S001604,C01341,P04,2024-09-21,,Annual,399.0,Active
S001605,C01341,P04,2025-03-01,,Monthly,399.0,Active
S001606,C01342,P03,2025-06-08,,Annual,149.0,Active
S001607,C01343,P02,2024-02-06,2024-05-29,Annual,79.0,Cancelled
S001608,C01344,P01,2025-09-09,,Annual,29.0,Active
S001609,C01345,P03,2024-08-30,,Monthly,149.0,Active
S001610,C01346,P02,2025-10-14,,Monthly,79.0,Active
S001611,C01347,P02,2025-05-06,,Monthly,79.0,Active
S001612,C01347,P03,2025-10-12,,Monthly,149.0,Active
S001613,C01348,P01,2024-04-03,,Monthly,29.0,Active
S001614,C01349,P01,2025-07-27,,Monthly,29.0,Active
S001615,C01350,P01,2025-04-03,,Annual,29.0,Active
S001616,C01351,P01,2025-01-07,,Monthly,29.0,Active
S001617,C01352,P03,2025-02-01,,Annual,149.0,Active
S001618,C01353,P01,2024-08-22,,Monthly,29.0,Active
S001619,C01354,P02,2025-02-03,2025-10-18,Monthly,79.0,Cancelled
S001620,C01355,P01,2024-12-13,,Monthly,29.0,Active
S001621,C01355,P02,2025-08-29,,Monthly,79.0,Active
S001622,C01356,P04,2024-04-08,,Monthly,399.0,Active
S001623,C01357,P01,2024-08-30,,Monthly,29.0,Active
S001624,C01358,P01,2024-06-20,,Monthly,29.0,Active
S001625,C01359,P04,2024-01-19,,Monthly,399.0,Active
S001626,C01359,P04,2025-03-23,,Annual,399.0,Active
S001627,C01360,P02,2024-10-30,,Monthly,79.0,Active
S001628,C01360,P01,2025-05-01,,Monthly,29.0,Active
S001629,C01360,P02,2025-12-25,,Annual,79.0,Active
S001630,C01361,P02,2025-10-30,,Monthly,79.0,Active
S001631,C01362,P01,2024-07-14,,Annual,29.0,Active
S001632,C01363,P01,2024-07-26,,Annual,29.0,Active
S001633,C01364,P02,2025-09-26,,Monthly,79.0,Active
S001634,C01365,P03,2024-01-11,,Monthly,149.0,Active
S001635,C01365,P02,2025-01-13,,Monthly,79.0,Active
S001636,C01366,P02,2025-10-01,,Annual,79.0,Active
S001637,C01367,P02,2024-08-21,2025-07-04,Annual,79.0,Cancelled
S001638,C01368,P01,2024-05-14,,Monthly,29.0,Active
S001639,C01369,P04,2025-06-10,,Monthly,399.0,Active
S001640,C01369,P03,2025-10-26,,Monthly,149.0,Active
S001641,C01370,P04,2025-05-11,,Monthly,399.0,Active
S001642,C01371,P01,2025-01-24,,Monthly,29.0,Active
S001643,C01372,P04,2024-10-04,,Monthly,399.0,Active
S001644,C01373,P02,2024-01-24,2025-03-19,Monthly,79.0,Cancelled
S001645,C01374,P03,2025-04-06,,Monthly,149.0,Active
S001646,C01375,P03,2025-11-04,,Monthly,149.0,Active
S001647,C01376,P03,2024-04-04,,Monthly,149.0,Active
S001648,C01376,P04,2024-07-19,,Annual,399.0,Active
S001649,C01376,P04,2025-03-18,,Monthly,399.0,Active
S001650,C01377,P02,2025-07-25,,Monthly,79.0,Active
S001651,C01378,P03,2024-06-18,,Monthly,149.0,Active
S001652,C01379,P02,2025-06-10,,Monthly,79.0,Active
S001653,C01380,P03,2024-01-26,,Monthly,149.0,Active
S001654,C01380,P02,2025-12-13,,Monthly,79.0,Active
S001655,C01381,P01,2024-01-25,2024-08-19,Monthly,29.0,Cancelled
S001656,C01381,P01,2024-08-19,2024-08-30,Annual,29.0,Cancelled
S001657,C01382,P04,2025-03-06,,Monthly,399.0,Active
S001658,C01383,P01,2025-04-30,,Monthly,29.0,Active
S001659,C01384,P03,2025-01-30,,Monthly,149.0,Active
S001660,C01384,P04,2025-11-30,,Monthly,399.0,Active
S001661,C01385,P02,2024-09-27,,Monthly,79.0,Active
S001662,C01386,P03,2024-04-02,,Annual,149.0,Active
S001663,C01387,P01,2024-09-16,,Monthly,29.0,Active
S001664,C01388,P02,2024-09-11,,Monthly,79.0,Active
S001665,C01389,P01,2025-01-27,,Monthly,29.0,Active
S001666,C01390,P03,2024-03-03,,Monthly,149.0,Active
S001667,C01391,P02,2025-02-15,,Monthly,79.0,Active
S001668,C01392,P02,2024-07-11,,Annual,79.0,Active
S001669,C01393,P03,2024-01-30,,Monthly,149.0,Active
S001670,C01393,P04,2024-10-18,,Monthly,399.0,Active
S001671,C01394,P03,2024-11-25,,Monthly,149.0,Active
S001672,C01395,P02,2025-04-06,,Monthly,79.0,Active
S001673,C01396,P02,2024-02-29,,Monthly,79.0,Active
S001674,C01396,P03,2024-12-02,,Annual,149.0,Active
S001675,C01396,P04,2025-03-12,,Monthly,399.0,Active
S001676,C01397,P02,2024-08-18,,Monthly,79.0,Active
S001677,C01398,P02,2025-09-10,2025-12-26,Annual,79.0,Cancelled
S001678,C01399,P03,2024-11-28,,Monthly,149.0,Active
S001679,C01399,P02,2025-07-09,,Monthly,79.0,Active
S001680,C01399,P03,2025-12-07,,Annual,149.0,Active
S001681,C01400,P02,2024-01-01,,Monthly,79.0,Active
S001682,C01401,P02,2024-06-10,,Monthly,79.0,Active
S001683,C01401,P03,2025-02-19,,Monthly,149.0,Active
S001684,C01402,P04,2024-02-04,,Annual,399.0,Active
S001685,C01403,P02,2025-11-08,,Monthly,79.0,Active
S001686,C01404,P02,2024-06-23,,Annual,79.0,Active
S001687,C01404,P03,2025-04-12,,Monthly,149.0,Active
S001688,C01405,P04,2024-06-04,,Monthly,399.0,Active
S001689,C01405,P04,2025-01-23,,Monthly,399.0,Active
S001690,C01406,P01,2024-11-01,,Monthly,29.0,Active
S001691,C01407,P03,2024-10-26,2025-01-12,Monthly,149.0,Cancelled
S001692,C01408,P03,2024-03-30,,Monthly,149.0,Active
S001693,C01409,P01,2025-08-20,,Monthly,29.0,Active
S001694,C01410,P01,2025-02-27,,Annual,29.0,Active
S001695,C01411,P03,2025-06-28,,Monthly,149.0,Active
S001696,C01412,P02,2024-10-12,,Monthly,79.0,Active
S001697,C01413,P03,2024-07-06,,Monthly,149.0,Active
S001698,C01414,P02,2024-03-11,,Annual,79.0,Active
S001699,C01415,P01,2025-06-18,,Monthly,29.0,Active
S001700,C01415,P02,2025-11-06,,Monthly,79.0,Active
S001701,C01416,P02,2024-11-20,,Monthly,79.0,Active
S001702,C01417,P01,2024-11-29,,Annual,29.0,Active
S001703,C01418,P03,2024-10-30,,Monthly,149.0,Active
S001704,C01419,P03,2024-08-22,,Monthly,149.0,Active
S001705,C01419,P02,2025-01-30,,Annual,79.0,Active
S001706,C01419,P03,2025-07-01,,Monthly,149.0,Active
S001707,C01420,P03,2025-04-23,,Annual,149.0,Active
S001708,C01421,P04,2024-09-17,,Annual,399.0,Active
S001709,C01422,P02,2025-06-21,,Monthly,79.0,Active
S001710,C01422,P03,2025-11-19,,Monthly,149.0,Active
S001711,C01423,P03,2024-11-04,2025-04-19,Annual,149.0,Cancelled
S001712,C01424,P02,2024-01-20,2025-02-09,Monthly,79.0,Cancelled
S001713,C01425,P02,2024-12-29,,Monthly,79.0,Active
S001714,C01426,P01,2024-02-03,2024-12-05,Annual,29.0,Cancelled
S001715,C01427,P02,2025-06-28,,Monthly,79.0,Active
S001716,C01428,P02,2025-06-19,,Annual,79.0,Active
S001717,C01429,P03,2024-08-03,,Monthly,149.0,Active
S001718,C01429,P02,2025-04-16,,Monthly,79.0,Active
S001719,C01430,P01,2025-05-17,,Monthly,29.0,Active
S001720,C01431,P02,2025-04-22,,Annual,79.0,Active
S001721,C01432,P03,2024-09-10,,Monthly,149.0,Active
S001722,C01433,P03,2024-09-21,,Annual,149.0,Active
S001723,C01434,P03,2025-08-28,,Monthly,149.0,Active
S001724,C01435,P01,2024-01-03,2025-08-16,Monthly,29.0,Cancelled
S001725,C01436,P02,2025-01-23,,Annual,79.0,Active
S001726,C01436,P03,2025-09-04,,Monthly,149.0,Active
S001727,C01437,P01,2024-04-06,,Monthly,29.0,Active
S001728,C01437,P02,2025-07-25,,Annual,79.0,Active
S001729,C01437,P03,2025-11-27,,Monthly,149.0,Active
S001730,C01438,P04,2025-02-02,,Monthly,399.0,Active
S001731,C01439,P03,2025-06-04,,Monthly,149.0,Active
S001732,C01439,P02,2025-10-17,,Annual,79.0,Active
S001733,C01440,P01,2025-10-14,,Monthly,29.0,Active
S001734,C01441,P01,2024-10-08,,Annual,29.0,Active
S001735,C01442,P02,2025-07-26,2025-11-28,Monthly,79.0,Cancelled
S001736,C01443,P01,2024-01-25,,Monthly,29.0,Active
S001737,C01444,P02,2025-09-29,,Monthly,79.0,Active
S001738,C01445,P02,2024-09-10,,Monthly,79.0,Active
S001739,C01445,P01,2025-09-09,,Monthly,29.0,Active
S001740,C01445,P02,2025-12-09,,Annual,79.0,Active
S001741,C01446,P02,2025-11-30,,Annual,79.0,Active
S001742,C01447,P02,2024-05-12,,Annual,79.0,Active
S001743,C01448,P01,2024-09-19,,Monthly,29.0,Active
S001744,C01448,P01,2025-06-24,,Monthly,29.0,Active
S001745,C01449,P02,2025-05-16,,Monthly,79.0,Active
S001746,C01450,P01,2024-05-04,,Monthly,29.0,Active
S001747,C01450,P02,2024-09-10,,Monthly,79.0,Active
S001748,C01450,P01,2025-07-19,,Monthly,29.0,Active
S001749,C01451,P02,2025-08-02,2025-11-07,Annual,79.0,Cancelled
S001750,C01452,P01,2024-09-08,,Monthly,29.0,Active
S001751,C01453,P01,2025-08-08,2025-12-12,Monthly,29.0,Cancelled
S001752,C01454,P03,2025-01-07,,Monthly,149.0,Active
S001753,C01455,P03,2025-09-12,,Monthly,149.0,Active
S001754,C01456,P02,2024-04-30,,Monthly,79.0,Active
S001755,C01457,P01,2024-06-09,,Monthly,29.0,Active
S001756,C01458,P01,2025-11-29,,Monthly,29.0,Active
S001757,C01459,P01,2025-04-20,,Monthly,29.0,Active
S001758,C01460,P02,2025-11-08,,Monthly,79.0,Active
S001759,C01461,P02,2025-06-14,,Monthly,79.0,Active
S001760,C01461,P01,2025-09-20,,Monthly,29.0,Active
S001761,C01462,P01,2025-01-30,,Annual,29.0,Active
S001762,C01463,P04,2024-01-26,,Monthly,399.0,Active
S001763,C01464,P04,2025-07-19,,Monthly,399.0,Active
S001764,C01465,P02,2025-07-27,,Monthly,79.0,Active
S001765,C01466,P03,2025-05-01,,Monthly,149.0,Active
S001766,C01467,P01,2025-04-19,,Monthly,29.0,Active
S001767,C01468,P01,2024-09-11,,Annual,29.0,Active
S001768,C01469,P03,2024-10-29,,Monthly,149.0,Active
S001769,C01470,P02,2025-10-25,,Annual,79.0,Active
S001770,C01471,P03,2025-09-19,,Monthly,149.0,Active
S001771,C01472,P01,2024-12-16,2025-03-14,Monthly,29.0,Cancelled
S001772,C01473,P03,2024-11-21,2025-08-11,Monthly,149.0,Cancelled
S001773,C01474,P03,2025-09-15,2025-12-30,Monthly,149.0,Cancelled
S001774,C01475,P01,2025-09-11,,Monthly,29.0,Active
S001775,C01476,P02,2024-07-23,,Monthly,79.0,Active
S001776,C01477,P03,2024-03-08,,Monthly,149.0,Active
S001777,C01477,P04,2024-06-09,,Annual,399.0,Active
S001778,C01478,P03,2025-11-25,,Monthly,149.0,Active
S001779,C01479,P03,2025-08-03,,Monthly,149.0,Active
S001780,C01480,P03,2024-05-04,,Monthly,149.0,Active
S001781,C01481,P03,2024-03-08,,Monthly,149.0,Active
S001782,C01482,P01,2024-06-10,,Annual,29.0,Active
S001783,C01483,P02,2024-04-02,,Monthly,79.0,Active
S001784,C01484,P02,2024-01-24,2025-07-25,Monthly,79.0,Cancelled
S001785,C01485,P01,2025-03-07,,Monthly,29.0,Active
S001786,C01485,P01,2025-12-03,,Annual,29.0,Active
S001787,C01486,P04,2024-07-27,,Monthly,399.0,Active
S001788,C01487,P01,2024-03-29,,Monthly,29.0,Active
S001789,C01487,P01,2025-09-09,,Monthly,29.0,Active
S001790,C01488,P02,2025-10-28,,Monthly,79.0,Active
S001791,C01489,P03,2025-02-01,2025-06-27,Monthly,149.0,Cancelled
S001792,C01490,P03,2025-04-04,,Monthly,149.0,Active
S001793,C01491,P03,2025-06-19,,Monthly,149.0,Active
S001794,C01491,P04,2025-09-20,,Annual,399.0,Active
S001795,C01492,P03,2024-07-14,,Monthly,149.0,Active
S001796,C01493,P02,2024-09-12,,Monthly,79.0,Active
S001797,C01494,P02,2024-06-24,2024-12-16,Monthly,79.0,Cancelled
S001798,C01494,P01,2024-12-16,2025-04-14,Monthly,29.0,Cancelled
S001799,C01494,P01,2025-04-14,2025-09-06,Monthly,29.0,Cancelled
S001800,C01495,P01,2024-08-23,,Monthly,29.0,Active
S001801,C01495,P02,2025-03-17,,Monthly,79.0,Active
S001802,C01495,P01,2025-12-15,,Monthly,29.0,Active
S001803,C01496,P01,2024-06-07,,Annual,29.0,Active
S001804,C01497,P03,2025-04-23,,Monthly,149.0,Active
S001805,C01498,P04,2025-06-22,,Monthly,399.0,Active
S001806,C01499,P01,2025-04-07,2025-10-19,Monthly,29.0,Cancelled
S001807,C01500,P03,2025-06-09,,Monthly,149.0,Active
S001808,C01501,P02,2025-09-08,,Monthly,79.0,Active
S001809,C01502,P03,2024-12-22,,Annual,149.0,Active
S001810,C01503,P04,2025-07-07,,Monthly,399.0,Active
S001811,C01504,P03,2025-04-08,,Annual,149.0,Active
S001812,C01505,P03,2025-07-01,,Annual,149.0,Active
S001813,C01505,P02,2025-11-02,,Monthly,79.0,Active
S001814,C01506,P01,2025-01-30,2025-12-30,Monthly,29.0,Cancelled
S001815,C01507,P02,2024-06-28,,Monthly,79.0,Active
S001816,C01507,P01,2025-09-20,,Monthly,29.0,Active
S001817,C01508,P04,2025-10-19,,Monthly,399.0,Active
S001818,C01509,P04,2025-08-04,,Monthly,399.0,Active
S001819,C01510,P01,2024-08-08,,Annual,29.0,Active
S001820,C01511,P02,2025-03-18,,Monthly,79.0,Active
S001821,C01511,P01,2025-09-25,,Annual,29.0,Active
S001822,C01512,P02,2024-02-26,,Annual,79.0,Active
S001823,C01513,P01,2024-06-04,,Annual,29.0,Active
S001824,C01514,P04,2024-01-25,2024-09-15,Monthly,399.0,Cancelled
S001825,C01515,P01,2024-04-15,,Monthly,29.0,Active
S001826,C01515,P02,2025-04-13,,Monthly,79.0,Active
S001827,C01515,P03,2025-11-28,,Annual,149.0,Active
S001828,C01516,P03,2024-10-08,,Monthly,149.0,Active
S001829,C01517,P01,2024-06-03,,Monthly,29.0,Active
S001830,C01518,P03,2024-12-01,,Annual,149.0,Active
S001831,C01519,P02,2025-11-27,,Monthly,79.0,Active
S001832,C01520,P01,2024-03-28,2025-02-18,Monthly,29.0,Cancelled
S001833,C01521,P04,2025-03-08,,Monthly,399.0,Active
S001834,C01522,P02,2024-11-05,2025-08-12,Monthly,79.0,Cancelled
S001835,C01523,P01,2024-01-16,,Monthly,29.0,Active
S001836,C01524,P03,2024-09-25,2025-04-09,Monthly,149.0,Cancelled
S001837,C01524,P04,2025-04-09,2025-10-14,Monthly,399.0,Cancelled
S001838,C01525,P02,2025-01-23,,Monthly,79.0,Active
S001839,C01526,P01,2024-10-30,2025-10-27,Monthly,29.0,Cancelled
S001840,C01527,P01,2024-01-13,,Annual,29.0,Active
S001841,C01528,P01,2024-06-16,,Monthly,29.0,Active
S001842,C01529,P01,2024-01-31,,Monthly,29.0,Active
S001843,C01529,P01,2024-09-02,,Monthly,29.0,Active
S001844,C01529,P02,2025-08-12,,Monthly,79.0,Active
S001845,C01530,P03,2024-05-11,,Monthly,149.0,Active
S001846,C01531,P01,2025-05-23,,Annual,29.0,Active
S001847,C01532,P03,2024-08-17,,Annual,149.0,Active
S001848,C01532,P02,2025-12-01,,Monthly,79.0,Active
S001849,C01533,P02,2024-06-23,,Monthly,79.0,Active
S001850,C01534,P02,2025-01-01,,Monthly,79.0,Active
S001851,C01535,P01,2024-08-26,2025-01-19,Monthly,29.0,Cancelled
S001852,C01536,P01,2025-01-20,,Monthly,29.0,Active
S001853,C01536,P02,2025-07-13,,Monthly,79.0,Active
S001854,C01537,P01,2024-06-13,,Monthly,29.0,Active
S001855,C01538,P01,2025-11-13,,Monthly,29.0,Active
S001856,C01539,P03,2025-06-05,,Monthly,149.0,Active
S001857,C01540,P01,2024-03-31,2025-01-30,Annual,29.0,Cancelled
S001858,C01540,P02,2025-01-30,2025-06-27,Monthly,79.0,Cancelled
S001859,C01541,P03,2025-07-22,,Monthly,149.0,Active
S001860,C01542,P02,2025-01-05,,Annual,79.0,Active
S001861,C01542,P01,2025-11-24,,Monthly,29.0,Active
S001862,C01543,P03,2025-04-24,,Annual,149.0,Active
S001863,C01544,P04,2025-01-09,,Monthly,399.0,Active
S001864,C01545,P02,2025-01-16,,Annual,79.0,Active
S001865,C01545,P03,2025-09-06,,Monthly,149.0,Active
S001866,C01546,P02,2024-12-06,,Monthly,79.0,Active
S001867,C01547,P03,2025-02-13,,Monthly,149.0,Active
S001868,C01547,P04,2025-12-02,,Annual,399.0,Active
S001869,C01548,P03,2024-03-05,,Annual,149.0,Active
S001870,C01548,P04,2025-12-21,,Monthly,399.0,Active
S001871,C01549,P01,2024-07-04,,Monthly,29.0,Active
S001872,C01550,P02,2025-05-16,,Annual,79.0,Active
S001873,C01550,P01,2025-10-08,,Monthly,29.0,Active
S001874,C01551,P01,2025-11-10,,Annual,29.0,Active
S001875,C01552,P02,2025-01-10,,Annual,79.0,Active
S001876,C01553,P03,2024-03-01,,Monthly,149.0,Active
S001877,C01554,P03,2024-01-08,,Annual,149.0,Active
S001878,C01555,P02,2024-12-22,,Monthly,79.0,Active
S001879,C01555,P01,2025-07-03,,Annual,29.0,Active
S001880,C01556,P04,2025-11-18,,Monthly,399.0,Active
S001881,C01557,P02,2025-01-13,,Annual,79.0,Active
S001882,C01558,P02,2025-04-02,,Monthly,79.0,Active
S001883,C01559,P02,2024-10-06,,Monthly,79.0,Active
S001884,C01560,P01,2025-01-09,,Annual,29.0,Active
S001885,C01560,P02,2025-08-24,,Monthly,79.0,Active
S001886,C01561,P03,2025-01-26,,Monthly,149.0,Active
S001887,C01561,P04,2025-06-02,,Monthly,399.0,Active
S001888,C01562,P02,2024-10-21,2025-01-12,Monthly,79.0,Cancelled
S001889,C01563,P01,2024-08-20,,Annual,29.0,Active
S001890,C01563,P02,2025-10-05,,Annual,79.0,Active
S001891,C01563,P01,2025-12-31,,Monthly,29.0,Active
S001892,C01564,P01,2025-08-27,,Monthly,29.0,Active
S001893,C01565,P02,2024-08-15,,Monthly,79.0,Active
S001894,C01566,P02,2025-01-31,,Annual,79.0,Active
S001895,C01567,P02,2024-08-11,,Monthly,79.0,Active
S001896,C01568,P02,2024-11-29,,Annual,79.0,Active
S001897,C01569,P01,2025-05-09,,Monthly,29.0,Active
S001898,C01570,P02,2024-08-25,,Monthly,79.0,Active
S001899,C01571,P01,2025-11-28,,Monthly,29.0,Active
S001900,C01572,P03,2025-01-29,,Monthly,149.0,Active
S001901,C01573,P01,2025-01-12,,Annual,29.0,Active
S001902,C01574,P03,2025-07-28,2025-09-29,Monthly,149.0,Cancelled
S001903,C01575,P02,2024-11-24,,Monthly,79.0,Active
S001904,C01575,P01,2025-02-25,,Monthly,29.0,Active
S001905,C01575,P02,2025-08-19,,Monthly,79.0,Active
S001906,C01576,P01,2024-09-01,,Monthly,29.0,Active
S001907,C01577,P01,2024-11-27,2025-07-07,Monthly,29.0,Cancelled
S001908,C01578,P02,2024-07-22,,Monthly,79.0,Active
S001909,C01579,P02,2024-02-28,,Monthly,79.0,Active
S001910,C01580,P03,2025-11-25,,Annual,149.0,Active
S001911,C01581,P02,2025-09-20,,Monthly,79.0,Active
S001912,C01582,P02,2025-05-22,2025-12-19,Annual,79.0,Cancelled
S001913,C01583,P01,2024-04-14,,Monthly,29.0,Active
S001914,C01584,P01,2024-10-27,2025-06-15,Monthly,29.0,Cancelled
S001915,C01585,P01,2024-09-17,,Monthly,29.0,Active
S001916,C01586,P03,2025-04-06,,Monthly,149.0,Active
S001917,C01587,P01,2025-07-08,,Monthly,29.0,Active
S001918,C01588,P01,2024-08-02,,Annual,29.0,Active
S001919,C01588,P02,2025-10-02,,Monthly,79.0,Active
S001920,C01589,P02,2024-09-02,,Monthly,79.0,Active
S001921,C01589,P03,2025-10-13,,Monthly,149.0,Active
S001922,C01590,P01,2024-01-16,,Annual,29.0,Active
S001923,C01591,P02,2024-10-04,,Annual,79.0,Active
S001924,C01592,P01,2024-03-19,,Monthly,29.0,Active
S001925,C01593,P01,2024-03-21,,Monthly,29.0,Active
S001926,C01594,P02,2025-10-27,,Monthly,79.0,Active
S001927,C01595,P02,2025-09-30,,Monthly,79.0,Active
S001928,C01596,P01,2024-08-31,2025-02-04,Annual,29.0,Cancelled
S001929,C01596,P01,2025-02-04,2025-04-04,Monthly,29.0,Cancelled
S001930,C01597,P02,2024-04-16,,Monthly,79.0,Active
S001931,C01598,P02,2024-10-07,,Monthly,79.0,Active
S001932,C01599,P01,2024-04-11,2025-05-02,Monthly,29.0,Cancelled
S001933,C01599,P02,2025-05-02,2025-05-07,Monthly,79.0,Cancelled
S001934,C01600,P02,2024-03-03,,Monthly,79.0,Active
S001935,C01601,P01,2024-03-20,,Annual,29.0,Active
S001936,C01602,P03,2024-01-09,,Annual,149.0,Active
S001937,C01602,P04,2025-04-17,,Annual,399.0,Active
S001938,C01603,P02,2025-07-22,,Monthly,79.0,Active
S001939,C01604,P02,2025-03-31,,Annual,79.0,Active
S001940,C01605,P03,2024-10-30,2025-06-20,Monthly,149.0,Cancelled
S001941,C01606,P02,2025-06-11,2025-09-11,Annual,79.0,Cancelled
S001942,C01607,P04,2024-06-09,,Annual,399.0,Active
S001943,C01608,P01,2025-07-10,,Monthly,29.0,Active
S001944,C01609,P02,2024-04-25,,Annual,79.0,Active
S001945,C01610,P03,2025-01-20,,Annual,149.0,Active
S001946,C01610,P04,2025-11-21,,Monthly,399.0,Active
S001947,C01611,P02,2025-08-09,2025-11-02,Monthly,79.0,Cancelled
S001948,C01612,P01,2025-10-07,2025-12-12,Monthly,29.0,Cancelled
S001949,C01613,P02,2024-11-12,,Annual,79.0,Active
S001950,C01614,P03,2025-11-07,,Annual,149.0,Active
S001951,C01615,P03,2025-02-26,,Monthly,149.0,Active
S001952,C01616,P03,2025-02-22,,Monthly,149.0,Active
S001953,C01616,P02,2025-06-11,,Monthly,79.0,Active
S001954,C01617,P02,2025-04-29,2025-07-09,Monthly,79.0,Cancelled
S001955,C01618,P02,2024-06-07,,Monthly,79.0,Active
S001956,C01619,P01,2024-05-11,,Monthly,29.0,Active
S001957,C01619,P02,2024-12-11,,Monthly,79.0,Active
S001958,C01620,P03,2025-07-21,,Annual,149.0,Active
S001959,C01621,P04,2024-01-08,,Monthly,399.0,Active
S001960,C01621,P04,2025-12-08,,Monthly,399.0,Active
S001961,C01622,P03,2025-09-12,,Monthly,149.0,Active
S001962,C01623,P02,2024-07-07,,Annual,79.0,Active
S001963,C01624,P02,2025-02-22,,Monthly,79.0,Active
S001964,C01625,P03,2024-10-02,,Annual,149.0,Active
S001965,C01625,P04,2025-04-19,,Annual,399.0,Active
S001966,C01625,P03,2025-07-30,,Monthly,149.0,Active
S001967,C01626,P01,2025-01-23,,Monthly,29.0,Active
S001968,C01627,P02,2024-09-25,,Monthly,79.0,Active
S001969,C01627,P03,2025-04-29,,Monthly,149.0,Active
S001970,C01628,P01,2025-06-01,,Monthly,29.0,Active
S001971,C01629,P02,2025-10-04,,Annual,79.0,Active
S001972,C01630,P02,2024-03-21,,Annual,79.0,Active
S001973,C01631,P01,2024-10-09,2025-08-29,Monthly,29.0,Cancelled
S001974,C01632,P01,2024-04-25,,Monthly,29.0,Active
S001975,C01632,P02,2025-07-12,,Monthly,79.0,Active
S001976,C01632,P03,2025-12-27,,Monthly,149.0,Active
S001977,C01633,P02,2025-05-09,,Monthly,79.0,Active
S001978,C01634,P03,2024-08-09,,Monthly,149.0,Active
S001979,C01634,P04,2025-07-07,,Monthly,399.0,Active
S001980,C01635,P03,2025-03-18,,Monthly,149.0,Active
S001981,C01636,P03,2024-12-28,,Monthly,149.0,Active
S001982,C01637,P02,2024-01-28,2024-08-16,Monthly,79.0,Cancelled
S001983,C01638,P01,2024-09-16,,Annual,29.0,Active
S001984,C01639,P01,2025-03-13,,Monthly,29.0,Active
S001985,C01640,P03,2025-06-22,,Monthly,149.0,Active
S001986,C01641,P01,2025-03-07,,Monthly,29.0,Active
S001987,C01642,P02,2024-07-19,,Monthly,79.0,Active
S001988,C01642,P01,2025-01-03,,Monthly,29.0,Active
S001989,C01642,P02,2025-10-31,,Monthly,79.0,Active
S001990,C01643,P01,2024-06-25,,Monthly,29.0,Active
S001991,C01644,P03,2025-04-01,,Monthly,149.0,Active
S001992,C01644,P04,2025-10-17,,Monthly,399.0,Active
S001993,C01645,P01,2025-08-09,,Monthly,29.0,Active
S001994,C01646,P01,2024-05-14,,Annual,29.0,Active
S001995,C01647,P01,2025-06-08,,Annual,29.0,Active
S001996,C01648,P02,2024-06-29,2025-08-27,Annual,79.0,Cancelled
S001997,C01649,P02,2025-09-07,,Monthly,79.0,Active
S001998,C01650,P04,2024-08-26,,Monthly,399.0,Active
S001999,C01651,P01,2024-08-09,,Monthly,29.0,Active
S002000,C01651,P01,2025-03-03,,Monthly,29.0,Active
S002001,C01651,P02,2025-06-03,,Annual,79.0,Active
S002002,C01652,P04,2025-08-13,2025-11-04,Monthly,399.0,Cancelled
S002003,C01653,P02,2024-01-02,,Monthly,79.0,Active
S002004,C01653,P03,2025-08-14,,Annual,149.0,Active
S002005,C01654,P03,2024-10-19,,Monthly,149.0,Active
S002006,C01655,P01,2025-10-19,,Annual,29.0,Active
S002007,C01656,P01,2025-10-20,2025-12-22,Monthly,29.0,Cancelled
S002008,C01657,P01,2025-05-12,,Monthly,29.0,Active
S002009,C01658,P02,2024-11-07,,Annual,79.0,Active
S002010,C01659,P04,2024-02-14,,Monthly,399.0,Active
S002011,C01659,P04,2024-05-23,,Monthly,399.0,Active
S002012,C01660,P01,2025-01-30,,Monthly,29.0,Active
S002013,C01661,P02,2025-10-28,,Monthly,79.0,Active
S002014,C01662,P03,2025-07-23,,Monthly,149.0,Active
S002015,C01663,P01,2024-01-23,,Monthly,29.0,Active
S002016,C01664,P03,2025-03-25,,Annual,149.0,Active
S002017,C01665,P01,2024-09-27,2024-11-26,Monthly,29.0,Cancelled
S002018,C01666,P02,2024-12-03,,Monthly,79.0,Active
S002019,C01667,P01,2025-05-11,2025-09-26,Monthly,29.0,Cancelled
S002020,C01668,P01,2024-04-17,,Monthly,29.0,Active
S002021,C01668,P01,2025-11-17,,Monthly,29.0,Active
S002022,C01669,P03,2024-05-01,,Monthly,149.0,Active
S002023,C01670,P03,2024-05-25,,Annual,149.0,Active
S002024,C01671,P03,2024-02-19,,Monthly,149.0,Active
S002025,C01672,P03,2025-08-28,,Monthly,149.0,Active
S002026,C01673,P01,2024-09-26,,Monthly,29.0,Active
S002027,C01674,P03,2025-05-22,,Annual,149.0,Active
S002028,C01674,P04,2025-12-26,,Monthly,399.0,Active
S002029,C01675,P03,2025-04-22,2025-07-25,Annual,149.0,Cancelled
S002030,C01676,P02,2025-03-16,,Monthly,79.0,Active
S002031,C01677,P02,2025-11-11,,Monthly,79.0,Active
S002032,C01678,P02,2025-10-27,,Monthly,79.0,Active
S002033,C01679,P01,2025-11-13,,Monthly,29.0,Active
S002034,C01680,P03,2024-01-05,,Monthly,149.0,Active
S002035,C01681,P02,2024-06-17,,Annual,79.0,Active
S002036,C01682,P03,2025-05-18,,Annual,149.0,Active
S002037,C01682,P02,2025-09-10,,Monthly,79.0,Active
S002038,C01683,P01,2024-02-12,2024-12-21,Annual,29.0,Cancelled
S002039,C01684,P01,2024-10-06,2025-06-11,Annual,29.0,Cancelled
S002040,C01685,P03,2024-12-24,,Monthly,149.0,Active
S002041,C01685,P04,2025-10-01,,Monthly,399.0,Active
S002042,C01686,P03,2025-11-29,,Monthly,149.0,Active
S002043,C01687,P02,2024-08-01,,Annual,79.0,Active
S002044,C01688,P02,2024-08-17,,Annual,79.0,Active
S002045,C01688,P03,2025-09-27,,Annual,149.0,Active
S002046,C01689,P01,2025-09-23,,Monthly,29.0,Active
S002047,C01690,P03,2024-12-10,,Annual,149.0,Active
S002048,C01691,P01,2025-10-10,,Annual,29.0,Active
S002049,C01692,P01,2024-09-15,,Monthly,29.0,Active
S002050,C01693,P02,2025-05-24,,Monthly,79.0,Active
S002051,C01694,P03,2024-03-21,,Monthly,149.0,Active
S002052,C01694,P04,2025-01-27,,Monthly,399.0,Active
S002053,C01695,P03,2025-06-02,,Monthly,149.0,Active
S002054,C01695,P04,2025-12-05,,Monthly,399.0,Active
S002055,C01696,P02,2025-11-12,,Monthly,79.0,Active
S002056,C01697,P01,2025-10-17,,Annual,29.0,Active
S002057,C01698,P01,2024-10-05,,Monthly,29.0,Active
S002058,C01699,P03,2025-04-13,,Monthly,149.0,Active
S002059,C01700,P01,2025-06-21,2025-10-01,Monthly,29.0,Cancelled
S002060,C01701,P01,2024-01-09,,Monthly,29.0,Active
S002061,C01702,P02,2024-07-14,2025-08-13,Monthly,79.0,Cancelled
S002062,C01703,P03,2024-01-30,2024-11-20,Monthly,149.0,Cancelled
S002063,C01704,P03,2025-03-19,,Monthly,149.0,Active
S002064,C01705,P02,2025-10-13,,Monthly,79.0,Active
S002065,C01706,P01,2024-01-23,,Monthly,29.0,Active
S002066,C01706,P01,2024-07-02,,Annual,29.0,Active
S002067,C01707,P01,2024-08-06,,Annual,29.0,Active
S002068,C01708,P03,2024-05-27,,Monthly,149.0,Active
S002069,C01709,P03,2025-01-27,,Monthly,149.0,Active
S002070,C01710,P03,2025-09-01,,Monthly,149.0,Active
S002071,C01711,P02,2024-03-24,2025-11-13,Monthly,79.0,Cancelled
S002072,C01712,P03,2025-04-09,,Monthly,149.0,Active
S002073,C01712,P02,2025-11-02,,Monthly,79.0,Active
S002074,C01713,P02,2024-12-22,,Annual,79.0,Active
S002075,C01714,P02,2024-09-14,,Annual,79.0,Active
S002076,C01715,P04,2024-02-01,,Monthly,399.0,Active
S002077,C01715,P04,2024-08-08,,Monthly,399.0,Active
S002078,C01716,P03,2024-12-12,,Annual,149.0,Active
S002079,C01717,P01,2025-01-06,2025-08-23,Monthly,29.0,Cancelled
S002080,C01717,P01,2025-08-23,2025-11-10,Monthly,29.0,Cancelled
S002081,C01718,P02,2024-07-26,,Monthly,79.0,Active
S002082,C01718,P01,2025-06-04,,Annual,29.0,Active
S002083,C01719,P03,2024-11-07,,Monthly,149.0,Active
S002084,C01719,P04,2025-06-16,,Monthly,399.0,Active
S002085,C01720,P03,2024-04-14,,Monthly,149.0,Active
S002086,C01721,P02,2025-03-16,,Annual,79.0,Active
S002087,C01722,P02,2025-11-20,,Monthly,79.0,Active
S002088,C01723,P03,2024-12-22,,Monthly,149.0,Active
S002089,C01724,P03,2025-01-12,,Annual,149.0,Active
S002090,C01725,P02,2025-11-18,,Monthly,79.0,Active
S002091,C01726,P02,2024-03-21,2024-09-29,Annual,79.0,Cancelled
S002092,C01726,P01,2024-09-29,2024-11-19,Monthly,29.0,Cancelled
S002093,C01727,P03,2024-10-22,,Annual,149.0,Active
S002094,C01728,P02,2025-04-09,,Annual,79.0,Active
S002095,C01729,P02,2024-12-12,,Annual,79.0,Active
S002096,C01730,P02,2025-02-15,,Annual,79.0,Active
S002097,C01731,P03,2024-02-17,2025-02-05,Monthly,149.0,Cancelled
S002098,C01732,P03,2025-03-06,,Annual,149.0,Active
S002099,C01732,P04,2025-06-25,,Monthly,399.0,Active
S002100,C01733,P01,2024-03-22,,Monthly,29.0,Active
S002101,C01733,P02,2025-11-05,,Monthly,79.0,Active
S002102,C01733,P03,2025-12-31,,Monthly,149.0,Active
S002103,C01734,P01,2024-10-16,,Annual,29.0,Active
S002104,C01735,P01,2024-05-23,,Monthly,29.0,Active
S002105,C01736,P01,2025-10-12,,Monthly,29.0,Active
S002106,C01737,P03,2024-11-07,,Annual,149.0,Active
S002107,C01738,P01,2024-02-11,,Monthly,29.0,Active
S002108,C01739,P01,2025-06-14,2025-09-09,Monthly,29.0,Cancelled
S002109,C01740,P02,2025-10-20,,Annual,79.0,Active
S002110,C01741,P01,2024-08-27,,Monthly,29.0,Active
S002111,C01742,P01,2024-10-26,,Annual,29.0,Active
S002112,C01743,P03,2025-04-14,,Monthly,149.0,Active
S002113,C01744,P01,2025-07-26,,Monthly,29.0,Active
S002114,C01745,P03,2025-09-06,,Annual,149.0,Active
S002115,C01746,P02,2025-05-09,,Annual,79.0,Active
S002116,C01747,P01,2024-07-12,,Monthly,29.0,Active
S002117,C01748,P02,2025-03-14,,Monthly,79.0,Active
S002118,C01749,P02,2025-05-30,,Monthly,79.0,Active
S002119,C01750,P04,2025-03-27,,Monthly,399.0,Active
S002120,C01750,P04,2025-08-28,,Annual,399.0,Active
S002121,C01751,P01,2025-05-12,,Monthly,29.0,Active
S002122,C01752,P03,2024-12-25,,Monthly,149.0,Active
S002123,C01753,P01,2024-05-14,,Monthly,29.0,Active
S002124,C01754,P04,2025-04-03,,Monthly,399.0,Active
S002125,C01755,P01,2024-10-04,,Annual,29.0,Active
S002126,C01756,P02,2024-07-28,,Monthly,79.0,Active
S002127,C01757,P02,2024-07-26,,Monthly,79.0,Active
S002128,C01758,P02,2025-09-12,,Monthly,79.0,Active
S002129,C01759,P02,2024-10-20,,Annual,79.0,Active
S002130,C01760,P01,2024-03-06,,Annual,29.0,Active
S002131,C01760,P02,2025-12-09,,Monthly,79.0,Active
S002132,C01760,P01,2025-12-31,,Monthly,29.0,Active
S002133,C01761,P01,2024-02-02,,Monthly,29.0,Active
S002134,C01762,P03,2024-03-19,,Monthly,149.0,Active
S002135,C01763,P01,2025-09-11,2025-12-15,Monthly,29.0,Cancelled
S002136,C01764,P01,2024-10-07,,Monthly,29.0,Active
S002137,C01764,P02,2025-03-14,,Monthly,79.0,Active
S002138,C01764,P03,2025-09-06,,Monthly,149.0,Active
S002139,C01765,P02,2024-05-21,,Monthly,79.0,Active
S002140,C01766,P01,2025-01-04,,Monthly,29.0,Active
S002141,C01767,P01,2024-07-13,,Monthly,29.0,Active
S002142,C01767,P01,2025-12-30,,Monthly,29.0,Active
S002143,C01768,P01,2024-08-07,,Monthly,29.0,Active
S002144,C01769,P03,2025-01-04,,Annual,149.0,Active
S002145,C01770,P02,2024-07-30,,Monthly,79.0,Active
S002146,C01771,P02,2024-08-15,2025-09-26,Monthly,79.0,Cancelled
S002147,C01772,P01,2025-11-20,,Annual,29.0,Active
S002148,C01773,P03,2025-02-23,,Annual,149.0,Active
S002149,C01774,P02,2025-02-23,2025-09-28,Monthly,79.0,Cancelled
S002150,C01775,P01,2024-09-16,,Annual,29.0,Active
S002151,C01776,P03,2024-09-21,,Monthly,149.0,Active
S002152,C01777,P03,2024-03-23,2025-02-28,Annual,149.0,Cancelled
S002153,C01778,P04,2025-09-10,,Monthly,399.0,Active
S002154,C01779,P02,2024-06-26,2025-09-17,Annual,79.0,Cancelled
S002155,C01780,P01,2024-02-19,2025-01-08,Monthly,29.0,Cancelled
S002156,C01780,P02,2025-01-08,2025-01-15,Monthly,79.0,Cancelled
S002157,C01781,P03,2024-07-11,2025-02-19,Annual,149.0,Cancelled
S002158,C01782,P01,2025-09-12,,Monthly,29.0,Active
S002159,C01783,P02,2024-06-14,,Monthly,79.0,Active
S002160,C01783,P01,2024-09-13,,Monthly,29.0,Active
S002161,C01784,P03,2024-02-10,,Monthly,149.0,Active
S002162,C01784,P04,2024-06-13,,Monthly,399.0,Active
S002163,C01785,P02,2025-11-15,,Monthly,79.0,Active
S002164,C01786,P04,2025-04-25,,Annual,399.0,Active
S002165,C01787,P01,2024-05-04,,Monthly,29.0,Active
S002166,C01788,P03,2025-03-25,,Annual,149.0,Active
S002167,C01788,P02,2025-11-28,,Monthly,79.0,Active
S002168,C01789,P01,2025-06-10,,Monthly,29.0,Active
S002169,C01789,P01,2025-12-13,,Monthly,29.0,Active
S002170,C01790,P02,2024-07-25,2025-04-28,Monthly,79.0,Cancelled
S002171,C01791,P03,2025-06-14,,Monthly,149.0,Active
S002172,C01792,P01,2025-05-14,,Monthly,29.0,Active
S002173,C01792,P01,2025-12-08,,Monthly,29.0,Active
S002174,C01793,P01,2025-06-01,,Monthly,29.0,Active
S002175,C01794,P01,2025-02-15,,Monthly,29.0,Active
S002176,C01795,P03,2024-05-19,,Monthly,149.0,Active
S002177,C01796,P03,2024-12-21,,Annual,149.0,Active
S002178,C01797,P02,2024-03-13,,Annual,79.0,Active
S002179,C01798,P01,2025-03-01,,Monthly,29.0,Active
S002180,C01798,P01,2025-07-13,,Annual,29.0,Active
S002181,C01799,P02,2024-01-10,,Monthly,79.0,Active
S002182,C01800,P01,2025-04-24,,Annual,29.0,Active
S002183,C01801,P02,2024-09-28,2025-03-23,Monthly,79.0,Cancelled
S002184,C01802,P01,2024-10-27,,Annual,29.0,Active
S002185,C01802,P02,2025-06-30,,Annual,79.0,Active
S002186,C01803,P01,2024-06-16,,Monthly,29.0,Active
S002187,C01804,P01,2024-12-09,,Monthly,29.0,Active
S002188,C01805,P01,2025-10-17,2025-12-20,Annual,29.0,Cancelled
S002189,C01806,P01,2024-09-02,,Annual,29.0,Active
S002190,C01806,P01,2025-11-02,,Annual,29.0,Active
S002191,C01806,P02,2025-12-31,,Monthly,79.0,Active
S002192,C01807,P04,2024-02-24,,Monthly,399.0,Active
S002193,C01808,P02,2025-01-19,,Annual,79.0,Active
S002194,C01808,P03,2025-09-11,,Monthly,149.0,Active
S002195,C01809,P02,2024-12-05,,Monthly,79.0,Active
S002196,C01810,P03,2025-08-25,,Monthly,149.0,Active
S002197,C01811,P02,2024-12-03,,Monthly,79.0,Active
S002198,C01811,P03,2025-07-05,,Monthly,149.0,Active
S002199,C01812,P03,2024-06-26,,Annual,149.0,Active
S002200,C01813,P04,2024-06-04,,Monthly,399.0,Active
S002201,C01814,P02,2025-08-25,,Monthly,79.0,Active
S002202,C01815,P03,2025-08-16,,Monthly,149.0,Active
S002203,C01816,P03,2024-02-12,,Monthly,149.0,Active
S002204,C01817,P02,2024-09-01,,Monthly,79.0,Active
S002205,C01818,P01,2025-08-03,,Annual,29.0,Active
S002206,C01819,P02,2024-02-13,,Monthly,79.0,Active
S002207,C01820,P02,2025-01-02,,Monthly,79.0,Active
S002208,C01821,P02,2025-06-02,,Monthly,79.0,Active
S002209,C01822,P01,2024-10-14,,Monthly,29.0,Active
S002210,C01823,P03,2025-10-23,,Monthly,149.0,Active
S002211,C01824,P01,2025-10-08,,Monthly,29.0,Active
S002212,C01825,P02,2025-05-12,,Annual,79.0,Active
S002213,C01826,P02,2025-08-21,,Monthly,79.0,Active
S002214,C01827,P02,2025-10-19,,Monthly,79.0,Active
S002215,C01828,P03,2025-01-03,,Monthly,149.0,Active
S002216,C01829,P01,2024-02-28,,Monthly,29.0,Active
S002217,C01829,P02,2025-09-07,,Monthly,79.0,Active
S002218,C01829,P03,2025-12-23,,Monthly,149.0,Active
S002219,C01830,P01,2024-05-24,,Monthly,29.0,Active
S002220,C01831,P02,2024-12-25,,Annual,79.0,Active
S002221,C01832,P02,2024-01-30,,Monthly,79.0,Active
S002222,C01833,P02,2024-03-31,,Monthly,79.0,Active
S002223,C01834,P02,2024-09-03,,Monthly,79.0,Active
S002224,C01835,P02,2024-06-09,,Monthly,79.0,Active
S002225,C01836,P02,2024-10-24,,Monthly,79.0,Active
S002226,C01836,P03,2025-03-13,,Monthly,149.0,Active
S002227,C01837,P01,2024-03-22,,Annual,29.0,Active
S002228,C01838,P01,2025-07-18,2025-12-29,Annual,29.0,Cancelled
S002229,C01839,P02,2025-04-02,,Annual,79.0,Active
S002230,C01839,P03,2025-07-03,,Monthly,149.0,Active
S002231,C01840,P04,2024-05-27,2024-11-19,Monthly,399.0,Cancelled
S002232,C01841,P01,2024-05-22,,Monthly,29.0,Active
S002233,C01842,P04,2025-03-21,,Monthly,399.0,Active
S002234,C01842,P03,2025-06-25,,Monthly,149.0,Active
S002235,C01843,P02,2024-11-24,,Monthly,79.0,Active
S002236,C01844,P03,2025-07-24,,Monthly,149.0,Active
S002237,C01845,P02,2024-08-16,2024-12-03,Monthly,79.0,Cancelled
S002238,C01845,P01,2024-12-03,2025-06-06,Annual,29.0,Cancelled
S002239,C01846,P03,2024-09-02,2025-02-20,Monthly,149.0,Cancelled
S002240,C01847,P01,2025-01-23,,Monthly,29.0,Active
S002241,C01848,P01,2024-03-19,2025-05-21,Monthly,29.0,Cancelled
S002242,C01849,P01,2024-08-19,,Monthly,29.0,Active
S002243,C01849,P02,2025-07-04,,Monthly,79.0,Active
S002244,C01849,P01,2025-10-18,,Monthly,29.0,Active
S002245,C01850,P01,2024-06-15,,Annual,29.0,Active
S002246,C01851,P02,2024-11-28,,Monthly,79.0,Active
S002247,C01852,P02,2024-11-11,,Monthly,79.0,Active
S002248,C01853,P02,2024-08-07,,Monthly,79.0,Active
S002249,C01853,P03,2025-12-23,,Monthly,149.0,Active
S002250,C01854,P02,2025-04-19,2025-10-11,Monthly,79.0,Cancelled
S002251,C01855,P04,2024-06-26,,Annual,399.0,Active
S002252,C01856,P01,2025-02-05,2025-10-12,Monthly,29.0,Cancelled
S002253,C01857,P02,2024-10-29,,Monthly,79.0,Active
S002254,C01857,P03,2025-04-11,,Monthly,149.0,Active
S002255,C01858,P02,2024-10-05,,Monthly,79.0,Active
S002256,C01858,P03,2025-11-24,,Monthly,149.0,Active
S002257,C01859,P02,2025-08-05,,Monthly,79.0,Active
S002258,C01860,P01,2025-01-12,2025-08-26,Monthly,29.0,Cancelled
S002259,C01861,P03,2025-06-15,,Monthly,149.0,Active
S002260,C01862,P01,2025-09-11,,Monthly,29.0,Active
S002261,C01863,P03,2024-07-04,,Annual,149.0,Active
S002262,C01864,P02,2024-09-18,,Monthly,79.0,Active
S002263,C01864,P01,2025-06-06,,Annual,29.0,Active
S002264,C01865,P03,2025-01-27,,Monthly,149.0,Active
S002265,C01866,P02,2024-04-14,,Monthly,79.0,Active
S002266,C01867,P03,2025-05-06,,Monthly,149.0,Active
S002267,C01868,P04,2024-07-29,,Monthly,399.0,Active
S002268,C01869,P02,2025-01-08,2025-05-20,Annual,79.0,Cancelled
S002269,C01870,P01,2024-08-29,,Monthly,29.0,Active
S002270,C01870,P02,2025-07-15,,Annual,79.0,Active
S002271,C01871,P02,2025-10-30,,Monthly,79.0,Active
S002272,C01872,P02,2024-08-28,,Monthly,79.0,Active
S002273,C01873,P03,2024-10-09,,Monthly,149.0,Active
S002274,C01873,P04,2025-10-14,,Annual,399.0,Active
S002275,C01873,P04,2025-12-31,,Monthly,399.0,Active
S002276,C01874,P03,2025-01-24,,Annual,149.0,Active
S002277,C01875,P02,2025-02-26,,Annual,79.0,Active
S002278,C01876,P03,2025-06-20,,Monthly,149.0,Active
S002279,C01877,P02,2024-10-14,2025-04-21,Annual,79.0,Cancelled
S002280,C01878,P03,2024-01-01,2025-07-31,Annual,149.0,Cancelled
S002281,C01879,P02,2024-02-01,,Annual,79.0,Active
S002282,C01880,P02,2025-08-08,,Monthly,79.0,Active
S002283,C01881,P04,2025-05-15,,Monthly,399.0,Active
S002284,C01881,P04,2025-09-21,,Monthly,399.0,Active
S002285,C01882,P02,2024-11-09,,Monthly,79.0,Active
S002286,C01883,P01,2025-10-04,,Monthly,29.0,Active
S002287,C01884,P02,2024-01-14,,Annual,79.0,Active
S002288,C01884,P01,2025-12-29,,Monthly,29.0,Active
S002289,C01885,P03,2024-12-16,,Monthly,149.0,Active
S002290,C01885,P04,2025-12-02,,Monthly,399.0,Active
S002291,C01886,P01,2025-01-27,,Monthly,29.0,Active
S002292,C01887,P02,2025-06-15,2025-08-19,Monthly,79.0,Cancelled
S002293,C01888,P03,2025-11-05,,Monthly,149.0,Active
S002294,C01889,P03,2025-04-10,2025-09-12,Monthly,149.0,Cancelled
S002295,C01890,P02,2025-09-15,,Monthly,79.0,Active
S002296,C01891,P01,2025-05-20,,Annual,29.0,Active
S002297,C01892,P01,2024-10-13,,Annual,29.0,Active
S002298,C01893,P02,2025-04-13,2025-07-29,Monthly,79.0,Cancelled
S002299,C01894,P03,2024-09-13,,Monthly,149.0,Active
S002300,C01895,P01,2024-07-14,,Monthly,29.0,Active
S002301,C01896,P03,2025-10-19,,Monthly,149.0,Active
S002302,C01897,P01,2024-12-28,,Annual,29.0,Active
S002303,C01898,P01,2024-06-03,2025-11-19,Monthly,29.0,Cancelled
S002304,C01899,P01,2024-08-26,,Monthly,29.0,Active
S002305,C01900,P04,2024-11-13,,Monthly,399.0,Active
S002306,C01900,P04,2025-09-27,,Monthly,399.0,Active
S002307,C01901,P02,2024-04-17,,Monthly,79.0,Active
S002308,C01901,P03,2025-10-18,,Annual,149.0,Active
S002309,C01902,P01,2024-12-21,2025-08-22,Monthly,29.0,Cancelled
S002310,C01903,P01,2024-07-14,2024-12-06,Annual,29.0,Cancelled
S002311,C01903,P02,2024-12-06,2025-01-29,Monthly,79.0,Cancelled
S002312,C01904,P01,2025-07-28,2025-12-10,Annual,29.0,Cancelled
S002313,C01905,P01,2024-10-28,,Annual,29.0,Active
S002314,C01906,P04,2024-07-31,,Monthly,399.0,Active
S002315,C01907,P03,2024-04-21,,Monthly,149.0,Active
S002316,C01908,P03,2025-06-17,,Annual,149.0,Active
S002317,C01909,P02,2025-10-27,,Monthly,79.0,Active
S002318,C01910,P02,2024-03-14,,Annual,79.0,Active
S002319,C01910,P01,2025-12-19,,Annual,29.0,Active
S002320,C01911,P02,2024-03-24,,Annual,79.0,Active
S002321,C01911,P03,2024-08-20,,Monthly,149.0,Active
S002322,C01912,P01,2025-04-07,2025-09-21,Annual,29.0,Cancelled
S002323,C01913,P03,2025-12-01,,Annual,149.0,Active
S002324,C01914,P03,2024-09-16,,Monthly,149.0,Active
S002325,C01915,P03,2025-07-23,,Monthly,149.0,Active
S002326,C01916,P02,2024-07-04,,Annual,79.0,Active
S002327,C01916,P03,2024-11-07,,Monthly,149.0,Active
S002328,C01917,P01,2024-06-09,,Monthly,29.0,Active
S002329,C01918,P01,2025-04-07,,Monthly,29.0,Active
S002330,C01919,P03,2025-05-30,,Monthly,149.0,Active
S002331,C01920,P01,2024-10-21,,Annual,29.0,Active
S002332,C01920,P01,2025-09-11,,Annual,29.0,Active
S002333,C01921,P03,2024-03-15,2025-10-08,Monthly,149.0,Cancelled
S002334,C01922,P01,2024-02-17,,Annual,29.0,Active
S002335,C01923,P01,2025-01-22,,Monthly,29.0,Active
S002336,C01923,P01,2025-09-09,,Monthly,29.0,Active
S002337,C01924,P03,2024-09-30,,Monthly,149.0,Active
S002338,C01925,P02,2024-12-21,,Monthly,79.0,Active
S002339,C01926,P03,2025-09-28,,Annual,149.0,Active
S002340,C01927,P01,2025-09-20,,Monthly,29.0,Active
S002341,C01928,P03,2025-05-29,,Monthly,149.0,Active
S002342,C01928,P02,2025-11-30,,Monthly,79.0,Active
S002343,C01929,P02,2025-10-28,,Monthly,79.0,Active
S002344,C01930,P01,2024-06-25,,Monthly,29.0,Active
S002345,C01931,P01,2024-06-27,,Annual,29.0,Active
S002346,C01932,P04,2025-04-20,,Monthly,399.0,Active
S002347,C01933,P02,2025-03-29,,Monthly,79.0,Active
S002348,C01934,P03,2025-06-08,,Monthly,149.0,Active
S002349,C01935,P02,2024-06-04,,Monthly,79.0,Active
S002350,C01935,P03,2025-04-20,,Monthly,149.0,Active
S002351,C01935,P04,2025-08-18,,Monthly,399.0,Active
S002352,C01936,P01,2025-01-11,,Annual,29.0,Active
S002353,C01937,P02,2025-02-09,,Annual,79.0,Active
S002354,C01938,P02,2024-04-16,,Monthly,79.0,Active
S002355,C01939,P01,2025-06-09,2025-10-30,Monthly,29.0,Cancelled
S002356,C01940,P01,2025-06-10,,Annual,29.0,Active
S002357,C01941,P03,2025-10-08,,Monthly,149.0,Active
S002358,C01942,P01,2024-12-02,,Monthly,29.0,Active
S002359,C01942,P01,2025-07-07,,Monthly,29.0,Active
S002360,C01942,P02,2025-10-19,,Monthly,79.0,Active
S002361,C01943,P02,2024-05-17,,Monthly,79.0,Active
S002362,C01943,P03,2025-10-08,,Monthly,149.0,Active
S002363,C01943,P04,2025-12-31,,Monthly,399.0,Active
S002364,C01944,P01,2025-02-14,2025-08-28,Monthly,29.0,Cancelled
S002365,C01945,P02,2024-02-20,,Monthly,79.0,Active
S002366,C01945,P01,2025-12-20,,Monthly,29.0,Active
S002367,C01946,P02,2025-09-18,,Monthly,79.0,Active
S002368,C01947,P01,2024-11-24,,Annual,29.0,Active
S002369,C01948,P01,2024-09-14,,Monthly,29.0,Active
S002370,C01949,P02,2024-08-21,,Monthly,79.0,Active
S002371,C01950,P01,2024-02-05,,Monthly,29.0,Active
S002372,C01951,P01,2025-08-13,2025-11-29,Annual,29.0,Cancelled
S002373,C01952,P02,2025-07-19,,Monthly,79.0,Active
S002374,C01953,P02,2025-08-06,2025-10-31,Monthly,79.0,Cancelled
S002375,C01954,P01,2024-07-08,,Annual,29.0,Active
S002376,C01955,P02,2024-03-23,,Monthly,79.0,Active
S002377,C01956,P01,2024-09-20,2024-11-29,Monthly,29.0,Cancelled
S002378,C01957,P02,2024-03-07,,Annual,79.0,Active
S002379,C01957,P03,2024-08-22,,Annual,149.0,Active
S002380,C01958,P02,2024-05-10,,Annual,79.0,Active
S002381,C01959,P03,2025-06-16,,Annual,149.0,Active
S002382,C01960,P03,2024-02-16,,Monthly,149.0,Active
S002383,C01960,P02,2025-07-31,,Monthly,79.0,Active
S002384,C01960,P03,2025-12-11,,Monthly,149.0,Active
S002385,C01961,P02,2025-06-08,,Annual,79.0,Active
S002386,C01962,P03,2025-07-21,,Monthly,149.0,Active
S002387,C01963,P02,2024-08-05,,Monthly,79.0,Active
S002388,C01963,P03,2025-06-29,,Monthly,149.0,Active
S002389,C01963,P04,2025-11-13,,Annual,399.0,Active
S002390,C01964,P03,2025-03-12,,Monthly,149.0,Active
S002391,C01965,P02,2025-11-22,,Annual,79.0,Active
S002392,C01966,P03,2025-08-11,,Monthly,149.0,Active
S002393,C01967,P01,2025-11-10,,Monthly,29.0,Active
S002394,C01968,P01,2025-05-07,,Monthly,29.0,Active
S002395,C01969,P01,2025-05-29,2025-09-22,Annual,29.0,Cancelled
S002396,C01970,P01,2025-05-27,,Monthly,29.0,Active
S002397,C01970,P01,2025-10-20,,Monthly,29.0,Active
S002398,C01971,P03,2024-03-07,,Annual,149.0,Active
S002399,C01972,P03,2025-04-17,,Monthly,149.0,Active
S002400,C01973,P03,2025-06-12,,Monthly,149.0,Active
S002401,C01974,P02,2025-05-30,,Monthly,79.0,Active
S002402,C01975,P01,2024-07-13,,Monthly,29.0,Active
S002403,C01975,P02,2025-01-13,,Monthly,79.0,Active
S002404,C01976,P03,2024-12-31,,Annual,149.0,Active
S002405,C01977,P02,2025-01-09,,Annual,79.0,Active
S002406,C01977,P03,2025-12-24,,Monthly,149.0,Active
S002407,C01978,P02,2025-03-31,2025-10-05,Monthly,79.0,Cancelled
S002408,C01979,P02,2025-06-09,,Annual,79.0,Active
S002409,C01980,P03,2024-05-22,,Monthly,149.0,Active
S002410,C01980,P02,2025-09-19,,Monthly,79.0,Active
S002411,C01981,P02,2024-07-03,,Monthly,79.0,Active
S002412,C01981,P03,2024-12-22,,Annual,149.0,Active
S002413,C01982,P01,2025-05-04,,Monthly,29.0,Active
S002414,C01983,P01,2025-03-28,,Annual,29.0,Active
S002415,C01984,P01,2024-03-24,,Annual,29.0,Active
S002416,C01985,P01,2025-06-02,,Monthly,29.0,Active
S002417,C01986,P04,2025-12-01,,Monthly,399.0,Active
S002418,C01987,P02,2024-10-04,,Monthly,79.0,Active
S002419,C01987,P01,2025-06-21,,Monthly,29.0,Active
S002420,C01988,P03,2024-12-08,2025-05-27,Annual,149.0,Cancelled
S002421,C01989,P02,2024-03-03,,Annual,79.0,Active
S002422,C01990,P01,2024-07-29,,Annual,29.0,Active
S002423,C01991,P02,2024-06-17,,Monthly,79.0,Active
S002424,C01992,P02,2025-06-26,,Monthly,79.0,Active
S002425,C01993,P01,2024-08-09,2025-01-02,Monthly,29.0,Cancelled
S002426,C01994,P04,2024-04-14,,Annual,399.0,Active
S002427,C01995,P01,2025-03-27,,Annual,29.0,Active
S002428,C01996,P03,2025-05-09,,Monthly,149.0,Active
S002429,C01997,P02,2025-07-14,,Annual,79.0,Active
S002430,C01998,P02,2025-07-16,,Annual,79.0,Active
S002431,C01999,P01,2025-08-15,,Monthly,29.0,Active
S002432,C02000,P01,2024-11-10,,Monthly,29.0,Active
S002433,C02001,P02,2024-04-16,,Monthly,79.0,Active
S002434,C02002,P01,2024-10-25,,Monthly,29.0,Active
S002435,C02002,P01,2025-05-30,,Monthly,29.0,Active
S002436,C02003,P02,2024-01-24,,Annual,79.0,Active
S002437,C02004,P02,2025-09-29,,Monthly,79.0,Active
S002438,C02005,P02,2025-03-06,,Monthly,79.0,Active
S002439,C02005,P01,2025-11-20,,Annual,29.0,Active
S002440,C02006,P03,2024-03-06,,Monthly,149.0,Active
S002441,C02007,P03,2024-08-07,,Annual,149.0,Active
S002442,C02007,P02,2024-12-15,,Annual,79.0,Active
S002443,C02008,P01,2025-02-25,,Annual,29.0,Active
S002444,C02008,P02,2025-10-31,,Monthly,79.0,Active
S002445,C02009,P02,2024-08-25,,Annual,79.0,Active
S002446,C02010,P01,2025-09-21,2025-12-13,Monthly,29.0,Cancelled
S002447,C02011,P02,2024-03-27,,Monthly,79.0,Active
S002448,C02011,P03,2025-01-09,,Monthly,149.0,Active
S002449,C02012,P02,2025-10-05,,Annual,79.0,Active
S002450,C02013,P03,2025-06-17,,Monthly,149.0,Active
S002451,C02014,P03,2024-01-26,2024-06-10,Monthly,149.0,Cancelled
S002452,C02014,P04,2024-06-10,2024-10-27,Monthly,399.0,Cancelled
S002453,C02015,P01,2025-07-21,,Monthly,29.0,Active
S002454,C02016,P02,2024-07-22,,Monthly,79.0,Active
S002455,C02017,P01,2025-03-10,,Monthly,29.0,Active
S002456,C02017,P02,2025-06-14,,Monthly,79.0,Active
S002457,C02018,P01,2024-12-01,,Monthly,29.0,Active
S002458,C02019,P01,2025-09-03,,Annual,29.0,Active
S002459,C02020,P01,2025-03-28,,Monthly,29.0,Active
S002460,C02021,P02,2025-11-15,,Monthly,79.0,Active
S002461,C02022,P02,2024-12-15,,Monthly,79.0,Active
S002462,C02023,P01,2025-02-08,,Monthly,29.0,Active
S002463,C02024,P02,2025-01-15,,Monthly,79.0,Active
S002464,C02025,P03,2025-01-21,,Monthly,149.0,Active
S002465,C02026,P02,2025-10-15,,Monthly,79.0,Active
S002466,C02027,P01,2024-10-01,,Annual,29.0,Active
S002467,C02028,P02,2024-09-15,,Monthly,79.0,Active
S002468,C02028,P03,2025-04-19,,Annual,149.0,Active
S002469,C02028,P04,2025-11-29,,Annual,399.0,Active
S002470,C02029,P03,2025-11-21,,Monthly,149.0,Active
S002471,C02030,P03,2024-04-21,,Annual,149.0,Active
S002472,C02031,P01,2025-04-30,,Monthly,29.0,Active
S002473,C02032,P03,2024-05-21,,Annual,149.0,Active
S002474,C02033,P04,2025-05-22,,Annual,399.0,Active
S002475,C02034,P02,2025-04-01,,Monthly,79.0,Active
S002476,C02035,P03,2025-07-01,,Monthly,149.0,Active
S002477,C02036,P02,2024-03-12,,Monthly,79.0,Active
S002478,C02036,P03,2025-01-11,,Monthly,149.0,Active
S002479,C02037,P02,2024-08-10,,Monthly,79.0,Active
S002480,C02038,P01,2024-07-14,2024-11-05,Monthly,29.0,Cancelled
S002481,C02039,P03,2025-04-10,,Monthly,149.0,Active
S002482,C02040,P03,2024-06-09,,Annual,149.0,Active
S002483,C02040,P04,2025-08-26,,Monthly,399.0,Active
S002484,C02041,P02,2025-06-29,,Monthly,79.0,Active
S002485,C02042,P03,2025-12-01,,Monthly,149.0,Active
S002486,C02043,P01,2025-03-16,,Monthly,29.0,Active
S002487,C02044,P03,2024-09-01,,Monthly,149.0,Active
S002488,C02045,P02,2025-08-02,2025-10-25,Monthly,79.0,Cancelled
S002489,C02046,P04,2024-09-05,,Monthly,399.0,Active
S002490,C02046,P04,2025-12-21,,Monthly,399.0,Active
S002491,C02047,P02,2024-08-07,,Monthly,79.0,Active
S002492,C02048,P03,2024-02-12,,Monthly,149.0,Active
S002493,C02049,P02,2024-07-20,,Monthly,79.0,Active
S002494,C02050,P02,2024-07-22,,Monthly,79.0,Active
S002495,C02050,P01,2025-12-30,,Annual,29.0,Active
S002496,C02051,P02,2025-09-20,,Monthly,79.0,Active
S002497,C02052,P04,2024-12-20,,Annual,399.0,Active
S002498,C02053,P02,2025-06-10,,Monthly,79.0,Active
S002499,C02054,P03,2025-07-23,,Monthly,149.0,Active
S002500,C02055,P03,2024-11-30,,Monthly,149.0,Active
S002501,C02056,P01,2024-05-24,,Monthly,29.0,Active
S002502,C02057,P01,2024-06-13,2024-09-04,Monthly,29.0,Cancelled
S002503,C02058,P03,2024-05-08,,Monthly,149.0,Active
S002504,C02059,P02,2024-06-14,2025-05-12,Annual,79.0,Cancelled
S002505,C02060,P01,2025-01-10,,Annual,29.0,Active
S002506,C02061,P02,2025-02-02,,Monthly,79.0,Active
S002507,C02062,P04,2024-12-30,,Monthly,399.0,Active
S002508,C02063,P02,2025-10-02,,Monthly,79.0,Active
S002509,C02064,P03,2025-06-12,,Monthly,149.0,Active
S002510,C02065,P02,2024-05-02,,Monthly,79.0,Active
S002511,C02066,P03,2025-12-01,,Monthly,149.0,Active
S002512,C02067,P03,2025-01-13,,Monthly,149.0,Active
S002513,C02068,P03,2025-02-02,2025-05-23,Monthly,149.0,Cancelled
S002514,C02068,P04,2025-05-23,2025-08-06,Annual,399.0,Cancelled
S002515,C02069,P02,2025-03-03,,Monthly,79.0,Active
S002516,C02070,P01,2024-07-24,,Monthly,29.0,Active
S002517,C02071,P02,2024-06-27,,Monthly,79.0,Active
S002518,C02072,P03,2024-09-07,,Monthly,149.0,Active
S002519,C02073,P02,2025-03-02,,Annual,79.0,Active
S002520,C02074,P03,2025-09-18,,Monthly,149.0,Active
S002521,C02075,P02,2024-01-31,2024-04-21,Monthly,79.0,Cancelled
S002522,C02076,P02,2025-03-24,,Monthly,79.0,Active
S002523,C02077,P01,2024-12-31,,Annual,29.0,Active
S002524,C02077,P02,2025-05-13,,Monthly,79.0,Active
S002525,C02077,P03,2025-10-21,,Monthly,149.0,Active
S002526,C02078,P01,2024-10-13,,Monthly,29.0,Active
S002527,C02079,P02,2025-02-15,,Monthly,79.0,Active
S002528,C02080,P03,2024-07-25,,Monthly,149.0,Active
S002529,C02081,P01,2025-10-10,,Monthly,29.0,Active
S002530,C02082,P04,2024-06-28,,Monthly,399.0,Active
S002531,C02083,P02,2024-08-06,,Monthly,79.0,Active
S002532,C02084,P01,2024-02-22,,Monthly,29.0,Active
S002533,C02084,P02,2025-07-03,,Annual,79.0,Active
S002534,C02085,P01,2024-01-24,,Annual,29.0,Active
S002535,C02086,P01,2025-07-21,2025-10-24,Monthly,29.0,Cancelled
S002536,C02087,P01,2025-07-12,,Monthly,29.0,Active
S002537,C02088,P03,2024-02-03,,Monthly,149.0,Active
S002538,C02089,P02,2024-04-17,,Monthly,79.0,Active
S002539,C02090,P04,2024-11-03,,Monthly,399.0,Active
S002540,C02091,P02,2025-02-07,,Annual,79.0,Active
S002541,C02092,P02,2024-09-13,,Monthly,79.0,Active
S002542,C02093,P01,2025-07-30,2025-11-24,Monthly,29.0,Cancelled
S002543,C02094,P03,2024-08-02,2024-10-19,Monthly,149.0,Cancelled
S002544,C02095,P02,2025-03-16,,Monthly,79.0,Active
S002545,C02095,P03,2025-09-20,,Monthly,149.0,Active
S002546,C02096,P02,2024-02-02,,Monthly,79.0,Active
S002547,C02097,P02,2024-12-24,,Monthly,79.0,Active
S002548,C02097,P01,2025-07-30,,Monthly,29.0,Active
S002549,C02098,P04,2024-04-21,,Monthly,399.0,Active
S002550,C02098,P03,2025-02-12,,Annual,149.0,Active
S002551,C02099,P01,2025-05-30,,Annual,29.0,Active
S002552,C02100,P03,2024-03-03,,Monthly,149.0,Active
S002553,C02101,P01,2025-10-12,,Monthly,29.0,Active
S002554,C02102,P03,2025-08-08,,Monthly,149.0,Active
S002555,C02103,P01,2024-12-20,,Monthly,29.0,Active
S002556,C02103,P02,2025-05-14,,Monthly,79.0,Active
S002557,C02104,P01,2024-09-21,2025-01-09,Monthly,29.0,Cancelled
S002558,C02105,P03,2024-06-18,,Monthly,149.0,Active
S002559,C02106,P03,2025-02-09,2025-12-25,Monthly,149.0,Cancelled
S002560,C02107,P04,2024-07-09,,Monthly,399.0,Active
S002561,C02108,P04,2025-02-08,,Monthly,399.0,Active
S002562,C02109,P02,2024-01-02,,Monthly,79.0,Active
S002563,C02110,P03,2024-12-13,,Monthly,149.0,Active
S002564,C02111,P01,2025-02-10,,Annual,29.0,Active
S002565,C02112,P02,2024-06-16,,Monthly,79.0,Active
S002566,C02113,P01,2025-03-12,,Monthly,29.0,Active
S002567,C02114,P03,2024-07-17,2025-02-08,Monthly,149.0,Cancelled
S002568,C02115,P01,2025-03-07,2025-08-22,Annual,29.0,Cancelled
S002569,C02116,P01,2024-12-20,,Monthly,29.0,Active
S002570,C02117,P03,2024-05-31,,Monthly,149.0,Active
S002571,C02118,P02,2025-08-03,2025-12-29,Monthly,79.0,Cancelled
S002572,C02119,P04,2024-04-12,,Monthly,399.0,Active
S002573,C02120,P02,2025-05-26,,Annual,79.0,Active
S002574,C02121,P01,2024-06-20,,Monthly,29.0,Active
S002575,C02122,P01,2024-09-04,,Monthly,29.0,Active
S002576,C02122,P02,2025-08-22,,Annual,79.0,Active
S002577,C02123,P01,2025-07-16,2025-12-17,Monthly,29.0,Cancelled
S002578,C02124,P02,2024-01-13,,Monthly,79.0,Active
S002579,C02124,P03,2025-01-23,,Monthly,149.0,Active
S002580,C02125,P04,2024-05-12,,Monthly,399.0,Active
S002581,C02126,P03,2024-06-02,2025-08-18,Monthly,149.0,Cancelled
S002582,C02127,P02,2025-10-15,,Monthly,79.0,Active
S002583,C02128,P04,2024-03-05,,Monthly,399.0,Active
S002584,C02128,P03,2025-08-27,,Monthly,149.0,Active
S002585,C02129,P02,2025-01-15,,Monthly,79.0,Active
S002586,C02130,P03,2024-02-21,,Monthly,149.0,Active
S002587,C02131,P01,2024-02-10,,Monthly,29.0,Active
S002588,C02132,P02,2025-06-01,,Annual,79.0,Active
S002589,C02132,P03,2025-09-21,,Annual,149.0,Active
S002590,C02133,P02,2024-06-04,,Monthly,79.0,Active
S002591,C02134,P03,2025-08-18,,Annual,149.0,Active
S002592,C02135,P02,2024-06-16,,Annual,79.0,Active
S002593,C02135,P01,2025-03-03,,Annual,29.0,Active
S002594,C02135,P02,2025-06-16,,Monthly,79.0,Active
S002595,C02136,P01,2025-12-01,,Monthly,29.0,Active
S002596,C02137,P03,2025-09-28,,Monthly,149.0,Active
S002597,C02138,P03,2025-01-01,,Monthly,149.0,Active
S002598,C02139,P01,2025-04-23,,Monthly,29.0,Active
S002599,C02139,P02,2025-10-10,,Monthly,79.0,Active
S002600,C02140,P01,2024-01-31,,Monthly,29.0,Active
S002601,C02140,P02,2025-02-23,,Monthly,79.0,Active
S002602,C02141,P02,2025-06-27,,Annual,79.0,Active
S002603,C02142,P03,2025-09-27,,Monthly,149.0,Active
S002604,C02143,P04,2025-10-21,,Monthly,399.0,Active
S002605,C02144,P01,2025-02-21,,Annual,29.0,Active
S002606,C02144,P01,2025-08-08,,Monthly,29.0,Active
S002607,C02145,P03,2025-01-15,2025-07-13,Annual,149.0,Cancelled
S002608,C02146,P02,2024-06-01,,Monthly,79.0,Active
S002609,C02147,P02,2024-08-08,,Annual,79.0,Active
S002610,C02148,P01,2024-03-05,,Monthly,29.0,Active
S002611,C02149,P02,2025-07-07,,Monthly,79.0,Active
S002612,C02150,P03,2024-03-07,,Monthly,149.0,Active
S002613,C02151,P03,2025-05-02,,Monthly,149.0,Active
S002614,C02152,P02,2025-06-01,,Monthly,79.0,Active
S002615,C02152,P01,2025-10-18,,Monthly,29.0,Active
S002616,C02153,P02,2024-12-25,,Annual,79.0,Active
S002617,C02154,P03,2025-07-24,,Monthly,149.0,Active
S002618,C02155,P04,2025-07-21,,Annual,399.0,Active
S002619,C02156,P01,2024-07-30,,Monthly,29.0,Active
S002620,C02156,P02,2025-10-08,,Monthly,79.0,Active
S002621,C02156,P03,2025-12-31,,Annual,149.0,Active
S002622,C02157,P02,2025-03-17,,Monthly,79.0,Active
S002623,C02158,P02,2024-10-05,,Monthly,79.0,Active
S002624,C02159,P01,2024-11-25,,Monthly,29.0,Active
S002625,C02160,P03,2025-03-25,,Monthly,149.0,Active
S002626,C02161,P02,2025-01-27,,Annual,79.0,Active
S002627,C02162,P01,2024-10-18,,Monthly,29.0,Active
S002628,C02162,P02,2025-05-24,,Monthly,79.0,Active
S002629,C02162,P01,2025-09-18,,Monthly,29.0,Active
S002630,C02163,P04,2024-10-26,,Monthly,399.0,Active
S002631,C02164,P03,2024-11-04,2025-08-06,Monthly,149.0,Cancelled
S002632,C02165,P02,2025-05-15,,Monthly,79.0,Active
S002633,C02166,P02,2025-01-07,,Monthly,79.0,Active
S002634,C02166,P03,2025-10-09,,Annual,149.0,Active
S002635,C02167,P01,2025-08-23,,Monthly,29.0,Active
S002636,C02168,P01,2025-02-17,,Monthly,29.0,Active
S002637,C02168,P01,2025-09-25,,Monthly,29.0,Active
S002638,C02169,P03,2024-02-01,,Monthly,149.0,Active
S002639,C02169,P02,2025-01-31,,Annual,79.0,Active
S002640,C02169,P03,2025-05-20,,Monthly,149.0,Active
S002641,C02170,P04,2024-02-13,,Monthly,399.0,Active
S002642,C02170,P03,2024-12-18,,Monthly,149.0,Active
S002643,C02171,P03,2025-08-04,,Monthly,149.0,Active
S002644,C02172,P03,2024-08-26,,Monthly,149.0,Active
S002645,C02172,P02,2024-12-28,,Monthly,79.0,Active
S002646,C02172,P03,2025-06-03,,Monthly,149.0,Active
S002647,C02173,P01,2025-11-04,,Annual,29.0,Active
S002648,C02174,P01,2024-03-05,2024-07-18,Annual,29.0,Cancelled
S002649,C02175,P03,2025-08-29,,Monthly,149.0,Active
S002650,C02176,P01,2024-07-10,,Monthly,29.0,Active
S002651,C02177,P01,2025-01-27,,Monthly,29.0,Active
S002652,C02178,P02,2024-07-02,,Monthly,79.0,Active
S002653,C02179,P01,2024-09-10,,Monthly,29.0,Active
S002654,C02180,P04,2024-08-04,,Monthly,399.0,Active
S002655,C02181,P02,2025-04-02,,Monthly,79.0,Active
S002656,C02182,P03,2025-02-06,,Monthly,149.0,Active
S002657,C02183,P03,2025-01-23,2025-04-19,Monthly,149.0,Cancelled
S002658,C02184,P02,2024-05-13,,Monthly,79.0,Active
S002659,C02184,P03,2025-01-21,,Annual,149.0,Active
S002660,C02185,P02,2024-02-17,,Monthly,79.0,Active
S002661,C02186,P02,2024-03-19,,Annual,79.0,Active
S002662,C02187,P04,2025-04-12,,Monthly,399.0,Active
S002663,C02188,P02,2025-04-10,,Monthly,79.0,Active
S002664,C02189,P03,2025-07-16,,Annual,149.0,Active
S002665,C02190,P02,2024-12-23,,Annual,79.0,Active
S002666,C02191,P04,2025-05-28,,Annual,399.0,Active
S002667,C02192,P01,2024-06-20,2025-06-21,Annual,29.0,Cancelled
S002668,C02193,P04,2024-01-06,,Monthly,399.0,Active
S002669,C02193,P04,2025-01-03,,Monthly,399.0,Active
S002670,C02194,P03,2025-01-26,,Monthly,149.0,Active
S002671,C02195,P01,2025-01-16,,Monthly,29.0,Active
S002672,C02196,P01,2024-09-24,2025-09-08,Monthly,29.0,Cancelled
S002673,C02197,P02,2025-03-13,,Monthly,79.0,Active
S002674,C02198,P02,2025-10-08,,Monthly,79.0,Active
S002675,C02199,P01,2024-09-21,,Monthly,29.0,Active
S002676,C02200,P03,2025-08-27,,Annual,149.0,Active
S002677,C02201,P04,2024-02-29,,Monthly,399.0,Active
S002678,C02202,P01,2025-04-02,,Monthly,29.0,Active
S002679,C02203,P02,2024-10-05,2025-01-15,Monthly,79.0,Cancelled
S002680,C02204,P01,2025-04-02,,Monthly,29.0,Active
S002681,C02205,P04,2025-02-01,,Monthly,399.0,Active
S002682,C02206,P04,2024-07-04,,Annual,399.0,Active
S002683,C02207,P02,2025-10-20,,Monthly,79.0,Active
S002684,C02208,P02,2024-06-02,,Monthly,79.0,Active
S002685,C02209,P02,2025-11-29,,Annual,79.0,Active
S002686,C02210,P01,2025-04-20,,Monthly,29.0,Active
S002687,C02211,P01,2025-08-07,,Monthly,29.0,Active
S002688,C02212,P02,2024-02-28,,Monthly,79.0,Active
S002689,C02213,P02,2025-11-19,,Annual,79.0,Active
S002690,C02214,P03,2024-03-28,,Monthly,149.0,Active
S002691,C02215,P04,2024-07-21,,Monthly,399.0,Active
S002692,C02215,P04,2025-02-05,,Monthly,399.0,Active
S002693,C02215,P04,2025-11-27,,Monthly,399.0,Active
S002694,C02216,P02,2024-09-19,2024-11-30,Monthly,79.0,Cancelled
S002695,C02217,P01,2024-04-07,2025-06-30,Monthly,29.0,Cancelled
S002696,C02218,P03,2025-02-03,,Monthly,149.0,Active
S002697,C02219,P01,2024-12-10,,Monthly,29.0,Active
S002698,C02220,P01,2025-06-08,,Monthly,29.0,Active
S002699,C02221,P02,2024-01-17,,Monthly,79.0,Active
S002700,C02221,P01,2025-10-15,,Monthly,29.0,Active
S002701,C02221,P01,2025-12-31,,Annual,29.0,Active
S002702,C02222,P03,2025-02-11,,Annual,149.0,Active
S002703,C02223,P01,2025-02-14,2025-10-26,Monthly,29.0,Cancelled
S002704,C02224,P01,2024-11-17,,Monthly,29.0,Active
S002705,C02225,P02,2025-03-25,,Monthly,79.0,Active
S002706,C02226,P03,2024-11-29,,Annual,149.0,Active
S002707,C02227,P03,2025-08-17,,Monthly,149.0,Active
S002708,C02228,P03,2024-08-24,,Monthly,149.0,Active
S002709,C02229,P02,2025-07-29,2025-12-24,Monthly,79.0,Cancelled
S002710,C02230,P02,2024-12-21,,Annual,79.0,Active
S002711,C02231,P03,2025-02-10,,Annual,149.0,Active
S002712,C02232,P02,2024-03-19,,Monthly,79.0,Active
S002713,C02232,P03,2025-03-09,,Monthly,149.0,Active
S002714,C02233,P02,2025-04-13,,Annual,79.0,Active
S002715,C02234,P02,2024-04-30,,Monthly,79.0,Active
S002716,C02235,P02,2025-03-02,,Annual,79.0,Active
S002717,C02236,P03,2025-05-20,,Annual,149.0,Active
S002718,C02237,P02,2024-02-07,,Monthly,79.0,Active
S002719,C02238,P03,2024-08-01,,Monthly,149.0,Active
S002720,C02239,P03,2024-12-27,,Annual,149.0,Active
S002721,C02240,P01,2024-12-12,,Annual,29.0,Active
S002722,C02241,P01,2025-07-12,,Monthly,29.0,Active
S002723,C02242,P03,2024-08-19,2025-10-25,Annual,149.0,Cancelled
S002724,C02243,P03,2024-06-21,,Monthly,149.0,Active
S002725,C02244,P02,2025-09-29,,Monthly,79.0,Active
S002726,C02245,P01,2024-05-22,,Monthly,29.0,Active
S002727,C02246,P02,2024-01-14,,Monthly,79.0,Active
S002728,C02246,P01,2025-04-24,,Monthly,29.0,Active
S002729,C02247,P01,2024-02-09,,Monthly,29.0,Active
S002730,C02248,P01,2025-08-25,,Annual,29.0,Active
S002731,C02249,P04,2025-07-15,,Monthly,399.0,Active
S002732,C02250,P03,2025-03-12,2025-07-11,Monthly,149.0,Cancelled
S002733,C02251,P01,2025-08-23,,Annual,29.0,Active
S002734,C02252,P01,2025-06-07,2025-10-01,Monthly,29.0,Cancelled
S002735,C02253,P01,2025-04-10,,Monthly,29.0,Active
S002736,C02254,P02,2024-08-21,,Monthly,79.0,Active
S002737,C02255,P01,2024-08-03,,Monthly,29.0,Active
S002738,C02256,P02,2025-01-25,,Monthly,79.0,Active
S002739,C02257,P02,2025-02-02,,Annual,79.0,Active
S002740,C02258,P01,2024-01-10,2025-02-21,Monthly,29.0,Cancelled
S002741,C02259,P02,2024-10-22,,Monthly,79.0,Active
S002742,C02260,P02,2024-05-25,,Monthly,79.0,Active
S002743,C02261,P01,2024-11-29,,Annual,29.0,Active
S002744,C02262,P03,2024-05-12,,Monthly,149.0,Active
S002745,C02263,P01,2025-06-25,,Monthly,29.0,Active
S002746,C02263,P02,2025-11-27,,Monthly,79.0,Active
S002747,C02264,P01,2024-02-26,,Annual,29.0,Active
S002748,C02265,P01,2024-04-10,2025-08-21,Monthly,29.0,Cancelled
S002749,C02266,P03,2025-05-30,,Monthly,149.0,Active
S002750,C02267,P03,2024-10-27,,Monthly,149.0,Active
S002751,C02268,P03,2024-01-17,,Annual,149.0,Active
S002752,C02269,P04,2025-01-25,,Monthly,399.0,Active
S002753,C02269,P04,2025-11-27,,Monthly,399.0,Active
S002754,C02270,P03,2025-11-10,,Monthly,149.0,Active
S002755,C02271,P01,2025-05-14,2025-10-12,Monthly,29.0,Cancelled
S002756,C02272,P02,2024-08-09,,Monthly,79.0,Active
S002757,C02273,P03,2025-08-26,,Annual,149.0,Active
S002758,C02274,P01,2025-03-24,2025-06-09,Annual,29.0,Cancelled
S002759,C02275,P01,2025-10-04,,Annual,29.0,Active
S002760,C02276,P01,2025-01-14,,Monthly,29.0,Active
S002761,C02277,P03,2024-02-14,,Monthly,149.0,Active
S002762,C02278,P04,2025-07-02,,Monthly,399.0,Active
S002763,C02278,P03,2025-11-13,,Monthly,149.0,Active
S002764,C02279,P01,2024-09-27,,Monthly,29.0,Active
S002765,C02279,P02,2025-11-01,,Monthly,79.0,Active
S002766,C02279,P03,2025-12-31,,Annual,149.0,Active
S002767,C02280,P03,2025-09-01,,Monthly,149.0,Active
S002768,C02281,P03,2024-08-15,,Annual,149.0,Active
S002769,C02282,P03,2025-05-24,,Annual,149.0,Active
S002770,C02282,P02,2025-10-12,,Monthly,79.0,Active
S002771,C02283,P02,2024-06-27,2025-10-06,Monthly,79.0,Cancelled
S002772,C02284,P02,2024-12-19,,Monthly,79.0,Active
S002773,C02285,P02,2024-05-24,,Annual,79.0,Active
S002774,C02286,P02,2024-03-09,,Annual,79.0,Active
S002775,C02287,P02,2025-06-10,2025-09-11,Monthly,79.0,Cancelled
S002776,C02288,P01,2025-05-30,,Annual,29.0,Active
S002777,C02289,P03,2025-02-22,2025-11-28,Annual,149.0,Cancelled
S002778,C02290,P02,2024-03-30,,Monthly,79.0,Active
S002779,C02291,P02,2025-04-06,,Annual,79.0,Active
S002780,C02292,P02,2025-10-24,,Monthly,79.0,Active
S002781,C02293,P02,2025-10-20,,Annual,79.0,Active
S002782,C02294,P04,2025-04-09,,Monthly,399.0,Active
S002783,C02295,P01,2024-03-23,2025-08-22,Monthly,29.0,Cancelled
S002784,C02295,P02,2025-08-22,2025-10-03,Annual,79.0,Cancelled
S002785,C02296,P02,2024-10-13,2025-08-10,Monthly,79.0,Cancelled
S002786,C02297,P04,2024-07-05,,Monthly,399.0,Active
S002787,C02298,P02,2024-07-18,,Monthly,79.0,Active
S002788,C02299,P02,2024-08-14,,Monthly,79.0,Active
S002789,C02299,P01,2024-12-12,,Monthly,29.0,Active
S002790,C02300,P03,2024-09-08,,Monthly,149.0,Active
S002791,C02301,P03,2025-02-23,2025-05-26,Monthly,149.0,Cancelled
S002792,C02302,P01,2025-02-19,,Monthly,29.0,Active
S002793,C02302,P02,2025-08-31,,Monthly,79.0,Active
S002794,C02303,P03,2024-08-31,,Monthly,149.0,Active
S002795,C02304,P01,2025-05-14,,Annual,29.0,Active
S002796,C02305,P02,2024-05-20,,Annual,79.0,Active
S002797,C02306,P03,2025-02-13,,Monthly,149.0,Active
S002798,C02307,P01,2024-02-19,,Monthly,29.0,Active
S002799,C02307,P02,2025-03-01,,Monthly,79.0,Active
S002800,C02308,P01,2024-10-25,,Annual,29.0,Active
S002801,C02309,P01,2025-07-13,,Annual,29.0,Active
S002802,C02310,P01,2024-04-25,,Monthly,29.0,Active
S002803,C02310,P02,2025-01-28,,Monthly,79.0,Active
S002804,C02311,P01,2025-08-05,2025-10-26,Monthly,29.0,Cancelled
S002805,C02312,P02,2025-05-12,,Monthly,79.0,Active
S002806,C02312,P03,2025-12-13,,Monthly,149.0,Active
S002807,C02313,P02,2025-07-03,2025-11-10,Monthly,79.0,Cancelled
S002808,C02314,P01,2024-10-30,2025-04-22,Monthly,29.0,Cancelled
S002809,C02315,P02,2024-06-12,,Annual,79.0,Active
S002810,C02316,P03,2024-09-04,,Monthly,149.0,Active
S002811,C02317,P04,2025-03-22,,Monthly,399.0,Active
S002812,C02318,P03,2025-02-19,,Monthly,149.0,Active
S002813,C02319,P02,2025-09-04,,Monthly,79.0,Active
S002814,C02320,P02,2025-07-02,,Monthly,79.0,Active
S002815,C02321,P01,2024-06-24,,Monthly,29.0,Active
S002816,C02322,P02,2024-11-02,,Monthly,79.0,Active
S002817,C02322,P03,2025-11-30,,Monthly,149.0,Active
S002818,C02322,P02,2025-12-31,,Annual,79.0,Active
S002819,C02323,P01,2025-07-05,,Monthly,29.0,Active
S002820,C02324,P02,2024-09-14,,Annual,79.0,Active
S002821,C02325,P03,2024-01-28,,Monthly,149.0,Active
S002822,C02326,P01,2025-08-14,,Monthly,29.0,Active
S002823,C02327,P01,2024-05-14,,Monthly,29.0,Active
S002824,C02328,P02,2024-03-01,,Annual,79.0,Active
S002825,C02329,P01,2025-11-24,,Annual,29.0,Active
S002826,C02330,P02,2025-06-26,,Annual,79.0,Active
S002827,C02331,P03,2024-11-18,,Monthly,149.0,Active
S002828,C02332,P01,2024-03-05,,Monthly,29.0,Active
S002829,C02333,P03,2024-12-31,,Monthly,149.0,Active
S002830,C02334,P02,2024-05-12,,Monthly,79.0,Active
S002831,C02335,P03,2025-02-22,,Monthly,149.0,Active
S002832,C02336,P02,2024-09-27,,Monthly,79.0,Active
S002833,C02337,P03,2025-06-18,,Annual,149.0,Active
S002834,C02338,P02,2025-08-19,,Monthly,79.0,Active
S002835,C02339,P03,2024-09-17,,Monthly,149.0,Active
S002836,C02340,P01,2024-07-02,2025-06-24,Monthly,29.0,Cancelled
S002837,C02341,P02,2025-06-02,,Annual,79.0,Active
S002838,C02342,P01,2025-03-21,,Annual,29.0,Active
S002839,C02343,P02,2025-05-26,,Annual,79.0,Active
S002840,C02344,P02,2024-06-29,,Monthly,79.0,Active
S002841,C02344,P03,2025-02-10,,Monthly,149.0,Active
S002842,C02345,P02,2024-08-31,,Annual,79.0,Active
S002843,C02346,P03,2025-02-21,,Annual,149.0,Active
S002844,C02346,P04,2025-07-19,,Monthly,399.0,Active
S002845,C02347,P01,2025-05-13,,Annual,29.0,Active
S002846,C02347,P02,2025-12-02,,Monthly,79.0,Active
S002847,C02348,P01,2024-10-16,,Annual,29.0,Active
S002848,C02348,P02,2025-10-05,,Monthly,79.0,Active
S002849,C02348,P01,2025-12-31,,Monthly,29.0,Active
S002850,C02349,P03,2024-09-18,,Monthly,149.0,Active
S002851,C02350,P04,2024-11-15,,Monthly,399.0,Active
S002852,C02351,P02,2025-04-08,2025-10-13,Monthly,79.0,Cancelled
S002853,C02352,P01,2025-04-24,,Monthly,29.0,Active
S002854,C02353,P01,2024-08-29,,Monthly,29.0,Active
S002855,C02353,P01,2025-08-27,,Annual,29.0,Active
S002856,C02354,P03,2024-04-23,,Monthly,149.0,Active
S002857,C02355,P03,2024-07-25,,Monthly,149.0,Active
S002858,C02356,P01,2024-08-12,,Monthly,29.0,Active
S002859,C02357,P01,2025-10-31,,Monthly,29.0,Active
S002860,C02358,P02,2024-11-03,,Monthly,79.0,Active
S002861,C02359,P02,2024-11-12,,Monthly,79.0,Active
S002862,C02360,P01,2024-08-02,,Monthly,29.0,Active
S002863,C02361,P01,2024-12-31,2025-08-01,Monthly,29.0,Cancelled
S002864,C02361,P02,2025-08-01,2025-09-30,Monthly,79.0,Cancelled
S002865,C02362,P02,2024-04-21,,Annual,79.0,Active
S002866,C02363,P03,2024-05-29,,Monthly,149.0,Active
S002867,C02364,P04,2024-11-14,,Monthly,399.0,Active
S002868,C02365,P01,2025-09-22,,Monthly,29.0,Active
S002869,C02366,P01,2025-06-26,,Monthly,29.0,Active
S002870,C02367,P03,2025-04-08,,Monthly,149.0,Active
S002871,C02368,P02,2024-03-15,2025-10-15,Annual,79.0,Cancelled
S002872,C02369,P02,2025-02-14,,Annual,79.0,Active
S002873,C02370,P01,2024-05-12,,Annual,29.0,Active
S002874,C02371,P01,2025-08-10,,Monthly,29.0,Active
S002875,C02372,P04,2024-03-02,,Monthly,399.0,Active
S002876,C02372,P04,2025-01-15,,Monthly,399.0,Active
S002877,C02373,P03,2024-07-20,,Monthly,149.0,Active
S002878,C02373,P02,2025-06-06,,Annual,79.0,Active
S002879,C02374,P02,2024-07-09,,Monthly,79.0,Active
S002880,C02374,P03,2024-11-11,,Monthly,149.0,Active
S002881,C02375,P04,2025-10-26,,Monthly,399.0,Active
S002882,C02376,P04,2025-03-25,,Monthly,399.0,Active
S002883,C02377,P02,2024-06-25,,Monthly,79.0,Active
S002884,C02378,P02,2025-01-01,,Monthly,79.0,Active
S002885,C02379,P02,2024-06-06,,Annual,79.0,Active
S002886,C02380,P01,2024-11-28,,Monthly,29.0,Active
S002887,C02381,P02,2024-05-20,2025-03-16,Monthly,79.0,Cancelled
S002888,C02382,P01,2024-11-14,,Annual,29.0,Active
S002889,C02383,P01,2025-01-22,,Monthly,29.0,Active
S002890,C02383,P02,2025-09-26,,Annual,79.0,Active
S002891,C02384,P03,2025-05-28,2025-08-29,Monthly,149.0,Cancelled
S002892,C02385,P02,2025-07-24,,Monthly,79.0,Active
S002893,C02386,P03,2025-06-16,,Annual,149.0,Active
S002894,C02387,P02,2025-10-07,,Annual,79.0,Active
S002895,C02388,P03,2024-09-19,,Monthly,149.0,Active
S002896,C02389,P03,2024-06-10,,Monthly,149.0,Active
S002897,C02390,P03,2024-06-04,,Annual,149.0,Active
S002898,C02391,P04,2024-03-02,,Annual,399.0,Active
S002899,C02392,P02,2024-06-25,,Monthly,79.0,Active
S002900,C02393,P02,2024-07-13,2025-07-26,Annual,79.0,Cancelled
S002901,C02394,P03,2025-01-02,,Annual,149.0,Active
S002902,C02394,P04,2025-12-12,,Monthly,399.0,Active
S002903,C02395,P02,2025-05-13,2025-11-16,Monthly,79.0,Cancelled
S002904,C02396,P02,2025-08-12,,Monthly,79.0,Active
S002905,C02397,P02,2025-10-19,,Annual,79.0,Active
S002906,C02398,P02,2024-01-21,,Monthly,79.0,Active
S002907,C02399,P02,2025-05-25,,Monthly,79.0,Active
S002908,C02399,P01,2025-11-13,,Monthly,29.0,Active
S002909,C02400,P02,2025-05-30,,Monthly,79.0,Active
S002910,C02401,P03,2025-11-22,,Monthly,149.0,Active
S002911,C02402,P01,2025-02-03,,Monthly,29.0,Active
S002912,C02403,P01,2025-09-03,,Monthly,29.0,Active
S002913,C02404,P02,2024-06-06,,Annual,79.0,Active
S002914,C02405,P01,2025-02-21,,Monthly,29.0,Active
S002915,C02405,P02,2025-07-03,,Monthly,79.0,Active
S002916,C02406,P01,2024-09-02,,Monthly,29.0,Active
S002917,C02406,P01,2025-12-20,,Annual,29.0,Active
S002918,C02407,P01,2024-08-01,2025-11-01,Monthly,29.0,Cancelled
S002919,C02408,P02,2025-11-24,,Monthly,79.0,Active
S002920,C02409,P03,2025-05-13,,Annual,149.0,Active
S002921,C02410,P02,2025-08-15,,Monthly,79.0,Active
S002922,C02411,P03,2024-01-21,,Annual,149.0,Active
S002923,C02412,P01,2025-04-04,2025-12-22,Annual,29.0,Cancelled
S002924,C02413,P02,2024-06-17,,Monthly,79.0,Active
S002925,C02414,P02,2024-04-20,,Annual,79.0,Active
S002926,C02415,P01,2024-01-13,,Monthly,29.0,Active
S002927,C02416,P04,2025-04-25,,Monthly,399.0,Active
S002928,C02417,P01,2025-04-17,,Monthly,29.0,Active
S002929,C02418,P02,2024-08-06,2025-07-26,Monthly,79.0,Cancelled
S002930,C02419,P03,2024-01-16,2024-07-23,Monthly,149.0,Cancelled
S002931,C02420,P03,2024-08-01,,Monthly,149.0,Active
S002932,C02421,P01,2025-01-14,,Monthly,29.0,Active
S002933,C02421,P02,2025-04-30,,Annual,79.0,Active
S002934,C02422,P03,2025-11-03,,Monthly,149.0,Active
S002935,C02423,P02,2025-03-11,,Annual,79.0,Active
S002936,C02424,P02,2024-09-21,,Monthly,79.0,Active
S002937,C02425,P02,2024-09-20,,Annual,79.0,Active
S002938,C02425,P03,2024-12-21,,Monthly,149.0,Active
S002939,C02425,P02,2025-12-13,,Monthly,79.0,Active
S002940,C02426,P03,2024-09-29,,Monthly,149.0,Active
S002941,C02426,P04,2025-06-25,,Monthly,399.0,Active
S002942,C02426,P04,2025-12-01,,Annual,399.0,Active
S002943,C02427,P02,2025-10-08,,Monthly,79.0,Active
S002944,C02428,P03,2025-03-05,,Monthly,149.0,Active
S002945,C02428,P02,2025-12-28,,Monthly,79.0,Active
S002946,C02429,P02,2025-03-17,,Monthly,79.0,Active
S002947,C02430,P01,2024-06-08,2025-12-08,Monthly,29.0,Cancelled
S002948,C02431,P02,2024-11-04,,Monthly,79.0,Active
S002949,C02432,P03,2024-03-28,,Annual,149.0,Active
S002950,C02432,P04,2025-06-18,,Annual,399.0,Active
S002951,C02433,P03,2025-04-12,,Monthly,149.0,Active
S002952,C02433,P04,2025-10-04,,Monthly,399.0,Active
S002953,C02434,P03,2025-01-01,2025-12-09,Monthly,149.0,Cancelled
S002954,C02435,P03,2024-12-12,2025-08-19,Monthly,149.0,Cancelled
S002955,C02436,P02,2024-10-27,,Monthly,79.0,Active
S002956,C02437,P03,2025-02-23,,Annual,149.0,Active
S002957,C02438,P02,2025-08-20,,Annual,79.0,Active
S002958,C02439,P01,2024-11-28,,Monthly,29.0,Active
S002959,C02439,P02,2025-11-03,,Monthly,79.0,Active
S002960,C02440,P03,2025-02-21,2025-11-24,Monthly,149.0,Cancelled
S002961,C02441,P01,2025-02-01,,Annual,29.0,Active
S002962,C02442,P03,2024-01-14,,Monthly,149.0,Active
S002963,C02443,P01,2024-07-02,2024-12-02,Monthly,29.0,Cancelled
S002964,C02444,P03,2024-06-17,2025-02-23,Monthly,149.0,Cancelled
S002965,C02445,P02,2025-11-25,,Monthly,79.0,Active
S002966,C02446,P01,2025-02-06,,Annual,29.0,Active
S002967,C02447,P04,2024-11-19,,Monthly,399.0,Active
S002968,C02448,P02,2024-08-26,,Monthly,79.0,Active
S002969,C02449,P02,2024-03-06,,Monthly,79.0,Active
S002970,C02450,P02,2025-01-16,,Monthly,79.0,Active
S002971,C02451,P03,2025-07-01,,Monthly,149.0,Active
S002972,C02451,P04,2025-10-25,,Monthly,399.0,Active
S002973,C02452,P01,2024-12-26,,Monthly,29.0,Active
S002974,C02453,P01,2024-08-28,,Monthly,29.0,Active
S002975,C02453,P01,2025-05-17,,Monthly,29.0,Active
S002976,C02454,P02,2024-10-08,,Monthly,79.0,Active
S002977,C02454,P01,2025-05-13,,Monthly,29.0,Active
S002978,C02454,P02,2025-11-29,,Monthly,79.0,Active
S002979,C02455,P02,2024-05-19,,Monthly,79.0,Active
S002980,C02455,P03,2025-03-27,,Monthly,149.0,Active
S002981,C02455,P02,2025-11-21,,Monthly,79.0,Active
S002982,C02456,P02,2024-10-17,,Monthly,79.0,Active
S002983,C02457,P01,2025-04-27,2025-09-07,Annual,29.0,Cancelled
S002984,C02458,P01,2025-01-13,,Monthly,29.0,Active
S002985,C02459,P01,2024-08-27,,Annual,29.0,Active
S002986,C02459,P02,2025-07-10,,Monthly,79.0,Active
S002987,C02459,P01,2025-12-28,,Monthly,29.0,Active
S002988,C02460,P02,2025-08-27,2025-12-07,Monthly,79.0,Cancelled
S002989,C02461,P01,2024-09-15,,Monthly,29.0,Active
S002990,C02462,P02,2025-11-13,,Monthly,79.0,Active
S002991,C02463,P01,2024-04-07,,Monthly,29.0,Active
S002992,C02464,P01,2025-06-05,,Monthly,29.0,Active
S002993,C02465,P02,2025-07-11,,Annual,79.0,Active
S002994,C02466,P02,2024-09-13,,Monthly,79.0,Active
S002995,C02466,P03,2025-03-25,,Monthly,149.0,Active
S002996,C02467,P02,2024-06-28,,Monthly,79.0,Active
S002997,C02468,P04,2025-03-28,,Annual,399.0,Active
S002998,C02468,P03,2025-07-16,,Monthly,149.0,Active
S002999,C02469,P01,2024-07-26,,Monthly,29.0,Active
S003000,C02470,P02,2025-09-16,,Monthly,79.0,Active
S003001,C02471,P03,2025-09-16,,Monthly,149.0,Active
S003002,C02472,P03,2024-04-11,2025-03-13,Monthly,149.0,Cancelled
S003003,C02473,P02,2025-06-28,,Monthly,79.0,Active
S003004,C02473,P01,2025-10-15,,Monthly,29.0,Active
S003005,C02474,P03,2024-12-14,,Annual,149.0,Active
S003006,C02475,P02,2024-05-21,,Monthly,79.0,Active
S003007,C02475,P03,2025-12-21,,Monthly,149.0,Active
S003008,C02476,P03,2024-07-11,2025-04-06,Monthly,149.0,Cancelled
S003009,C02476,P02,2025-04-06,2025-04-07,Monthly,79.0,Cancelled
S003010,C02477,P02,2024-04-06,,Monthly,79.0,Active
S003011,C02478,P02,2024-09-10,,Annual,79.0,Active
S003012,C02478,P01,2025-03-04,,Monthly,29.0,Active
S003013,C02479,P02,2025-09-07,2025-11-20,Monthly,79.0,Cancelled
S003014,C02480,P03,2025-10-11,,Monthly,149.0,Active
S003015,C02481,P01,2024-01-09,,Monthly,29.0,Active
S003016,C02481,P01,2024-07-21,,Monthly,29.0,Active
S003017,C02482,P02,2025-02-08,,Monthly,79.0,Active
S003018,C02483,P02,2024-04-05,,Monthly,79.0,Active
S003019,C02483,P03,2024-07-12,,Monthly,149.0,Active
S003020,C02484,P02,2024-08-18,2025-04-08,Annual,79.0,Cancelled
S003021,C02485,P01,2025-05-01,,Monthly,29.0,Active
S003022,C02486,P01,2024-09-15,2025-04-07,Monthly,29.0,Cancelled
S003023,C02487,P02,2025-05-11,,Annual,79.0,Active
S003024,C02488,P01,2024-05-11,,Annual,29.0,Active
S003025,C02489,P01,2024-10-03,,Monthly,29.0,Active
S003026,C02490,P02,2024-12-31,,Annual,79.0,Active
S003027,C02490,P03,2025-08-14,,Annual,149.0,Active
S003028,C02491,P04,2025-01-08,,Monthly,399.0,Active
S003029,C02492,P02,2024-06-16,,Monthly,79.0,Active
S003030,C02492,P01,2025-05-30,,Monthly,29.0,Active
S003031,C02493,P01,2024-12-10,,Monthly,29.0,Active
S003032,C02494,P04,2024-01-23,,Annual,399.0,Active
S003033,C02495,P02,2025-01-09,,Annual,79.0,Active
S003034,C02495,P03,2025-12-20,,Annual,149.0,Active
S003035,C02496,P03,2024-08-13,2025-06-29,Monthly,149.0,Cancelled
S003036,C02497,P03,2024-09-05,,Monthly,149.0,Active
S003037,C02497,P02,2025-07-24,,Monthly,79.0,Active
S003038,C02498,P02,2024-03-12,,Monthly,79.0,Active
S003039,C02498,P01,2025-07-21,,Monthly,29.0,Active
S003040,C02499,P02,2024-09-20,,Annual,79.0,Active
S003041,C02500,P01,2025-02-06,,Annual,29.0,Active
S003042,C02501,P01,2024-01-23,2024-11-11,Annual,29.0,Cancelled
S003043,C02502,P02,2024-09-24,,Monthly,79.0,Active
S003044,C02503,P04,2024-04-16,,Annual,399.0,Active
S003045,C02504,P04,2025-02-15,,Monthly,399.0,Active
S003046,C02504,P04,2025-10-19,,Monthly,399.0,Active
S003047,C02505,P03,2024-10-02,,Monthly,149.0,Active
S003048,C02506,P01,2025-09-23,,Monthly,29.0,Active
S003049,C02507,P01,2025-01-19,2025-03-24,Monthly,29.0,Cancelled
S003050,C02508,P04,2024-11-21,,Monthly,399.0,Active
S003051,C02509,P02,2024-07-01,2024-12-22,Monthly,79.0,Cancelled
S003052,C02510,P01,2025-07-19,,Monthly,29.0,Active
S003053,C02511,P02,2024-04-20,,Monthly,79.0,Active
S003054,C02512,P02,2024-03-23,,Monthly,79.0,Active
S003055,C02512,P03,2024-11-29,,Monthly,149.0,Active
S003056,C02513,P01,2024-03-29,,Monthly,29.0,Active
S003057,C02514,P02,2024-01-10,,Annual,79.0,Active
S003058,C02515,P03,2025-06-14,,Monthly,149.0,Active
S003059,C02516,P01,2024-05-17,,Monthly,29.0,Active
S003060,C02517,P01,2025-03-09,,Annual,29.0,Active
S003061,C02518,P04,2025-05-12,,Monthly,399.0,Active
S003062,C02518,P04,2025-10-12,,Monthly,399.0,Active
S003063,C02519,P01,2025-03-30,,Monthly,29.0,Active
S003064,C02520,P03,2025-05-15,,Annual,149.0,Active
S003065,C02521,P01,2024-02-25,2025-08-06,Monthly,29.0,Cancelled
S003066,C02522,P01,2025-03-03,,Monthly,29.0,Active
S003067,C02523,P03,2025-11-30,,Monthly,149.0,Active
S003068,C02524,P01,2024-07-29,,Annual,29.0,Active
S003069,C02525,P03,2024-08-25,,Monthly,149.0,Active
S003070,C02525,P04,2025-01-11,,Annual,399.0,Active
S003071,C02526,P01,2025-05-29,,Monthly,29.0,Active
S003072,C02527,P01,2025-06-05,,Monthly,29.0,Active
S003073,C02528,P03,2024-01-09,2024-12-12,Monthly,149.0,Cancelled
S003074,C02529,P01,2024-05-31,,Monthly,29.0,Active
S003075,C02530,P02,2025-07-06,,Monthly,79.0,Active
S003076,C02531,P02,2025-06-06,,Monthly,79.0,Active
S003077,C02531,P03,2025-12-03,,Monthly,149.0,Active
S003078,C02532,P01,2024-10-03,,Monthly,29.0,Active
S003079,C02532,P02,2025-01-14,,Monthly,79.0,Active
S003080,C02532,P03,2025-09-07,,Monthly,149.0,Active
S003081,C02533,P03,2025-10-25,,Monthly,149.0,Active
S003082,C02534,P02,2025-08-07,,Monthly,79.0,Active
S003083,C02535,P02,2024-02-03,,Monthly,79.0,Active
S003084,C02536,P01,2025-01-17,,Monthly,29.0,Active
S003085,C02537,P03,2024-08-26,,Annual,149.0,Active
S003086,C02538,P03,2025-11-27,,Monthly,149.0,Active
S003087,C02539,P02,2024-04-20,,Annual,79.0,Active
S003088,C02539,P01,2025-01-19,,Monthly,29.0,Active
S003089,C02540,P02,2024-07-04,,Monthly,79.0,Active
S003090,C02541,P01,2024-10-01,2025-07-07,Monthly,29.0,Cancelled
S003091,C02542,P04,2024-11-05,,Monthly,399.0,Active
S003092,C02543,P02,2024-01-11,,Monthly,79.0,Active
S003093,C02544,P04,2025-08-31,,Monthly,399.0,Active
S003094,C02545,P01,2024-05-29,2025-03-23,Monthly,29.0,Cancelled
S003095,C02546,P03,2024-10-09,,Annual,149.0,Active
S003096,C02546,P04,2025-02-20,,Annual,399.0,Active
S003097,C02547,P02,2024-03-21,,Annual,79.0,Active
S003098,C02547,P01,2025-04-22,,Annual,29.0,Active
S003099,C02548,P02,2025-03-18,,Monthly,79.0,Active
S003100,C02549,P02,2024-09-18,,Monthly,79.0,Active
S003101,C02550,P02,2024-03-31,,Monthly,79.0,Active
S003102,C02550,P01,2025-05-02,,Monthly,29.0,Active
S003103,C02551,P03,2025-02-20,,Monthly,149.0,Active
S003104,C02552,P03,2025-02-21,,Monthly,149.0,Active
S003105,C02553,P01,2024-08-03,,Monthly,29.0,Active
S003106,C02554,P01,2025-04-13,2025-10-04,Monthly,29.0,Cancelled
S003107,C02555,P01,2025-06-08,,Monthly,29.0,Active
S003108,C02556,P02,2024-02-18,,Monthly,79.0,Active
S003109,C02556,P01,2025-12-05,,Annual,29.0,Active
S003110,C02557,P03,2024-10-13,,Monthly,149.0,Active
S003111,C02558,P03,2025-04-02,,Monthly,149.0,Active
S003112,C02559,P02,2024-04-17,2025-11-16,Monthly,79.0,Cancelled
S003113,C02560,P02,2024-12-11,,Monthly,79.0,Active
S003114,C02561,P02,2025-02-04,,Annual,79.0,Active
S003115,C02562,P02,2024-10-11,,Monthly,79.0,Active
S003116,C02562,P01,2025-11-01,,Monthly,29.0,Active
S003117,C02562,P02,2025-12-31,,Monthly,79.0,Active
S003118,C02563,P04,2025-08-22,,Annual,399.0,Active
S003119,C02564,P01,2025-06-13,,Monthly,29.0,Active
S003120,C02565,P01,2025-07-30,,Monthly,29.0,Active
S003121,C02566,P01,2024-08-10,,Monthly,29.0,Active
S003122,C02566,P01,2025-09-04,,Monthly,29.0,Active
S003123,C02566,P02,2025-12-18,,Monthly,79.0,Active
S003124,C02567,P02,2025-10-07,,Annual,79.0,Active
S003125,C02568,P04,2024-09-22,2024-12-30,Monthly,399.0,Cancelled
S003126,C02569,P03,2025-08-01,,Monthly,149.0,Active
S003127,C02570,P01,2024-08-13,,Monthly,29.0,Active
S003128,C02571,P02,2024-10-14,,Annual,79.0,Active
S003129,C02571,P03,2025-06-06,,Monthly,149.0,Active
S003130,C02572,P02,2024-11-28,,Annual,79.0,Active
S003131,C02573,P03,2024-11-05,,Monthly,149.0,Active
S003132,C02574,P02,2025-08-28,2025-12-26,Monthly,79.0,Cancelled
S003133,C02575,P03,2024-04-07,,Monthly,149.0,Active
S003134,C02576,P03,2024-11-23,,Monthly,149.0,Active
S003135,C02577,P02,2024-10-19,,Monthly,79.0,Active
S003136,C02578,P02,2024-03-25,,Monthly,79.0,Active
S003137,C02579,P01,2025-03-01,,Monthly,29.0,Active
S003138,C02580,P01,2025-11-19,,Monthly,29.0,Active
S003139,C02581,P02,2025-02-18,2025-10-04,Annual,79.0,Cancelled
S003140,C02581,P01,2025-10-04,2025-12-20,Monthly,29.0,Cancelled
S003141,C02582,P02,2025-01-09,,Monthly,79.0,Active
S003142,C02582,P03,2025-05-27,,Monthly,149.0,Active
S003143,C02583,P02,2025-11-09,,Monthly,79.0,Active
S003144,C02584,P01,2025-11-20,,Monthly,29.0,Active
S003145,C02585,P04,2024-08-26,2025-01-10,Monthly,399.0,Cancelled
S003146,C02586,P01,2025-08-04,,Monthly,29.0,Active
S003147,C02587,P02,2024-03-29,,Monthly,79.0,Active
S003148,C02588,P02,2025-03-17,2025-09-18,Monthly,79.0,Cancelled
S003149,C02589,P02,2025-01-15,,Monthly,79.0,Active
S003150,C02590,P01,2024-08-21,,Monthly,29.0,Active
S003151,C02591,P03,2025-10-24,,Monthly,149.0,Active
S003152,C02592,P04,2025-11-29,,Monthly,399.0,Active
S003153,C02593,P04,2025-01-30,,Annual,399.0,Active
S003154,C02594,P01,2024-10-11,,Annual,29.0,Active
S003155,C02595,P03,2025-06-06,2025-10-15,Monthly,149.0,Cancelled
S003156,C02596,P02,2024-05-23,,Monthly,79.0,Active
S003157,C02597,P02,2025-05-25,,Monthly,79.0,Active
S003158,C02597,P03,2025-12-22,,Annual,149.0,Active
S003159,C02598,P04,2024-08-21,,Monthly,399.0,Active
S003160,C02598,P03,2025-10-05,,Monthly,149.0,Active
S003161,C02599,P02,2025-04-09,,Monthly,79.0,Active
S003162,C02600,P02,2025-11-22,,Monthly,79.0,Active
S003163,C02601,P01,2025-10-24,,Monthly,29.0,Active
S003164,C02602,P02,2024-06-07,,Monthly,79.0,Active
S003165,C02603,P01,2024-04-05,,Monthly,29.0,Active
S003166,C02604,P01,2024-10-14,,Annual,29.0,Active
S003167,C02605,P01,2025-06-07,2025-12-07,Monthly,29.0,Cancelled
S003168,C02606,P03,2025-07-21,2025-10-18,Monthly,149.0,Cancelled
S003169,C02607,P04,2025-10-12,2025-12-27,Monthly,399.0,Cancelled
S003170,C02608,P02,2024-10-03,,Monthly,79.0,Active
S003171,C02609,P03,2024-01-17,,Annual,149.0,Active
S003172,C02610,P03,2024-02-21,,Monthly,149.0,Active
S003173,C02611,P04,2024-09-26,,Annual,399.0,Active
S003174,C02611,P04,2025-11-15,,Monthly,399.0,Active
S003175,C02611,P03,2025-12-31,,Monthly,149.0,Active
S003176,C02612,P01,2024-11-26,,Monthly,29.0,Active
S003177,C02613,P03,2025-09-19,,Monthly,149.0,Active
S003178,C02614,P02,2025-07-06,,Annual,79.0,Active
S003179,C02615,P04,2024-12-08,,Annual,399.0,Active
S003180,C02615,P04,2025-06-22,,Annual,399.0,Active
S003181,C02616,P01,2024-07-27,,Monthly,29.0,Active
S003182,C02617,P01,2024-01-26,,Monthly,29.0,Active
S003183,C02618,P03,2025-04-12,,Monthly,149.0,Active
S003184,C02619,P01,2025-08-08,,Monthly,29.0,Active
S003185,C02620,P02,2025-02-09,,Monthly,79.0,Active
S003186,C02621,P01,2025-10-22,,Annual,29.0,Active
S003187,C02622,P01,2025-07-05,2025-10-03,Monthly,29.0,Cancelled
S003188,C02623,P04,2024-04-21,,Monthly,399.0,Active
S003189,C02624,P02,2025-04-18,,Monthly,79.0,Active
S003190,C02625,P02,2025-03-25,,Annual,79.0,Active
S003191,C02626,P04,2025-04-13,2025-09-29,Annual,399.0,Cancelled
S003192,C02627,P01,2024-11-26,,Monthly,29.0,Active
S003193,C02628,P01,2025-10-05,,Annual,29.0,Active
S003194,C02629,P03,2025-09-28,,Monthly,149.0,Active
S003195,C02630,P02,2024-04-10,2024-10-09,Monthly,79.0,Cancelled
S003196,C02630,P03,2024-10-09,2025-08-17,Annual,149.0,Cancelled
S003197,C02631,P01,2024-01-26,,Annual,29.0,Active
S003198,C02632,P01,2024-11-19,,Annual,29.0,Active
S003199,C02633,P01,2025-02-09,,Annual,29.0,Active
S003200,C02634,P03,2025-03-22,,Monthly,149.0,Active
S003201,C02635,P01,2024-11-16,,Monthly,29.0,Active
S003202,C02636,P03,2025-07-17,,Monthly,149.0,Active
S003203,C02637,P02,2024-11-27,,Monthly,79.0,Active
S003204,C02638,P02,2024-12-23,,Monthly,79.0,Active
S003205,C02639,P02,2024-12-18,,Monthly,79.0,Active
S003206,C02639,P03,2025-05-31,,Monthly,149.0,Active
S003207,C02640,P01,2025-03-10,,Annual,29.0,Active
S003208,C02641,P01,2025-07-06,,Annual,29.0,Active
S003209,C02642,P02,2025-05-04,,Annual,79.0,Active
S003210,C02643,P01,2024-01-15,,Annual,29.0,Active
S003211,C02644,P01,2025-11-26,,Monthly,29.0,Active
S003212,C02645,P02,2025-06-17,,Annual,79.0,Active
S003213,C02646,P02,2025-06-17,,Monthly,79.0,Active
S003214,C02647,P04,2024-09-23,,Monthly,399.0,Active
S003215,C02648,P01,2025-02-02,,Annual,29.0,Active
S003216,C02649,P02,2024-10-28,,Annual,79.0,Active
S003217,C02650,P01,2024-04-23,,Monthly,29.0,Active
S003218,C02651,P01,2024-04-12,,Monthly,29.0,Active
S003219,C02652,P02,2025-08-24,,Monthly,79.0,Active
S003220,C02653,P01,2025-10-13,,Monthly,29.0,Active
S003221,C02654,P01,2024-10-25,,Monthly,29.0,Active
S003222,C02655,P01,2025-07-25,,Annual,29.0,Active
S003223,C02656,P02,2024-09-27,,Monthly,79.0,Active
S003224,C02657,P01,2025-01-24,2025-12-07,Monthly,29.0,Cancelled
S003225,C02658,P01,2025-01-24,,Monthly,29.0,Active
S003226,C02658,P01,2025-12-10,,Monthly,29.0,Active
S003227,C02659,P02,2024-02-17,,Monthly,79.0,Active
S003228,C02660,P03,2024-11-23,,Monthly,149.0,Active
S003229,C02661,P01,2024-11-08,,Monthly,29.0,Active
S003230,C02661,P02,2025-11-17,,Annual,79.0,Active
S003231,C02661,P03,2025-12-31,,Monthly,149.0,Active
S003232,C02662,P02,2025-09-20,,Annual,79.0,Active
S003233,C02663,P02,2024-06-15,,Monthly,79.0,Active
S003234,C02664,P01,2024-02-07,,Annual,29.0,Active
S003235,C02664,P02,2024-05-18,,Annual,79.0,Active
S003236,C02665,P02,2025-08-19,2025-11-03,Monthly,79.0,Cancelled
S003237,C02666,P02,2024-01-14,,Monthly,79.0,Active
S003238,C02666,P03,2025-12-30,,Annual,149.0,Active
S003239,C02666,P04,2025-12-31,,Monthly,399.0,Active
S003240,C02667,P01,2024-09-02,,Monthly,29.0,Active
S003241,C02667,P01,2025-03-26,,Monthly,29.0,Active
S003242,C02668,P01,2024-12-07,,Monthly,29.0,Active
S003243,C02669,P03,2024-12-10,,Monthly,149.0,Active
S003244,C02670,P01,2024-05-12,,Monthly,29.0,Active
S003245,C02671,P01,2024-12-19,,Monthly,29.0,Active
S003246,C02672,P01,2025-07-11,,Monthly,29.0,Active
S003247,C02673,P02,2024-10-28,,Monthly,79.0,Active
S003248,C02674,P01,2025-03-30,,Monthly,29.0,Active
S003249,C02675,P02,2025-03-29,,Monthly,79.0,Active
S003250,C02676,P03,2024-04-16,,Annual,149.0,Active
S003251,C02677,P02,2024-07-02,,Monthly,79.0,Active
S003252,C02677,P03,2024-11-03,,Monthly,149.0,Active
S003253,C02677,P04,2025-07-24,,Monthly,399.0,Active
S003254,C02678,P02,2025-07-28,2025-09-28,Monthly,79.0,Cancelled
S003255,C02679,P01,2025-07-04,,Monthly,29.0,Active
S003256,C02680,P01,2024-12-20,,Monthly,29.0,Active
S003257,C02681,P03,2025-02-12,,Annual,149.0,Active
S003258,C02682,P03,2025-04-17,,Monthly,149.0,Active
S003259,C02683,P04,2025-06-25,,Monthly,399.0,Active
S003260,C02684,P01,2024-01-04,,Annual,29.0,Active
S003261,C02685,P03,2024-08-21,,Monthly,149.0,Active
S003262,C02686,P04,2024-02-24,,Monthly,399.0,Active
S003263,C02687,P01,2024-09-22,,Monthly,29.0,Active
S003264,C02688,P02,2024-11-02,,Monthly,79.0,Active
S003265,C02688,P01,2025-03-28,,Annual,29.0,Active
S003266,C02689,P02,2024-05-30,,Monthly,79.0,Active
S003267,C02690,P01,2025-09-05,,Monthly,29.0,Active
S003268,C02691,P03,2025-08-05,,Monthly,149.0,Active
S003269,C02692,P01,2025-05-10,,Monthly,29.0,Active
S003270,C02693,P01,2024-05-31,,Monthly,29.0,Active
S003271,C02694,P01,2024-04-14,,Monthly,29.0,Active
S003272,C02694,P02,2025-10-29,,Annual,79.0,Active
S003273,C02695,P01,2024-08-13,,Annual,29.0,Active
S003274,C02696,P03,2025-02-17,,Monthly,149.0,Active
S003275,C02697,P01,2024-02-05,,Annual,29.0,Active
S003276,C02697,P02,2025-06-29,,Monthly,79.0,Active
S003277,C02697,P03,2025-12-14,,Monthly,149.0,Active
S003278,C02698,P02,2024-06-14,,Monthly,79.0,Active
S003279,C02699,P03,2024-02-24,,Monthly,149.0,Active
S003280,C02700,P03,2025-09-10,,Annual,149.0,Active
S003281,C02701,P03,2024-01-13,,Monthly,149.0,Active
S003282,C02702,P04,2025-08-13,,Monthly,399.0,Active
S003283,C02703,P01,2024-04-20,2024-07-30,Monthly,29.0,Cancelled
S003284,C02703,P02,2024-07-30,2025-06-02,Monthly,79.0,Cancelled
S003285,C02703,P03,2025-06-02,2025-06-10,Monthly,149.0,Cancelled
S003286,C02704,P02,2025-07-13,,Monthly,79.0,Active
S003287,C02705,P02,2025-07-24,,Monthly,79.0,Active
S003288,C02706,P03,2025-09-09,2025-11-26,Monthly,149.0,Cancelled
S003289,C02707,P04,2024-06-02,,Annual,399.0,Active
S003290,C02708,P03,2024-06-11,,Monthly,149.0,Active
S003291,C02709,P02,2025-06-25,,Monthly,79.0,Active
S003292,C02710,P01,2025-01-04,,Annual,29.0,Active
S003293,C02711,P01,2024-09-15,,Annual,29.0,Active
S003294,C02712,P03,2025-10-10,,Monthly,149.0,Active
S003295,C02713,P02,2025-03-13,,Monthly,79.0,Active
S003296,C02714,P02,2024-10-30,,Monthly,79.0,Active
S003297,C02715,P02,2025-10-05,,Annual,79.0,Active
S003298,C02716,P03,2024-07-13,,Monthly,149.0,Active
S003299,C02716,P04,2025-03-05,,Monthly,399.0,Active
S003300,C02717,P03,2025-03-31,,Annual,149.0,Active
S003301,C02718,P03,2024-12-10,,Annual,149.0,Active
S003302,C02718,P04,2025-07-22,,Annual,399.0,Active
S003303,C02719,P04,2025-09-06,,Monthly,399.0,Active
S003304,C02720,P01,2024-12-12,2025-06-01,Monthly,29.0,Cancelled
S003305,C02720,P01,2025-06-01,2025-07-15,Annual,29.0,Cancelled
S003306,C02721,P01,2025-04-27,,Annual,29.0,Active
S003307,C02722,P01,2024-08-18,2024-11-04,Annual,29.0,Cancelled
S003308,C02723,P02,2024-03-27,,Monthly,79.0,Active
S003309,C02724,P04,2024-01-31,,Monthly,399.0,Active
S003310,C02725,P02,2025-07-03,,Monthly,79.0,Active
S003311,C02726,P03,2024-06-25,,Monthly,149.0,Active
S003312,C02727,P01,2024-05-31,,Monthly,29.0,Active
S003313,C02728,P02,2024-05-12,,Monthly,79.0,Active
S003314,C02728,P03,2024-11-25,,Annual,149.0,Active
S003315,C02729,P04,2024-08-27,,Monthly,399.0,Active
S003316,C02729,P04,2025-05-29,,Annual,399.0,Active
S003317,C02730,P02,2025-04-16,,Monthly,79.0,Active
S003318,C02730,P01,2025-08-20,,Monthly,29.0,Active
S003319,C02731,P01,2024-08-03,,Monthly,29.0,Active
S003320,C02732,P04,2025-03-30,,Monthly,399.0,Active
S003321,C02733,P03,2025-09-15,,Monthly,149.0,Active
S003322,C02734,P03,2025-08-19,,Monthly,149.0,Active
S003323,C02735,P01,2024-07-01,,Annual,29.0,Active
S003324,C02736,P01,2025-07-25,,Monthly,29.0,Active
S003325,C02737,P02,2025-05-26,,Monthly,79.0,Active
S003326,C02738,P01,2024-09-26,2025-04-19,Monthly,29.0,Cancelled
S003327,C02739,P02,2024-04-30,,Monthly,79.0,Active
S003328,C02739,P03,2025-05-30,,Monthly,149.0,Active
S003329,C02739,P04,2025-10-12,,Annual,399.0,Active
S003330,C02740,P01,2025-07-10,,Annual,29.0,Active
S003331,C02741,P03,2024-05-17,,Annual,149.0,Active
S003332,C02742,P02,2025-05-26,,Monthly,79.0,Active
S003333,C02742,P01,2025-09-18,,Annual,29.0,Active
S003334,C02743,P03,2024-06-17,,Monthly,149.0,Active
S003335,C02743,P02,2024-12-19,,Annual,79.0,Active
S003336,C02744,P02,2025-07-13,,Monthly,79.0,Active
S003337,C02745,P03,2025-04-14,,Monthly,149.0,Active
S003338,C02745,P02,2025-11-13,,Monthly,79.0,Active
S003339,C02746,P02,2025-01-04,2025-10-23,Monthly,79.0,Cancelled
S003340,C02747,P01,2024-05-19,2025-11-12,Monthly,29.0,Cancelled
S003341,C02748,P01,2025-06-22,,Monthly,29.0,Active
S003342,C02749,P02,2025-11-29,,Annual,79.0,Active
S003343,C02750,P02,2025-11-16,,Monthly,79.0,Active
S003344,C02751,P03,2024-12-17,,Monthly,149.0,Active
S003345,C02752,P02,2025-03-03,2025-09-22,Annual,79.0,Cancelled
S003346,C02753,P02,2025-12-01,,Monthly,79.0,Active
S003347,C02754,P03,2025-07-27,,Monthly,149.0,Active
S003348,C02755,P03,2025-03-19,,Monthly,149.0,Active
S003349,C02756,P03,2024-10-28,,Monthly,149.0,Active
S003350,C02757,P01,2025-04-10,,Monthly,29.0,Active
S003351,C02758,P02,2025-09-27,,Monthly,79.0,Active
S003352,C02759,P02,2025-07-25,,Monthly,79.0,Active
S003353,C02760,P03,2024-06-18,,Monthly,149.0,Active
S003354,C02761,P02,2025-08-28,,Monthly,79.0,Active
S003355,C02762,P02,2024-05-08,,Annual,79.0,Active
S003356,C02763,P02,2025-10-21,,Annual,79.0,Active
S003357,C02764,P02,2025-08-18,,Annual,79.0,Active
S003358,C02765,P01,2024-08-19,,Monthly,29.0,Active
S003359,C02766,P02,2024-12-23,,Monthly,79.0,Active
S003360,C02767,P03,2025-07-05,,Annual,149.0,Active
S003361,C02768,P04,2024-08-05,,Monthly,399.0,Active
S003362,C02769,P01,2024-12-17,2025-04-26,Monthly,29.0,Cancelled
S003363,C02770,P01,2025-03-30,,Monthly,29.0,Active
S003364,C02771,P01,2025-01-11,,Annual,29.0,Active
S003365,C02771,P02,2025-12-16,,Monthly,79.0,Active
S003366,C02772,P04,2024-08-07,,Monthly,399.0,Active
S003367,C02773,P03,2024-05-28,,Annual,149.0,Active
S003368,C02774,P01,2024-09-14,,Monthly,29.0,Active
S003369,C02775,P01,2025-08-20,,Monthly,29.0,Active
S003370,C02776,P03,2024-05-20,,Annual,149.0,Active
S003371,C02777,P03,2024-06-26,2024-11-09,Annual,149.0,Cancelled
S003372,C02778,P03,2025-11-08,,Monthly,149.0,Active
S003373,C02779,P01,2024-12-28,,Monthly,29.0,Active
S003374,C02780,P02,2025-06-08,,Annual,79.0,Active
S003375,C02781,P02,2025-06-25,,Annual,79.0,Active
S003376,C02782,P03,2024-03-29,2024-06-03,Monthly,149.0,Cancelled
S003377,C02783,P02,2025-10-03,,Monthly,79.0,Active
S003378,C02784,P03,2025-03-22,,Annual,149.0,Active
S003379,C02785,P03,2024-04-12,,Annual,149.0,Active
S003380,C02785,P02,2024-07-14,,Annual,79.0,Active
S003381,C02785,P03,2025-05-24,,Annual,149.0,Active
S003382,C02786,P01,2025-01-01,,Monthly,29.0,Active
S003383,C02787,P01,2024-12-30,2025-08-21,Monthly,29.0,Cancelled
S003384,C02787,P02,2025-08-21,2025-10-07,Monthly,79.0,Cancelled
S003385,C02788,P02,2024-05-05,,Monthly,79.0,Active
S003386,C02789,P03,2024-01-02,,Monthly,149.0,Active
S003387,C02790,P03,2024-12-05,,Monthly,149.0,Active
S003388,C02791,P01,2025-03-03,,Monthly,29.0,Active
S003389,C02791,P02,2025-07-22,,Annual,79.0,Active
S003390,C02792,P03,2025-08-31,,Monthly,149.0,Active
S003391,C02793,P02,2024-03-02,,Monthly,79.0,Active
S003392,C02794,P02,2025-03-22,,Monthly,79.0,Active
S003393,C02795,P03,2024-04-23,2024-07-22,Monthly,149.0,Cancelled
S003394,C02796,P02,2025-06-25,,Monthly,79.0,Active
S003395,C02797,P01,2025-09-02,,Annual,29.0,Active
S003396,C02798,P02,2024-09-21,,Monthly,79.0,Active
S003397,C02799,P02,2024-02-21,,Annual,79.0,Active
S003398,C02800,P02,2024-09-17,2025-07-22,Monthly,79.0,Cancelled
S003399,C02801,P01,2024-02-29,,Monthly,29.0,Active
S003400,C02802,P02,2024-09-13,,Annual,79.0,Active
S003401,C02802,P03,2025-11-21,,Monthly,149.0,Active
S003402,C02803,P03,2024-10-04,,Monthly,149.0,Active
S003403,C02803,P02,2025-04-08,,Monthly,79.0,Active
S003404,C02804,P01,2025-03-29,2025-06-13,Monthly,29.0,Cancelled
S003405,C02805,P03,2025-04-24,,Monthly,149.0,Active
S003406,C02806,P01,2025-04-13,,Monthly,29.0,Active
S003407,C02807,P01,2025-09-29,,Monthly,29.0,Active
S003408,C02808,P02,2025-08-23,,Monthly,79.0,Active
S003409,C02809,P02,2024-04-28,,Monthly,79.0,Active
S003410,C02810,P04,2025-02-05,,Monthly,399.0,Active
S003411,C02811,P02,2025-01-20,,Monthly,79.0,Active
S003412,C02812,P01,2025-03-22,,Monthly,29.0,Active
S003413,C02812,P01,2025-08-29,,Monthly,29.0,Active
S003414,C02813,P02,2024-10-06,,Monthly,79.0,Active
S003415,C02813,P03,2025-04-05,,Monthly,149.0,Active
S003416,C02814,P01,2024-03-22,,Monthly,29.0,Active
S003417,C02815,P01,2025-12-01,,Annual,29.0,Active
S003418,C02816,P01,2024-06-01,2025-11-18,Annual,29.0,Cancelled
S003419,C02817,P01,2024-07-30,,Monthly,29.0,Active
S003420,C02818,P02,2025-03-20,,Monthly,79.0,Active
S003421,C02819,P02,2025-08-26,,Annual,79.0,Active
S003422,C02820,P03,2025-02-02,,Monthly,149.0,Active
S003423,C02821,P02,2025-06-28,,Monthly,79.0,Active
S003424,C02821,P03,2025-10-09,,Monthly,149.0,Active
S003425,C02822,P01,2025-05-29,,Monthly,29.0,Active
S003426,C02823,P02,2024-07-03,,Annual,79.0,Active
S003427,C02823,P03,2025-08-24,,Monthly,149.0,Active
S003428,C02824,P03,2025-11-04,,Monthly,149.0,Active
S003429,C02825,P02,2024-05-20,,Monthly,79.0,Active
S003430,C02825,P03,2025-08-11,,Annual,149.0,Active
S003431,C02826,P02,2024-10-16,,Annual,79.0,Active
S003432,C02827,P01,2025-03-09,,Monthly,29.0,Active
S003433,C02828,P01,2025-04-15,2025-08-07,Monthly,29.0,Cancelled
S003434,C02829,P02,2024-06-08,2025-06-09,Monthly,79.0,Cancelled
S003435,C02830,P04,2025-08-05,,Annual,399.0,Active
S003436,C02831,P02,2024-09-23,,Monthly,79.0,Active
S003437,C02831,P01,2025-09-17,,Annual,29.0,Active
S003438,C02832,P02,2024-01-05,,Monthly,79.0,Active
S003439,C02832,P03,2024-04-19,,Monthly,149.0,Active
S003440,C02833,P03,2025-05-29,,Monthly,149.0,Active
S003441,C02834,P02,2025-09-19,,Monthly,79.0,Active
S003442,C02835,P03,2024-08-09,,Monthly,149.0,Active
S003443,C02835,P04,2025-06-19,,Monthly,399.0,Active
S003444,C02836,P02,2024-02-21,,Monthly,79.0,Active
S003445,C02837,P02,2024-02-13,2024-12-05,Annual,79.0,Cancelled
S003446,C02838,P02,2024-01-16,2025-06-18,Monthly,79.0,Cancelled
S003447,C02839,P02,2025-07-26,,Annual,79.0,Active
S003448,C02840,P02,2024-10-09,,Monthly,79.0,Active
S003449,C02841,P01,2025-09-05,,Monthly,29.0,Active
S003450,C02842,P02,2025-04-29,2025-09-21,Annual,79.0,Cancelled
S003451,C02843,P03,2024-02-27,,Monthly,149.0,Active
S003452,C02843,P04,2024-08-19,,Monthly,399.0,Active
S003453,C02844,P02,2025-10-17,,Annual,79.0,Active
S003454,C02845,P01,2024-10-19,,Monthly,29.0,Active
S003455,C02846,P02,2024-03-23,2024-12-17,Monthly,79.0,Cancelled
S003456,C02847,P01,2025-10-01,,Monthly,29.0,Active
S003457,C02848,P02,2024-12-03,,Monthly,79.0,Active
S003458,C02848,P03,2025-04-22,,Monthly,149.0,Active
S003459,C02849,P01,2025-11-23,,Monthly,29.0,Active
S003460,C02850,P04,2025-03-04,,Monthly,399.0,Active
S003461,C02850,P04,2025-08-22,,Monthly,399.0,Active
S003462,C02851,P01,2025-04-26,,Annual,29.0,Active
S003463,C02851,P02,2025-07-25,,Monthly,79.0,Active
S003464,C02852,P04,2025-02-19,,Monthly,399.0,Active
S003465,C02853,P01,2024-08-07,,Monthly,29.0,Active
S003466,C02853,P02,2025-08-04,,Monthly,79.0,Active
S003467,C02854,P02,2025-05-16,2025-08-23,Monthly,79.0,Cancelled
S003468,C02854,P03,2025-08-23,2025-11-13,Monthly,149.0,Cancelled
S003469,C02855,P02,2024-09-22,,Monthly,79.0,Active
S003470,C02856,P03,2024-07-25,,Monthly,149.0,Active
S003471,C02857,P01,2024-02-05,,Monthly,29.0,Active
S003472,C02858,P01,2024-02-29,,Monthly,29.0,Active
S003473,C02859,P02,2024-10-15,,Annual,79.0,Active
S003474,C02860,P01,2024-12-26,,Annual,29.0,Active
S003475,C02860,P02,2025-10-05,,Annual,79.0,Active
S003476,C02861,P01,2024-05-13,2024-11-03,Monthly,29.0,Cancelled
S003477,C02862,P01,2024-02-15,,Annual,29.0,Active
S003478,C02863,P01,2025-04-06,,Monthly,29.0,Active
S003479,C02863,P02,2025-08-17,,Monthly,79.0,Active
S003480,C02864,P01,2025-04-28,,Monthly,29.0,Active
S003481,C02864,P02,2025-12-02,,Monthly,79.0,Active
S003482,C02865,P01,2024-01-19,,Monthly,29.0,Active
S003483,C02866,P01,2025-01-27,,Annual,29.0,Active
S003484,C02867,P02,2025-01-11,,Annual,79.0,Active
S003485,C02868,P01,2025-06-30,2025-10-30,Annual,29.0,Cancelled
S003486,C02869,P04,2025-08-27,,Monthly,399.0,Active
S003487,C02870,P01,2024-05-26,,Monthly,29.0,Active
S003488,C02871,P04,2024-01-02,,Monthly,399.0,Active
S003489,C02872,P03,2024-03-02,2025-03-28,Monthly,149.0,Cancelled
S003490,C02873,P02,2025-05-07,,Annual,79.0,Active
S003491,C02874,P03,2024-09-25,,Monthly,149.0,Active
S003492,C02875,P02,2025-07-01,,Monthly,79.0,Active
S003493,C02875,P03,2025-10-26,,Monthly,149.0,Active
S003494,C02876,P03,2025-10-14,,Monthly,149.0,Active
S003495,C02877,P03,2024-03-16,,Monthly,149.0,Active
S003496,C02878,P02,2024-01-11,,Annual,79.0,Active
S003497,C02879,P03,2025-05-20,,Monthly,149.0,Active
S003498,C02880,P03,2024-06-28,2024-11-17,Monthly,149.0,Cancelled
S003499,C02880,P04,2024-11-17,2025-04-16,Monthly,399.0,Cancelled
S003500,C02881,P02,2025-06-14,,Annual,79.0,Active
S003501,C02882,P03,2025-11-11,,Monthly,149.0,Active
S003502,C02883,P01,2025-06-15,,Annual,29.0,Active
S003503,C02884,P03,2024-12-01,2025-10-22,Monthly,149.0,Cancelled
S003504,C02884,P04,2025-10-22,2025-11-14,Monthly,399.0,Cancelled
S003505,C02885,P03,2024-11-10,,Monthly,149.0,Active
S003506,C02886,P02,2024-02-11,,Monthly,79.0,Active
S003507,C02887,P03,2025-11-04,,Monthly,149.0,Active
S003508,C02888,P04,2025-08-20,,Monthly,399.0,Active
S003509,C02889,P04,2024-01-09,2024-05-11,Monthly,399.0,Cancelled
S003510,C02889,P04,2024-05-11,2025-01-24,Monthly,399.0,Cancelled
S003511,C02890,P01,2024-12-20,,Annual,29.0,Active
S003512,C02890,P01,2025-06-19,,Monthly,29.0,Active
S003513,C02891,P03,2025-10-11,,Monthly,149.0,Active
S003514,C02892,P03,2024-06-24,,Monthly,149.0,Active
S003515,C02893,P02,2024-11-20,,Monthly,79.0,Active
S003516,C02894,P02,2024-01-13,,Annual,79.0,Active
S003517,C02895,P02,2025-02-03,,Monthly,79.0,Active
S003518,C02896,P01,2025-03-26,,Monthly,29.0,Active
S003519,C02897,P04,2024-01-04,,Monthly,399.0,Active
S003520,C02898,P02,2024-06-03,,Monthly,79.0,Active
S003521,C02899,P03,2024-08-27,,Monthly,149.0,Active
S003522,C02899,P04,2025-07-16,,Monthly,399.0,Active
S003523,C02899,P04,2025-11-22,,Annual,399.0,Active
S003524,C02900,P02,2025-10-20,,Monthly,79.0,Active
S003525,C02901,P02,2025-09-11,,Annual,79.0,Active
S003526,C02902,P01,2024-04-07,,Monthly,29.0,Active
S003527,C02903,P01,2025-05-02,,Monthly,29.0,Active
S003528,C02904,P03,2024-03-17,,Annual,149.0,Active
S003529,C02905,P02,2024-04-02,2024-12-27,Monthly,79.0,Cancelled
S003530,C02905,P03,2024-12-27,2025-08-14,Monthly,149.0,Cancelled
S003531,C02905,P04,2025-08-14,2025-10-22,Monthly,399.0,Cancelled
S003532,C02906,P02,2024-06-30,,Monthly,79.0,Active
S003533,C02906,P03,2025-06-03,,Monthly,149.0,Active
S003534,C02907,P03,2025-10-12,,Annual,149.0,Active
S003535,C02908,P02,2024-08-19,,Annual,79.0,Active
S003536,C02908,P03,2025-11-02,,Annual,149.0,Active
S003537,C02909,P03,2024-04-19,,Annual,149.0,Active
S003538,C02909,P04,2024-11-18,,Monthly,399.0,Active
S003539,C02910,P03,2024-12-25,,Monthly,149.0,Active
S003540,C02910,P02,2025-11-04,,Monthly,79.0,Active
S003541,C02910,P01,2025-12-31,,Monthly,29.0,Active
S003542,C02911,P03,2024-01-10,,Annual,149.0,Active
S003543,C02911,P04,2025-02-09,,Annual,399.0,Active
S003544,C02912,P02,2024-04-02,,Annual,79.0,Active
S003545,C02913,P01,2024-02-09,,Monthly,29.0,Active
S003546,C02914,P01,2025-01-19,2025-06-04,Monthly,29.0,Cancelled
S003547,C02915,P02,2024-02-09,,Monthly,79.0,Active
S003548,C02916,P03,2025-08-29,,Monthly,149.0,Active
S003549,C02917,P03,2024-04-25,,Monthly,149.0,Active
S003550,C02917,P04,2025-09-14,,Monthly,399.0,Active
S003551,C02918,P03,2025-04-23,,Annual,149.0,Active
S003552,C02919,P03,2025-06-24,,Monthly,149.0,Active
S003553,C02920,P01,2024-05-25,,Annual,29.0,Active
S003554,C02921,P03,2025-07-13,,Monthly,149.0,Active
S003555,C02922,P04,2025-06-26,,Monthly,399.0,Active
S003556,C02922,P03,2025-10-15,,Monthly,149.0,Active
S003557,C02923,P01,2024-08-17,,Monthly,29.0,Active
S003558,C02924,P02,2025-09-09,,Annual,79.0,Active
S003559,C02925,P04,2025-11-20,,Monthly,399.0,Active
S003560,C02926,P02,2024-10-19,2025-07-27,Monthly,79.0,Cancelled
S003561,C02927,P02,2025-10-20,,Annual,79.0,Active
S003562,C02928,P01,2025-10-18,,Monthly,29.0,Active
S003563,C02929,P02,2025-07-10,,Annual,79.0,Active
S003564,C02930,P01,2024-08-24,,Monthly,29.0,Active
S003565,C02931,P03,2024-09-04,,Annual,149.0,Active
S003566,C02931,P04,2025-05-16,,Annual,399.0,Active
S003567,C02931,P03,2025-10-04,,Monthly,149.0,Active
S003568,C02932,P02,2024-09-30,,Monthly,79.0,Active
S003569,C02932,P03,2025-04-05,,Annual,149.0,Active
S003570,C02933,P02,2025-10-02,,Monthly,79.0,Active
S003571,C02934,P02,2024-12-18,,Monthly,79.0,Active
S003572,C02935,P04,2024-05-26,,Monthly,399.0,Active
S003573,C02935,P03,2025-08-24,,Monthly,149.0,Active
S003574,C02935,P02,2025-12-30,,Monthly,79.0,Active
S003575,C02936,P01,2024-10-17,,Monthly,29.0,Active
S003576,C02937,P02,2024-02-19,,Monthly,79.0,Active
S003577,C02938,P03,2024-11-05,,Monthly,149.0,Active
S003578,C02939,P03,2025-06-16,,Monthly,149.0,Active
S003579,C02940,P02,2025-07-29,,Monthly,79.0,Active
S003580,C02941,P02,2025-01-30,,Annual,79.0,Active
S003581,C02942,P01,2024-01-02,2024-05-16,Annual,29.0,Cancelled
S003582,C02942,P02,2024-05-16,2024-07-03,Monthly,79.0,Cancelled
S003583,C02943,P04,2024-11-19,,Monthly,399.0,Active
S003584,C02943,P03,2025-05-31,,Monthly,149.0,Active
S003585,C02943,P04,2025-11-17,,Monthly,399.0,Active
S003586,C02944,P02,2024-06-08,,Annual,79.0,Active
S003587,C02945,P01,2024-10-20,,Annual,29.0,Active
S003588,C02946,P01,2025-07-31,2025-11-30,Monthly,29.0,Cancelled
S003589,C02947,P02,2024-11-24,,Annual,79.0,Active
S003590,C02948,P02,2024-09-18,,Monthly,79.0,Active
S003591,C02948,P01,2025-02-21,,Monthly,29.0,Active
S003592,C02949,P01,2025-05-05,,Monthly,29.0,Active
S003593,C02949,P02,2025-09-11,,Monthly,79.0,Active
S003594,C02950,P02,2024-10-12,,Monthly,79.0,Active
S003595,C02951,P04,2025-02-21,,Monthly,399.0,Active
S003596,C02952,P02,2024-01-10,,Monthly,79.0,Active
S003597,C02953,P02,2025-06-06,,Annual,79.0,Active
S003598,C02954,P01,2025-06-24,2025-11-12,Monthly,29.0,Cancelled
S003599,C02955,P03,2025-07-24,2025-11-14,Monthly,149.0,Cancelled
S003600,C02956,P02,2024-11-15,,Monthly,79.0,Active
S003601,C02957,P02,2024-02-08,,Monthly,79.0,Active
S003602,C02957,P03,2024-11-02,,Annual,149.0,Active
S003603,C02958,P01,2025-03-15,,Annual,29.0,Active
S003604,C02959,P03,2025-07-05,,Monthly,149.0,Active
S003605,C02960,P01,2025-06-08,,Monthly,29.0,Active
S003606,C02960,P02,2025-11-01,,Monthly,79.0,Active
S003607,C02961,P03,2025-06-12,,Monthly,149.0,Active
S003608,C02961,P04,2025-10-07,,Monthly,399.0,Active
S003609,C02962,P01,2024-03-18,,Monthly,29.0,Active
S003610,C02963,P01,2025-01-21,2025-08-24,Annual,29.0,Cancelled
S003611,C02964,P02,2025-06-07,,Monthly,79.0,Active
S003612,C02965,P02,2025-11-15,,Monthly,79.0,Active
S003613,C02966,P01,2025-04-11,,Monthly,29.0,Active
S003614,C02966,P02,2025-12-30,,Monthly,79.0,Active
S003615,C02967,P03,2025-08-26,,Annual,149.0,Active
S003616,C02968,P03,2025-01-31,,Annual,149.0,Active
S003617,C02969,P02,2025-08-30,,Monthly,79.0,Active
S003618,C02970,P04,2024-07-04,,Monthly,399.0,Active
S003619,C02971,P01,2024-08-05,,Monthly,29.0,Active
S003620,C02971,P02,2025-05-17,,Monthly,79.0,Active
S003621,C02971,P03,2025-11-27,,Monthly,149.0,Active
S003622,C02972,P01,2025-02-07,,Monthly,29.0,Active
S003623,C02973,P03,2024-11-10,,Monthly,149.0,Active
S003624,C02974,P01,2024-03-15,,Monthly,29.0,Active
S003625,C02975,P02,2025-08-04,,Annual,79.0,Active
S003626,C02976,P01,2025-06-18,,Monthly,29.0,Active
S003627,C02977,P01,2024-04-01,,Monthly,29.0,Active
S003628,C02978,P03,2025-11-11,,Monthly,149.0,Active
S003629,C02979,P03,2024-07-26,,Monthly,149.0,Active
S003630,C02980,P03,2025-08-15,,Monthly,149.0,Active
S003631,C02981,P03,2024-05-21,,Monthly,149.0,Active
S003632,C02982,P02,2024-10-27,,Monthly,79.0,Active
S003633,C02983,P04,2024-08-29,,Monthly,399.0,Active
S003634,C02983,P03,2025-12-16,,Monthly,149.0,Active
S003635,C02984,P02,2025-02-16,,Monthly,79.0,Active
S003636,C02985,P03,2025-06-08,,Monthly,149.0,Active
S003637,C02986,P02,2024-07-21,,Monthly,79.0,Active
S003638,C02987,P02,2024-04-27,,Monthly,79.0,Active
S003639,C02988,P01,2024-05-21,,Monthly,29.0,Active
S003640,C02988,P01,2025-10-07,,Monthly,29.0,Active
S003641,C02989,P02,2025-03-13,,Monthly,79.0,Active
S003642,C02990,P01,2024-07-02,2024-10-18,Annual,29.0,Cancelled
S003643,C02991,P02,2025-04-29,,Monthly,79.0,Active
S003644,C02992,P03,2024-04-06,,Monthly,149.0,Active
S003645,C02993,P02,2025-01-09,,Annual,79.0,Active
S003646,C02994,P02,2024-02-12,,Monthly,79.0,Active
S003647,C02995,P01,2025-02-12,2025-07-08,Monthly,29.0,Cancelled
S003648,C02996,P01,2025-04-09,2025-06-17,Monthly,29.0,Cancelled
S003649,C02997,P02,2025-06-14,,Monthly,79.0,Active
S003650,C02998,P02,2024-11-27,,Monthly,79.0,Active
S003651,C02999,P02,2024-12-31,,Monthly,79.0,Active
S003652,C03000,P01,2025-01-30,2025-04-15,Annual,29.0,Cancelled
S003653,C03001,P01,2024-06-24,,Annual,29.0,Active
S003654,C03002,P02,2025-03-16,,Monthly,79.0,Active
S003655,C03002,P03,2025-09-05,,Monthly,149.0,Active
S003656,C03003,P02,2025-03-14,2025-06-14,Annual,79.0,Cancelled
S003657,C03004,P02,2024-02-05,,Monthly,79.0,Active
S003658,C03005,P03,2025-09-10,,Monthly,149.0,Active
S003659,C03006,P02,2024-09-19,,Annual,79.0,Active
S003660,C03007,P03,2025-06-16,,Monthly,149.0,Active
S003661,C03008,P03,2024-12-15,,Annual,149.0,Active
S003662,C03009,P03,2025-08-15,,Monthly,149.0,Active
S003663,C03010,P01,2024-05-13,,Monthly,29.0,Active
S003664,C03010,P01,2025-12-23,,Monthly,29.0,Active
S003665,C03011,P03,2024-12-15,,Monthly,149.0,Active
S003666,C03012,P02,2024-12-21,,Monthly,79.0,Active
S003667,C03013,P01,2025-05-09,,Annual,29.0,Active
S003668,C03014,P01,2024-05-07,,Monthly,29.0,Active
S003669,C03014,P01,2025-10-16,,Monthly,29.0,Active
S003670,C03015,P04,2025-04-25,,Annual,399.0,Active
S003671,C03016,P04,2025-03-26,,Monthly,399.0,Active
S003672,C03017,P03,2024-05-03,,Monthly,149.0,Active
S003673,C03018,P03,2024-04-12,,Monthly,149.0,Active
S003674,C03019,P03,2025-01-23,,Monthly,149.0,Active
S003675,C03020,P04,2024-02-21,,Monthly,399.0,Active
S003676,C03021,P01,2025-01-23,,Annual,29.0,Active
S003677,C03022,P01,2025-05-19,2025-08-17,Monthly,29.0,Cancelled
S003678,C03023,P01,2024-10-06,2025-02-09,Annual,29.0,Cancelled
S003679,C03024,P03,2025-11-17,,Annual,149.0,Active
S003680,C03025,P02,2024-10-04,,Monthly,79.0,Active
S003681,C03026,P01,2024-11-10,,Monthly,29.0,Active
S003682,C03027,P02,2024-06-03,,Annual,79.0,Active
S003683,C03027,P03,2024-12-28,,Monthly,149.0,Active
S003684,C03028,P01,2024-04-14,,Annual,29.0,Active
S003685,C03028,P02,2025-09-08,,Annual,79.0,Active
S003686,C03028,P01,2025-12-08,,Monthly,29.0,Active
S003687,C03029,P01,2024-11-27,,Annual,29.0,Active
S003688,C03030,P04,2025-08-28,,Annual,399.0,Active
S003689,C03031,P02,2025-10-11,,Monthly,79.0,Active
S003690,C03032,P03,2025-01-29,,Annual,149.0,Active
S003691,C03033,P03,2025-03-23,,Monthly,149.0,Active
S003692,C03034,P02,2025-01-19,2025-07-05,Monthly,79.0,Cancelled
S003693,C03035,P02,2025-06-21,,Annual,79.0,Active
S003694,C03036,P03,2025-10-13,2025-12-24,Monthly,149.0,Cancelled
S003695,C03037,P01,2024-09-12,,Monthly,29.0,Active
S003696,C03038,P04,2024-03-01,,Monthly,399.0,Active
S003697,C03039,P02,2024-02-02,,Annual,79.0,Active
S003698,C03039,P03,2024-12-10,,Annual,149.0,Active
S003699,C03039,P02,2025-08-18,,Monthly,79.0,Active
S003700,C03040,P02,2024-02-03,,Annual,79.0,Active
S003701,C03041,P02,2024-12-26,,Monthly,79.0,Active
S003702,C03041,P01,2025-04-16,,Monthly,29.0,Active
S003703,C03042,P01,2024-07-29,,Monthly,29.0,Active
S003704,C03043,P04,2025-08-11,,Monthly,399.0,Active
S003705,C03044,P01,2024-08-02,,Monthly,29.0,Active
S003706,C03045,P04,2024-06-30,2024-11-21,Annual,399.0,Cancelled
S003707,C03046,P01,2025-01-09,,Annual,29.0,Active
S003708,C03046,P02,2025-07-19,,Monthly,79.0,Active
S003709,C03047,P02,2024-11-13,2025-06-30,Annual,79.0,Cancelled
S003710,C03048,P02,2024-10-08,2025-02-02,Monthly,79.0,Cancelled
S003711,C03049,P01,2025-05-24,,Monthly,29.0,Active
S003712,C03050,P03,2024-02-27,2024-07-20,Annual,149.0,Cancelled
S003713,C03051,P04,2024-08-06,,Monthly,399.0,Active
S003714,C03052,P01,2025-11-20,,Annual,29.0,Active
S003715,C03053,P02,2024-08-28,,Monthly,79.0,Active
S003716,C03053,P03,2025-05-09,,Monthly,149.0,Active
S003717,C03054,P03,2024-08-25,,Monthly,149.0,Active
S003718,C03054,P04,2025-08-13,,Monthly,399.0,Active
S003719,C03054,P04,2025-12-01,,Monthly,399.0,Active
S003720,C03055,P01,2024-10-18,,Monthly,29.0,Active
S003721,C03056,P02,2024-11-30,,Monthly,79.0,Active
S003722,C03057,P01,2025-08-24,,Annual,29.0,Active
S003723,C03058,P02,2024-09-10,2024-12-03,Annual,79.0,Cancelled
S003724,C03059,P01,2024-09-15,,Annual,29.0,Active
S003725,C03060,P01,2024-09-04,2025-06-05,Monthly,29.0,Cancelled
S003726,C03061,P02,2025-11-29,,Annual,79.0,Active
S003727,C03062,P03,2024-01-23,,Monthly,149.0,Active
S003728,C03062,P02,2025-07-19,,Monthly,79.0,Active
S003729,C03062,P03,2025-11-03,,Monthly,149.0,Active
S003730,C03063,P03,2024-10-20,,Monthly,149.0,Active
S003731,C03063,P02,2025-12-16,,Monthly,79.0,Active
S003732,C03063,P01,2025-12-31,,Monthly,29.0,Active
S003733,C03064,P03,2024-04-15,,Annual,149.0,Active
S003734,C03065,P03,2025-09-12,,Monthly,149.0,Active
S003735,C03066,P03,2025-06-18,,Monthly,149.0,Active
S003736,C03067,P03,2025-09-26,,Monthly,149.0,Active
S003737,C03068,P01,2024-05-04,,Monthly,29.0,Active
S003738,C03069,P04,2024-04-04,2025-02-12,Monthly,399.0,Cancelled
S003739,C03070,P02,2024-02-11,2024-12-31,Monthly,79.0,Cancelled
S003740,C03070,P03,2024-12-31,2025-06-11,Annual,149.0,Cancelled
S003741,C03070,P04,2025-06-11,2025-09-11,Annual,399.0,Cancelled
S003742,C03071,P04,2025-03-05,,Monthly,399.0,Active
S003743,C03072,P01,2025-05-08,,Monthly,29.0,Active
S003744,C03073,P02,2025-02-14,,Monthly,79.0,Active
S003745,C03074,P02,2024-08-07,2024-11-18,Monthly,79.0,Cancelled
S003746,C03075,P01,2024-03-20,2024-09-13,Monthly,29.0,Cancelled
S003747,C03075,P02,2024-09-13,2024-09-24,Annual,79.0,Cancelled
S003748,C03076,P04,2024-08-24,,Annual,399.0,Active
S003749,C03077,P02,2025-07-26,,Monthly,79.0,Active
S003750,C03078,P03,2024-07-23,,Monthly,149.0,Active
S003751,C03079,P02,2025-03-31,,Monthly,79.0,Active
S003752,C03080,P03,2024-11-11,,Annual,149.0,Active
S003753,C03080,P02,2025-03-23,,Monthly,79.0,Active
S003754,C03081,P02,2024-01-28,,Monthly,79.0,Active
S003755,C03082,P01,2024-03-30,,Monthly,29.0,Active
S003756,C03083,P01,2025-02-16,,Annual,29.0,Active
S003757,C03083,P01,2025-12-06,,Monthly,29.0,Active
S003758,C03084,P03,2025-04-11,,Monthly,149.0,Active
S003759,C03085,P02,2024-01-19,,Annual,79.0,Active
S003760,C03086,P01,2024-02-28,,Annual,29.0,Active
S003761,C03086,P02,2025-12-07,,Monthly,79.0,Active
S003762,C03087,P03,2025-10-16,,Monthly,149.0,Active
S003763,C03088,P04,2024-08-27,,Monthly,399.0,Active
S003764,C03088,P03,2025-10-04,,Annual,149.0,Active
S003765,C03089,P04,2025-06-06,,Monthly,399.0,Active
S003766,C03090,P02,2024-10-06,,Annual,79.0,Active
S003767,C03091,P01,2024-09-09,,Annual,29.0,Active
S003768,C03092,P01,2024-04-16,,Monthly,29.0,Active
S003769,C03093,P01,2024-08-06,,Monthly,29.0,Active
S003770,C03094,P02,2025-06-09,2025-11-22,Monthly,79.0,Cancelled
S003771,C03095,P03,2024-07-23,,Monthly,149.0,Active
S003772,C03096,P01,2024-06-03,,Annual,29.0,Active
S003773,C03097,P02,2024-10-11,,Monthly,79.0,Active
S003774,C03098,P03,2024-04-14,,Monthly,149.0,Active
S003775,C03098,P04,2025-08-31,,Annual,399.0,Active
S003776,C03098,P04,2025-12-19,,Monthly,399.0,Active
S003777,C03099,P02,2024-02-03,,Monthly,79.0,Active
S003778,C03100,P01,2025-03-17,,Monthly,29.0,Active
S003779,C03101,P02,2025-05-06,,Monthly,79.0,Active
S003780,C03102,P04,2024-03-31,,Monthly,399.0,Active
S003781,C03103,P02,2025-04-21,2025-11-09,Monthly,79.0,Cancelled
S003782,C03104,P01,2024-02-27,2024-08-16,Monthly,29.0,Cancelled
S003783,C03104,P01,2024-08-16,2025-01-31,Monthly,29.0,Cancelled
S003784,C03105,P03,2025-05-25,2025-11-09,Annual,149.0,Cancelled
S003785,C03106,P01,2024-08-15,,Monthly,29.0,Active
S003786,C03107,P03,2024-05-26,,Monthly,149.0,Active
S003787,C03108,P03,2024-08-27,2025-11-13,Monthly,149.0,Cancelled
S003788,C03109,P02,2024-02-29,,Annual,79.0,Active
S003789,C03110,P04,2025-10-31,,Monthly,399.0,Active
S003790,C03111,P01,2025-08-09,2025-11-24,Monthly,29.0,Cancelled
S003791,C03112,P03,2025-02-21,,Monthly,149.0,Active
S003792,C03113,P02,2024-11-29,,Monthly,79.0,Active
S003793,C03114,P04,2024-05-12,,Monthly,399.0,Active
S003794,C03115,P03,2025-05-08,,Annual,149.0,Active
S003795,C03116,P01,2025-02-18,,Monthly,29.0,Active
S003796,C03117,P01,2025-08-05,,Monthly,29.0,Active
S003797,C03118,P04,2024-12-30,,Annual,399.0,Active
S003798,C03119,P03,2024-11-07,,Monthly,149.0,Active
S003799,C03120,P01,2024-12-06,,Annual,29.0,Active
S003800,C03121,P01,2024-06-10,,Monthly,29.0,Active
S003801,C03121,P01,2024-12-05,,Monthly,29.0,Active
S003802,C03122,P01,2024-08-06,,Annual,29.0,Active
S003803,C03123,P04,2024-07-05,,Annual,399.0,Active
S003804,C03123,P04,2025-01-13,,Monthly,399.0,Active
S003805,C03124,P02,2024-12-22,,Monthly,79.0,Active
S003806,C03124,P03,2025-11-07,,Annual,149.0,Active
S003807,C03125,P01,2025-02-05,2025-10-12,Monthly,29.0,Cancelled
S003808,C03125,P02,2025-10-12,2025-12-08,Monthly,79.0,Cancelled
S003809,C03126,P04,2025-04-11,,Monthly,399.0,Active
S003810,C03127,P01,2025-09-13,,Annual,29.0,Active
S003811,C03128,P01,2024-02-27,,Monthly,29.0,Active
S003812,C03128,P01,2024-06-30,,Monthly,29.0,Active
S003813,C03129,P03,2025-03-26,,Annual,149.0,Active
S003814,C03130,P02,2024-11-17,,Monthly,79.0,Active
S003815,C03130,P01,2025-05-05,,Monthly,29.0,Active
S003816,C03131,P02,2025-08-01,,Monthly,79.0,Active
S003817,C03132,P02,2024-02-23,,Monthly,79.0,Active
S003818,C03133,P03,2025-07-22,2025-12-23,Annual,149.0,Cancelled
S003819,C03134,P03,2024-03-12,,Monthly,149.0,Active
S003820,C03135,P03,2024-11-10,,Monthly,149.0,Active
S003821,C03135,P04,2025-09-20,,Annual,399.0,Active
S003822,C03136,P04,2025-02-24,,Monthly,399.0,Active
S003823,C03137,P03,2024-02-09,,Monthly,149.0,Active
S003824,C03137,P02,2025-12-26,,Monthly,79.0,Active
S003825,C03138,P01,2025-05-11,2025-11-15,Monthly,29.0,Cancelled
S003826,C03139,P04,2024-11-14,,Monthly,399.0,Active
S003827,C03140,P01,2025-05-01,,Annual,29.0,Active
S003828,C03141,P02,2024-08-11,,Monthly,79.0,Active
S003829,C03142,P02,2024-11-14,,Monthly,79.0,Active
S003830,C03143,P02,2024-04-10,,Monthly,79.0,Active
S003831,C03144,P02,2025-10-13,2025-12-28,Annual,79.0,Cancelled
S003832,C03145,P04,2025-03-25,,Monthly,399.0,Active
S003833,C03146,P02,2025-02-09,,Monthly,79.0,Active
S003834,C03147,P01,2024-08-01,,Monthly,29.0,Active
S003835,C03147,P01,2025-05-27,,Monthly,29.0,Active
S003836,C03148,P01,2025-08-11,,Monthly,29.0,Active
S003837,C03149,P01,2025-01-15,,Annual,29.0,Active
S003838,C03149,P01,2025-11-11,,Monthly,29.0,Active
S003839,C03150,P01,2024-08-16,2025-12-27,Monthly,29.0,Cancelled
S003840,C03151,P02,2025-09-12,,Monthly,79.0,Active
S003841,C03152,P02,2025-01-21,,Monthly,79.0,Active
S003842,C03153,P04,2025-04-30,,Annual,399.0,Active
S003843,C03154,P03,2025-06-21,2025-12-10,Monthly,149.0,Cancelled
S003844,C03155,P01,2024-06-18,,Monthly,29.0,Active
S003845,C03155,P02,2025-02-06,,Monthly,79.0,Active
S003846,C03156,P02,2025-02-07,,Monthly,79.0,Active
S003847,C03157,P03,2024-12-09,,Monthly,149.0,Active
S003848,C03157,P04,2025-08-23,,Annual,399.0,Active
S003849,C03157,P03,2025-12-11,,Monthly,149.0,Active
S003850,C03158,P01,2024-09-28,,Monthly,29.0,Active
S003851,C03159,P01,2025-05-08,2025-08-11,Monthly,29.0,Cancelled
S003852,C03160,P02,2024-07-12,,Monthly,79.0,Active
S003853,C03160,P01,2025-04-29,,Annual,29.0,Active
S003854,C03161,P03,2025-11-02,,Monthly,149.0,Active
S003855,C03162,P03,2024-07-02,2025-06-09,Monthly,149.0,Cancelled
S003856,C03163,P01,2025-05-28,,Monthly,29.0,Active
S003857,C03164,P02,2025-08-04,,Annual,79.0,Active
S003858,C03165,P01,2025-01-14,,Monthly,29.0,Active
S003859,C03166,P03,2025-03-02,,Monthly,149.0,Active
S003860,C03167,P03,2025-08-25,,Monthly,149.0,Active
S003861,C03168,P01,2024-01-19,2024-12-22,Monthly,29.0,Cancelled
S003862,C03169,P01,2025-01-29,,Monthly,29.0,Active
S003863,C03170,P02,2024-10-05,,Monthly,79.0,Active
S003864,C03171,P01,2024-01-26,,Monthly,29.0,Active
S003865,C03172,P03,2024-09-10,,Monthly,149.0,Active
S003866,C03173,P02,2025-10-10,,Monthly,79.0,Active
S003867,C03174,P03,2024-01-01,,Monthly,149.0,Active
S003868,C03175,P03,2025-11-01,,Monthly,149.0,Active
S003869,C03176,P04,2024-12-16,2025-10-04,Monthly,399.0,Cancelled
S003870,C03177,P03,2024-01-14,,Monthly,149.0,Active
S003871,C03178,P01,2025-03-16,,Monthly,29.0,Active
S003872,C03179,P01,2024-04-09,2024-09-08,Monthly,29.0,Cancelled
S003873,C03180,P02,2024-01-23,,Annual,79.0,Active
S003874,C03180,P03,2024-11-07,,Monthly,149.0,Active
S003875,C03181,P02,2024-11-04,2025-04-07,Annual,79.0,Cancelled
S003876,C03182,P01,2024-04-16,,Monthly,29.0,Active
S003877,C03183,P02,2024-11-06,,Monthly,79.0,Active
S003878,C03183,P03,2025-03-21,,Annual,149.0,Active
S003879,C03184,P02,2024-10-13,,Monthly,79.0,Active
S003880,C03184,P03,2025-12-07,,Monthly,149.0,Active
S003881,C03184,P04,2025-12-31,,Monthly,399.0,Active
S003882,C03185,P01,2024-10-15,,Monthly,29.0,Active
S003883,C03186,P01,2024-12-31,,Monthly,29.0,Active
S003884,C03187,P01,2024-07-12,2025-03-05,Monthly,29.0,Cancelled
S003885,C03187,P02,2025-03-05,2025-06-28,Monthly,79.0,Cancelled
S003886,C03188,P03,2025-05-18,,Monthly,149.0,Active
S003887,C03189,P02,2025-02-16,,Monthly,79.0,Active
S003888,C03189,P03,2025-12-23,,Monthly,149.0,Active
S003889,C03190,P02,2025-04-27,,Annual,79.0,Active
S003890,C03191,P02,2024-03-21,,Monthly,79.0,Active
S003891,C03192,P04,2025-06-07,,Monthly,399.0,Active
S003892,C03193,P01,2025-02-22,,Monthly,29.0,Active
S003893,C03194,P03,2024-06-19,,Monthly,149.0,Active
S003894,C03195,P02,2024-04-09,,Annual,79.0,Active
S003895,C03196,P03,2025-05-18,,Monthly,149.0,Active
S003896,C03197,P02,2024-09-13,,Monthly,79.0,Active
S003897,C03198,P03,2024-02-22,,Annual,149.0,Active
S003898,C03199,P01,2025-10-15,,Annual,29.0,Active
S003899,C03200,P03,2024-09-15,,Monthly,149.0,Active
S003900,C03201,P04,2024-08-25,,Monthly,399.0,Active
S003901,C03201,P04,2025-02-06,,Monthly,399.0,Active
S003902,C03202,P02,2024-03-31,,Monthly,79.0,Active
S003903,C03203,P02,2024-12-27,,Annual,79.0,Active
S003904,C03204,P01,2024-05-15,2025-11-14,Monthly,29.0,Cancelled
S003905,C03205,P02,2025-01-02,,Monthly,79.0,Active
S003906,C03206,P03,2025-05-12,,Monthly,149.0,Active
S003907,C03207,P03,2024-08-30,,Monthly,149.0,Active
S003908,C03208,P02,2025-06-08,,Monthly,79.0,Active
S003909,C03209,P03,2024-10-21,,Monthly,149.0,Active
S003910,C03210,P03,2024-05-10,,Annual,149.0,Active
S003911,C03211,P03,2024-01-12,,Monthly,149.0,Active
S003912,C03211,P04,2025-09-29,,Monthly,399.0,Active
S003913,C03212,P01,2025-07-16,,Annual,29.0,Active
S003914,C03213,P03,2025-03-27,,Monthly,149.0,Active
S003915,C03214,P02,2024-04-28,,Monthly,79.0,Active
S003916,C03215,P04,2025-04-10,,Monthly,399.0,Active
S003917,C03216,P04,2025-07-13,,Annual,399.0,Active
S003918,C03217,P02,2025-01-11,,Monthly,79.0,Active
S003919,C03218,P01,2025-04-25,,Monthly,29.0,Active
S003920,C03218,P02,2025-11-05,,Monthly,79.0,Active
S003921,C03219,P02,2025-06-06,,Monthly,79.0,Active
S003922,C03220,P01,2024-03-23,,Monthly,29.0,Active
S003923,C03221,P03,2025-03-26,,Monthly,149.0,Active
S003924,C03222,P02,2025-08-10,,Annual,79.0,Active
S003925,C03223,P01,2024-11-29,,Monthly,29.0,Active
S003926,C03224,P02,2024-02-20,,Monthly,79.0,Active
S003927,C03225,P01,2024-09-14,,Monthly,29.0,Active
S003928,C03226,P01,2024-05-24,2024-11-10,Monthly,29.0,Cancelled
S003929,C03227,P03,2025-01-18,,Monthly,149.0,Active
S003930,C03228,P03,2024-02-03,,Annual,149.0,Active
S003931,C03229,P01,2025-02-18,,Monthly,29.0,Active
S003932,C03230,P03,2024-08-18,,Monthly,149.0,Active
S003933,C03231,P03,2024-03-02,2024-06-20,Monthly,149.0,Cancelled
S003934,C03231,P04,2024-06-20,2024-09-07,Monthly,399.0,Cancelled
S003935,C03232,P02,2025-03-05,,Monthly,79.0,Active
S003936,C03232,P03,2025-09-11,,Annual,149.0,Active
S003937,C03233,P02,2025-04-03,,Monthly,79.0,Active
S003938,C03234,P03,2025-08-18,,Annual,149.0,Active
S003939,C03235,P01,2025-06-11,,Monthly,29.0,Active
S003940,C03236,P02,2024-08-19,,Annual,79.0,Active
S003941,C03237,P02,2025-02-06,,Annual,79.0,Active
S003942,C03237,P03,2025-11-07,,Monthly,149.0,Active
S003943,C03238,P02,2025-05-08,,Monthly,79.0,Active
S003944,C03239,P02,2025-06-09,,Monthly,79.0,Active
S003945,C03240,P01,2025-08-18,2025-12-06,Monthly,29.0,Cancelled
S003946,C03241,P02,2025-07-22,,Monthly,79.0,Active
S003947,C03242,P02,2024-08-20,,Annual,79.0,Active
S003948,C03243,P01,2024-10-09,,Annual,29.0,Active
S003949,C03244,P02,2024-09-27,,Annual,79.0,Active
S003950,C03245,P02,2025-11-22,,Monthly,79.0,Active
S003951,C03246,P04,2024-11-06,,Annual,399.0,Active
S003952,C03247,P04,2025-04-25,2025-09-14,Monthly,399.0,Cancelled
S003953,C03248,P02,2024-07-15,,Annual,79.0,Active
S003954,C03249,P04,2024-09-03,2025-11-02,Monthly,399.0,Cancelled
S003955,C03250,P04,2025-03-05,,Monthly,399.0,Active
S003956,C03251,P03,2024-07-08,,Annual,149.0,Active
S003957,C03252,P03,2025-07-25,2025-11-01,Annual,149.0,Cancelled
S003958,C03253,P02,2024-08-01,2025-04-20,Monthly,79.0,Cancelled
S003959,C03254,P02,2025-10-03,,Monthly,79.0,Active
S003960,C03255,P03,2024-05-14,,Monthly,149.0,Active
S003961,C03256,P02,2025-11-15,,Monthly,79.0,Active
S003962,C03257,P01,2025-03-30,,Annual,29.0,Active
S003963,C03258,P03,2025-05-10,,Annual,149.0,Active
S003964,C03259,P02,2024-03-23,,Annual,79.0,Active
S003965,C03260,P03,2025-11-14,,Monthly,149.0,Active
S003966,C03261,P02,2025-03-19,2025-12-25,Monthly,79.0,Cancelled
S003967,C03262,P01,2025-10-13,,Monthly,29.0,Active
S003968,C03263,P01,2025-02-10,,Annual,29.0,Active
S003969,C03264,P02,2025-07-21,,Monthly,79.0,Active
S003970,C03265,P02,2025-06-19,,Monthly,79.0,Active
S003971,C03266,P01,2025-01-26,,Monthly,29.0,Active
S003972,C03267,P03,2025-01-10,,Monthly,149.0,Active
S003973,C03268,P02,2024-01-06,,Monthly,79.0,Active
S003974,C03269,P01,2025-05-04,,Monthly,29.0,Active
S003975,C03270,P01,2025-04-28,,Annual,29.0,Active
S003976,C03270,P02,2025-09-19,,Annual,79.0,Active
S003977,C03271,P03,2024-06-25,,Monthly,149.0,Active
S003978,C03271,P04,2024-12-19,,Monthly,399.0,Active
S003979,C03271,P03,2025-06-17,,Monthly,149.0,Active
S003980,C03272,P01,2025-10-22,,Monthly,29.0,Active
S003981,C03273,P02,2025-06-19,,Monthly,79.0,Active
S003982,C03274,P02,2024-12-15,,Annual,79.0,Active
S003983,C03274,P03,2025-05-01,,Monthly,149.0,Active
S003984,C03275,P04,2025-05-01,,Monthly,399.0,Active
S003985,C03276,P04,2025-09-18,,Monthly,399.0,Active
S003986,C03277,P01,2024-03-27,,Monthly,29.0,Active
S003987,C03278,P02,2024-09-21,,Annual,79.0,Active
S003988,C03279,P02,2024-10-27,,Monthly,79.0,Active
S003989,C03280,P03,2024-05-16,,Monthly,149.0,Active
S003990,C03280,P04,2025-10-20,,Monthly,399.0,Active
S003991,C03280,P03,2025-12-31,,Monthly,149.0,Active
S003992,C03281,P02,2025-11-20,,Annual,79.0,Active
S003993,C03282,P03,2024-02-22,,Monthly,149.0,Active
S003994,C03283,P02,2025-08-25,,Monthly,79.0,Active
S003995,C03284,P02,2024-05-16,,Monthly,79.0,Active
S003996,C03285,P02,2024-08-17,,Annual,79.0,Active
S003997,C03286,P01,2024-09-30,,Monthly,29.0,Active
S003998,C03287,P01,2024-06-10,,Monthly,29.0,Active
S003999,C03287,P02,2025-06-15,,Monthly,79.0,Active
S004000,C03288,P02,2024-06-15,,Monthly,79.0,Active
S004001,C03288,P03,2024-12-08,,Monthly,149.0,Active
S004002,C03289,P03,2024-07-30,,Monthly,149.0,Active
S004003,C03289,P04,2025-01-29,,Monthly,399.0,Active
S004004,C03289,P04,2025-09-10,,Monthly,399.0,Active
S004005,C03290,P04,2024-11-20,,Annual,399.0,Active
S004006,C03291,P01,2024-04-03,,Annual,29.0,Active
S004007,C03292,P02,2025-04-14,,Annual,79.0,Active
S004008,C03293,P02,2024-10-28,2025-04-29,Monthly,79.0,Cancelled
S004009,C03294,P01,2024-04-13,2024-06-30,Monthly,29.0,Cancelled
S004010,C03295,P02,2025-03-31,,Annual,79.0,Active
S004011,C03296,P01,2025-01-05,,Monthly,29.0,Active
S004012,C03297,P01,2025-07-01,,Monthly,29.0,Active
S004013,C03298,P04,2024-04-07,,Monthly,399.0,Active
S004014,C03299,P02,2025-04-17,,Monthly,79.0,Active
S004015,C03300,P04,2024-12-03,,Monthly,399.0,Active
S004016,C03300,P03,2025-12-22,,Monthly,149.0,Active
S004017,C03301,P02,2025-05-10,,Monthly,79.0,Active
S004018,C03302,P01,2024-09-16,,Monthly,29.0,Active
S004019,C03302,P02,2025-03-29,,Annual,79.0,Active
S004020,C03303,P01,2024-11-20,,Monthly,29.0,Active
S004021,C03304,P02,2025-01-02,,Annual,79.0,Active
S004022,C03305,P01,2025-07-19,,Monthly,29.0,Active
S004023,C03306,P03,2025-06-07,,Monthly,149.0,Active
S004024,C03307,P03,2025-02-10,,Monthly,149.0,Active
S004025,C03308,P02,2025-09-29,,Monthly,79.0,Active
S004026,C03309,P04,2024-10-25,,Annual,399.0,Active
S004027,C03310,P01,2024-02-24,,Monthly,29.0,Active
S004028,C03310,P02,2025-01-19,,Monthly,79.0,Active
S004029,C03311,P01,2025-07-01,,Monthly,29.0,Active
S004030,C03312,P03,2024-06-26,,Monthly,149.0,Active
S004031,C03313,P02,2024-11-06,,Annual,79.0,Active
S004032,C03314,P01,2025-05-04,,Monthly,29.0,Active
S004033,C03315,P01,2024-02-26,,Annual,29.0,Active
S004034,C03316,P02,2024-01-10,,Annual,79.0,Active
S004035,C03317,P01,2025-05-30,,Monthly,29.0,Active
S004036,C03318,P01,2025-02-23,2025-05-01,Monthly,29.0,Cancelled
S004037,C03319,P02,2024-01-09,,Annual,79.0,Active
S004038,C03320,P03,2024-01-11,2024-11-23,Annual,149.0,Cancelled
S004039,C03320,P04,2024-11-23,2024-12-18,Annual,399.0,Cancelled
S004040,C03321,P02,2025-01-02,2025-04-11,Monthly,79.0,Cancelled
S004041,C03322,P01,2025-01-03,,Monthly,29.0,Active
S004042,C03323,P02,2025-01-02,,Monthly,79.0,Active
S004043,C03324,P02,2024-12-07,,Monthly,79.0,Active
S004044,C03325,P03,2024-07-04,,Monthly,149.0,Active
S004045,C03325,P02,2025-09-18,,Monthly,79.0,Active
S004046,C03326,P02,2024-12-11,,Annual,79.0,Active
S004047,C03327,P01,2025-07-10,2025-12-17,Monthly,29.0,Cancelled
S004048,C03328,P04,2024-04-01,,Monthly,399.0,Active
S004049,C03329,P03,2024-03-28,,Monthly,149.0,Active
S004050,C03330,P02,2024-04-19,,Annual,79.0,Active
S004051,C03331,P03,2024-02-06,2025-05-20,Monthly,149.0,Cancelled
S004052,C03332,P01,2024-06-04,,Monthly,29.0,Active
S004053,C03333,P03,2025-07-30,,Monthly,149.0,Active
S004054,C03334,P02,2024-12-27,,Monthly,79.0,Active
S004055,C03335,P02,2025-08-05,,Annual,79.0,Active
S004056,C03336,P02,2024-12-29,,Annual,79.0,Active
S004057,C03337,P02,2024-06-28,,Monthly,79.0,Active
S004058,C03337,P03,2025-05-09,,Monthly,149.0,Active
S004059,C03338,P03,2024-09-10,,Monthly,149.0,Active
S004060,C03339,P04,2024-03-02,,Monthly,399.0,Active
S004061,C03340,P02,2025-11-05,,Annual,79.0,Active
S004062,C03341,P03,2024-02-23,,Monthly,149.0,Active
S004063,C03341,P02,2025-10-31,,Monthly,79.0,Active
S004064,C03341,P01,2025-12-31,,Monthly,29.0,Active
S004065,C03342,P02,2024-04-15,,Annual,79.0,Active
S004066,C03343,P03,2025-07-25,,Monthly,149.0,Active
S004067,C03344,P02,2025-01-02,,Monthly,79.0,Active
S004068,C03345,P03,2025-09-12,,Annual,149.0,Active
S004069,C03346,P01,2024-03-13,,Monthly,29.0,Active
S004070,C03347,P03,2024-01-18,,Monthly,149.0,Active
S004071,C03348,P01,2025-04-14,,Monthly,29.0,Active
S004072,C03349,P01,2024-10-19,,Monthly,29.0,Active
S004073,C03350,P02,2025-08-12,,Monthly,79.0,Active
S004074,C03351,P02,2024-09-27,2025-04-04,Annual,79.0,Cancelled
S004075,C03351,P01,2025-04-04,2025-04-27,Monthly,29.0,Cancelled
S004076,C03352,P02,2024-04-14,,Monthly,79.0,Active
S004077,C03352,P01,2025-11-28,,Monthly,29.0,Active
S004078,C03353,P02,2025-04-07,,Monthly,79.0,Active
S004079,C03354,P03,2024-04-11,2025-08-30,Annual,149.0,Cancelled
S004080,C03355,P02,2025-02-03,,Monthly,79.0,Active
S004081,C03355,P01,2025-11-07,,Monthly,29.0,Active
S004082,C03356,P03,2024-03-22,,Monthly,149.0,Active
S004083,C03357,P04,2025-03-13,,Monthly,399.0,Active
S004084,C03357,P04,2025-11-04,,Monthly,399.0,Active
S004085,C03358,P03,2024-08-07,,Monthly,149.0,Active
S004086,C03359,P02,2025-11-20,,Monthly,79.0,Active
S004087,C03360,P03,2024-06-27,,Monthly,149.0,Active
S004088,C03361,P01,2025-05-16,,Monthly,29.0,Active
S004089,C03362,P02,2025-11-20,,Monthly,79.0,Active
S004090,C03363,P03,2025-03-24,,Monthly,149.0,Active
S004091,C03364,P03,2024-11-22,,Monthly,149.0,Active
S004092,C03365,P01,2024-12-17,,Monthly,29.0,Active
S004093,C03366,P01,2024-05-16,,Monthly,29.0,Active
S004094,C03367,P03,2025-07-02,,Monthly,149.0,Active
S004095,C03368,P01,2024-03-20,,Monthly,29.0,Active
S004096,C03369,P01,2025-08-07,,Monthly,29.0,Active
S004097,C03370,P02,2024-03-11,,Monthly,79.0,Active
S004098,C03371,P02,2025-11-02,,Monthly,79.0,Active
S004099,C03372,P03,2025-03-30,2025-11-26,Monthly,149.0,Cancelled
S004100,C03373,P02,2024-07-17,,Monthly,79.0,Active
S004101,C03374,P01,2024-12-22,2025-05-18,Monthly,29.0,Cancelled
S004102,C03375,P01,2025-11-04,,Annual,29.0,Active
S004103,C03376,P02,2025-03-09,,Annual,79.0,Active
S004104,C03377,P01,2024-05-30,,Monthly,29.0,Active
S004105,C03378,P03,2025-05-28,,Annual,149.0,Active
S004106,C03379,P01,2025-09-19,,Monthly,29.0,Active
S004107,C03380,P02,2025-01-11,,Monthly,79.0,Active
S004108,C03381,P01,2024-06-23,2025-05-08,Monthly,29.0,Cancelled
S004109,C03382,P01,2025-01-08,2025-06-11,Monthly,29.0,Cancelled
S004110,C03383,P01,2024-05-05,,Monthly,29.0,Active
S004111,C03384,P02,2025-07-26,,Monthly,79.0,Active
S004112,C03385,P01,2024-04-13,,Monthly,29.0,Active
S004113,C03386,P04,2024-04-01,,Annual,399.0,Active
S004114,C03386,P04,2025-09-08,,Monthly,399.0,Active
S004115,C03387,P02,2025-04-07,,Monthly,79.0,Active
S004116,C03388,P03,2024-12-22,,Annual,149.0,Active
S004117,C03389,P02,2025-08-22,,Annual,79.0,Active
S004118,C03390,P02,2025-07-10,,Annual,79.0,Active
S004119,C03391,P03,2024-10-03,2025-03-25,Monthly,149.0,Cancelled
S004120,C03392,P04,2024-12-28,,Monthly,399.0,Active
S004121,C03393,P02,2025-02-23,,Monthly,79.0,Active
S004122,C03393,P03,2025-11-16,,Annual,149.0,Active
S004123,C03394,P04,2025-02-19,,Monthly,399.0,Active
S004124,C03394,P04,2025-06-18,,Annual,399.0,Active
S004125,C03395,P03,2024-10-24,,Monthly,149.0,Active
S004126,C03396,P01,2024-06-23,2024-10-31,Monthly,29.0,Cancelled
S004127,C03397,P01,2024-07-30,,Annual,29.0,Active
S004128,C03398,P01,2024-06-01,2024-12-04,Annual,29.0,Cancelled
S004129,C03399,P01,2025-08-19,,Monthly,29.0,Active
S004130,C03400,P03,2025-01-07,,Monthly,149.0,Active
S004131,C03401,P01,2024-04-10,,Monthly,29.0,Active
S004132,C03402,P03,2025-01-30,,Monthly,149.0,Active
S004133,C03403,P02,2024-07-27,,Monthly,79.0,Active
S004134,C03404,P01,2024-05-27,2025-01-30,Monthly,29.0,Cancelled
S004135,C03405,P01,2025-09-10,,Monthly,29.0,Active
S004136,C03406,P01,2024-10-19,,Monthly,29.0,Active
S004137,C03407,P01,2024-11-22,,Monthly,29.0,Active
S004138,C03407,P02,2025-08-19,,Monthly,79.0,Active
S004139,C03407,P01,2025-12-19,,Monthly,29.0,Active
S004140,C03408,P01,2024-10-09,2025-05-10,Annual,29.0,Cancelled
S004141,C03409,P01,2025-09-02,,Annual,29.0,Active
S004142,C03410,P01,2025-10-05,2025-12-29,Monthly,29.0,Cancelled
S004143,C03411,P01,2025-08-31,,Monthly,29.0,Active
S004144,C03412,P03,2024-03-11,,Monthly,149.0,Active
S004145,C03412,P04,2024-06-30,,Annual,399.0,Active
S004146,C03413,P02,2025-02-21,,Monthly,79.0,Active
S004147,C03414,P01,2024-09-27,,Annual,29.0,Active
S004148,C03415,P01,2025-10-19,,Monthly,29.0,Active
S004149,C03416,P01,2025-05-28,,Annual,29.0,Active
S004150,C03417,P03,2024-02-20,,Monthly,149.0,Active
S004151,C03418,P03,2025-03-06,,Monthly,149.0,Active
S004152,C03419,P01,2024-09-26,,Annual,29.0,Active
S004153,C03420,P03,2024-08-17,,Annual,149.0,Active
S004154,C03421,P02,2025-01-11,,Annual,79.0,Active
S004155,C03422,P03,2025-10-15,,Annual,149.0,Active
S004156,C03423,P02,2025-05-08,,Monthly,79.0,Active
S004157,C03423,P01,2025-10-24,,Monthly,29.0,Active
S004158,C03424,P02,2025-11-11,,Monthly,79.0,Active
S004159,C03425,P02,2024-03-27,,Annual,79.0,Active
S004160,C03426,P01,2024-03-18,,Annual,29.0,Active
S004161,C03427,P02,2025-01-05,,Annual,79.0,Active
S004162,C03427,P03,2025-05-03,,Monthly,149.0,Active
S004163,C03428,P01,2025-03-21,2025-08-25,Monthly,29.0,Cancelled
S004164,C03429,P03,2025-03-16,,Annual,149.0,Active
S004165,C03429,P04,2025-09-04,,Annual,399.0,Active
S004166,C03430,P03,2024-11-12,,Monthly,149.0,Active
S004167,C03431,P02,2024-03-17,,Annual,79.0,Active
S004168,C03432,P02,2025-04-13,,Monthly,79.0,Active
S004169,C03433,P04,2024-12-04,,Monthly,399.0,Active
S004170,C03434,P02,2025-01-10,2025-09-15,Annual,79.0,Cancelled
S004171,C03435,P03,2025-09-27,,Annual,149.0,Active
S004172,C03436,P01,2024-12-08,,Annual,29.0,Active
S004173,C03437,P01,2025-03-20,,Annual,29.0,Active
S004174,C03438,P02,2024-09-07,,Monthly,79.0,Active
S004175,C03439,P01,2025-01-08,2025-12-04,Monthly,29.0,Cancelled
S004176,C03440,P01,2025-05-18,2025-10-26,Monthly,29.0,Cancelled
S004177,C03441,P03,2024-11-27,,Annual,149.0,Active
S004178,C03442,P01,2025-04-30,,Annual,29.0,Active
S004179,C03443,P01,2024-06-12,,Monthly,29.0,Active
S004180,C03444,P01,2024-06-20,2025-02-14,Monthly,29.0,Cancelled
S004181,C03444,P02,2025-02-14,2025-12-11,Monthly,79.0,Cancelled
S004182,C03445,P02,2025-08-24,,Annual,79.0,Active
S004183,C03446,P04,2024-10-24,,Monthly,399.0,Active
S004184,C03446,P04,2025-06-26,,Monthly,399.0,Active
S004185,C03446,P03,2025-11-28,,Monthly,149.0,Active
S004186,C03447,P02,2025-07-06,,Monthly,79.0,Active
S004187,C03448,P03,2025-08-20,,Annual,149.0,Active
S004188,C03449,P03,2024-03-19,2025-01-19,Monthly,149.0,Cancelled
S004189,C03449,P04,2025-01-19,2025-05-28,Monthly,399.0,Cancelled
S004190,C03450,P04,2025-07-10,,Monthly,399.0,Active
S004191,C03451,P02,2024-01-07,,Annual,79.0,Active
S004192,C03451,P03,2025-03-11,,Monthly,149.0,Active
S004193,C03451,P02,2025-09-05,,Monthly,79.0,Active
S004194,C03452,P02,2024-08-09,,Annual,79.0,Active
S004195,C03453,P03,2024-05-08,,Monthly,149.0,Active
S004196,C03453,P02,2025-12-01,,Monthly,79.0,Active
S004197,C03454,P01,2025-05-11,,Monthly,29.0,Active
S004198,C03455,P03,2025-04-01,,Annual,149.0,Active
S004199,C03456,P02,2024-07-04,,Annual,79.0,Active
S004200,C03456,P01,2025-02-05,,Monthly,29.0,Active
S004201,C03457,P03,2024-03-19,,Monthly,149.0,Active
S004202,C03457,P02,2025-11-10,,Annual,79.0,Active
S004203,C03458,P02,2025-07-08,,Monthly,79.0,Active
S004204,C03459,P02,2024-06-06,,Monthly,79.0,Active
S004205,C03460,P01,2025-08-28,,Annual,29.0,Active
S004206,C03461,P04,2024-07-13,,Monthly,399.0,Active
S004207,C03462,P01,2024-09-29,,Annual,29.0,Active
S004208,C03463,P03,2024-07-14,,Monthly,149.0,Active
S004209,C03463,P04,2025-03-05,,Monthly,399.0,Active
S004210,C03464,P03,2024-11-29,,Annual,149.0,Active
S004211,C03464,P04,2025-04-21,,Monthly,399.0,Active
S004212,C03464,P04,2025-11-20,,Monthly,399.0,Active
S004213,C03465,P02,2025-07-30,,Monthly,79.0,Active
S004214,C03466,P03,2025-10-22,,Monthly,149.0,Active
S004215,C03467,P01,2024-02-13,,Monthly,29.0,Active
S004216,C03468,P01,2024-12-22,,Monthly,29.0,Active
S004217,C03469,P02,2025-01-16,,Annual,79.0,Active
S004218,C03470,P01,2025-11-15,,Monthly,29.0,Active
S004219,C03471,P02,2025-09-22,,Monthly,79.0,Active
S004220,C03472,P01,2024-06-30,,Annual,29.0,Active
S004221,C03473,P02,2025-03-29,,Annual,79.0,Active
S004222,C03474,P02,2025-10-25,,Monthly,79.0,Active
S004223,C03475,P03,2025-09-10,,Monthly,149.0,Active
S004224,C03476,P01,2024-10-23,,Monthly,29.0,Active
S004225,C03477,P03,2024-11-11,,Monthly,149.0,Active
S004226,C03477,P02,2025-03-20,,Monthly,79.0,Active
S004227,C03478,P02,2025-05-01,,Monthly,79.0,Active
S004228,C03479,P02,2024-04-27,,Monthly,79.0,Active
S004229,C03480,P01,2024-10-01,,Monthly,29.0,Active
S004230,C03481,P01,2025-10-17,,Monthly,29.0,Active
S004231,C03482,P03,2024-11-02,,Monthly,149.0,Active
S004232,C03483,P03,2025-02-09,2025-05-26,Annual,149.0,Cancelled
S004233,C03484,P03,2025-04-30,,Monthly,149.0,Active
S004234,C03484,P02,2025-10-18,,Monthly,79.0,Active
S004235,C03485,P03,2024-06-02,,Annual,149.0,Active
S004236,C03486,P03,2025-02-10,,Monthly,149.0,Active
S004237,C03487,P02,2025-04-15,,Annual,79.0,Active
S004238,C03488,P04,2024-09-02,,Monthly,399.0,Active
S004239,C03488,P03,2025-05-22,,Annual,149.0,Active
S004240,C03489,P04,2024-02-04,,Monthly,399.0,Active
S004241,C03490,P03,2024-10-06,,Monthly,149.0,Active
S004242,C03490,P04,2025-03-09,,Monthly,399.0,Active
S004243,C03491,P01,2024-05-21,,Monthly,29.0,Active
S004244,C03492,P01,2025-09-28,2025-12-21,Monthly,29.0,Cancelled
S004245,C03493,P01,2024-01-22,,Monthly,29.0,Active
S004246,C03493,P02,2025-10-24,,Monthly,79.0,Active
S004247,C03494,P01,2025-02-06,,Annual,29.0,Active
S004248,C03494,P02,2025-12-03,,Monthly,79.0,Active
S004249,C03495,P02,2024-02-12,,Monthly,79.0,Active
S004250,C03496,P01,2024-04-08,2025-01-21,Annual,29.0,Cancelled
S004251,C03497,P01,2024-02-05,,Monthly,29.0,Active
S004252,C03498,P01,2024-08-12,,Annual,29.0,Active
S004253,C03499,P02,2024-07-16,,Monthly,79.0,Active
S004254,C03500,P03,2024-05-10,,Annual,149.0,Active
S004255,C03501,P01,2025-08-27,,Monthly,29.0,Active
S004256,C03502,P02,2024-12-06,2025-12-12,Annual,79.0,Cancelled
S004257,C03503,P02,2025-05-29,2025-12-09,Monthly,79.0,Cancelled
S004258,C03504,P03,2025-04-05,,Monthly,149.0,Active
S004259,C03505,P01,2025-11-11,,Monthly,29.0,Active
S004260,C03506,P02,2024-05-18,,Monthly,79.0,Active
S004261,C03507,P02,2024-03-19,,Monthly,79.0,Active
S004262,C03508,P04,2024-05-09,,Monthly,399.0,Active
S004263,C03509,P01,2025-09-18,,Monthly,29.0,Active
S004264,C03510,P02,2024-05-28,,Annual,79.0,Active
S004265,C03511,P01,2024-03-16,,Monthly,29.0,Active
S004266,C03512,P02,2024-05-08,,Annual,79.0,Active
S004267,C03512,P03,2025-11-22,,Monthly,149.0,Active
S004268,C03513,P04,2025-04-10,2025-11-25,Monthly,399.0,Cancelled
S004269,C03514,P01,2024-12-23,,Monthly,29.0,Active
S004270,C03514,P02,2025-11-12,,Monthly,79.0,Active
S004271,C03515,P01,2024-12-27,,Monthly,29.0,Active
S004272,C03516,P03,2025-09-30,,Monthly,149.0,Active
S004273,C03517,P03,2024-08-06,,Annual,149.0,Active
S004274,C03518,P03,2024-06-10,,Monthly,149.0,Active
S004275,C03518,P02,2025-01-24,,Annual,79.0,Active
S004276,C03518,P03,2025-05-25,,Monthly,149.0,Active
S004277,C03519,P01,2024-08-18,,Annual,29.0,Active
S004278,C03520,P03,2024-03-20,,Monthly,149.0,Active
S004279,C03521,P02,2024-08-24,,Monthly,79.0,Active
S004280,C03522,P01,2024-04-09,,Monthly,29.0,Active
S004281,C03523,P02,2025-02-22,,Annual,79.0,Active
S004282,C03524,P02,2024-04-02,,Monthly,79.0,Active
S004283,C03525,P02,2024-05-19,,Monthly,79.0,Active
S004284,C03526,P01,2025-08-15,2025-11-06,Monthly,29.0,Cancelled
S004285,C03527,P03,2024-02-13,,Monthly,149.0,Active
S004286,C03528,P03,2025-11-22,,Monthly,149.0,Active
S004287,C03529,P03,2024-09-15,,Monthly,149.0,Active
S004288,C03530,P02,2025-10-18,,Monthly,79.0,Active
S004289,C03531,P02,2024-04-13,,Monthly,79.0,Active
S004290,C03531,P03,2025-11-03,,Monthly,149.0,Active
S004291,C03532,P02,2024-04-26,,Monthly,79.0,Active
S004292,C03532,P01,2025-07-24,,Monthly,29.0,Active
S004293,C03533,P02,2024-12-27,,Monthly,79.0,Active
S004294,C03533,P03,2025-05-16,,Annual,149.0,Active
S004295,C03534,P01,2025-05-01,,Monthly,29.0,Active
S004296,C03535,P01,2025-10-17,,Monthly,29.0,Active
S004297,C03536,P03,2025-11-02,,Monthly,149.0,Active
S004298,C03537,P02,2025-01-16,,Monthly,79.0,Active
S004299,C03538,P01,2025-06-14,,Monthly,29.0,Active
S004300,C03539,P02,2025-07-26,,Monthly,79.0,Active
S004301,C03540,P01,2024-01-29,,Monthly,29.0,Active
S004302,C03540,P02,2025-05-04,,Monthly,79.0,Active
S004303,C03541,P01,2024-09-29,,Monthly,29.0,Active
S004304,C03542,P02,2024-07-23,,Monthly,79.0,Active
S004305,C03543,P04,2024-12-07,,Annual,399.0,Active
S004306,C03544,P04,2024-11-17,,Monthly,399.0,Active
S004307,C03544,P04,2025-07-28,,Monthly,399.0,Active
S004308,C03545,P03,2024-07-03,,Monthly,149.0,Active
S004309,C03546,P01,2025-01-31,,Monthly,29.0,Active
S004310,C03547,P01,2025-05-01,2025-08-10,Monthly,29.0,Cancelled
S004311,C03548,P03,2024-11-06,,Monthly,149.0,Active
S004312,C03548,P04,2025-05-27,,Annual,399.0,Active
S004313,C03548,P04,2025-11-01,,Monthly,399.0,Active
S004314,C03549,P03,2024-05-27,,Monthly,149.0,Active
S004315,C03550,P02,2024-07-29,2025-09-21,Monthly,79.0,Cancelled
S004316,C03551,P04,2025-07-28,,Monthly,399.0,Active
S004317,C03552,P01,2024-05-10,2024-12-01,Monthly,29.0,Cancelled
S004318,C03553,P01,2024-10-05,,Monthly,29.0,Active
S004319,C03554,P01,2025-02-22,,Annual,29.0,Active
S004320,C03555,P02,2025-06-21,,Monthly,79.0,Active
S004321,C03556,P03,2025-09-28,,Monthly,149.0,Active
S004322,C03557,P04,2025-02-27,,Annual,399.0,Active
S004323,C03558,P01,2025-08-28,,Monthly,29.0,Active
S004324,C03559,P03,2025-04-06,,Monthly,149.0,Active
S004325,C03560,P01,2025-01-20,,Monthly,29.0,Active
S004326,C03560,P02,2025-09-11,,Monthly,79.0,Active
S004327,C03561,P03,2025-05-08,2025-10-17,Monthly,149.0,Cancelled
S004328,C03562,P04,2025-08-12,,Monthly,399.0,Active
S004329,C03563,P03,2024-09-10,,Monthly,149.0,Active
S004330,C03564,P02,2024-04-12,2025-03-26,Monthly,79.0,Cancelled
S004331,C03564,P03,2025-03-26,2025-11-24,Annual,149.0,Cancelled
S004332,C03565,P04,2025-11-27,,Annual,399.0,Active
S004333,C03566,P02,2024-06-06,,Monthly,79.0,Active
S004334,C03567,P01,2024-07-22,2024-10-14,Monthly,29.0,Cancelled
S004335,C03568,P02,2024-09-14,2025-12-06,Monthly,79.0,Cancelled
S004336,C03569,P01,2024-05-08,,Monthly,29.0,Active
S004337,C03570,P02,2025-10-04,,Monthly,79.0,Active
S004338,C03571,P01,2024-03-07,2025-08-19,Monthly,29.0,Cancelled
S004339,C03572,P01,2024-09-30,,Annual,29.0,Active
S004340,C03573,P01,2025-10-06,,Monthly,29.0,Active
S004341,C03574,P03,2025-10-21,,Monthly,149.0,Active
S004342,C03575,P01,2024-10-17,,Monthly,29.0,Active
S004343,C03576,P03,2024-01-27,,Monthly,149.0,Active
S004344,C03577,P01,2024-11-21,,Monthly,29.0,Active
S004345,C03578,P02,2025-04-02,,Annual,79.0,Active
S004346,C03579,P03,2024-12-10,,Monthly,149.0,Active
S004347,C03580,P01,2025-07-06,,Monthly,29.0,Active
S004348,C03581,P01,2024-09-05,,Monthly,29.0,Active
S004349,C03582,P02,2025-02-24,,Monthly,79.0,Active
S004350,C03583,P04,2024-05-07,,Monthly,399.0,Active
S004351,C03584,P03,2025-02-23,,Monthly,149.0,Active
S004352,C03585,P02,2024-04-25,,Monthly,79.0,Active
S004353,C03586,P02,2024-10-02,,Annual,79.0,Active
S004354,C03586,P03,2025-07-22,,Annual,149.0,Active
S004355,C03587,P03,2025-03-06,,Monthly,149.0,Active
S004356,C03588,P01,2025-01-28,,Monthly,29.0,Active
S004357,C03589,P02,2024-09-25,2025-11-01,Monthly,79.0,Cancelled
S004358,C03590,P01,2024-01-05,,Monthly,29.0,Active
S004359,C03591,P01,2025-11-13,,Monthly,29.0,Active
S004360,C03592,P01,2025-07-28,,Annual,29.0,Active
S004361,C03593,P03,2024-06-17,,Monthly,149.0,Active
S004362,C03593,P04,2024-11-21,,Monthly,399.0,Active
S004363,C03594,P02,2024-06-09,,Monthly,79.0,Active
S004364,C03595,P01,2025-08-11,,Monthly,29.0,Active
S004365,C03596,P02,2025-03-07,,Monthly,79.0,Active
S004366,C03597,P04,2025-09-18,,Monthly,399.0,Active
S004367,C03598,P01,2024-03-20,,Annual,29.0,Active
S004368,C03599,P03,2024-04-12,2024-07-24,Annual,149.0,Cancelled
S004369,C03599,P02,2024-07-24,2025-03-10,Monthly,79.0,Cancelled
S004370,C03600,P01,2024-07-09,2025-08-18,Monthly,29.0,Cancelled
S004371,C03601,P02,2024-02-06,2025-01-04,Annual,79.0,Cancelled
S004372,C03601,P03,2025-01-04,2025-01-12,Annual,149.0,Cancelled
S004373,C03602,P03,2024-07-25,,Monthly,149.0,Active
S004374,C03603,P01,2024-09-29,,Monthly,29.0,Active
S004375,C03604,P02,2025-09-01,,Monthly,79.0,Active
S004376,C03605,P03,2025-06-17,2025-10-08,Annual,149.0,Cancelled
S004377,C03606,P01,2024-12-06,,Monthly,29.0,Active
S004378,C03607,P03,2025-02-01,,Monthly,149.0,Active
S004379,C03608,P03,2025-03-13,,Annual,149.0,Active
S004380,C03609,P01,2025-09-08,,Monthly,29.0,Active
S004381,C03610,P02,2024-07-07,,Monthly,79.0,Active
S004382,C03611,P02,2024-03-15,,Annual,79.0,Active
S004383,C03611,P03,2025-09-19,,Monthly,149.0,Active
S004384,C03612,P04,2025-05-29,,Monthly,399.0,Active
S004385,C03613,P02,2025-02-01,,Monthly,79.0,Active
S004386,C03614,P03,2025-04-27,,Monthly,149.0,Active
S004387,C03615,P02,2025-11-07,,Monthly,79.0,Active
S004388,C03616,P03,2024-06-20,,Annual,149.0,Active
S004389,C03617,P02,2025-01-31,,Monthly,79.0,Active
S004390,C03617,P01,2025-05-03,,Monthly,29.0,Active
S004391,C03618,P03,2024-10-20,,Monthly,149.0,Active
S004392,C03618,P04,2025-08-25,,Monthly,399.0,Active
S004393,C03619,P04,2025-01-16,,Monthly,399.0,Active
S004394,C03620,P03,2024-05-27,,Annual,149.0,Active
S004395,C03621,P02,2024-06-28,2024-12-02,Monthly,79.0,Cancelled
S004396,C03622,P01,2024-04-08,2025-03-22,Annual,29.0,Cancelled
S004397,C03623,P03,2024-04-16,,Monthly,149.0,Active
S004398,C03624,P02,2024-05-22,,Monthly,79.0,Active
S004399,C03625,P01,2024-02-15,2024-07-28,Annual,29.0,Cancelled
S004400,C03626,P03,2024-02-20,,Monthly,149.0,Active
S004401,C03627,P01,2025-08-05,,Annual,29.0,Active
S004402,C03628,P02,2025-08-05,,Annual,79.0,Active
S004403,C03629,P03,2025-05-31,,Monthly,149.0,Active
S004404,C03630,P01,2025-06-11,,Monthly,29.0,Active
S004405,C03631,P04,2025-08-24,,Annual,399.0,Active
S004406,C03632,P01,2024-06-06,,Monthly,29.0,Active
S004407,C03632,P02,2025-09-10,,Monthly,79.0,Active
S004408,C03633,P02,2025-07-15,,Annual,79.0,Active
S004409,C03634,P02,2024-12-18,,Monthly,79.0,Active
S004410,C03634,P03,2025-06-06,,Monthly,149.0,Active
S004411,C03634,P04,2025-10-11,,Monthly,399.0,Active
S004412,C03635,P02,2025-08-16,,Monthly,79.0,Active
S004413,C03636,P02,2024-12-07,,Monthly,79.0,Active
S004414,C03636,P03,2025-06-27,,Monthly,149.0,Active
S004415,C03637,P03,2025-06-14,,Monthly,149.0,Active
S004416,C03638,P02,2024-01-03,,Monthly,79.0,Active
S004417,C03639,P01,2024-10-18,,Monthly,29.0,Active
S004418,C03639,P02,2025-01-20,,Monthly,79.0,Active
S004419,C03640,P01,2024-03-24,,Monthly,29.0,Active
S004420,C03641,P02,2024-01-31,,Annual,79.0,Active
S004421,C03642,P02,2025-10-01,,Annual,79.0,Active
S004422,C03643,P01,2024-04-29,2025-10-04,Monthly,29.0,Cancelled
S004423,C03643,P02,2025-10-04,2025-12-04,Monthly,79.0,Cancelled
S004424,C03644,P01,2024-11-01,,Monthly,29.0,Active
S004425,C03645,P03,2024-01-26,,Monthly,149.0,Active
S004426,C03646,P03,2024-04-20,,Monthly,149.0,Active
S004427,C03647,P02,2025-06-29,,Monthly,79.0,Active
S004428,C03647,P01,2025-12-07,,Annual,29.0,Active
S004429,C03648,P01,2025-03-08,,Annual,29.0,Active
S004430,C03649,P02,2025-05-23,,Annual,79.0,Active
S004431,C03650,P02,2024-02-06,,Annual,79.0,Active
S004432,C03651,P03,2024-09-20,,Monthly,149.0,Active
S004433,C03652,P01,2024-02-18,,Monthly,29.0,Active
S004434,C03653,P04,2025-04-24,,Monthly,399.0,Active
S004435,C03654,P03,2025-09-17,,Monthly,149.0,Active
S004436,C03655,P02,2024-09-01,,Monthly,79.0,Active
S004437,C03655,P01,2024-12-01,,Monthly,29.0,Active
S004438,C03655,P02,2025-03-11,,Monthly,79.0,Active
S004439,C03656,P04,2024-12-06,,Monthly,399.0,Active
S004440,C03657,P03,2024-12-12,,Monthly,149.0,Active
S004441,C03658,P02,2024-05-12,,Annual,79.0,Active
S004442,C03659,P03,2024-07-31,2025-03-16,Monthly,149.0,Cancelled
S004443,C03660,P01,2025-04-30,,Annual,29.0,Active
S004444,C03660,P01,2025-08-30,,Monthly,29.0,Active
S004445,C03661,P03,2024-12-11,,Monthly,149.0,Active
S004446,C03662,P02,2024-11-21,2025-01-30,Monthly,79.0,Cancelled
S004447,C03663,P02,2024-11-08,,Annual,79.0,Active
S004448,C03664,P03,2025-09-23,,Monthly,149.0,Active
S004449,C03665,P01,2025-04-21,,Monthly,29.0,Active
S004450,C03666,P03,2024-04-10,,Annual,149.0,Active
S004451,C03666,P04,2024-08-16,,Monthly,399.0,Active
S004452,C03666,P04,2025-02-25,,Annual,399.0,Active
S004453,C03667,P01,2024-12-08,,Annual,29.0,Active
S004454,C03668,P02,2025-01-28,,Monthly,79.0,Active
S004455,C03669,P01,2024-11-14,,Monthly,29.0,Active
S004456,C03670,P03,2024-05-07,,Monthly,149.0,Active
S004457,C03670,P02,2025-02-25,,Monthly,79.0,Active
S004458,C03670,P01,2025-10-06,,Annual,29.0,Active
S004459,C03671,P01,2025-10-18,,Monthly,29.0,Active
S004460,C03672,P02,2024-02-25,2024-06-06,Monthly,79.0,Cancelled
S004461,C03672,P03,2024-06-06,2024-09-13,Annual,149.0,Cancelled
S004462,C03673,P01,2024-08-03,,Monthly,29.0,Active
S004463,C03674,P04,2025-07-24,,Monthly,399.0,Active
S004464,C03675,P03,2024-08-19,,Annual,149.0,Active
S004465,C03675,P04,2025-05-29,,Monthly,399.0,Active
S004466,C03676,P01,2024-01-17,2024-04-19,Monthly,29.0,Cancelled
S004467,C03676,P01,2024-04-19,2024-10-30,Monthly,29.0,Cancelled
S004468,C03677,P02,2025-06-16,,Monthly,79.0,Active
S004469,C03678,P03,2024-06-21,,Monthly,149.0,Active
S004470,C03678,P04,2025-09-24,,Monthly,399.0,Active
S004471,C03679,P01,2024-05-11,,Monthly,29.0,Active
S004472,C03680,P02,2024-07-31,,Monthly,79.0,Active
S004473,C03680,P01,2025-11-13,,Monthly,29.0,Active
S004474,C03680,P02,2025-12-31,,Monthly,79.0,Active
S004475,C03681,P02,2025-09-28,2025-12-24,Annual,79.0,Cancelled
S004476,C03682,P01,2024-11-06,,Monthly,29.0,Active
S004477,C03683,P01,2024-11-24,,Annual,29.0,Active
S004478,C03684,P04,2025-03-07,,Monthly,399.0,Active
S004479,C03685,P03,2024-04-27,,Monthly,149.0,Active
S004480,C03686,P02,2024-09-12,,Monthly,79.0,Active
S004481,C03686,P03,2025-07-01,,Annual,149.0,Active
S004482,C03687,P01,2025-06-18,,Annual,29.0,Active
S004483,C03687,P02,2025-10-02,,Monthly,79.0,Active
S004484,C03688,P01,2025-11-06,,Monthly,29.0,Active
S004485,C03689,P02,2024-07-08,,Monthly,79.0,Active
S004486,C03690,P02,2025-01-19,,Annual,79.0,Active
S004487,C03691,P02,2025-06-15,,Monthly,79.0,Active
S004488,C03692,P03,2025-07-31,,Monthly,149.0,Active
S004489,C03693,P03,2024-09-10,,Monthly,149.0,Active
S004490,C03694,P04,2024-04-06,,Annual,399.0,Active
S004491,C03695,P03,2025-07-09,2025-12-07,Monthly,149.0,Cancelled
S004492,C03696,P01,2024-02-11,,Monthly,29.0,Active
S004493,C03697,P02,2025-03-27,,Annual,79.0,Active
S004494,C03698,P03,2024-06-07,,Monthly,149.0,Active
S004495,C03699,P01,2025-10-13,,Monthly,29.0,Active
S004496,C03700,P02,2025-07-12,,Monthly,79.0,Active
S004497,C03701,P03,2025-09-07,,Monthly,149.0,Active
S004498,C03702,P03,2024-06-19,,Monthly,149.0,Active
S004499,C03703,P02,2025-11-14,,Annual,79.0,Active
S004500,C03704,P03,2025-04-21,,Monthly,149.0,Active
S004501,C03705,P01,2025-09-01,,Monthly,29.0,Active
S004502,C03706,P04,2024-03-16,2024-11-23,Monthly,399.0,Cancelled
S004503,C03707,P01,2024-11-20,,Monthly,29.0,Active
S004504,C03708,P02,2025-04-07,,Annual,79.0,Active
S004505,C03709,P01,2024-06-10,,Annual,29.0,Active
S004506,C03710,P03,2025-01-07,,Annual,149.0,Active
S004507,C03711,P01,2024-12-21,2025-04-27,Monthly,29.0,Cancelled
S004508,C03712,P02,2025-02-21,,Monthly,79.0,Active
S004509,C03713,P02,2024-02-26,,Monthly,79.0,Active
S004510,C03714,P01,2024-08-05,2025-11-14,Monthly,29.0,Cancelled
S004511,C03715,P04,2025-10-19,,Annual,399.0,Active
S004512,C03716,P02,2025-05-30,,Monthly,79.0,Active
S004513,C03717,P03,2025-08-23,2025-10-22,Monthly,149.0,Cancelled
S004514,C03718,P02,2024-03-05,,Monthly,79.0,Active
S004515,C03719,P02,2025-06-05,,Monthly,79.0,Active
S004516,C03719,P03,2025-11-07,,Annual,149.0,Active
S004517,C03720,P01,2025-03-18,,Monthly,29.0,Active
S004518,C03721,P02,2024-10-26,,Annual,79.0,Active
S004519,C03722,P02,2025-08-19,,Monthly,79.0,Active
S004520,C03723,P02,2025-07-29,,Annual,79.0,Active
S004521,C03724,P01,2024-09-02,,Annual,29.0,Active
S004522,C03725,P03,2024-06-12,,Monthly,149.0,Active
S004523,C03725,P04,2025-11-21,,Annual,399.0,Active
S004524,C03726,P01,2025-07-14,,Annual,29.0,Active
S004525,C03727,P02,2025-01-30,,Annual,79.0,Active
S004526,C03728,P03,2025-03-31,,Annual,149.0,Active
S004527,C03729,P02,2025-05-12,,Monthly,79.0,Active
S004528,C03730,P03,2024-11-03,,Monthly,149.0,Active
S004529,C03731,P01,2024-07-29,,Annual,29.0,Active
S004530,C03732,P02,2024-04-23,,Monthly,79.0,Active
S004531,C03733,P01,2024-06-25,,Annual,29.0,Active
S004532,C03734,P02,2024-09-02,,Monthly,79.0,Active
S004533,C03735,P02,2025-03-11,,Monthly,79.0,Active
S004534,C03736,P02,2025-11-24,,Monthly,79.0,Active
S004535,C03737,P02,2025-03-14,,Monthly,79.0,Active
S004536,C03738,P01,2024-03-04,,Annual,29.0,Active
S004537,C03738,P02,2024-11-02,,Monthly,79.0,Active
S004538,C03738,P01,2025-03-01,,Monthly,29.0,Active
S004539,C03739,P03,2025-08-19,,Annual,149.0,Active
S004540,C03740,P03,2024-03-14,,Monthly,149.0,Active
S004541,C03741,P01,2025-06-05,,Monthly,29.0,Active
S004542,C03742,P02,2025-07-18,,Monthly,79.0,Active
S004543,C03743,P01,2025-04-02,,Monthly,29.0,Active
S004544,C03744,P03,2024-02-17,,Monthly,149.0,Active
S004545,C03744,P04,2025-01-08,,Annual,399.0,Active
S004546,C03745,P01,2025-04-28,,Monthly,29.0,Active
S004547,C03745,P02,2025-09-17,,Monthly,79.0,Active
S004548,C03746,P01,2024-12-04,,Monthly,29.0,Active
S004549,C03747,P03,2024-04-01,,Monthly,149.0,Active
S004550,C03747,P02,2024-11-14,,Monthly,79.0,Active
S004551,C03748,P03,2024-11-19,,Monthly,149.0,Active
S004552,C03749,P02,2025-03-19,,Monthly,79.0,Active
S004553,C03750,P04,2024-07-02,,Monthly,399.0,Active
S004554,C03750,P04,2025-08-02,,Monthly,399.0,Active
S004555,C03750,P03,2025-12-26,,Monthly,149.0,Active
S004556,C03751,P01,2025-10-24,,Monthly,29.0,Active
S004557,C03752,P01,2025-10-15,2025-12-17,Monthly,29.0,Cancelled
S004558,C03753,P01,2025-10-20,,Annual,29.0,Active
S004559,C03754,P02,2024-06-08,,Monthly,79.0,Active
S004560,C03755,P03,2025-07-22,,Annual,149.0,Active
S004561,C03756,P01,2024-08-30,,Annual,29.0,Active
S004562,C03757,P02,2024-03-16,2024-08-01,Monthly,79.0,Cancelled
S004563,C03758,P03,2025-08-12,,Monthly,149.0,Active
S004564,C03759,P03,2024-09-15,,Monthly,149.0,Active
S004565,C03760,P01,2024-09-15,,Monthly,29.0,Active
S004566,C03760,P02,2024-12-21,,Annual,79.0,Active
S004567,C03760,P03,2025-08-21,,Monthly,149.0,Active
S004568,C03761,P02,2024-09-25,,Monthly,79.0,Active
S004569,C03762,P02,2024-06-12,,Monthly,79.0,Active
S004570,C03763,P01,2024-05-08,,Monthly,29.0,Active
S004571,C03764,P03,2024-08-13,,Monthly,149.0,Active
S004572,C03765,P01,2024-08-05,,Monthly,29.0,Active
S004573,C03766,P04,2024-05-18,,Monthly,399.0,Active
S004574,C03767,P04,2025-05-22,,Monthly,399.0,Active
S004575,C03768,P03,2024-07-10,,Monthly,149.0,Active
S004576,C03769,P03,2024-04-16,,Monthly,149.0,Active
S004577,C03770,P02,2024-02-06,,Monthly,79.0,Active
S004578,C03771,P01,2025-06-29,,Monthly,29.0,Active
S004579,C03771,P02,2025-10-15,,Monthly,79.0,Active
S004580,C03772,P02,2024-11-10,2025-05-20,Annual,79.0,Cancelled
S004581,C03773,P04,2025-03-26,,Annual,399.0,Active
S004582,C03774,P02,2025-05-22,,Monthly,79.0,Active
S004583,C03775,P01,2024-10-25,,Monthly,29.0,Active
S004584,C03775,P02,2025-08-19,,Monthly,79.0,Active
S004585,C03776,P01,2024-01-13,,Monthly,29.0,Active
S004586,C03777,P01,2024-09-25,,Monthly,29.0,Active
S004587,C03778,P04,2025-10-28,,Monthly,399.0,Active
S004588,C03779,P02,2024-08-26,,Annual,79.0,Active
S004589,C03779,P03,2025-10-30,,Annual,149.0,Active
S004590,C03779,P02,2025-12-31,,Annual,79.0,Active
S004591,C03780,P02,2024-01-09,,Annual,79.0,Active
S004592,C03780,P01,2024-07-18,,Monthly,29.0,Active
S004593,C03781,P02,2025-05-21,,Monthly,79.0,Active
S004594,C03782,P04,2024-04-19,,Annual,399.0,Active
S004595,C03783,P02,2025-02-22,2025-08-01,Monthly,79.0,Cancelled
S004596,C03784,P03,2025-01-28,,Monthly,149.0,Active
S004597,C03785,P01,2025-03-10,,Monthly,29.0,Active
S004598,C03786,P04,2024-10-06,,Monthly,399.0,Active
S004599,C03786,P03,2025-08-03,,Monthly,149.0,Active
S004600,C03787,P01,2025-04-04,,Monthly,29.0,Active
S004601,C03788,P02,2025-03-28,,Monthly,79.0,Active
S004602,C03789,P02,2025-02-09,,Monthly,79.0,Active
S004603,C03789,P03,2025-05-11,,Annual,149.0,Active
S004604,C03790,P03,2024-09-17,,Annual,149.0,Active
S004605,C03791,P01,2025-11-13,,Monthly,29.0,Active
S004606,C03792,P02,2024-08-16,,Annual,79.0,Active
S004607,C03792,P03,2025-08-30,,Monthly,149.0,Active
S004608,C03793,P02,2024-07-06,,Monthly,79.0,Active
S004609,C03794,P02,2024-01-02,2025-02-07,Monthly,79.0,Cancelled
S004610,C03795,P01,2025-05-18,,Annual,29.0,Active
S004611,C03796,P02,2025-09-18,2025-12-25,Monthly,79.0,Cancelled
S004612,C03797,P02,2024-09-02,,Monthly,79.0,Active
S004613,C03797,P01,2025-03-31,,Monthly,29.0,Active
S004614,C03798,P02,2024-02-07,,Monthly,79.0,Active
S004615,C03799,P03,2024-11-14,,Annual,149.0,Active
S004616,C03799,P04,2025-12-24,,Monthly,399.0,Active
S004617,C03800,P04,2024-09-07,,Monthly,399.0,Active
S004618,C03800,P04,2025-07-31,,Monthly,399.0,Active
S004619,C03800,P03,2025-11-15,,Monthly,149.0,Active
S004620,C03801,P02,2024-06-30,,Annual,79.0,Active
S004621,C03802,P02,2025-09-24,,Monthly,79.0,Active
S004622,C03803,P03,2025-11-13,,Monthly,149.0,Active
S004623,C03804,P01,2025-08-30,,Monthly,29.0,Active
S004624,C03805,P01,2025-07-03,,Monthly,29.0,Active
S004625,C03806,P02,2024-07-18,2024-09-29,Annual,79.0,Cancelled
S004626,C03807,P01,2024-12-22,2025-06-03,Annual,29.0,Cancelled
S004627,C03807,P02,2025-06-03,2025-08-05,Monthly,79.0,Cancelled
S004628,C03808,P01,2024-01-04,,Monthly,29.0,Active
S004629,C03809,P03,2025-06-03,,Annual,149.0,Active
S004630,C03809,P04,2025-12-26,,Annual,399.0,Active
S004631,C03810,P03,2025-08-01,,Monthly,149.0,Active
S004632,C03811,P02,2024-08-19,,Monthly,79.0,Active
S004633,C03811,P01,2025-11-05,,Monthly,29.0,Active
S004634,C03811,P02,2025-12-31,,Annual,79.0,Active
S004635,C03812,P03,2025-10-27,2025-12-30,Monthly,149.0,Cancelled
S004636,C03813,P02,2024-05-16,,Monthly,79.0,Active
S004637,C03814,P04,2024-09-23,,Annual,399.0,Active
S004638,C03814,P03,2025-12-18,,Monthly,149.0,Active
S004639,C03814,P02,2025-12-31,,Monthly,79.0,Active
S004640,C03815,P01,2024-12-13,2025-05-15,Monthly,29.0,Cancelled
S004641,C03816,P01,2025-11-18,,Monthly,29.0,Active
S004642,C03817,P02,2025-02-06,,Monthly,79.0,Active
S004643,C03818,P03,2024-12-02,,Monthly,149.0,Active
S004644,C03818,P02,2025-08-18,,Monthly,79.0,Active
S004645,C03819,P01,2024-02-13,,Annual,29.0,Active
S004646,C03820,P02,2025-03-06,,Monthly,79.0,Active
S004647,C03821,P02,2025-03-03,,Monthly,79.0,Active
S004648,C03822,P01,2024-12-17,,Monthly,29.0,Active
S004649,C03823,P02,2025-03-04,,Monthly,79.0,Active
S004650,C03823,P03,2025-10-15,,Annual,149.0,Active
S004651,C03824,P02,2025-11-03,,Monthly,79.0,Active
S004652,C03825,P03,2025-10-21,,Monthly,149.0,Active
S004653,C03826,P01,2025-11-27,,Monthly,29.0,Active
S004654,C03827,P04,2025-03-05,,Monthly,399.0,Active
S004655,C03828,P03,2025-05-31,,Monthly,149.0,Active
S004656,C03829,P01,2025-01-17,,Monthly,29.0,Active
S004657,C03830,P02,2024-01-07,,Monthly,79.0,Active
S004658,C03830,P03,2025-12-20,,Monthly,149.0,Active
S004659,C03830,P02,2025-12-31,,Monthly,79.0,Active
S004660,C03831,P02,2024-11-04,,Annual,79.0,Active
S004661,C03831,P03,2025-09-25,,Monthly,149.0,Active
S004662,C03832,P02,2024-01-31,,Annual,79.0,Active
S004663,C03833,P02,2025-01-28,,Monthly,79.0,Active
S004664,C03834,P03,2024-01-08,,Monthly,149.0,Active
S004665,C03835,P02,2024-07-01,,Monthly,79.0,Active
S004666,C03836,P01,2024-12-23,2025-05-25,Monthly,29.0,Cancelled
S004667,C03837,P03,2024-06-21,,Annual,149.0,Active
S004668,C03838,P01,2024-04-22,,Monthly,29.0,Active
S004669,C03839,P02,2024-07-09,,Monthly,79.0,Active
S004670,C03839,P03,2025-06-07,,Monthly,149.0,Active
S004671,C03840,P02,2025-12-01,,Monthly,79.0,Active
S004672,C03841,P02,2025-05-03,,Monthly,79.0,Active
S004673,C03842,P01,2025-04-13,,Monthly,29.0,Active
S004674,C03843,P03,2025-11-16,,Monthly,149.0,Active
S004675,C03844,P01,2025-06-15,,Annual,29.0,Active
S004676,C03845,P02,2024-02-04,,Monthly,79.0,Active
S004677,C03846,P01,2024-02-12,,Annual,29.0,Active
S004678,C03846,P01,2025-07-28,,Monthly,29.0,Active
S004679,C03846,P01,2025-11-09,,Annual,29.0,Active
S004680,C03847,P02,2024-02-17,,Monthly,79.0,Active
S004681,C03848,P02,2024-11-03,,Monthly,79.0,Active
S004682,C03849,P01,2024-03-22,,Annual,29.0,Active
S004683,C03850,P01,2025-07-06,,Annual,29.0,Active
S004684,C03851,P01,2025-03-24,,Monthly,29.0,Active
S004685,C03852,P03,2025-04-13,2025-07-03,Annual,149.0,Cancelled
S004686,C03853,P02,2025-11-28,,Annual,79.0,Active
S004687,C03854,P02,2024-04-23,,Monthly,79.0,Active
S004688,C03854,P03,2025-02-25,,Monthly,149.0,Active
S004689,C03855,P02,2025-11-12,,Monthly,79.0,Active
S004690,C03856,P02,2024-12-17,,Annual,79.0,Active
S004691,C03857,P02,2025-02-27,2025-10-02,Monthly,79.0,Cancelled
S004692,C03858,P01,2024-10-22,,Monthly,29.0,Active
S004693,C03859,P01,2024-12-06,,Monthly,29.0,Active
S004694,C03859,P02,2025-10-19,,Monthly,79.0,Active
S004695,C03859,P01,2025-12-31,,Monthly,29.0,Active
S004696,C03860,P02,2025-01-31,,Monthly,79.0,Active
S004697,C03861,P03,2024-07-12,,Monthly,149.0,Active
S004698,C03861,P04,2025-10-17,,Monthly,399.0,Active
S004699,C03862,P02,2025-08-14,,Annual,79.0,Active
S004700,C03863,P02,2025-11-08,,Monthly,79.0,Active
S004701,C03864,P01,2025-10-04,,Monthly,29.0,Active
S004702,C03865,P03,2025-04-19,,Monthly,149.0,Active
S004703,C03866,P03,2024-06-23,,Annual,149.0,Active
S004704,C03867,P01,2024-08-16,,Monthly,29.0,Active
S004705,C03867,P02,2025-10-10,,Annual,79.0,Active
S004706,C03868,P04,2025-06-15,,Monthly,399.0,Active
S004707,C03869,P03,2024-09-25,,Monthly,149.0,Active
S004708,C03870,P02,2024-02-05,,Monthly,79.0,Active
S004709,C03871,P02,2024-03-04,2024-06-16,Annual,79.0,Cancelled
S004710,C03872,P03,2024-10-26,2025-04-29,Monthly,149.0,Cancelled
S004711,C03872,P02,2025-04-29,2025-08-11,Monthly,79.0,Cancelled
S004712,C03873,P01,2025-01-12,2025-05-31,Monthly,29.0,Cancelled
S004713,C03873,P02,2025-05-31,2025-11-19,Annual,79.0,Cancelled
S004714,C03874,P02,2024-04-28,,Annual,79.0,Active
S004715,C03875,P01,2025-06-29,2025-09-22,Monthly,29.0,Cancelled
S004716,C03876,P02,2024-02-02,,Monthly,79.0,Active
S004717,C03877,P02,2025-08-26,,Annual,79.0,Active
S004718,C03878,P01,2024-06-27,2024-09-28,Annual,29.0,Cancelled
S004719,C03879,P02,2025-03-26,2025-06-09,Monthly,79.0,Cancelled
S004720,C03880,P02,2025-06-30,2025-10-24,Monthly,79.0,Cancelled
S004721,C03881,P01,2024-04-27,,Monthly,29.0,Active
S004722,C03882,P01,2025-01-07,,Monthly,29.0,Active
S004723,C03883,P03,2025-07-03,,Monthly,149.0,Active
S004724,C03884,P02,2024-07-27,,Annual,79.0,Active
S004725,C03885,P02,2024-05-16,,Monthly,79.0,Active
S004726,C03886,P02,2024-08-08,,Annual,79.0,Active
S004727,C03886,P01,2025-06-27,,Annual,29.0,Active
S004728,C03886,P01,2025-09-25,,Annual,29.0,Active
S004729,C03887,P02,2024-03-17,,Monthly,79.0,Active
S004730,C03887,P03,2025-03-26,,Monthly,149.0,Active
S004731,C03888,P01,2025-03-23,,Monthly,29.0,Active
S004732,C03889,P01,2024-06-24,2025-02-20,Monthly,29.0,Cancelled
S004733,C03889,P01,2025-02-20,2025-02-27,Annual,29.0,Cancelled
S004734,C03890,P01,2024-02-20,,Annual,29.0,Active
S004735,C03891,P03,2024-10-04,,Monthly,149.0,Active
S004736,C03892,P02,2025-02-16,,Annual,79.0,Active
S004737,C03893,P01,2025-05-05,,Monthly,29.0,Active
S004738,C03893,P02,2025-09-25,,Annual,79.0,Active
S004739,C03894,P01,2025-03-06,,Annual,29.0,Active
S004740,C03895,P02,2024-05-06,,Monthly,79.0,Active
S004741,C03896,P02,2024-11-09,,Monthly,79.0,Active
S004742,C03897,P03,2024-05-28,,Monthly,149.0,Active
S004743,C03898,P02,2025-04-28,,Annual,79.0,Active
S004744,C03898,P01,2025-08-10,,Annual,29.0,Active
S004745,C03899,P01,2024-01-27,,Annual,29.0,Active
S004746,C03900,P02,2024-08-04,,Monthly,79.0,Active
S004747,C03900,P03,2024-12-12,,Annual,149.0,Active
S004748,C03901,P01,2025-05-01,,Monthly,29.0,Active
S004749,C03901,P02,2025-09-05,,Annual,79.0,Active
S004750,C03902,P04,2024-08-18,,Monthly,399.0,Active
S004751,C03903,P03,2024-02-11,,Monthly,149.0,Active
S004752,C03903,P04,2024-09-03,,Monthly,399.0,Active
S004753,C03904,P01,2025-06-22,,Annual,29.0,Active
S004754,C03905,P03,2025-08-09,,Monthly,149.0,Active
S004755,C03906,P01,2024-08-14,,Annual,29.0,Active
S004756,C03907,P01,2025-09-15,,Monthly,29.0,Active
S004757,C03908,P03,2024-02-19,,Monthly,149.0,Active
S004758,C03909,P02,2025-08-25,,Annual,79.0,Active
S004759,C03910,P03,2025-08-07,,Monthly,149.0,Active
S004760,C03911,P01,2024-11-02,2025-07-27,Monthly,29.0,Cancelled
S004761,C03912,P04,2025-05-10,,Monthly,399.0,Active
S004762,C03913,P03,2024-08-28,,Monthly,149.0,Active
S004763,C03913,P04,2025-04-02,,Monthly,399.0,Active
S004764,C03914,P03,2024-11-27,,Monthly,149.0,Active
S004765,C03915,P04,2024-10-14,,Monthly,399.0,Active
S004766,C03916,P02,2024-01-23,,Monthly,79.0,Active
S004767,C03916,P01,2025-09-03,,Monthly,29.0,Active
S004768,C03917,P02,2024-07-27,,Annual,79.0,Active
S004769,C03918,P03,2025-10-28,,Monthly,149.0,Active
S004770,C03919,P01,2024-10-21,,Annual,29.0,Active
S004771,C03919,P01,2025-07-09,,Monthly,29.0,Active
S004772,C03920,P03,2024-08-31,2025-12-26,Monthly,149.0,Cancelled
S004773,C03921,P03,2024-05-28,,Monthly,149.0,Active
S004774,C03922,P02,2024-02-18,2024-06-03,Monthly,79.0,Cancelled
S004775,C03923,P01,2024-11-07,,Monthly,29.0,Active
S004776,C03924,P02,2025-05-15,2025-08-09,Monthly,79.0,Cancelled
S004777,C03925,P01,2024-11-06,,Monthly,29.0,Active
S004778,C03926,P03,2024-10-11,2025-04-09,Monthly,149.0,Cancelled
S004779,C03927,P02,2025-09-19,,Annual,79.0,Active
S004780,C03928,P03,2025-01-22,,Monthly,149.0,Active
S004781,C03929,P03,2025-09-23,,Monthly,149.0,Active
S004782,C03930,P04,2024-02-17,,Monthly,399.0,Active
S004783,C03931,P01,2024-08-25,2025-01-22,Annual,29.0,Cancelled
S004784,C03932,P02,2024-12-06,,Annual,79.0,Active
S004785,C03933,P01,2024-05-16,,Monthly,29.0,Active
S004786,C03933,P01,2025-12-11,,Monthly,29.0,Active
S004787,C03933,P01,2025-12-31,,Monthly,29.0,Active
S004788,C03934,P01,2024-01-27,2025-02-18,Annual,29.0,Cancelled
S004789,C03934,P02,2025-02-18,2025-07-16,Annual,79.0,Cancelled
S004790,C03935,P03,2024-08-15,,Monthly,149.0,Active
S004791,C03936,P01,2024-11-10,,Annual,29.0,Active
S004792,C03936,P02,2025-05-10,,Annual,79.0,Active
S004793,C03936,P03,2025-12-02,,Monthly,149.0,Active
S004794,C03937,P03,2025-09-26,,Monthly,149.0,Active
S004795,C03938,P02,2025-08-09,,Monthly,79.0,Active
S004796,C03939,P01,2024-08-03,,Annual,29.0,Active
S004797,C03940,P01,2024-01-17,,Annual,29.0,Active
S004798,C03941,P02,2025-05-11,,Annual,79.0,Active
S004799,C03942,P02,2024-05-02,,Monthly,79.0,Active
S004800,C03943,P01,2024-12-15,,Monthly,29.0,Active
S004801,C03944,P01,2024-08-22,,Monthly,29.0,Active
S004802,C03945,P01,2025-06-29,,Annual,29.0,Active
S004803,C03946,P02,2025-02-07,,Monthly,79.0,Active
S004804,C03947,P02,2025-11-18,,Monthly,79.0,Active
S004805,C03948,P01,2025-08-08,,Annual,29.0,Active
S004806,C03949,P01,2025-10-06,,Monthly,29.0,Active
S004807,C03950,P01,2024-03-10,2024-06-12,Annual,29.0,Cancelled
S004808,C03951,P03,2024-12-02,2025-06-26,Monthly,149.0,Cancelled
S004809,C03952,P04,2024-03-04,,Monthly,399.0,Active
S004810,C03953,P04,2025-06-23,,Monthly,399.0,Active
S004811,C03954,P04,2025-11-16,,Monthly,399.0,Active
S004812,C03955,P01,2025-06-08,2025-10-01,Annual,29.0,Cancelled
S004813,C03956,P04,2024-02-29,,Monthly,399.0,Active
S004814,C03957,P01,2025-07-20,,Monthly,29.0,Active
S004815,C03958,P01,2025-08-23,,Monthly,29.0,Active
S004816,C03959,P02,2024-10-05,,Monthly,79.0,Active
S004817,C03959,P01,2025-11-17,,Annual,29.0,Active
S004818,C03960,P01,2024-11-30,2025-07-08,Annual,29.0,Cancelled
S004819,C03961,P02,2024-10-15,,Monthly,79.0,Active
S004820,C03961,P01,2025-06-27,,Monthly,29.0,Active
S004821,C03962,P01,2024-08-19,,Monthly,29.0,Active
S004822,C03963,P01,2025-01-15,,Annual,29.0,Active
S004823,C03964,P01,2025-01-10,,Annual,29.0,Active
S004824,C03965,P02,2024-01-11,,Monthly,79.0,Active
S004825,C03966,P01,2024-05-19,,Monthly,29.0,Active
S004826,C03967,P01,2025-02-28,2025-08-02,Annual,29.0,Cancelled
S004827,C03968,P02,2024-12-07,,Annual,79.0,Active
S004828,C03969,P01,2025-08-29,2025-10-30,Monthly,29.0,Cancelled
S004829,C03970,P02,2024-03-21,,Monthly,79.0,Active
S004830,C03970,P01,2024-12-29,,Monthly,29.0,Active
S004831,C03970,P02,2025-12-05,,Monthly,79.0,Active
S004832,C03971,P01,2024-07-14,,Annual,29.0,Active
S004833,C03972,P02,2025-04-22,2025-12-11,Monthly,79.0,Cancelled
S004834,C03973,P02,2025-01-11,,Monthly,79.0,Active
S004835,C03974,P03,2024-08-29,,Monthly,149.0,Active
S004836,C03975,P01,2025-10-20,,Monthly,29.0,Active
S004837,C03976,P02,2025-05-05,,Annual,79.0,Active
S004838,C03977,P02,2025-03-22,,Monthly,79.0,Active
S004839,C03978,P02,2025-03-20,,Monthly,79.0,Active
S004840,C03979,P04,2025-10-31,,Annual,399.0,Active
S004841,C03980,P02,2024-03-17,,Monthly,79.0,Active
S004842,C03981,P03,2025-04-14,,Monthly,149.0,Active
S004843,C03982,P02,2025-07-23,2025-10-26,Monthly,79.0,Cancelled
S004844,C03983,P02,2024-03-29,,Monthly,79.0,Active
S004845,C03983,P03,2025-06-12,,Monthly,149.0,Active
S004846,C03984,P01,2024-05-28,,Annual,29.0,Active
S004847,C03985,P03,2024-07-12,,Monthly,149.0,Active
S004848,C03986,P04,2025-05-29,2025-08-30,Annual,399.0,Cancelled
S004849,C03987,P01,2025-03-15,,Monthly,29.0,Active
S004850,C03988,P02,2025-06-11,,Annual,79.0,Active
S004851,C03989,P02,2024-12-12,,Annual,79.0,Active
S004852,C03990,P03,2024-08-25,,Monthly,149.0,Active
S004853,C03990,P04,2024-11-27,,Annual,399.0,Active
S004854,C03991,P02,2024-05-19,,Monthly,79.0,Active
S004855,C03992,P02,2025-08-03,,Annual,79.0,Active
S004856,C03993,P03,2024-04-03,,Monthly,149.0,Active
S004857,C03994,P01,2025-08-04,,Monthly,29.0,Active
S004858,C03995,P02,2024-06-09,,Monthly,79.0,Active
S004859,C03995,P01,2025-01-30,,Monthly,29.0,Active
S004860,C03996,P04,2025-01-23,,Annual,399.0,Active
S004861,C03997,P01,2024-01-21,,Monthly,29.0,Active
S004862,C03998,P02,2025-03-15,,Monthly,79.0,Active
S004863,C03999,P02,2025-08-29,,Monthly,79.0,Active
S004864,C04000,P01,2024-11-14,,Monthly,29.0,Active
S004865,C04000,P01,2025-08-27,,Annual,29.0,Active
S004866,C04001,P01,2025-08-08,,Monthly,29.0,Active
S004867,C04002,P01,2025-07-07,,Monthly,29.0,Active
S004868,C04003,P03,2024-01-11,,Monthly,149.0,Active
S004869,C04004,P04,2024-02-20,2024-08-10,Monthly,399.0,Cancelled
S004870,C04005,P03,2025-11-17,,Monthly,149.0,Active
S004871,C04006,P01,2025-01-11,,Annual,29.0,Active
S004872,C04007,P01,2024-04-03,,Monthly,29.0,Active
S004873,C04008,P01,2025-08-13,2025-11-14,Monthly,29.0,Cancelled
S004874,C04009,P03,2025-06-28,,Monthly,149.0,Active
S004875,C04009,P04,2025-09-28,,Annual,399.0,Active
S004876,C04010,P04,2024-01-31,,Annual,399.0,Active
S004877,C04011,P02,2025-10-10,,Annual,79.0,Active
S004878,C04012,P01,2024-04-10,,Monthly,29.0,Active
S004879,C04012,P02,2025-07-28,,Monthly,79.0,Active
S004880,C04013,P04,2025-03-17,,Monthly,399.0,Active
S004881,C04014,P03,2025-06-06,,Monthly,149.0,Active
S004882,C04014,P04,2025-12-12,,Monthly,399.0,Active
S004883,C04015,P03,2024-02-23,,Monthly,149.0,Active
S004884,C04016,P01,2025-09-24,,Monthly,29.0,Active
S004885,C04017,P02,2025-05-18,,Annual,79.0,Active
S004886,C04018,P01,2024-05-17,,Monthly,29.0,Active
S004887,C04019,P02,2025-06-04,,Annual,79.0,Active
S004888,C04020,P01,2024-04-12,,Monthly,29.0,Active
S004889,C04021,P02,2025-01-14,,Monthly,79.0,Active
S004890,C04022,P03,2024-10-30,,Monthly,149.0,Active
S004891,C04022,P04,2025-11-01,,Monthly,399.0,Active
S004892,C04023,P02,2024-03-21,,Monthly,79.0,Active
S004893,C04023,P03,2025-10-27,,Monthly,149.0,Active
S004894,C04024,P02,2025-02-12,,Monthly,79.0,Active
S004895,C04025,P02,2024-06-10,2025-11-27,Annual,79.0,Cancelled
S004896,C04026,P02,2024-05-03,,Monthly,79.0,Active
S004897,C04027,P02,2025-10-05,,Monthly,79.0,Active
S004898,C04028,P03,2024-06-24,,Annual,149.0,Active
S004899,C04029,P01,2025-08-26,,Monthly,29.0,Active
S004900,C04030,P02,2024-06-22,2025-04-27,Annual,79.0,Cancelled
S004901,C04031,P02,2024-04-26,,Monthly,79.0,Active
S004902,C04032,P01,2025-06-08,2025-12-03,Annual,29.0,Cancelled
S004903,C04033,P04,2024-06-06,,Monthly,399.0,Active
S004904,C04034,P02,2025-10-12,,Monthly,79.0,Active
S004905,C04035,P03,2025-06-20,,Monthly,149.0,Active
S004906,C04036,P02,2025-11-20,,Monthly,79.0,Active
S004907,C04037,P02,2025-04-13,,Annual,79.0,Active
S004908,C04038,P01,2025-01-19,,Monthly,29.0,Active
S004909,C04039,P01,2024-09-24,,Monthly,29.0,Active
S004910,C04039,P02,2025-05-13,,Monthly,79.0,Active
S004911,C04040,P02,2024-05-14,,Monthly,79.0,Active
S004912,C04041,P01,2024-11-13,,Annual,29.0,Active
S004913,C04041,P01,2025-04-17,,Annual,29.0,Active
S004914,C04042,P02,2024-01-08,,Monthly,79.0,Active
S004915,C04043,P04,2024-01-21,,Monthly,399.0,Active
S004916,C04044,P04,2025-04-05,,Monthly,399.0,Active
S004917,C04045,P02,2024-12-26,,Monthly,79.0,Active
S004918,C04046,P03,2025-02-19,,Monthly,149.0,Active
S004919,C04047,P02,2025-08-17,,Annual,79.0,Active
S004920,C04048,P03,2024-01-25,,Annual,149.0,Active
S004921,C04049,P01,2025-07-12,2025-10-07,Monthly,29.0,Cancelled
S004922,C04050,P01,2025-11-27,,Monthly,29.0,Active
S004923,C04051,P04,2024-11-15,,Monthly,399.0,Active
S004924,C04051,P04,2025-10-29,,Monthly,399.0,Active
S004925,C04051,P04,2025-12-31,,Monthly,399.0,Active
S004926,C04052,P01,2025-08-11,,Monthly,29.0,Active
S004927,C04053,P03,2025-09-30,2025-12-07,Monthly,149.0,Cancelled
S004928,C04054,P01,2025-07-15,,Monthly,29.0,Active
S004929,C04055,P02,2025-01-17,,Monthly,79.0,Active
S004930,C04056,P03,2025-05-26,,Monthly,149.0,Active
S004931,C04057,P03,2024-07-05,,Monthly,149.0,Active
S004932,C04057,P04,2025-11-04,,Monthly,399.0,Active
S004933,C04058,P01,2025-03-04,,Monthly,29.0,Active
S004934,C04059,P02,2025-03-15,,Annual,79.0,Active
S004935,C04059,P03,2025-10-26,,Monthly,149.0,Active
S004936,C04060,P01,2025-08-06,,Monthly,29.0,Active
S004937,C04061,P02,2024-01-05,,Annual,79.0,Active
S004938,C04062,P01,2024-07-15,,Monthly,29.0,Active
S004939,C04063,P03,2025-07-24,,Monthly,149.0,Active
S004940,C04064,P03,2025-09-14,,Monthly,149.0,Active
S004941,C04065,P02,2024-05-02,,Annual,79.0,Active
S004942,C04065,P03,2024-08-08,,Annual,149.0,Active
S004943,C04066,P01,2024-10-14,,Annual,29.0,Active
S004944,C04066,P02,2025-08-15,,Monthly,79.0,Active
S004945,C04067,P02,2025-09-28,,Annual,79.0,Active
S004946,C04068,P02,2024-12-08,,Monthly,79.0,Active
S004947,C04069,P01,2024-10-30,,Monthly,29.0,Active
S004948,C04069,P02,2025-02-11,,Monthly,79.0,Active
S004949,C04070,P02,2024-08-18,2024-11-05,Monthly,79.0,Cancelled
S004950,C04071,P01,2025-04-02,,Monthly,29.0,Active
S004951,C04072,P02,2025-08-21,,Monthly,79.0,Active
S004952,C04073,P02,2024-12-08,,Monthly,79.0,Active
S004953,C04074,P01,2024-05-04,2025-04-28,Monthly,29.0,Cancelled
S004954,C04075,P01,2025-09-27,,Annual,29.0,Active
S004955,C04076,P02,2024-07-19,,Monthly,79.0,Active
S004956,C04077,P02,2025-06-04,,Monthly,79.0,Active
S004957,C04077,P03,2025-11-02,,Monthly,149.0,Active
S004958,C04078,P03,2024-06-09,,Monthly,149.0,Active
S004959,C04078,P04,2025-01-28,,Monthly,399.0,Active
S004960,C04079,P03,2025-03-27,2025-06-26,Monthly,149.0,Cancelled
S004961,C04080,P01,2024-08-30,,Monthly,29.0,Active
S004962,C04081,P03,2024-04-26,,Monthly,149.0,Active
S004963,C04081,P04,2025-06-30,,Monthly,399.0,Active
S004964,C04082,P01,2024-03-23,,Monthly,29.0,Active
S004965,C04082,P02,2025-03-07,,Monthly,79.0,Active
S004966,C04082,P01,2025-10-31,,Annual,29.0,Active
S004967,C04083,P01,2024-11-23,,Monthly,29.0,Active
S004968,C04083,P02,2025-04-09,,Monthly,79.0,Active
S004969,C04083,P01,2025-10-03,,Monthly,29.0,Active
S004970,C04084,P01,2025-05-11,,Monthly,29.0,Active
S004971,C04085,P01,2024-12-22,,Monthly,29.0,Active
S004972,C04086,P03,2024-10-05,,Monthly,149.0,Active
S004973,C04086,P02,2025-12-07,,Monthly,79.0,Active
S004974,C04087,P03,2025-03-14,,Monthly,149.0,Active
S004975,C04088,P02,2024-03-03,,Monthly,79.0,Active
S004976,C04088,P03,2025-12-23,,Annual,149.0,Active
S004977,C04089,P01,2024-05-20,,Annual,29.0,Active
S004978,C04090,P03,2025-11-05,,Monthly,149.0,Active
S004979,C04091,P01,2024-08-17,,Annual,29.0,Active
S004980,C04092,P01,2025-01-09,,Monthly,29.0,Active
S004981,C04093,P03,2025-03-14,,Annual,149.0,Active
S004982,C04093,P04,2025-08-21,,Annual,399.0,Active
S004983,C04094,P04,2024-02-12,,Annual,399.0,Active
S004984,C04094,P04,2025-06-05,,Monthly,399.0,Active
S004985,C04095,P03,2025-04-15,2025-08-27,Annual,149.0,Cancelled
S004986,C04096,P03,2024-10-05,,Monthly,149.0,Active
S004987,C04097,P02,2024-11-01,,Monthly,79.0,Active
S004988,C04098,P03,2025-07-23,,Monthly,149.0,Active
S004989,C04099,P02,2024-09-06,,Monthly,79.0,Active
S004990,C04099,P01,2025-11-24,,Annual,29.0,Active
S004991,C04100,P03,2024-12-07,,Monthly,149.0,Active
S004992,C04101,P02,2024-04-23,,Monthly,79.0,Active
S004993,C04102,P04,2024-07-27,2025-05-16,Annual,399.0,Cancelled
S004994,C04103,P03,2025-07-26,,Monthly,149.0,Active
S004995,C04104,P01,2025-08-17,2025-11-20,Monthly,29.0,Cancelled
S004996,C04105,P03,2025-09-20,,Monthly,149.0,Active
S004997,C04106,P02,2024-09-10,2025-05-06,Monthly,79.0,Cancelled
S004998,C04107,P03,2025-07-13,,Monthly,149.0,Active
S004999,C04108,P03,2024-12-14,,Monthly,149.0,Active
S005000,C04109,P01,2025-09-21,,Monthly,29.0,Active
S005001,C04110,P02,2025-03-22,2025-07-10,Monthly,79.0,Cancelled
S005002,C04111,P01,2025-06-14,,Monthly,29.0,Active
S005003,C04112,P01,2025-10-31,,Monthly,29.0,Active
S005004,C04113,P02,2024-08-20,,Monthly,79.0,Active
S005005,C04114,P01,2025-06-06,2025-11-07,Monthly,29.0,Cancelled
S005006,C04115,P04,2025-03-11,2025-08-25,Monthly,399.0,Cancelled
S005007,C04116,P02,2025-05-11,,Annual,79.0,Active
S005008,C04117,P02,2025-11-16,,Monthly,79.0,Active
S005009,C04118,P01,2025-06-12,2025-10-29,Annual,29.0,Cancelled
S005010,C04119,P02,2025-03-01,,Annual,79.0,Active
S005011,C04120,P01,2024-04-16,,Monthly,29.0,Active
S005012,C04121,P01,2024-06-11,2024-10-01,Monthly,29.0,Cancelled
S005013,C04122,P01,2024-05-31,,Monthly,29.0,Active
S005014,C04123,P02,2025-06-01,,Monthly,79.0,Active
S005015,C04123,P03,2025-11-18,,Monthly,149.0,Active
S005016,C04124,P03,2024-02-26,,Annual,149.0,Active
S005017,C04124,P04,2025-06-28,,Monthly,399.0,Active
S005018,C04124,P03,2025-10-29,,Monthly,149.0,Active
S005019,C04125,P01,2024-09-14,2025-08-03,Annual,29.0,Cancelled
S005020,C04126,P01,2024-01-25,,Monthly,29.0,Active
S005021,C04127,P03,2025-08-19,,Monthly,149.0,Active
S005022,C04128,P02,2024-05-29,,Monthly,79.0,Active
S005023,C04129,P01,2025-03-15,,Monthly,29.0,Active
S005024,C04130,P02,2025-08-12,,Monthly,79.0,Active
S005025,C04131,P01,2024-06-20,,Monthly,29.0,Active
S005026,C04132,P01,2025-09-15,2025-12-29,Annual,29.0,Cancelled
S005027,C04133,P03,2025-06-07,,Monthly,149.0,Active
S005028,C04133,P04,2025-11-22,,Monthly,399.0,Active
S005029,C04134,P02,2024-11-01,,Monthly,79.0,Active
S005030,C04135,P01,2025-10-23,,Annual,29.0,Active
S005031,C04136,P03,2024-12-18,,Monthly,149.0,Active
S005032,C04137,P03,2025-02-14,,Monthly,149.0,Active
S005033,C04138,P03,2025-07-26,,Monthly,149.0,Active
S005034,C04139,P03,2024-05-27,,Monthly,149.0,Active
S005035,C04140,P04,2025-07-10,,Annual,399.0,Active
S005036,C04141,P03,2024-11-05,,Monthly,149.0,Active
S005037,C04142,P01,2024-04-25,,Monthly,29.0,Active
S005038,C04143,P02,2025-07-15,,Monthly,79.0,Active
S005039,C04144,P02,2024-09-15,,Monthly,79.0,Active
S005040,C04145,P02,2024-04-04,,Annual,79.0,Active
S005041,C04145,P03,2024-09-17,,Annual,149.0,Active
S005042,C04145,P02,2025-02-03,,Monthly,79.0,Active
S005043,C04146,P04,2025-06-05,,Monthly,399.0,Active
S005044,C04147,P02,2025-02-14,,Monthly,79.0,Active
S005045,C04148,P01,2025-07-08,,Monthly,29.0,Active
S005046,C04149,P03,2025-10-31,,Monthly,149.0,Active
S005047,C04150,P02,2025-01-13,,Monthly,79.0,Active
S005048,C04150,P03,2025-04-20,,Annual,149.0,Active
S005049,C04151,P01,2024-01-16,2024-11-19,Monthly,29.0,Cancelled
S005050,C04151,P02,2024-11-19,2025-08-29,Monthly,79.0,Cancelled
S005051,C04152,P02,2025-04-11,,Monthly,79.0,Active
S005052,C04152,P01,2025-10-21,,Monthly,29.0,Active
S005053,C04153,P01,2025-03-26,,Annual,29.0,Active
S005054,C04154,P01,2025-09-28,,Monthly,29.0,Active
S005055,C04155,P02,2025-04-13,,Annual,79.0,Active
S005056,C04156,P01,2024-02-07,,Monthly,29.0,Active
S005057,C04157,P02,2024-02-10,,Monthly,79.0,Active
S005058,C04158,P01,2025-04-08,,Monthly,29.0,Active
S005059,C04159,P03,2024-02-21,2025-02-15,Monthly,149.0,Cancelled
S005060,C04160,P02,2025-08-02,,Monthly,79.0,Active
S005061,C04161,P03,2025-02-03,,Monthly,149.0,Active
S005062,C04162,P01,2025-04-09,2025-10-27,Annual,29.0,Cancelled
S005063,C04163,P04,2025-11-25,,Monthly,399.0,Active
S005064,C04164,P04,2024-08-27,,Monthly,399.0,Active
S005065,C04164,P04,2025-04-11,,Monthly,399.0,Active
S005066,C04165,P03,2025-04-20,,Monthly,149.0,Active
S005067,C04166,P03,2024-11-28,,Monthly,149.0,Active
S005068,C04167,P01,2025-04-21,,Monthly,29.0,Active
S005069,C04168,P01,2025-04-02,2025-09-23,Monthly,29.0,Cancelled
S005070,C04169,P03,2024-09-22,,Monthly,149.0,Active
S005071,C04170,P02,2024-08-30,,Annual,79.0,Active
S005072,C04171,P02,2025-10-19,,Monthly,79.0,Active
S005073,C04172,P03,2024-06-22,,Monthly,149.0,Active
S005074,C04172,P04,2025-09-26,,Annual,399.0,Active
S005075,C04173,P04,2025-06-27,,Monthly,399.0,Active
S005076,C04173,P04,2025-12-14,,Monthly,399.0,Active
S005077,C04174,P03,2025-07-04,,Monthly,149.0,Active
S005078,C04175,P03,2024-11-03,,Monthly,149.0,Active
S005079,C04176,P03,2024-06-07,,Monthly,149.0,Active
S005080,C04176,P04,2024-09-20,,Monthly,399.0,Active
S005081,C04177,P01,2024-10-02,,Annual,29.0,Active
S005082,C04178,P02,2025-06-10,2025-11-22,Monthly,79.0,Cancelled
S005083,C04179,P02,2024-08-12,,Annual,79.0,Active
S005084,C04179,P03,2025-10-21,,Monthly,149.0,Active
S005085,C04180,P02,2024-05-21,,Monthly,79.0,Active
S005086,C04180,P03,2025-01-29,,Annual,149.0,Active
S005087,C04181,P01,2024-11-20,2025-05-29,Annual,29.0,Cancelled
S005088,C04182,P03,2025-07-11,,Monthly,149.0,Active
S005089,C04183,P03,2024-02-21,,Monthly,149.0,Active
S005090,C04184,P04,2025-06-13,,Monthly,399.0,Active
S005091,C04184,P03,2025-12-14,,Monthly,149.0,Active
S005092,C04185,P04,2025-05-10,,Monthly,399.0,Active
S005093,C04186,P04,2025-02-06,,Annual,399.0,Active
S005094,C04186,P04,2025-09-26,,Monthly,399.0,Active
S005095,C04187,P02,2024-12-07,,Annual,79.0,Active
S005096,C04188,P01,2024-08-16,,Monthly,29.0,Active
S005097,C04189,P03,2025-02-14,,Monthly,149.0,Active
S005098,C04190,P01,2024-01-13,,Monthly,29.0,Active
S005099,C04191,P01,2024-10-09,,Monthly,29.0,Active
S005100,C04192,P01,2024-03-09,,Monthly,29.0,Active
S005101,C04193,P03,2025-06-13,,Monthly,149.0,Active
S005102,C04194,P02,2025-06-17,,Annual,79.0,Active
S005103,C04194,P01,2025-10-29,,Annual,29.0,Active
S005104,C04195,P03,2024-09-08,,Annual,149.0,Active
S005105,C04196,P01,2025-11-20,,Annual,29.0,Active
S005106,C04197,P01,2024-01-03,,Monthly,29.0,Active
S005107,C04197,P02,2025-01-21,,Annual,79.0,Active
S005108,C04197,P03,2025-08-11,,Monthly,149.0,Active
S005109,C04198,P01,2025-01-01,,Annual,29.0,Active
S005110,C04199,P02,2025-11-25,,Monthly,79.0,Active
S005111,C04200,P03,2024-06-03,2024-11-18,Monthly,149.0,Cancelled
S005112,C04201,P03,2025-02-12,,Monthly,149.0,Active
S005113,C04202,P03,2024-05-19,,Annual,149.0,Active
S005114,C04203,P02,2025-02-19,,Monthly,79.0,Active
S005115,C04204,P01,2025-09-05,,Monthly,29.0,Active
S005116,C04205,P02,2024-11-13,,Annual,79.0,Active
S005117,C04206,P04,2025-07-29,,Monthly,399.0,Active
S005118,C04207,P04,2025-09-30,,Annual,399.0,Active
S005119,C04208,P01,2024-01-28,,Monthly,29.0,Active
S005120,C04209,P02,2024-12-25,,Monthly,79.0,Active
S005121,C04210,P01,2024-08-13,2024-11-18,Annual,29.0,Cancelled
S005122,C04211,P02,2025-12-01,,Monthly,79.0,Active
S005123,C04212,P03,2025-05-05,,Monthly,149.0,Active
S005124,C04213,P03,2025-04-21,,Annual,149.0,Active
S005125,C04213,P04,2025-09-18,,Monthly,399.0,Active
S005126,C04214,P01,2025-08-18,2025-11-26,Monthly,29.0,Cancelled
S005127,C04215,P02,2024-03-09,,Monthly,79.0,Active
S005128,C04216,P03,2024-07-25,,Annual,149.0,Active
S005129,C04217,P02,2025-07-30,,Monthly,79.0,Active
S005130,C04218,P02,2024-05-27,,Monthly,79.0,Active
S005131,C04218,P01,2025-07-09,,Monthly,29.0,Active
S005132,C04219,P04,2025-09-17,,Monthly,399.0,Active
S005133,C04220,P01,2024-10-10,,Monthly,29.0,Active
S005134,C04220,P02,2025-04-02,,Monthly,79.0,Active
S005135,C04221,P04,2024-03-27,,Monthly,399.0,Active
S005136,C04222,P01,2025-02-27,,Annual,29.0,Active
S005137,C04223,P01,2024-07-29,,Monthly,29.0,Active
S005138,C04224,P01,2024-05-06,,Monthly,29.0,Active
S005139,C04224,P01,2025-03-12,,Monthly,29.0,Active
S005140,C04224,P02,2025-10-12,,Monthly,79.0,Active
S005141,C04225,P01,2025-12-01,,Monthly,29.0,Active
S005142,C04226,P03,2025-01-12,,Monthly,149.0,Active
S005143,C04226,P04,2025-04-18,,Annual,399.0,Active
S005144,C04227,P03,2025-01-30,2025-08-12,Annual,149.0,Cancelled
S005145,C04228,P03,2025-10-08,2025-12-19,Monthly,149.0,Cancelled
S005146,C04229,P03,2024-01-07,,Monthly,149.0,Active
S005147,C04230,P02,2024-02-01,,Annual,79.0,Active
S005148,C04231,P02,2025-02-14,,Monthly,79.0,Active
S005149,C04232,P01,2024-01-26,,Monthly,29.0,Active
S005150,C04232,P02,2025-12-21,,Annual,79.0,Active
S005151,C04232,P01,2025-12-31,,Monthly,29.0,Active
S005152,C04233,P01,2025-02-17,,Annual,29.0,Active
S005153,C04234,P04,2025-05-13,,Monthly,399.0,Active
S005154,C04235,P04,2025-06-29,,Monthly,399.0,Active
S005155,C04236,P02,2024-04-13,2025-05-28,Monthly,79.0,Cancelled
S005156,C04237,P03,2024-04-15,,Monthly,149.0,Active
S005157,C04237,P02,2025-12-02,,Monthly,79.0,Active
S005158,C04238,P03,2025-02-27,2025-06-07,Annual,149.0,Cancelled
S005159,C04239,P03,2025-06-24,,Monthly,149.0,Active
S005160,C04240,P03,2025-10-07,,Monthly,149.0,Active
S005161,C04241,P02,2025-08-19,,Monthly,79.0,Active
S005162,C04242,P02,2025-08-06,2025-10-12,Monthly,79.0,Cancelled
S005163,C04243,P01,2024-05-12,,Monthly,29.0,Active
S005164,C04243,P02,2025-02-25,,Monthly,79.0,Active
S005165,C04244,P01,2025-11-29,,Monthly,29.0,Active
S005166,C04245,P02,2024-05-30,,Annual,79.0,Active
S005167,C04246,P04,2025-09-05,,Monthly,399.0,Active
S005168,C04247,P03,2024-02-12,,Monthly,149.0,Active
S005169,C04247,P04,2025-05-28,,Annual,399.0,Active
S005170,C04247,P04,2025-12-01,,Monthly,399.0,Active
S005171,C04248,P03,2024-05-04,,Monthly,149.0,Active
S005172,C04249,P03,2024-04-26,2025-06-04,Monthly,149.0,Cancelled
S005173,C04250,P04,2025-04-20,,Monthly,399.0,Active
S005174,C04251,P04,2024-05-07,,Monthly,399.0,Active
S005175,C04251,P04,2025-09-07,,Monthly,399.0,Active
S005176,C04252,P01,2024-05-08,,Monthly,29.0,Active
S005177,C04253,P01,2024-09-16,,Monthly,29.0,Active
S005178,C04254,P01,2024-11-08,,Annual,29.0,Active
S005179,C04254,P01,2025-02-18,,Monthly,29.0,Active
S005180,C04254,P02,2025-10-15,,Monthly,79.0,Active
S005181,C04255,P03,2024-12-29,,Monthly,149.0,Active
S005182,C04256,P03,2025-08-10,,Annual,149.0,Active
S005183,C04257,P03,2025-10-14,,Monthly,149.0,Active
S005184,C04258,P02,2024-01-08,,Monthly,79.0,Active
S005185,C04259,P01,2024-12-15,,Monthly,29.0,Active
S005186,C04260,P01,2025-10-30,,Monthly,29.0,Active
S005187,C04261,P02,2024-09-21,2025-11-28,Monthly,79.0,Cancelled
S005188,C04262,P02,2024-12-15,,Monthly,79.0,Active
S005189,C04263,P01,2024-11-06,,Monthly,29.0,Active
S005190,C04264,P01,2024-12-18,2025-10-06,Monthly,29.0,Cancelled
S005191,C04265,P04,2024-12-17,,Monthly,399.0,Active
S005192,C04266,P02,2025-03-24,,Monthly,79.0,Active
S005193,C04267,P01,2024-08-11,,Monthly,29.0,Active
S005194,C04268,P02,2025-05-30,,Annual,79.0,Active
S005195,C04268,P01,2025-12-08,,Annual,29.0,Active
S005196,C04269,P03,2025-10-09,2025-12-13,Monthly,149.0,Cancelled
S005197,C04270,P01,2025-07-17,,Monthly,29.0,Active
S005198,C04271,P03,2025-02-21,,Monthly,149.0,Active
S005199,C04272,P01,2025-01-04,,Annual,29.0,Active
S005200,C04273,P03,2024-12-31,,Monthly,149.0,Active
S005201,C04274,P03,2024-09-12,,Monthly,149.0,Active
S005202,C04275,P02,2024-08-20,2024-11-29,Annual,79.0,Cancelled
S005203,C04275,P03,2024-11-29,2025-04-16,Annual,149.0,Cancelled
S005204,C04276,P02,2024-06-12,,Annual,79.0,Active
S005205,C04276,P01,2025-12-28,,Monthly,29.0,Active
S005206,C04277,P02,2024-09-14,,Monthly,79.0,Active
S005207,C04277,P03,2025-10-18,,Monthly,149.0,Active
S005208,C04278,P01,2024-12-07,,Monthly,29.0,Active
S005209,C04279,P01,2024-12-22,,Monthly,29.0,Active
S005210,C04280,P02,2025-06-14,,Monthly,79.0,Active
S005211,C04281,P01,2025-01-15,,Monthly,29.0,Active
S005212,C04282,P02,2024-03-23,,Annual,79.0,Active
S005213,C04283,P02,2025-08-22,,Monthly,79.0,Active
S005214,C04284,P03,2025-07-22,,Annual,149.0,Active
S005215,C04285,P01,2024-07-20,,Monthly,29.0,Active
S005216,C04286,P01,2025-08-12,,Annual,29.0,Active
S005217,C04287,P01,2025-10-21,,Monthly,29.0,Active
S005218,C04288,P03,2024-09-22,,Monthly,149.0,Active
S005219,C04289,P01,2024-03-02,,Annual,29.0,Active
S005220,C04290,P04,2024-12-24,,Monthly,399.0,Active
S005221,C04290,P04,2025-11-13,,Monthly,399.0,Active
S005222,C04290,P04,2025-12-31,,Monthly,399.0,Active
S005223,C04291,P01,2025-08-26,,Monthly,29.0,Active
S005224,C04292,P02,2025-07-29,,Monthly,79.0,Active
S005225,C04293,P01,2025-02-24,,Monthly,29.0,Active
S005226,C04294,P02,2024-06-13,,Annual,79.0,Active
S005227,C04294,P01,2025-01-07,,Monthly,29.0,Active
S005228,C04295,P01,2025-06-05,,Monthly,29.0,Active
S005229,C04296,P03,2025-08-16,,Monthly,149.0,Active
S005230,C04297,P02,2025-02-04,,Monthly,79.0,Active
S005231,C04297,P01,2025-08-31,,Annual,29.0,Active
S005232,C04298,P02,2025-10-27,,Monthly,79.0,Active
S005233,C04299,P03,2024-11-14,,Monthly,149.0,Active
S005234,C04300,P02,2024-12-28,,Monthly,79.0,Active
S005235,C04301,P02,2025-10-08,,Annual,79.0,Active
S005236,C04302,P02,2024-10-31,,Monthly,79.0,Active
S005237,C04303,P02,2024-04-08,,Monthly,79.0,Active
S005238,C04304,P01,2025-08-17,,Monthly,29.0,Active
S005239,C04305,P03,2025-03-11,,Monthly,149.0,Active
S005240,C04305,P04,2025-09-09,,Monthly,399.0,Active
S005241,C04306,P01,2025-06-18,,Monthly,29.0,Active
S005242,C04307,P01,2024-01-07,2025-06-01,Annual,29.0,Cancelled
S005243,C04308,P03,2024-03-13,,Monthly,149.0,Active
S005244,C04309,P03,2025-07-12,,Monthly,149.0,Active
S005245,C04310,P01,2025-06-26,2025-09-24,Monthly,29.0,Cancelled
S005246,C04311,P04,2025-11-11,,Monthly,399.0,Active
S005247,C04312,P04,2025-04-09,,Monthly,399.0,Active
S005248,C04313,P03,2024-10-28,,Monthly,149.0,Active
S005249,C04314,P04,2024-07-05,,Monthly,399.0,Active
S005250,C04315,P02,2024-10-31,,Monthly,79.0,Active
S005251,C04316,P03,2024-04-07,,Monthly,149.0,Active
S005252,C04317,P03,2025-01-16,,Annual,149.0,Active
S005253,C04317,P04,2025-10-21,,Monthly,399.0,Active
S005254,C04318,P02,2025-07-18,,Monthly,79.0,Active
S005255,C04319,P01,2025-01-29,,Monthly,29.0,Active
S005256,C04320,P02,2024-08-08,,Monthly,79.0,Active
S005257,C04321,P03,2024-03-27,2025-04-06,Monthly,149.0,Cancelled
S005258,C04322,P01,2024-11-24,2025-02-01,Annual,29.0,Cancelled
S005259,C04323,P01,2024-02-09,,Monthly,29.0,Active
S005260,C04323,P02,2024-12-30,,Monthly,79.0,Active
S005261,C04323,P03,2025-10-30,,Monthly,149.0,Active
S005262,C04324,P03,2024-01-02,,Annual,149.0,Active
S005263,C04324,P04,2025-07-06,,Monthly,399.0,Active
S005264,C04324,P03,2025-10-23,,Monthly,149.0,Active
S005265,C04325,P02,2024-02-12,,Monthly,79.0,Active
S005266,C04326,P01,2024-07-20,,Annual,29.0,Active
S005267,C04327,P02,2025-05-22,,Monthly,79.0,Active
S005268,C04328,P01,2025-06-20,2025-09-16,Annual,29.0,Cancelled
S005269,C04329,P03,2025-11-10,,Monthly,149.0,Active
S005270,C04330,P02,2024-03-16,,Monthly,79.0,Active
S005271,C04331,P03,2025-03-22,2025-06-26,Annual,149.0,Cancelled
S005272,C04331,P02,2025-06-26,2025-12-22,Annual,79.0,Cancelled
S005273,C04332,P02,2025-06-27,,Monthly,79.0,Active
S005274,C04333,P01,2025-11-30,,Monthly,29.0,Active
S005275,C04334,P02,2025-09-16,,Monthly,79.0,Active
S005276,C04335,P03,2024-08-05,,Monthly,149.0,Active
S005277,C04336,P03,2024-11-07,,Monthly,149.0,Active
S005278,C04337,P02,2024-01-27,,Monthly,79.0,Active
S005279,C04338,P02,2025-07-20,,Monthly,79.0,Active
S005280,C04339,P01,2025-10-21,,Annual,29.0,Active
S005281,C04340,P01,2025-05-02,,Monthly,29.0,Active
S005282,C04341,P02,2024-03-06,,Monthly,79.0,Active
S005283,C04342,P04,2024-01-01,,Monthly,399.0,Active
S005284,C04343,P02,2025-01-05,,Monthly,79.0,Active
S005285,C04344,P03,2024-04-24,2025-12-08,Monthly,149.0,Cancelled
S005286,C04345,P02,2025-04-25,,Monthly,79.0,Active
S005287,C04345,P03,2025-12-26,,Monthly,149.0,Active
S005288,C04346,P02,2025-09-06,,Annual,79.0,Active
S005289,C04347,P03,2024-09-01,,Monthly,149.0,Active
S005290,C04348,P01,2025-06-24,2025-10-11,Monthly,29.0,Cancelled
S005291,C04349,P02,2025-10-26,,Annual,79.0,Active
S005292,C04350,P04,2024-06-19,2025-05-09,Monthly,399.0,Cancelled
S005293,C04351,P02,2024-01-06,,Monthly,79.0,Active
S005294,C04352,P02,2024-09-02,,Annual,79.0,Active
S005295,C04353,P03,2025-07-14,,Monthly,149.0,Active
S005296,C04354,P01,2025-02-08,,Monthly,29.0,Active
S005297,C04355,P01,2025-02-28,,Monthly,29.0,Active
S005298,C04356,P02,2025-08-04,,Monthly,79.0,Active
S005299,C04357,P03,2024-11-26,,Monthly,149.0,Active
S005300,C04358,P04,2024-09-04,,Monthly,399.0,Active
S005301,C04359,P01,2025-10-30,,Monthly,29.0,Active
S005302,C04360,P02,2025-07-22,,Monthly,79.0,Active
S005303,C04361,P04,2024-06-06,,Monthly,399.0,Active
S005304,C04362,P02,2024-12-15,,Monthly,79.0,Active
S005305,C04363,P01,2025-08-17,,Monthly,29.0,Active
S005306,C04364,P03,2025-08-22,,Monthly,149.0,Active
S005307,C04365,P03,2025-11-20,,Monthly,149.0,Active
S005308,C04366,P01,2024-06-09,,Annual,29.0,Active
S005309,C04366,P02,2025-01-16,,Monthly,79.0,Active
S005310,C04367,P01,2024-09-01,,Annual,29.0,Active
S005311,C04368,P01,2025-08-17,,Annual,29.0,Active
S005312,C04369,P03,2024-03-07,,Annual,149.0,Active
S005313,C04370,P02,2025-01-05,,Monthly,79.0,Active
S005314,C04370,P03,2025-07-25,,Monthly,149.0,Active
S005315,C04371,P01,2025-03-02,,Annual,29.0,Active
S005316,C04372,P02,2025-11-22,,Annual,79.0,Active
S005317,C04373,P01,2024-06-06,,Monthly,29.0,Active
S005318,C04374,P03,2025-05-23,,Annual,149.0,Active
S005319,C04375,P01,2024-03-12,,Monthly,29.0,Active
S005320,C04376,P03,2024-02-22,,Annual,149.0,Active
S005321,C04377,P01,2025-05-16,,Annual,29.0,Active
S005322,C04378,P02,2025-03-02,,Monthly,79.0,Active
S005323,C04378,P01,2025-10-17,,Annual,29.0,Active
S005324,C04379,P04,2025-01-11,,Monthly,399.0,Active
S005325,C04380,P03,2025-10-05,,Monthly,149.0,Active
S005326,C04381,P01,2025-03-20,2025-07-11,Annual,29.0,Cancelled
S005327,C04382,P02,2025-03-15,,Monthly,79.0,Active
S005328,C04382,P03,2025-06-13,,Monthly,149.0,Active
S005329,C04383,P02,2024-01-14,,Annual,79.0,Active
S005330,C04384,P03,2024-04-17,,Monthly,149.0,Active
S005331,C04385,P02,2025-09-06,,Annual,79.0,Active
S005332,C04386,P01,2024-03-11,,Monthly,29.0,Active
S005333,C04387,P02,2025-03-17,2025-10-02,Monthly,79.0,Cancelled
S005334,C04387,P03,2025-10-02,2025-10-29,Monthly,149.0,Cancelled
S005335,C04388,P01,2025-03-17,,Monthly,29.0,Active
S005336,C04389,P01,2025-01-02,2025-07-16,Annual,29.0,Cancelled
S005337,C04390,P04,2024-12-11,2025-06-16,Monthly,399.0,Cancelled
S005338,C04391,P03,2024-10-28,,Monthly,149.0,Active
S005339,C04391,P04,2025-06-23,,Annual,399.0,Active
S005340,C04392,P01,2024-04-14,,Monthly,29.0,Active
S005341,C04393,P01,2024-07-13,,Monthly,29.0,Active
S005342,C04393,P02,2024-12-28,,Monthly,79.0,Active
S005343,C04393,P03,2025-05-11,,Annual,149.0,Active
S005344,C04394,P02,2025-07-09,,Monthly,79.0,Active
S005345,C04395,P02,2024-12-08,,Monthly,79.0,Active
S005346,C04395,P03,2025-10-23,,Annual,149.0,Active
S005347,C04396,P03,2024-10-20,,Monthly,149.0,Active
S005348,C04397,P01,2025-07-10,2025-11-03,Annual,29.0,Cancelled
S005349,C04398,P03,2024-06-06,,Monthly,149.0,Active
S005350,C04399,P01,2024-01-15,2024-09-01,Monthly,29.0,Cancelled
S005351,C04400,P04,2025-07-23,,Monthly,399.0,Active
S005352,C04401,P03,2024-04-03,,Monthly,149.0,Active
S005353,C04401,P04,2025-01-06,,Monthly,399.0,Active
S005354,C04401,P04,2025-05-02,,Monthly,399.0,Active
S005355,C04402,P03,2024-01-01,,Monthly,149.0,Active
S005356,C04402,P04,2025-10-18,,Monthly,399.0,Active
S005357,C04403,P02,2025-02-20,,Annual,79.0,Active
S005358,C04403,P03,2025-05-21,,Annual,149.0,Active
S005359,C04404,P02,2024-07-05,,Monthly,79.0,Active
S005360,C04405,P03,2025-04-17,,Annual,149.0,Active
S005361,C04406,P03,2024-11-17,,Monthly,149.0,Active
S005362,C04407,P01,2024-12-03,,Annual,29.0,Active
S005363,C04408,P03,2024-05-14,,Annual,149.0,Active
S005364,C04408,P04,2025-01-04,,Annual,399.0,Active
S005365,C04408,P04,2025-04-12,,Monthly,399.0,Active
S005366,C04409,P02,2025-03-18,,Monthly,79.0,Active
S005367,C04409,P03,2025-11-16,,Monthly,149.0,Active
S005368,C04410,P02,2024-01-29,,Annual,79.0,Active
S005369,C04411,P02,2024-12-06,2025-06-03,Monthly,79.0,Cancelled
S005370,C04412,P01,2024-10-17,2025-03-07,Annual,29.0,Cancelled
S005371,C04413,P01,2025-07-30,,Annual,29.0,Active
S005372,C04414,P04,2025-11-21,,Monthly,399.0,Active
S005373,C04415,P02,2025-01-27,,Monthly,79.0,Active
S005374,C04416,P03,2025-04-28,,Annual,149.0,Active
S005375,C04417,P01,2025-03-21,,Monthly,29.0,Active
S005376,C04418,P01,2024-04-12,,Monthly,29.0,Active
S005377,C04418,P02,2025-05-07,,Monthly,79.0,Active
S005378,C04419,P02,2024-05-11,,Annual,79.0,Active
S005379,C04420,P02,2024-08-19,,Monthly,79.0,Active
S005380,C04421,P01,2024-01-19,,Monthly,29.0,Active
S005381,C04422,P03,2024-05-02,,Monthly,149.0,Active
S005382,C04423,P04,2025-01-21,,Monthly,399.0,Active
S005383,C04423,P04,2025-06-06,,Monthly,399.0,Active
S005384,C04424,P01,2024-08-19,,Monthly,29.0,Active
S005385,C04425,P03,2025-04-26,,Annual,149.0,Active
S005386,C04426,P02,2025-04-10,,Monthly,79.0,Active
S005387,C04427,P01,2024-01-14,,Monthly,29.0,Active
S005388,C04428,P02,2024-02-22,,Monthly,79.0,Active
S005389,C04429,P04,2024-02-21,,Monthly,399.0,Active
S005390,C04430,P01,2024-08-30,,Annual,29.0,Active
S005391,C04430,P02,2025-11-17,,Monthly,79.0,Active
S005392,C04431,P04,2024-11-28,,Monthly,399.0,Active
S005393,C04431,P04,2025-11-12,,Monthly,399.0,Active
S005394,C04432,P03,2025-09-06,,Monthly,149.0,Active
S005395,C04433,P02,2025-02-16,,Monthly,79.0,Active
S005396,C04434,P02,2025-05-31,,Monthly,79.0,Active
S005397,C04435,P02,2025-04-29,,Monthly,79.0,Active
S005398,C04436,P02,2024-03-27,,Monthly,79.0,Active
S005399,C04437,P02,2024-11-08,,Monthly,79.0,Active
S005400,C04438,P03,2024-01-24,,Monthly,149.0,Active
S005401,C04439,P01,2025-02-05,,Annual,29.0,Active
S005402,C04440,P02,2024-06-08,,Annual,79.0,Active
S005403,C04441,P01,2025-09-08,,Monthly,29.0,Active
S005404,C04442,P02,2024-01-29,,Monthly,79.0,Active
S005405,C04443,P03,2024-11-08,,Annual,149.0,Active
S005406,C04444,P02,2024-08-17,,Monthly,79.0,Active
S005407,C04445,P01,2025-01-09,,Monthly,29.0,Active
S005408,C04446,P03,2024-11-22,2025-11-11,Monthly,149.0,Cancelled
S005409,C04447,P03,2024-03-16,,Monthly,149.0,Active
S005410,C04448,P03,2024-07-06,,Monthly,149.0,Active
S005411,C04449,P02,2024-11-27,2025-04-23,Monthly,79.0,Cancelled
S005412,C04450,P03,2025-10-12,,Monthly,149.0,Active
S005413,C04451,P02,2025-10-07,,Monthly,79.0,Active
S005414,C04452,P02,2024-06-06,2025-06-14,Monthly,79.0,Cancelled
S005415,C04453,P01,2025-08-24,,Monthly,29.0,Active
S005416,C04454,P01,2025-09-20,,Monthly,29.0,Active
S005417,C04455,P03,2024-12-04,,Monthly,149.0,Active
S005418,C04456,P02,2024-10-31,,Monthly,79.0,Active
S005419,C04457,P03,2025-05-11,,Monthly,149.0,Active
S005420,C04458,P02,2024-06-04,,Monthly,79.0,Active
S005421,C04459,P01,2025-05-25,,Monthly,29.0,Active
S005422,C04460,P03,2025-03-14,,Monthly,149.0,Active
S005423,C04461,P02,2024-02-16,,Monthly,79.0,Active
S005424,C04461,P01,2025-06-22,,Monthly,29.0,Active
S005425,C04461,P02,2025-12-03,,Monthly,79.0,Active
S005426,C04462,P01,2025-05-02,,Monthly,29.0,Active
S005427,C04463,P02,2024-03-19,,Monthly,79.0,Active
S005428,C04464,P02,2024-06-03,,Monthly,79.0,Active
S005429,C04465,P02,2025-02-02,,Monthly,79.0,Active
S005430,C04465,P03,2025-09-27,,Monthly,149.0,Active
S005431,C04466,P01,2025-01-11,,Monthly,29.0,Active
S005432,C04467,P02,2025-05-30,,Monthly,79.0,Active
S005433,C04468,P03,2025-07-28,,Monthly,149.0,Active
S005434,C04469,P03,2024-10-30,,Monthly,149.0,Active
S005435,C04470,P01,2024-09-15,,Monthly,29.0,Active
S005436,C04471,P02,2024-05-15,,Monthly,79.0,Active
S005437,C04472,P02,2025-02-06,,Monthly,79.0,Active
S005438,C04473,P02,2024-06-25,,Monthly,79.0,Active
S005439,C04474,P02,2025-01-04,,Monthly,79.0,Active
S005440,C04475,P02,2024-03-26,,Monthly,79.0,Active
S005441,C04476,P02,2025-05-20,,Monthly,79.0,Active
S005442,C04477,P02,2025-03-07,2025-09-07,Monthly,79.0,Cancelled
S005443,C04478,P03,2025-02-10,,Monthly,149.0,Active
S005444,C04479,P02,2024-03-19,,Monthly,79.0,Active
S005445,C04480,P01,2024-01-12,,Monthly,29.0,Active
S005446,C04481,P01,2025-11-23,,Monthly,29.0,Active
S005447,C04482,P02,2024-12-02,,Monthly,79.0,Active
S005448,C04483,P01,2025-08-27,,Monthly,29.0,Active
S005449,C04484,P03,2025-07-31,,Monthly,149.0,Active
S005450,C04485,P01,2025-11-12,,Monthly,29.0,Active
S005451,C04486,P02,2024-06-19,,Monthly,79.0,Active
S005452,C04486,P03,2025-07-06,,Annual,149.0,Active
S005453,C04486,P04,2025-11-23,,Monthly,399.0,Active
S005454,C04487,P03,2024-09-20,,Monthly,149.0,Active
S005455,C04487,P04,2025-02-02,,Monthly,399.0,Active
S005456,C04488,P02,2024-03-09,,Monthly,79.0,Active
S005457,C04489,P01,2025-08-06,,Monthly,29.0,Active
S005458,C04490,P03,2024-03-10,,Monthly,149.0,Active
S005459,C04491,P04,2025-06-01,,Monthly,399.0,Active
S005460,C04492,P01,2025-02-07,,Monthly,29.0,Active
S005461,C04493,P01,2024-09-06,2025-09-28,Annual,29.0,Cancelled
S005462,C04494,P03,2024-10-11,,Monthly,149.0,Active
S005463,C04494,P02,2025-11-20,,Monthly,79.0,Active
S005464,C04494,P03,2025-12-31,,Annual,149.0,Active
S005465,C04495,P02,2024-06-13,,Monthly,79.0,Active
S005466,C04496,P02,2024-07-12,,Monthly,79.0,Active
S005467,C04497,P01,2024-05-08,,Monthly,29.0,Active
S005468,C04497,P02,2024-12-15,,Monthly,79.0,Active
S005469,C04498,P02,2025-05-14,,Monthly,79.0,Active
S005470,C04499,P01,2024-05-20,2024-11-20,Monthly,29.0,Cancelled
S005471,C04499,P02,2024-11-20,2024-11-29,Monthly,79.0,Cancelled
S005472,C04500,P02,2024-02-08,,Monthly,79.0,Active
S005473,C04500,P03,2025-10-12,,Annual,149.0,Active
S005474,C04501,P01,2025-03-25,,Annual,29.0,Active
S005475,C04502,P02,2024-09-27,,Monthly,79.0,Active
S005476,C04503,P01,2025-03-21,,Monthly,29.0,Active
S005477,C04504,P02,2024-02-11,,Monthly,79.0,Active
S005478,C04504,P03,2024-06-12,,Monthly,149.0,Active
S005479,C04504,P04,2025-09-10,,Monthly,399.0,Active
S005480,C04505,P03,2025-08-16,,Monthly,149.0,Active
S005481,C04506,P01,2024-09-26,,Monthly,29.0,Active
S005482,C04506,P01,2025-09-20,,Annual,29.0,Active
S005483,C04507,P01,2025-02-24,,Monthly,29.0,Active
S005484,C04508,P03,2024-02-07,2024-06-15,Monthly,149.0,Cancelled
S005485,C04509,P01,2024-06-29,,Monthly,29.0,Active
S005486,C04510,P01,2025-10-29,,Monthly,29.0,Active
S005487,C04511,P01,2025-08-30,2025-12-18,Monthly,29.0,Cancelled
S005488,C04512,P03,2024-07-14,2025-03-20,Monthly,149.0,Cancelled
S005489,C04512,P04,2025-03-20,2025-09-25,Monthly,399.0,Cancelled
S005490,C04513,P02,2024-08-22,,Monthly,79.0,Active
S005491,C04514,P02,2025-06-06,,Monthly,79.0,Active
S005492,C04515,P03,2024-01-10,,Monthly,149.0,Active
S005493,C04515,P04,2025-02-09,,Annual,399.0,Active
S005494,C04516,P02,2024-07-28,,Monthly,79.0,Active
S005495,C04517,P03,2025-09-02,,Monthly,149.0,Active
S005496,C04518,P01,2025-05-20,,Monthly,29.0,Active
S005497,C04519,P04,2025-12-01,,Monthly,399.0,Active
S005498,C04520,P01,2024-02-14,,Monthly,29.0,Active
S005499,C04521,P03,2024-11-18,,Monthly,149.0,Active
S005500,C04521,P04,2025-10-08,,Monthly,399.0,Active
S005501,C04521,P03,2025-12-31,,Annual,149.0,Active
S005502,C04522,P02,2024-08-06,,Monthly,79.0,Active
S005503,C04523,P03,2025-08-07,,Monthly,149.0,Active
S005504,C04524,P02,2024-08-10,,Monthly,79.0,Active
S005505,C04524,P03,2025-12-16,,Monthly,149.0,Active
S005506,C04525,P03,2024-11-29,,Annual,149.0,Active
S005507,C04526,P02,2024-02-24,2024-11-10,Monthly,79.0,Cancelled
S005508,C04527,P01,2025-07-25,2025-11-15,Monthly,29.0,Cancelled
S005509,C04528,P02,2024-06-03,,Monthly,79.0,Active
S005510,C04529,P02,2024-02-23,,Annual,79.0,Active
S005511,C04529,P01,2024-09-20,,Monthly,29.0,Active
S005512,C04530,P02,2024-05-17,,Monthly,79.0,Active
S005513,C04531,P01,2025-10-24,,Monthly,29.0,Active
S005514,C04532,P02,2025-03-31,,Monthly,79.0,Active
S005515,C04533,P02,2024-11-25,2025-03-09,Monthly,79.0,Cancelled
S005516,C04534,P03,2024-11-12,,Annual,149.0,Active
S005517,C04535,P03,2025-07-08,,Annual,149.0,Active
S005518,C04536,P02,2025-10-01,,Monthly,79.0,Active
S005519,C04537,P02,2025-09-16,,Monthly,79.0,Active
S005520,C04538,P02,2024-06-17,,Annual,79.0,Active
S005521,C04539,P04,2024-02-17,,Monthly,399.0,Active
S005522,C04539,P04,2024-09-16,,Monthly,399.0,Active
S005523,C04539,P04,2025-04-18,,Monthly,399.0,Active
S005524,C04540,P03,2024-03-30,,Monthly,149.0,Active
S005525,C04541,P03,2024-11-17,,Monthly,149.0,Active
S005526,C04541,P04,2025-11-17,,Monthly,399.0,Active
S005527,C04542,P01,2024-09-17,,Monthly,29.0,Active
S005528,C04543,P03,2024-04-28,,Annual,149.0,Active
S005529,C04544,P04,2025-06-13,,Annual,399.0,Active
S005530,C04545,P02,2025-04-01,,Monthly,79.0,Active
S005531,C04546,P02,2025-11-01,,Annual,79.0,Active
S005532,C04547,P01,2025-04-15,2025-08-30,Annual,29.0,Cancelled
S005533,C04548,P03,2025-02-20,,Monthly,149.0,Active
S005534,C04549,P03,2025-06-14,,Monthly,149.0,Active
S005535,C04550,P03,2024-02-13,2024-04-28,Monthly,149.0,Cancelled
S005536,C04551,P01,2024-11-28,,Monthly,29.0,Active
S005537,C04551,P02,2025-03-22,,Monthly,79.0,Active
S005538,C04551,P03,2025-09-20,,Monthly,149.0,Active
S005539,C04552,P04,2025-06-25,,Monthly,399.0,Active
S005540,C04553,P04,2025-02-02,,Monthly,399.0,Active
S005541,C04554,P02,2024-03-19,,Monthly,79.0,Active
S005542,C04555,P03,2025-03-05,,Annual,149.0,Active
S005543,C04555,P02,2025-11-15,,Monthly,79.0,Active
S005544,C04556,P01,2025-02-14,,Monthly,29.0,Active
S005545,C04557,P03,2024-11-18,,Monthly,149.0,Active
S005546,C04558,P04,2024-09-10,2025-01-07,Annual,399.0,Cancelled
S005547,C04559,P02,2024-10-25,,Monthly,79.0,Active
S005548,C04560,P04,2025-06-18,,Annual,399.0,Active
S005549,C04561,P03,2025-04-19,,Annual,149.0,Active
S005550,C04562,P03,2025-07-12,,Monthly,149.0,Active
S005551,C04563,P02,2025-09-28,,Annual,79.0,Active
S005552,C04564,P01,2025-08-14,,Monthly,29.0,Active
S005553,C04565,P02,2024-05-19,2025-10-01,Monthly,79.0,Cancelled
S005554,C04566,P01,2024-06-28,,Annual,29.0,Active
S005555,C04566,P02,2025-10-19,,Monthly,79.0,Active
S005556,C04567,P02,2024-03-12,,Monthly,79.0,Active
S005557,C04567,P01,2025-01-04,,Monthly,29.0,Active
S005558,C04568,P03,2024-01-27,,Monthly,149.0,Active
S005559,C04569,P01,2025-03-10,,Monthly,29.0,Active
S005560,C04569,P01,2025-10-25,,Monthly,29.0,Active
S005561,C04570,P01,2024-08-08,,Monthly,29.0,Active
S005562,C04570,P02,2024-11-21,,Monthly,79.0,Active
S005563,C04571,P01,2025-10-22,,Monthly,29.0,Active
S005564,C04572,P02,2025-09-11,,Monthly,79.0,Active
S005565,C04573,P03,2024-08-13,,Monthly,149.0,Active
S005566,C04574,P01,2025-08-01,,Monthly,29.0,Active
S005567,C04575,P03,2025-03-20,,Monthly,149.0,Active
S005568,C04576,P01,2025-05-01,,Monthly,29.0,Active
S005569,C04576,P02,2025-10-26,,Monthly,79.0,Active
S005570,C04577,P01,2024-02-27,,Annual,29.0,Active
S005571,C04578,P01,2024-03-06,,Monthly,29.0,Active
S005572,C04579,P02,2025-11-05,,Annual,79.0,Active
S005573,C04580,P03,2025-08-09,2025-12-09,Monthly,149.0,Cancelled
S005574,C04581,P02,2025-10-30,,Monthly,79.0,Active
S005575,C04582,P02,2024-06-29,,Annual,79.0,Active
S005576,C04583,P03,2025-01-22,2025-04-07,Monthly,149.0,Cancelled
S005577,C04584,P01,2024-10-08,,Monthly,29.0,Active
S005578,C04585,P03,2024-11-09,,Annual,149.0,Active
S005579,C04585,P04,2025-11-14,,Monthly,399.0,Active
S005580,C04585,P04,2025-12-31,,Monthly,399.0,Active
S005581,C04586,P02,2024-01-02,,Monthly,79.0,Active
S005582,C04586,P01,2024-06-13,,Monthly,29.0,Active
S005583,C04587,P03,2024-11-19,,Monthly,149.0,Active
S005584,C04588,P01,2024-04-12,2025-01-19,Monthly,29.0,Cancelled
S005585,C04589,P02,2024-02-19,,Monthly,79.0,Active
S005586,C04590,P01,2024-06-15,,Monthly,29.0,Active
S005587,C04590,P02,2025-09-01,,Monthly,79.0,Active
S005588,C04590,P03,2025-12-17,,Monthly,149.0,Active
S005589,C04591,P02,2025-03-19,2025-10-01,Monthly,79.0,Cancelled
S005590,C04592,P03,2025-08-10,2025-10-24,Monthly,149.0,Cancelled
S005591,C04593,P01,2025-04-14,,Monthly,29.0,Active
S005592,C04593,P02,2025-11-16,,Monthly,79.0,Active
S005593,C04594,P03,2024-01-13,,Monthly,149.0,Active
S005594,C04595,P02,2025-03-07,2025-07-05,Monthly,79.0,Cancelled
S005595,C04595,P03,2025-07-05,2025-12-06,Monthly,149.0,Cancelled
S005596,C04596,P04,2024-09-02,,Monthly,399.0,Active
S005597,C04597,P03,2025-01-12,,Monthly,149.0,Active
S005598,C04598,P03,2024-08-09,2025-03-08,Annual,149.0,Cancelled
S005599,C04599,P03,2025-08-30,,Monthly,149.0,Active
S005600,C04600,P02,2024-10-08,,Monthly,79.0,Active
S005601,C04601,P01,2025-02-22,,Monthly,29.0,Active
S005602,C04602,P01,2024-07-25,,Monthly,29.0,Active
S005603,C04603,P04,2025-09-08,,Monthly,399.0,Active
S005604,C04604,P04,2024-07-01,,Monthly,399.0,Active
S005605,C04604,P04,2025-07-31,,Monthly,399.0,Active
S005606,C04605,P01,2024-04-12,,Monthly,29.0,Active
S005607,C04606,P01,2025-08-20,,Monthly,29.0,Active
S005608,C04607,P02,2024-03-08,,Monthly,79.0,Active
S005609,C04608,P04,2024-06-02,,Monthly,399.0,Active
S005610,C04609,P03,2025-01-02,2025-12-09,Monthly,149.0,Cancelled
S005611,C04610,P02,2024-08-27,,Annual,79.0,Active
S005612,C04611,P01,2024-01-30,,Monthly,29.0,Active
S005613,C04612,P02,2024-02-12,,Monthly,79.0,Active
S005614,C04613,P02,2024-06-28,,Annual,79.0,Active
S005615,C04614,P02,2025-11-23,,Monthly,79.0,Active
S005616,C04615,P03,2024-06-29,,Monthly,149.0,Active
S005617,C04616,P03,2024-05-13,,Monthly,149.0,Active
S005618,C04617,P03,2025-04-14,,Monthly,149.0,Active
S005619,C04618,P01,2024-08-25,,Monthly,29.0,Active
S005620,C04619,P01,2024-02-19,,Annual,29.0,Active
S005621,C04620,P01,2025-07-19,2025-12-29,Monthly,29.0,Cancelled
S005622,C04621,P02,2024-03-25,,Annual,79.0,Active
S005623,C04622,P03,2025-09-13,2025-12-13,Monthly,149.0,Cancelled
S005624,C04623,P03,2025-08-22,,Monthly,149.0,Active
S005625,C04624,P03,2024-01-03,,Monthly,149.0,Active
S005626,C04625,P03,2024-10-09,,Monthly,149.0,Active
S005627,C04625,P04,2025-06-16,,Monthly,399.0,Active
S005628,C04626,P02,2024-12-02,,Monthly,79.0,Active
S005629,C04627,P02,2024-01-02,,Monthly,79.0,Active
S005630,C04627,P01,2025-06-11,,Monthly,29.0,Active
S005631,C04628,P04,2025-04-24,,Monthly,399.0,Active
S005632,C04629,P03,2025-08-12,,Monthly,149.0,Active
S005633,C04630,P01,2024-09-19,,Annual,29.0,Active
S005634,C04631,P02,2024-02-27,,Annual,79.0,Active
S005635,C04632,P01,2025-09-01,,Monthly,29.0,Active
S005636,C04633,P01,2024-06-15,,Monthly,29.0,Active
S005637,C04633,P02,2025-09-08,,Monthly,79.0,Active
S005638,C04634,P02,2024-07-19,,Monthly,79.0,Active
S005639,C04634,P03,2025-05-20,,Annual,149.0,Active
S005640,C04635,P04,2024-11-30,,Monthly,399.0,Active
S005641,C04635,P03,2025-08-25,,Annual,149.0,Active
S005642,C04636,P03,2025-03-05,2025-12-08,Monthly,149.0,Cancelled
S005643,C04637,P01,2025-11-13,,Monthly,29.0,Active
S005644,C04638,P01,2024-12-15,,Monthly,29.0,Active
S005645,C04639,P03,2024-05-06,,Annual,149.0,Active
S005646,C04640,P02,2025-03-23,2025-08-04,Annual,79.0,Cancelled
S005647,C04641,P01,2025-08-29,,Monthly,29.0,Active
S005648,C04642,P03,2025-03-19,2025-11-28,Monthly,149.0,Cancelled
S005649,C04643,P03,2024-12-25,,Monthly,149.0,Active
S005650,C04644,P03,2024-05-03,,Monthly,149.0,Active
S005651,C04645,P02,2024-07-21,,Monthly,79.0,Active
S005652,C04645,P03,2025-12-27,,Monthly,149.0,Active
S005653,C04646,P01,2024-12-03,,Monthly,29.0,Active
S005654,C04647,P02,2024-04-27,2025-10-31,Monthly,79.0,Cancelled
S005655,C04648,P01,2024-07-19,,Annual,29.0,Active
S005656,C04649,P01,2024-12-12,2025-07-04,Monthly,29.0,Cancelled
S005657,C04650,P01,2024-08-12,,Annual,29.0,Active
S005658,C04651,P01,2025-07-29,2025-12-06,Monthly,29.0,Cancelled
S005659,C04652,P02,2024-10-27,,Monthly,79.0,Active
S005660,C04653,P01,2024-10-25,,Monthly,29.0,Active
S005661,C04653,P02,2025-01-28,,Monthly,79.0,Active
S005662,C04654,P02,2024-12-25,,Monthly,79.0,Active
S005663,C04654,P03,2025-12-21,,Monthly,149.0,Active
S005664,C04655,P02,2024-06-17,,Annual,79.0,Active
S005665,C04655,P03,2025-02-09,,Annual,149.0,Active
S005666,C04656,P01,2025-05-22,,Monthly,29.0,Active
S005667,C04656,P02,2025-08-30,,Monthly,79.0,Active
S005668,C04657,P02,2025-07-30,,Monthly,79.0,Active
S005669,C04658,P03,2025-04-02,,Annual,149.0,Active
S005670,C04659,P02,2024-07-26,,Monthly,79.0,Active
S005671,C04660,P02,2025-01-05,,Monthly,79.0,Active
S005672,C04661,P01,2025-01-09,,Monthly,29.0,Active
S005673,C04662,P02,2024-11-04,2025-02-12,Annual,79.0,Cancelled
S005674,C04663,P04,2024-05-03,,Monthly,399.0,Active
S005675,C04664,P01,2025-07-17,,Monthly,29.0,Active
S005676,C04665,P01,2025-07-18,,Monthly,29.0,Active
S005677,C04666,P02,2025-11-17,,Monthly,79.0,Active
S005678,C04667,P01,2025-03-30,2025-09-11,Annual,29.0,Cancelled
S005679,C04668,P02,2024-11-17,,Monthly,79.0,Active
S005680,C04669,P01,2024-06-16,,Monthly,29.0,Active
S005681,C04670,P01,2025-08-20,,Monthly,29.0,Active
S005682,C04671,P01,2025-09-05,,Monthly,29.0,Active
S005683,C04672,P01,2024-06-16,,Annual,29.0,Active
S005684,C04673,P03,2024-09-10,,Monthly,149.0,Active
S005685,C04674,P02,2025-01-14,,Monthly,79.0,Active
S005686,C04674,P01,2025-09-02,,Monthly,29.0,Active
S005687,C04675,P02,2024-05-04,,Monthly,79.0,Active
S005688,C04676,P02,2024-01-08,,Monthly,79.0,Active
S005689,C04676,P03,2025-12-24,,Monthly,149.0,Active
S005690,C04676,P04,2025-12-31,,Monthly,399.0,Active
S005691,C04677,P02,2024-10-15,,Annual,79.0,Active
S005692,C04677,P01,2025-07-13,,Monthly,29.0,Active
S005693,C04678,P02,2024-01-13,2024-05-11,Monthly,79.0,Cancelled
S005694,C04678,P01,2024-05-11,2025-08-28,Monthly,29.0,Cancelled
S005695,C04679,P01,2024-09-22,,Monthly,29.0,Active
S005696,C04679,P02,2025-05-13,,Annual,79.0,Active
S005697,C04680,P02,2024-05-11,,Annual,79.0,Active
S005698,C04681,P03,2024-01-07,,Annual,149.0,Active
S005699,C04682,P01,2025-10-18,,Monthly,29.0,Active
S005700,C04683,P03,2024-11-22,2025-12-16,Annual,149.0,Cancelled
S005701,C04684,P02,2024-03-03,,Annual,79.0,Active
S005702,C04685,P03,2024-02-17,,Annual,149.0,Active
S005703,C04686,P04,2024-08-16,,Monthly,399.0,Active
S005704,C04687,P01,2024-04-12,2025-01-17,Monthly,29.0,Cancelled
S005705,C04688,P01,2024-10-11,,Monthly,29.0,Active
S005706,C04689,P01,2025-04-05,,Annual,29.0,Active
S005707,C04689,P01,2025-09-15,,Annual,29.0,Active
S005708,C04690,P01,2024-02-23,,Monthly,29.0,Active
S005709,C04691,P02,2025-05-22,,Monthly,79.0,Active
S005710,C04691,P03,2025-11-25,,Monthly,149.0,Active
S005711,C04692,P03,2024-08-05,,Monthly,149.0,Active
S005712,C04693,P02,2025-05-29,,Monthly,79.0,Active
S005713,C04694,P02,2024-01-01,,Monthly,79.0,Active
S005714,C04695,P03,2024-03-09,,Monthly,149.0,Active
S005715,C04696,P03,2025-11-13,,Annual,149.0,Active
S005716,C04697,P02,2025-03-23,,Monthly,79.0,Active
S005717,C04698,P02,2024-11-27,,Monthly,79.0,Active
S005718,C04699,P03,2024-05-26,,Monthly,149.0,Active
S005719,C04699,P04,2025-03-27,,Monthly,399.0,Active
S005720,C04700,P01,2025-10-11,,Monthly,29.0,Active
S005721,C04701,P02,2024-01-21,,Monthly,79.0,Active
S005722,C04702,P03,2025-01-20,,Annual,149.0,Active
S005723,C04702,P04,2025-08-02,,Annual,399.0,Active
S005724,C04703,P03,2024-11-27,2025-09-22,Annual,149.0,Cancelled
S005725,C04704,P03,2025-08-22,,Monthly,149.0,Active
S005726,C04705,P01,2025-11-26,,Monthly,29.0,Active
S005727,C04706,P03,2024-01-12,,Monthly,149.0,Active
S005728,C04707,P01,2025-07-25,,Annual,29.0,Active
S005729,C04708,P01,2025-08-16,,Monthly,29.0,Active
S005730,C04709,P02,2024-01-30,2024-05-07,Annual,79.0,Cancelled
S005731,C04710,P01,2024-01-01,,Monthly,29.0,Active
S005732,C04710,P02,2024-11-05,,Annual,79.0,Active
S005733,C04711,P02,2025-02-27,,Monthly,79.0,Active
S005734,C04712,P02,2024-08-19,,Monthly,79.0,Active
S005735,C04713,P01,2024-11-12,,Monthly,29.0,Active
S005736,C04713,P01,2025-08-18,,Annual,29.0,Active
S005737,C04714,P03,2024-01-03,,Monthly,149.0,Active
S005738,C04715,P02,2025-05-29,2025-10-16,Monthly,79.0,Cancelled
S005739,C04716,P01,2025-07-08,,Monthly,29.0,Active
S005740,C04717,P04,2024-04-08,,Monthly,399.0,Active
S005741,C04718,P03,2024-04-09,,Monthly,149.0,Active
S005742,C04718,P02,2025-07-14,,Monthly,79.0,Active
S005743,C04719,P02,2024-09-19,,Monthly,79.0,Active
S005744,C04720,P03,2025-01-22,,Annual,149.0,Active
S005745,C04720,P02,2025-06-24,,Monthly,79.0,Active
S005746,C04721,P02,2024-03-13,2024-07-06,Monthly,79.0,Cancelled
S005747,C04721,P01,2024-07-06,2025-01-29,Monthly,29.0,Cancelled
S005748,C04722,P02,2025-06-26,,Monthly,79.0,Active
S005749,C04723,P02,2024-06-21,,Annual,79.0,Active
S005750,C04724,P01,2024-09-25,,Monthly,29.0,Active
S005751,C04725,P03,2025-06-27,,Annual,149.0,Active
S005752,C04726,P03,2025-01-07,,Monthly,149.0,Active
S005753,C04727,P01,2024-06-11,,Monthly,29.0,Active
S005754,C04727,P02,2025-08-08,,Annual,79.0,Active
S005755,C04728,P02,2025-02-03,,Annual,79.0,Active
S005756,C04728,P03,2025-05-19,,Monthly,149.0,Active
S005757,C04729,P01,2025-10-02,,Monthly,29.0,Active
S005758,C04730,P03,2024-09-26,,Annual,149.0,Active
S005759,C04730,P04,2025-12-15,,Monthly,399.0,Active
S005760,C04731,P02,2025-01-14,,Monthly,79.0,Active
S005761,C04732,P02,2025-10-23,,Annual,79.0,Active
S005762,C04733,P02,2024-06-15,,Monthly,79.0,Active
S005763,C04734,P03,2025-09-26,,Monthly,149.0,Active
S005764,C04735,P02,2025-09-14,,Monthly,79.0,Active
S005765,C04736,P03,2024-02-05,,Monthly,149.0,Active
S005766,C04737,P03,2025-11-17,,Monthly,149.0,Active
S005767,C04738,P01,2024-04-09,,Annual,29.0,Active
S005768,C04739,P02,2024-07-09,2025-05-28,Annual,79.0,Cancelled
S005769,C04740,P01,2025-01-13,,Annual,29.0,Active
S005770,C04740,P01,2025-05-19,,Monthly,29.0,Active
S005771,C04741,P02,2024-11-04,,Monthly,79.0,Active
S005772,C04742,P02,2025-03-25,,Monthly,79.0,Active
S005773,C04743,P01,2024-11-15,,Monthly,29.0,Active
S005774,C04744,P03,2025-08-29,,Monthly,149.0,Active
S005775,C04745,P02,2025-09-24,,Annual,79.0,Active
S005776,C04746,P03,2025-02-13,,Monthly,149.0,Active
S005777,C04747,P01,2024-03-02,,Monthly,29.0,Active
S005778,C04748,P02,2024-06-10,,Annual,79.0,Active
S005779,C04749,P03,2024-05-25,,Monthly,149.0,Active
S005780,C04750,P01,2025-06-07,,Monthly,29.0,Active
S005781,C04751,P01,2024-04-08,,Monthly,29.0,Active
S005782,C04752,P03,2024-12-24,,Annual,149.0,Active
S005783,C04753,P04,2025-07-01,,Monthly,399.0,Active
S005784,C04754,P01,2025-09-12,,Monthly,29.0,Active
S005785,C04755,P03,2024-12-28,2025-02-27,Monthly,149.0,Cancelled
S005786,C04756,P02,2024-08-29,,Monthly,79.0,Active
S005787,C04757,P01,2025-03-17,,Monthly,29.0,Active
S005788,C04757,P01,2025-12-16,,Monthly,29.0,Active
S005789,C04758,P01,2025-06-22,,Annual,29.0,Active
S005790,C04759,P01,2024-07-23,,Monthly,29.0,Active
S005791,C04760,P01,2024-02-04,,Monthly,29.0,Active
S005792,C04760,P01,2025-01-20,,Monthly,29.0,Active
S005793,C04761,P02,2024-01-24,,Monthly,79.0,Active
S005794,C04762,P03,2025-07-16,,Annual,149.0,Active
S005795,C04763,P03,2025-10-26,,Monthly,149.0,Active
S005796,C04764,P01,2024-01-30,,Annual,29.0,Active
S005797,C04765,P04,2025-06-12,,Annual,399.0,Active
S005798,C04766,P04,2025-07-03,,Annual,399.0,Active
S005799,C04767,P02,2025-07-14,,Monthly,79.0,Active
S005800,C04768,P03,2024-09-08,,Monthly,149.0,Active
S005801,C04768,P04,2025-06-04,,Monthly,399.0,Active
S005802,C04769,P02,2025-02-28,,Annual,79.0,Active
S005803,C04770,P04,2024-10-21,,Annual,399.0,Active
S005804,C04771,P04,2025-11-04,,Monthly,399.0,Active
S005805,C04772,P02,2025-04-02,,Annual,79.0,Active
S005806,C04773,P04,2024-09-11,,Monthly,399.0,Active
S005807,C04773,P03,2025-09-30,,Monthly,149.0,Active
S005808,C04774,P02,2025-08-30,2025-12-10,Monthly,79.0,Cancelled
S005809,C04775,P01,2024-04-11,,Monthly,29.0,Active
S005810,C04775,P02,2024-09-03,,Annual,79.0,Active
S005811,C04776,P02,2024-01-20,,Monthly,79.0,Active
S005812,C04777,P02,2024-08-20,,Monthly,79.0,Active
S005813,C04778,P02,2024-05-10,,Monthly,79.0,Active
S005814,C04779,P03,2025-06-01,,Monthly,149.0,Active
S005815,C04780,P02,2025-02-22,,Monthly,79.0,Active
S005816,C04780,P03,2025-10-20,,Monthly,149.0,Active
S005817,C04781,P01,2025-05-31,,Monthly,29.0,Active
S005818,C04782,P02,2024-06-27,,Annual,79.0,Active
S005819,C04782,P03,2025-12-22,,Monthly,149.0,Active
S005820,C04783,P03,2024-09-28,,Monthly,149.0,Active
S005821,C04783,P04,2025-11-26,,Monthly,399.0,Active
S005822,C04784,P01,2025-10-21,2025-12-30,Annual,29.0,Cancelled
S005823,C04785,P04,2024-10-22,,Monthly,399.0,Active
S005824,C04785,P04,2025-01-30,,Annual,399.0,Active
S005825,C04786,P01,2024-05-03,,Monthly,29.0,Active
S005826,C04786,P02,2024-12-01,,Monthly,79.0,Active
S005827,C04786,P03,2025-07-01,,Monthly,149.0,Active
S005828,C04787,P04,2025-02-16,,Monthly,399.0,Active
S005829,C04788,P04,2025-04-01,,Monthly,399.0,Active
S005830,C04789,P03,2025-05-25,,Monthly,149.0,Active
S005831,C04790,P02,2025-01-10,,Monthly,79.0,Active
S005832,C04791,P03,2025-05-24,2025-12-04,Monthly,149.0,Cancelled
S005833,C04792,P02,2025-07-07,,Annual,79.0,Active
S005834,C04793,P04,2025-04-17,,Monthly,399.0,Active
S005835,C04793,P04,2025-11-15,,Annual,399.0,Active
S005836,C04794,P03,2024-09-03,,Annual,149.0,Active
S005837,C04795,P02,2025-03-05,,Monthly,79.0,Active
S005838,C04796,P02,2024-08-24,,Monthly,79.0,Active
S005839,C04797,P02,2024-01-12,,Annual,79.0,Active
S005840,C04798,P04,2024-04-07,,Monthly,399.0,Active
S005841,C04799,P03,2025-09-25,,Annual,149.0,Active
S005842,C04800,P02,2024-09-18,,Monthly,79.0,Active
S005843,C04801,P02,2024-05-13,,Monthly,79.0,Active
S005844,C04802,P03,2025-08-03,,Monthly,149.0,Active
S005845,C04803,P02,2024-10-19,,Monthly,79.0,Active
S005846,C04803,P03,2025-08-09,,Monthly,149.0,Active
S005847,C04804,P03,2024-10-28,2025-11-16,Annual,149.0,Cancelled
S005848,C04805,P01,2024-12-06,,Monthly,29.0,Active
S005849,C04806,P04,2025-11-08,,Monthly,399.0,Active
S005850,C04807,P02,2025-01-17,,Annual,79.0,Active
S005851,C04808,P01,2025-03-05,2025-07-09,Monthly,29.0,Cancelled
S005852,C04809,P03,2025-12-01,,Monthly,149.0,Active
S005853,C04810,P03,2024-04-28,,Monthly,149.0,Active
S005854,C04810,P04,2024-11-28,,Monthly,399.0,Active
S005855,C04811,P01,2024-06-16,,Annual,29.0,Active
S005856,C04812,P02,2024-08-05,,Monthly,79.0,Active
S005857,C04812,P01,2025-01-17,,Annual,29.0,Active
S005858,C04813,P01,2025-03-30,,Annual,29.0,Active
S005859,C04814,P03,2024-04-15,,Monthly,149.0,Active
S005860,C04815,P03,2025-06-03,,Monthly,149.0,Active
S005861,C04816,P01,2025-03-13,,Annual,29.0,Active
S005862,C04817,P01,2025-07-28,,Annual,29.0,Active
S005863,C04818,P04,2025-11-10,,Monthly,399.0,Active
S005864,C04819,P01,2024-08-17,,Annual,29.0,Active
S005865,C04820,P03,2024-11-28,,Monthly,149.0,Active
S005866,C04821,P01,2025-08-15,,Monthly,29.0,Active
S005867,C04822,P03,2025-10-25,,Monthly,149.0,Active
S005868,C04823,P04,2025-05-17,,Monthly,399.0,Active
S005869,C04823,P04,2025-11-30,,Monthly,399.0,Active
S005870,C04824,P02,2025-02-21,,Annual,79.0,Active
S005871,C04825,P02,2024-11-07,,Monthly,79.0,Active
S005872,C04825,P03,2025-10-08,,Monthly,149.0,Active
S005873,C04826,P04,2024-06-16,2024-09-23,Monthly,399.0,Cancelled
S005874,C04827,P01,2025-08-29,,Monthly,29.0,Active
S005875,C04828,P04,2025-01-08,,Annual,399.0,Active
S005876,C04829,P01,2024-07-08,2024-10-31,Monthly,29.0,Cancelled
S005877,C04830,P02,2025-01-28,,Monthly,79.0,Active
S005878,C04831,P01,2024-12-25,2025-04-23,Monthly,29.0,Cancelled
S005879,C04832,P01,2024-05-20,,Monthly,29.0,Active
S005880,C04832,P02,2025-02-03,,Monthly,79.0,Active
S005881,C04833,P03,2025-08-09,,Monthly,149.0,Active
S005882,C04834,P03,2024-07-15,,Monthly,149.0,Active
S005883,C04835,P03,2024-01-30,,Monthly,149.0,Active
S005884,C04835,P02,2025-01-16,,Annual,79.0,Active
S005885,C04836,P03,2025-06-03,,Monthly,149.0,Active
S005886,C04837,P02,2025-10-18,,Monthly,79.0,Active
S005887,C04838,P03,2025-06-13,,Monthly,149.0,Active
S005888,C04838,P04,2025-11-10,,Monthly,399.0,Active
S005889,C04839,P02,2025-01-13,,Annual,79.0,Active
S005890,C04840,P01,2024-09-04,2024-11-16,Monthly,29.0,Cancelled
S005891,C04841,P02,2024-11-20,,Annual,79.0,Active
S005892,C04842,P02,2024-11-28,,Monthly,79.0,Active
S005893,C04843,P01,2024-02-14,,Annual,29.0,Active
S005894,C04843,P01,2025-07-21,,Annual,29.0,Active
S005895,C04843,P02,2025-12-09,,Monthly,79.0,Active
S005896,C04844,P03,2024-10-23,,Monthly,149.0,Active
S005897,C04844,P04,2025-10-09,,Monthly,399.0,Active
S005898,C04844,P03,2025-12-31,,Monthly,149.0,Active
S005899,C04845,P04,2025-02-25,,Monthly,399.0,Active
S005900,C04845,P04,2025-10-17,,Monthly,399.0,Active
S005901,C04846,P01,2025-09-02,,Monthly,29.0,Active
S005902,C04847,P04,2025-09-02,,Monthly,399.0,Active
S005903,C04848,P02,2024-02-26,,Annual,79.0,Active
S005904,C04849,P02,2024-11-24,,Monthly,79.0,Active
S005905,C04850,P04,2024-11-28,2025-03-28,Monthly,399.0,Cancelled
S005906,C04851,P03,2024-06-25,,Monthly,149.0,Active
S005907,C04852,P01,2024-03-10,,Monthly,29.0,Active
S005908,C04853,P01,2025-02-19,,Annual,29.0,Active
S005909,C04854,P03,2025-07-31,,Monthly,149.0,Active
S005910,C04855,P02,2024-11-08,,Monthly,79.0,Active
S005911,C04856,P03,2024-12-15,,Monthly,149.0,Active
S005912,C04857,P02,2025-10-20,,Monthly,79.0,Active
S005913,C04858,P02,2024-10-16,,Monthly,79.0,Active
S005914,C04859,P02,2024-11-09,,Monthly,79.0,Active
S005915,C04860,P02,2024-05-11,,Monthly,79.0,Active
S005916,C04861,P02,2024-03-15,,Monthly,79.0,Active
S005917,C04862,P01,2025-05-24,,Monthly,29.0,Active
S005918,C04862,P01,2025-09-30,,Annual,29.0,Active
S005919,C04863,P04,2024-12-30,2025-07-16,Monthly,399.0,Cancelled
S005920,C04864,P03,2024-11-25,,Annual,149.0,Active
S005921,C04864,P04,2025-03-29,,Annual,399.0,Active
S005922,C04865,P04,2025-01-17,,Monthly,399.0,Active
S005923,C04866,P02,2025-01-25,,Monthly,79.0,Active
S005924,C04867,P04,2024-12-05,,Monthly,399.0,Active
S005925,C04867,P04,2025-10-17,,Monthly,399.0,Active
S005926,C04868,P03,2024-07-16,,Monthly,149.0,Active
S005927,C04869,P02,2025-09-18,,Annual,79.0,Active
S005928,C04870,P02,2025-03-02,,Monthly,79.0,Active
S005929,C04871,P01,2024-06-23,2025-08-03,Monthly,29.0,Cancelled
S005930,C04872,P01,2024-12-22,,Monthly,29.0,Active
S005931,C04873,P03,2025-08-23,,Monthly,149.0,Active
S005932,C04874,P03,2024-02-16,,Monthly,149.0,Active
S005933,C04875,P01,2024-03-18,,Monthly,29.0,Active
S005934,C04875,P02,2025-10-28,,Monthly,79.0,Active
S005935,C04875,P03,2025-12-31,,Monthly,149.0,Active
S005936,C04876,P01,2024-12-16,,Annual,29.0,Active
S005937,C04877,P03,2024-07-24,,Monthly,149.0,Active
S005938,C04878,P02,2025-11-04,,Monthly,79.0,Active
S005939,C04879,P03,2024-12-04,,Monthly,149.0,Active
S005940,C04880,P02,2025-03-26,,Monthly,79.0,Active
S005941,C04881,P01,2025-09-06,,Monthly,29.0,Active
S005942,C04882,P04,2025-04-19,,Monthly,399.0,Active
S005943,C04883,P01,2025-01-21,2025-09-03,Annual,29.0,Cancelled
S005944,C04883,P02,2025-09-03,,Monthly,79.0,Active
S005945,C04884,P01,2024-09-18,,Monthly,29.0,Active
S005946,C04885,P01,2024-02-28,,Monthly,29.0,Active
S005947,C04886,P01,2025-03-13,,Annual,29.0,Active
S005948,C04887,P02,2025-04-30,,Monthly,79.0,Active
S005949,C04888,P01,2024-10-04,,Monthly,29.0,Active
S005950,C04889,P01,2025-01-03,,Monthly,29.0,Active
S005951,C04889,P01,2025-05-09,,Annual,29.0,Active
S005952,C04890,P03,2025-01-03,2025-03-13,Monthly,149.0,Cancelled
S005953,C04891,P02,2025-10-16,2025-12-27,Annual,79.0,Cancelled
S005954,C04892,P01,2025-09-17,2025-12-25,Monthly,29.0,Cancelled
S005955,C04893,P03,2024-08-19,,Monthly,149.0,Active
S005956,C04894,P01,2024-09-13,2025-12-20,Monthly,29.0,Cancelled
S005957,C04895,P01,2024-08-18,2025-11-01,Monthly,29.0,Cancelled
S005958,C04896,P04,2025-05-28,,Annual,399.0,Active
S005959,C04897,P02,2025-08-22,,Monthly,79.0,Active
S005960,C04898,P03,2025-03-23,,Annual,149.0,Active
S005961,C04899,P01,2024-09-26,2024-12-21,Annual,29.0,Cancelled
S005962,C04900,P04,2025-09-30,,Monthly,399.0,Active
S005963,C04901,P02,2024-09-12,,Monthly,79.0,Active
S005964,C04901,P03,2025-07-07,,Monthly,149.0,Active
S005965,C04902,P02,2024-07-22,2024-12-21,Monthly,79.0,Cancelled
S005966,C04903,P01,2024-10-16,,Monthly,29.0,Active
S005967,C04904,P02,2024-01-30,,Monthly,79.0,Active
S005968,C04905,P04,2024-07-05,,Annual,399.0,Active
S005969,C04906,P04,2025-07-23,,Monthly,399.0,Active
S005970,C04907,P01,2025-10-27,,Monthly,29.0,Active
S005971,C04908,P03,2024-04-15,,Annual,149.0,Active
S005972,C04909,P02,2024-02-02,,Monthly,79.0,Active
S005973,C04910,P02,2025-05-26,,Monthly,79.0,Active
S005974,C04911,P02,2024-02-01,,Monthly,79.0,Active
S005975,C04912,P01,2025-04-13,2025-10-11,Annual,29.0,Cancelled
S005976,C04913,P04,2025-10-22,,Monthly,399.0,Active
S005977,C04914,P03,2025-08-03,,Monthly,149.0,Active
S005978,C04915,P04,2024-12-01,,Annual,399.0,Active
S005979,C04915,P04,2025-03-11,,Monthly,399.0,Active
S005980,C04916,P03,2025-10-28,,Monthly,149.0,Active
S005981,C04917,P03,2024-04-15,,Monthly,149.0,Active
S005982,C04917,P04,2025-02-26,,Monthly,399.0,Active
S005983,C04918,P01,2025-08-16,,Monthly,29.0,Active
S005984,C04919,P01,2024-08-08,,Monthly,29.0,Active
S005985,C04920,P03,2024-09-29,,Monthly,149.0,Active
S005986,C04921,P01,2024-04-21,,Annual,29.0,Active
S005987,C04922,P03,2024-10-22,,Monthly,149.0,Active
S005988,C04923,P02,2024-11-13,,Monthly,79.0,Active
S005989,C04924,P02,2025-09-20,,Monthly,79.0,Active
S005990,C04925,P02,2024-08-15,,Monthly,79.0,Active
S005991,C04926,P02,2024-10-31,2025-11-05,Monthly,79.0,Cancelled
S005992,C04927,P02,2025-09-14,,Monthly,79.0,Active
S005993,C04928,P02,2025-09-06,,Annual,79.0,Active
S005994,C04929,P01,2025-06-19,,Monthly,29.0,Active
S005995,C04930,P02,2024-10-19,,Monthly,79.0,Active
S005996,C04930,P01,2025-03-23,,Monthly,29.0,Active
S005997,C04931,P03,2025-03-11,,Monthly,149.0,Active
S005998,C04932,P02,2024-01-29,,Monthly,79.0,Active
S005999,C04933,P02,2024-01-17,,Monthly,79.0,Active
S006000,C04933,P01,2024-04-29,,Annual,29.0,Active
S006001,C04934,P02,2024-09-29,,Annual,79.0,Active
S006002,C04935,P02,2024-07-18,,Monthly,79.0,Active
S006003,C04935,P03,2024-11-25,,Monthly,149.0,Active
S006004,C04936,P03,2024-05-22,,Annual,149.0,Active
S006005,C04937,P03,2025-01-30,,Monthly,149.0,Active
S006006,C04938,P01,2024-01-09,,Monthly,29.0,Active
S006007,C04939,P03,2025-08-25,,Monthly,149.0,Active
S006008,C04940,P03,2024-04-27,,Monthly,149.0,Active
S006009,C04940,P04,2025-02-08,,Monthly,399.0,Active
S006010,C04941,P01,2025-07-03,,Monthly,29.0,Active
S006011,C04942,P02,2024-07-06,,Annual,79.0,Active
S006012,C04943,P04,2025-08-15,,Monthly,399.0,Active
S006013,C04944,P03,2024-11-14,,Monthly,149.0,Active
S006014,C04945,P02,2025-02-04,2025-11-07,Annual,79.0,Cancelled
S006015,C04946,P01,2025-10-01,,Monthly,29.0,Active
S006016,C04947,P03,2025-02-01,,Monthly,149.0,Active
S006017,C04948,P01,2024-02-17,,Monthly,29.0,Active
S006018,C04949,P01,2025-08-09,,Annual,29.0,Active
S006019,C04950,P03,2025-08-23,,Monthly,149.0,Active
S006020,C04951,P03,2025-02-05,,Monthly,149.0,Active
S006021,C04952,P01,2025-03-06,,Monthly,29.0,Active
S006022,C04953,P02,2025-04-06,,Annual,79.0,Active
S006023,C04954,P04,2024-12-12,,Monthly,399.0,Active
S006024,C04954,P04,2025-10-29,,Monthly,399.0,Active
S006025,C04954,P03,2025-12-31,,Annual,149.0,Active
S006026,C04955,P04,2025-01-30,,Monthly,399.0,Active
S006027,C04956,P02,2024-07-28,,Monthly,79.0,Active
S006028,C04957,P04,2025-01-24,,Monthly,399.0,Active
S006029,C04958,P01,2025-09-26,,Monthly,29.0,Active
S006030,C04959,P02,2024-02-03,,Monthly,79.0,Active
S006031,C04960,P01,2025-05-13,,Monthly,29.0,Active
S006032,C04961,P02,2025-02-05,,Monthly,79.0,Active
S006033,C04962,P01,2025-09-03,,Annual,29.0,Active
S006034,C04963,P02,2024-12-31,2025-07-16,Monthly,79.0,Cancelled
S006035,C04964,P04,2024-05-23,,Monthly,399.0,Active
S006036,C04965,P03,2025-01-15,,Monthly,149.0,Active
S006037,C04966,P02,2024-10-17,,Annual,79.0,Active
S006038,C04966,P01,2025-08-16,,Monthly,29.0,Active
S006039,C04967,P03,2024-12-06,,Monthly,149.0,Active
S006040,C04968,P03,2024-01-29,,Monthly,149.0,Active
S006041,C04969,P01,2024-10-20,,Monthly,29.0,Active
S006042,C04970,P02,2025-09-19,,Monthly,79.0,Active
S006043,C04971,P03,2025-03-24,,Monthly,149.0,Active
S006044,C04971,P04,2025-10-03,,Monthly,399.0,Active
S006045,C04972,P01,2024-11-04,,Monthly,29.0,Active
S006046,C04973,P02,2024-02-25,,Annual,79.0,Active
S006047,C04974,P02,2024-10-19,,Monthly,79.0,Active
S006048,C04975,P03,2025-02-17,,Annual,149.0,Active
S006049,C04975,P02,2025-06-02,,Monthly,79.0,Active
S006050,C04976,P03,2024-09-16,2025-06-30,Annual,149.0,Cancelled
S006051,C04977,P01,2024-03-03,,Monthly,29.0,Active
S006052,C04977,P01,2025-10-03,,Annual,29.0,Active
S006053,C04978,P01,2024-11-23,,Annual,29.0,Active
S006054,C04978,P02,2025-08-15,,Monthly,79.0,Active
S006055,C04978,P03,2025-12-18,,Annual,149.0,Active
S006056,C04979,P03,2025-05-01,,Monthly,149.0,Active
S006057,C04980,P01,2025-04-28,,Monthly,29.0,Active
S006058,C04981,P01,2025-11-12,,Monthly,29.0,Active
S006059,C04982,P03,2024-08-27,2025-05-15,Annual,149.0,Cancelled
S006060,C04983,P02,2025-08-02,2025-10-08,Annual,79.0,Cancelled
S006061,C04984,P03,2025-09-14,,Monthly,149.0,Active
S006062,C04985,P02,2025-08-02,,Monthly,79.0,Active
S006063,C04986,P02,2025-02-24,,Annual,79.0,Active
S006064,C04987,P02,2025-02-28,2025-05-13,Monthly,79.0,Cancelled
S006065,C04988,P02,2025-06-15,,Annual,79.0,Active
S006066,C04989,P02,2025-10-26,,Monthly,79.0,Active
S006067,C04990,P02,2025-11-08,,Monthly,79.0,Active
S006068,C04991,P03,2024-09-29,,Annual,149.0,Active
S006069,C04992,P01,2024-11-06,,Monthly,29.0,Active
S006070,C04992,P02,2025-05-31,,Monthly,79.0,Active
S006071,C04992,P03,2025-10-15,,Monthly,149.0,Active
S006072,C04993,P04,2025-02-01,,Monthly,399.0,Active
S006073,C04993,P04,2025-05-15,,Monthly,399.0,Active
S006074,C04994,P03,2024-03-18,,Monthly,149.0,Active
S006075,C04994,P04,2025-11-13,,Monthly,399.0,Active
S006076,C04994,P03,2025-12-31,,Monthly,149.0,Active
S006077,C04995,P02,2025-05-28,,Annual,79.0,Active
S006078,C04996,P02,2024-10-21,,Annual,79.0,Active
S006079,C04996,P03,2025-05-09,,Annual,149.0,Active
S006080,C04996,P04,2025-11-26,,Annual,399.0,Active
S006081,C04997,P02,2024-02-16,,Monthly,79.0,Active
S006082,C04997,P03,2025-09-30,,Annual,149.0,Active
S006083,C04997,P04,2025-12-30,,Annual,399.0,Active
S006084,C04998,P03,2025-03-13,,Monthly,149.0,Active
S006085,C04998,P02,2025-10-07,,Monthly,79.0,Active
S006086,C04999,P02,2024-04-30,,Monthly,79.0,Active
S006087,C05000,P03,2024-04-07,,Annual,149.0,Active
S006088,C05001,P01,2025-05-27,,Monthly,29.0,Active
S006089,C05002,P03,2025-10-28,,Monthly,149.0,Active
S006090,C05003,P01,2024-04-19,,Monthly,29.0,Active
S006091,C05004,P03,2024-03-19,,Monthly,149.0,Active
S006092,C05005,P01,2024-07-07,,Monthly,29.0,Active
S006093,C05006,P02,2025-01-14,,Monthly,79.0,Active
S006094,C05007,P01,2025-10-12,,Monthly,29.0,Active
S006095,C05008,P03,2024-12-24,,Monthly,149.0,Active
S006096,C05008,P04,2025-08-13,,Annual,399.0,Active
S006097,C05009,P01,2025-08-13,,Monthly,29.0,Active
S006098,C05010,P03,2024-07-15,,Monthly,149.0,Active
S006099,C05010,P04,2024-12-01,,Monthly,399.0,Active
S006100,C05011,P02,2025-06-18,,Monthly,79.0,Active
S006101,C05012,P01,2025-03-02,,Monthly,29.0,Active
S006102,C05013,P02,2025-02-28,2025-05-28,Monthly,79.0,Cancelled
S006103,C05014,P01,2024-01-08,,Monthly,29.0,Active
S006104,C05014,P01,2025-06-29,,Annual,29.0,Active
S006105,C05014,P01,2025-10-07,,Annual,29.0,Active
S006106,C05015,P04,2024-11-25,,Monthly,399.0,Active
S006107,C05016,P01,2024-12-02,2025-06-07,Monthly,29.0,Cancelled
S006108,C05017,P02,2025-08-28,2025-12-07,Annual,79.0,Cancelled
S006109,C05018,P02,2025-07-08,,Monthly,79.0,Active
S006110,C05019,P02,2025-10-18,,Monthly,79.0,Active
S006111,C05020,P01,2025-08-04,,Monthly,29.0,Active
S006112,C05021,P03,2025-09-12,,Monthly,149.0,Active
S006113,C05022,P01,2024-11-19,,Monthly,29.0,Active
S006114,C05023,P01,2025-01-12,2025-05-16,Monthly,29.0,Cancelled
S006115,C05024,P01,2025-08-10,2025-12-02,Monthly,29.0,Cancelled
S006116,C05025,P03,2025-05-23,,Monthly,149.0,Active
S006117,C05026,P01,2025-05-12,2025-10-21,Annual,29.0,Cancelled
S006118,C05027,P03,2024-06-25,2025-01-21,Annual,149.0,Cancelled
S006119,C05027,P04,2025-01-21,2025-12-03,Monthly,399.0,Cancelled
S006120,C05028,P02,2024-09-29,,Annual,79.0,Active
S006121,C05029,P02,2024-05-19,,Monthly,79.0,Active
S006122,C05030,P01,2024-05-25,,Monthly,29.0,Active
S006123,C05030,P02,2025-04-11,,Monthly,79.0,Active
S006124,C05031,P02,2025-06-05,,Monthly,79.0,Active
S006125,C05032,P01,2025-08-21,,Monthly,29.0,Active
S006126,C05033,P01,2025-04-17,2025-09-06,Monthly,29.0,Cancelled
S006127,C05034,P03,2024-05-05,,Monthly,149.0,Active
S006128,C05035,P02,2025-04-13,2025-06-13,Monthly,79.0,Cancelled
S006129,C05036,P01,2024-07-26,2025-10-09,Annual,29.0,Cancelled
S006130,C05037,P02,2025-08-15,,Monthly,79.0,Active
S006131,C05038,P02,2024-04-01,,Monthly,79.0,Active
S006132,C05039,P04,2024-05-07,,Monthly,399.0,Active
S006133,C05040,P01,2024-05-10,,Monthly,29.0,Active
S006134,C05040,P01,2024-11-24,,Monthly,29.0,Active
S006135,C05041,P03,2024-05-12,,Annual,149.0,Active
S006136,C05042,P01,2024-07-07,,Monthly,29.0,Active
S006137,C05043,P01,2025-11-14,,Annual,29.0,Active
S006138,C05044,P02,2025-01-18,,Monthly,79.0,Active
S006139,C05045,P03,2024-12-30,,Monthly,149.0,Active
S006140,C05046,P02,2025-03-10,,Monthly,79.0,Active
S006141,C05047,P01,2024-02-26,,Monthly,29.0,Active
S006142,C05048,P03,2024-09-22,,Monthly,149.0,Active
S006143,C05049,P01,2024-07-18,,Monthly,29.0,Active
S006144,C05050,P01,2024-08-18,,Annual,29.0,Active
S006145,C05051,P01,2025-10-27,2025-12-28,Monthly,29.0,Cancelled
S006146,C05052,P02,2025-01-17,,Monthly,79.0,Active
S006147,C05052,P03,2025-11-05,,Monthly,149.0,Active
S006148,C05053,P02,2024-07-07,,Annual,79.0,Active
S006149,C05054,P01,2024-09-09,,Monthly,29.0,Active
S006150,C05054,P01,2025-01-05,,Annual,29.0,Active
S006151,C05055,P01,2024-12-05,,Monthly,29.0,Active
S006152,C05056,P03,2025-01-19,,Monthly,149.0,Active
S006153,C05057,P02,2025-10-07,,Monthly,79.0,Active
S006154,C05058,P03,2024-12-17,,Monthly,149.0,Active
S006155,C05058,P02,2025-06-27,,Monthly,79.0,Active
S006156,C05058,P01,2025-11-08,,Annual,29.0,Active
S006157,C05059,P01,2024-02-28,,Monthly,29.0,Active
S006158,C05060,P02,2024-01-28,,Annual,79.0,Active
S006159,C05060,P03,2025-01-20,,Monthly,149.0,Active
S006160,C05060,P02,2025-10-27,,Annual,79.0,Active
S006161,C05061,P03,2025-10-18,,Monthly,149.0,Active
S006162,C05062,P03,2025-07-22,,Monthly,149.0,Active
S006163,C05063,P01,2024-06-09,,Annual,29.0,Active
S006164,C05063,P01,2025-06-14,,Monthly,29.0,Active
S006165,C05064,P03,2025-10-21,,Monthly,149.0,Active
S006166,C05065,P01,2024-02-21,,Monthly,29.0,Active
S006167,C05066,P03,2024-09-28,,Monthly,149.0,Active
S006168,C05066,P02,2025-03-26,,Monthly,79.0,Active
S006169,C05067,P03,2024-02-22,,Annual,149.0,Active
S006170,C05068,P02,2025-03-04,,Monthly,79.0,Active
S006171,C05069,P03,2024-01-26,,Monthly,149.0,Active
S006172,C05070,P04,2025-02-01,,Monthly,399.0,Active
S006173,C05071,P02,2024-03-31,2025-11-04,Monthly,79.0,Cancelled
S006174,C05072,P01,2025-11-29,,Monthly,29.0,Active
S006175,C05073,P02,2025-09-18,,Monthly,79.0,Active
S006176,C05074,P03,2024-10-07,,Monthly,149.0,Active
S006177,C05075,P01,2024-02-07,,Monthly,29.0,Active
S006178,C05076,P03,2024-02-26,,Monthly,149.0,Active
S006179,C05077,P01,2025-01-27,,Monthly,29.0,Active
S006180,C05078,P02,2024-04-06,2025-01-26,Monthly,79.0,Cancelled
S006181,C05079,P03,2024-04-10,,Monthly,149.0,Active
S006182,C05080,P01,2024-10-28,,Monthly,29.0,Active
S006183,C05081,P01,2024-03-11,,Monthly,29.0,Active
S006184,C05082,P01,2025-07-27,,Monthly,29.0,Active
S006185,C05083,P02,2024-01-10,,Monthly,79.0,Active
S006186,C05084,P02,2024-12-04,,Monthly,79.0,Active
S006187,C05084,P01,2025-05-13,,Monthly,29.0,Active
S006188,C05085,P02,2024-10-14,,Monthly,79.0,Active
S006189,C05086,P01,2024-09-19,,Monthly,29.0,Active
S006190,C05087,P03,2024-02-21,,Monthly,149.0,Active
S006191,C05088,P03,2024-03-04,,Annual,149.0,Active
S006192,C05088,P04,2025-09-06,,Annual,399.0,Active
S006193,C05089,P03,2024-03-19,,Monthly,149.0,Active
S006194,C05089,P02,2025-07-10,,Monthly,79.0,Active
S006195,C05090,P03,2025-10-06,2025-12-30,Monthly,149.0,Cancelled
S006196,C05091,P02,2025-04-07,2025-12-14,Monthly,79.0,Cancelled
S006197,C05092,P03,2025-09-19,,Monthly,149.0,Active
S006198,C05093,P02,2024-10-18,,Annual,79.0,Active
S006199,C05094,P03,2025-08-07,,Monthly,149.0,Active
S006200,C05095,P01,2025-09-13,,Monthly,29.0,Active
S006201,C05096,P02,2024-02-08,2024-05-07,Monthly,79.0,Cancelled
S006202,C05097,P02,2024-10-07,,Annual,79.0,Active
S006203,C05098,P01,2024-01-28,2024-05-14,Annual,29.0,Cancelled
S006204,C05099,P02,2025-10-22,2025-12-23,Monthly,79.0,Cancelled
S006205,C05100,P04,2024-04-06,,Annual,399.0,Active
S006206,C05101,P02,2024-05-15,,Monthly,79.0,Active
S006207,C05101,P03,2025-03-18,,Annual,149.0,Active
S006208,C05102,P01,2024-02-27,,Monthly,29.0,Active
S006209,C05103,P02,2025-03-17,2025-07-10,Monthly,79.0,Cancelled
S006210,C05104,P01,2024-01-04,,Monthly,29.0,Active
S006211,C05105,P01,2025-06-13,,Monthly,29.0,Active
S006212,C05106,P01,2025-10-13,,Monthly,29.0,Active
S006213,C05107,P01,2024-03-23,,Monthly,29.0,Active
S006214,C05108,P01,2024-03-18,,Annual,29.0,Active
S006215,C05109,P01,2024-04-18,,Monthly,29.0,Active
S006216,C05110,P03,2025-07-26,,Monthly,149.0,Active
S006217,C05111,P02,2024-08-23,,Monthly,79.0,Active
S006218,C05111,P03,2025-09-25,,Monthly,149.0,Active
S006219,C05112,P02,2025-08-23,2025-11-16,Monthly,79.0,Cancelled
S006220,C05113,P02,2024-01-08,,Monthly,79.0,Active
S006221,C05114,P02,2025-06-27,,Monthly,79.0,Active
S006222,C05115,P02,2025-07-30,2025-11-21,Monthly,79.0,Cancelled
S006223,C05116,P02,2024-10-05,,Monthly,79.0,Active
S006224,C05117,P01,2024-11-03,2025-02-27,Monthly,29.0,Cancelled
S006225,C05118,P02,2024-11-19,,Monthly,79.0,Active
S006226,C05119,P03,2025-06-16,,Monthly,149.0,Active
S006227,C05120,P03,2024-01-10,,Annual,149.0,Active
S006228,C05120,P04,2025-07-27,,Monthly,399.0,Active
S006229,C05121,P03,2025-03-14,,Monthly,149.0,Active
S006230,C05122,P04,2024-04-08,,Monthly,399.0,Active
S006231,C05123,P04,2024-09-08,,Monthly,399.0,Active
S006232,C05123,P04,2025-04-25,,Monthly,399.0,Active
S006233,C05124,P03,2025-11-19,,Monthly,149.0,Active
S006234,C05125,P01,2025-10-19,,Annual,29.0,Active
S006235,C05126,P01,2025-11-22,,Monthly,29.0,Active
S006236,C05127,P03,2024-12-10,2025-07-13,Monthly,149.0,Cancelled
S006237,C05128,P03,2024-07-02,,Annual,149.0,Active
S006238,C05128,P02,2025-06-02,,Monthly,79.0,Active
S006239,C05128,P03,2025-12-26,,Monthly,149.0,Active
S006240,C05129,P03,2024-03-08,2024-12-24,Monthly,149.0,Cancelled
S006241,C05130,P02,2024-07-15,,Annual,79.0,Active
S006242,C05130,P01,2024-11-22,,Monthly,29.0,Active
S006243,C05131,P01,2024-08-02,2025-07-11,Monthly,29.0,Cancelled
S006244,C05132,P01,2024-10-14,,Monthly,29.0,Active
S006245,C05133,P03,2024-09-13,,Monthly,149.0,Active
S006246,C05134,P02,2024-05-15,,Monthly,79.0,Active
S006247,C05135,P01,2025-07-09,,Monthly,29.0,Active
S006248,C05136,P01,2025-08-05,,Monthly,29.0,Active
S006249,C05137,P02,2024-07-03,,Monthly,79.0,Active
S006250,C05138,P01,2025-03-19,,Monthly,29.0,Active
S006251,C05139,P04,2024-09-05,,Monthly,399.0,Active
S006252,C05140,P02,2024-08-21,,Annual,79.0,Active
S006253,C05141,P02,2024-06-09,,Monthly,79.0,Active
S006254,C05142,P02,2025-09-13,2025-11-23,Monthly,79.0,Cancelled
S006255,C05143,P01,2024-10-22,2025-08-25,Annual,29.0,Cancelled
S006256,C05144,P01,2025-07-09,,Monthly,29.0,Active
S006257,C05145,P01,2024-01-06,,Annual,29.0,Active
S006258,C05146,P03,2025-07-13,,Monthly,149.0,Active
S006259,C05147,P03,2025-04-20,,Monthly,149.0,Active
S006260,C05148,P03,2025-07-13,,Monthly,149.0,Active
S006261,C05149,P01,2025-11-06,,Annual,29.0,Active
S006262,C05150,P02,2024-08-16,,Annual,79.0,Active
S006263,C05150,P03,2025-06-30,,Monthly,149.0,Active
S006264,C05151,P02,2025-05-01,2025-07-01,Monthly,79.0,Cancelled
S006265,C05152,P03,2025-07-29,,Monthly,149.0,Active
S006266,C05153,P02,2025-05-22,,Monthly,79.0,Active
S006267,C05154,P02,2025-09-22,,Monthly,79.0,Active
S006268,C05155,P02,2025-01-06,,Monthly,79.0,Active
S006269,C05156,P04,2024-09-18,,Monthly,399.0,Active
S006270,C05157,P01,2025-10-22,,Monthly,29.0,Active
S006271,C05158,P01,2025-08-29,,Monthly,29.0,Active
S006272,C05159,P01,2024-09-07,2025-07-21,Monthly,29.0,Cancelled
S006273,C05160,P01,2024-02-29,,Annual,29.0,Active
S006274,C05160,P02,2025-12-20,,Monthly,79.0,Active
S006275,C05160,P03,2025-12-31,,Annual,149.0,Active
S006276,C05161,P02,2024-05-10,,Monthly,79.0,Active
S006277,C05162,P02,2024-08-31,,Annual,79.0,Active
S006278,C05163,P02,2024-03-19,,Monthly,79.0,Active
S006279,C05163,P01,2025-10-11,,Monthly,29.0,Active
S006280,C05163,P01,2025-12-31,,Monthly,29.0,Active
S006281,C05164,P01,2024-11-19,2025-03-10,Monthly,29.0,Cancelled
S006282,C05164,P02,2025-03-10,2025-07-10,Monthly,79.0,Cancelled
S006283,C05165,P01,2025-01-24,,Annual,29.0,Active
S006284,C05165,P02,2025-09-17,,Annual,79.0,Active
S006285,C05166,P03,2024-11-26,,Monthly,149.0,Active
S006286,C05167,P01,2025-03-10,,Monthly,29.0,Active
S006287,C05167,P02,2025-12-27,,Annual,79.0,Active
S006288,C05168,P01,2025-05-25,,Monthly,29.0,Active
S006289,C05169,P02,2024-04-24,,Monthly,79.0,Active
S006290,C05170,P04,2024-05-26,,Monthly,399.0,Active
S006291,C05170,P04,2025-10-17,,Annual,399.0,Active
S006292,C05171,P02,2024-01-04,,Monthly,79.0,Active
S006293,C05172,P03,2024-02-20,2025-05-16,Monthly,149.0,Cancelled
S006294,C05173,P01,2025-01-06,,Monthly,29.0,Active
S006295,C05174,P02,2025-05-29,,Monthly,79.0,Active
S006296,C05175,P02,2025-04-04,,Monthly,79.0,Active
S006297,C05176,P02,2024-01-29,,Monthly,79.0,Active
S006298,C05177,P02,2024-05-23,,Annual,79.0,Active
S006299,C05178,P02,2025-01-14,,Annual,79.0,Active
S006300,C05179,P01,2025-07-01,2025-10-30,Annual,29.0,Cancelled
S006301,C05180,P03,2025-09-23,,Monthly,149.0,Active
S006302,C05181,P03,2025-02-26,,Monthly,149.0,Active
S006303,C05181,P04,2025-10-24,,Monthly,399.0,Active
S006304,C05182,P01,2025-04-19,2025-11-18,Monthly,29.0,Cancelled
S006305,C05182,P02,2025-11-18,2025-12-17,Monthly,79.0,Cancelled
S006306,C05183,P02,2025-07-25,2025-10-30,Monthly,79.0,Cancelled
S006307,C05184,P03,2024-10-21,,Monthly,149.0,Active
S006308,C05184,P02,2025-05-06,,Annual,79.0,Active
S006309,C05185,P02,2025-01-19,,Monthly,79.0,Active
S006310,C05185,P03,2025-08-07,,Monthly,149.0,Active
S006311,C05186,P01,2024-05-03,,Monthly,29.0,Active
S006312,C05187,P02,2025-07-14,,Monthly,79.0,Active
S006313,C05188,P01,2024-11-12,,Monthly,29.0,Active
S006314,C05189,P02,2024-06-17,,Monthly,79.0,Active
S006315,C05190,P02,2024-01-12,2024-10-12,Annual,79.0,Cancelled
S006316,C05190,P01,2024-10-12,2025-08-26,Monthly,29.0,Cancelled
S006317,C05191,P01,2024-10-20,,Monthly,29.0,Active
S006318,C05191,P02,2025-08-20,,Monthly,79.0,Active
S006319,C05192,P04,2025-10-05,,Annual,399.0,Active
S006320,C05193,P03,2024-03-04,,Monthly,149.0,Active
S006321,C05194,P03,2025-10-14,,Monthly,149.0,Active
S006322,C05195,P02,2025-04-11,,Monthly,79.0,Active
S006323,C05196,P04,2025-11-15,,Monthly,399.0,Active
S006324,C05197,P02,2025-04-21,,Monthly,79.0,Active
S006325,C05198,P02,2024-10-28,,Annual,79.0,Active
S006326,C05199,P03,2024-05-18,,Monthly,149.0,Active
S006327,C05200,P03,2024-08-30,2024-11-24,Monthly,149.0,Cancelled
S006328,C05201,P02,2024-10-15,,Monthly,79.0,Active
S006329,C05202,P02,2025-03-19,2025-06-11,Annual,79.0,Cancelled
S006330,C05203,P02,2025-02-11,2025-12-14,Monthly,79.0,Cancelled
S006331,C05204,P02,2024-12-12,,Monthly,79.0,Active
S006332,C05205,P01,2024-03-03,,Monthly,29.0,Active
S006333,C05206,P01,2024-07-03,2025-11-18,Annual,29.0,Cancelled
S006334,C05207,P02,2025-05-24,,Monthly,79.0,Active
S006335,C05208,P03,2025-06-26,,Monthly,149.0,Active
S006336,C05208,P04,2025-12-20,,Monthly,399.0,Active
S006337,C05209,P02,2025-05-24,,Monthly,79.0,Active
S006338,C05210,P01,2024-07-11,,Annual,29.0,Active
S006339,C05210,P02,2025-09-20,,Monthly,79.0,Active
S006340,C05210,P01,2025-12-26,,Monthly,29.0,Active
S006341,C05211,P01,2024-12-15,,Monthly,29.0,Active
S006342,C05211,P02,2025-11-22,,Annual,79.0,Active
S006343,C05212,P04,2024-12-09,,Monthly,399.0,Active
S006344,C05212,P03,2025-12-20,,Monthly,149.0,Active
S006345,C05213,P02,2025-09-11,,Annual,79.0,Active
S006346,C05214,P04,2025-08-30,2025-12-21,Monthly,399.0,Cancelled
S006347,C05215,P01,2024-08-07,,Annual,29.0,Active
S006348,C05215,P01,2025-10-12,,Monthly,29.0,Active
S006349,C05215,P02,2025-12-31,,Monthly,79.0,Active
S006350,C05216,P03,2025-05-12,,Monthly,149.0,Active
S006351,C05217,P03,2024-08-27,,Monthly,149.0,Active
S006352,C05218,P02,2024-07-23,2024-10-30,Monthly,79.0,Cancelled
S006353,C05218,P03,2024-10-30,2025-07-29,Monthly,149.0,Cancelled
S006354,C05218,P04,2025-07-29,2025-11-15,Annual,399.0,Cancelled
S006355,C05219,P02,2024-10-09,2025-01-05,Annual,79.0,Cancelled
S006356,C05220,P01,2025-03-23,,Monthly,29.0,Active
S006357,C05221,P02,2025-09-26,2025-12-05,Monthly,79.0,Cancelled
S006358,C05222,P01,2025-11-06,,Monthly,29.0,Active
S006359,C05223,P03,2024-12-05,2025-03-05,Monthly,149.0,Cancelled
S006360,C05224,P03,2024-10-12,,Annual,149.0,Active
S006361,C05225,P04,2025-01-19,2025-06-09,Monthly,399.0,Cancelled
S006362,C05226,P03,2025-03-20,2025-10-06,Monthly,149.0,Cancelled
S006363,C05227,P03,2025-07-25,,Monthly,149.0,Active
S006364,C05228,P01,2024-03-20,2025-06-06,Monthly,29.0,Cancelled
S006365,C05228,P02,2025-06-06,2025-10-31,Annual,79.0,Cancelled
S006366,C05229,P03,2024-07-22,,Annual,149.0,Active
S006367,C05230,P03,2024-03-17,,Annual,149.0,Active
S006368,C05231,P04,2025-11-27,,Annual,399.0,Active
S006369,C05232,P02,2025-03-11,,Monthly,79.0,Active
S006370,C05233,P04,2024-01-06,,Monthly,399.0,Active
S006371,C05233,P04,2025-07-13,,Monthly,399.0,Active
S006372,C05234,P04,2025-01-16,,Annual,399.0,Active
S006373,C05235,P01,2024-07-04,2025-08-23,Monthly,29.0,Cancelled
S006374,C05236,P02,2025-08-26,,Annual,79.0,Active
S006375,C05237,P03,2025-04-28,,Monthly,149.0,Active
S006376,C05237,P04,2025-09-06,,Monthly,399.0,Active
S006377,C05238,P02,2024-11-03,,Monthly,79.0,Active
S006378,C05239,P01,2024-10-26,,Monthly,29.0,Active
S006379,C05239,P02,2025-05-26,,Monthly,79.0,Active
S006380,C05240,P03,2024-01-11,2024-05-23,Monthly,149.0,Cancelled
S006381,C05240,P02,2024-05-23,2025-07-09,Annual,79.0,Cancelled
S006382,C05241,P01,2024-07-15,,Monthly,29.0,Active
S006383,C05241,P01,2025-07-02,,Monthly,29.0,Active
S006384,C05242,P01,2024-06-11,,Monthly,29.0,Active
S006385,C05243,P02,2025-06-10,2025-11-21,Monthly,79.0,Cancelled
S006386,C05244,P01,2024-10-11,,Monthly,29.0,Active
S006387,C05245,P01,2025-02-25,,Monthly,29.0,Active
S006388,C05246,P01,2024-05-16,,Monthly,29.0,Active
S006389,C05246,P01,2025-04-21,,Monthly,29.0,Active
S006390,C05246,P01,2025-09-28,,Monthly,29.0,Active
S006391,C05247,P01,2024-01-06,,Monthly,29.0,Active
S006392,C05248,P02,2024-09-05,,Monthly,79.0,Active
S006393,C05249,P04,2025-09-28,,Monthly,399.0,Active
S006394,C05250,P03,2024-02-15,,Monthly,149.0,Active
S006395,C05251,P01,2025-09-07,,Annual,29.0,Active
S006396,C05252,P01,2025-07-02,,Annual,29.0,Active
S006397,C05253,P02,2024-08-23,,Monthly,79.0,Active
S006398,C05254,P02,2024-11-02,,Monthly,79.0,Active
S006399,C05255,P01,2025-07-02,,Monthly,29.0,Active
S006400,C05256,P03,2024-07-10,,Monthly,149.0,Active
S006401,C05257,P03,2024-03-21,,Monthly,149.0,Active
S006402,C05258,P02,2025-06-24,,Monthly,79.0,Active
S006403,C05258,P03,2025-12-14,,Monthly,149.0,Active
S006404,C05259,P01,2024-09-09,,Annual,29.0,Active
S006405,C05260,P01,2024-12-16,,Monthly,29.0,Active
S006406,C05260,P01,2025-06-15,,Monthly,29.0,Active
S006407,C05261,P01,2025-10-31,,Monthly,29.0,Active
S006408,C05262,P02,2024-03-28,,Annual,79.0,Active
S006409,C05262,P03,2024-11-15,,Annual,149.0,Active
S006410,C05262,P04,2025-05-25,,Monthly,399.0,Active
S006411,C05263,P02,2024-12-04,,Monthly,79.0,Active
S006412,C05264,P03,2024-12-10,,Monthly,149.0,Active
S006413,C05265,P01,2024-02-25,2024-05-06,Monthly,29.0,Cancelled
S006414,C05266,P01,2024-07-02,2025-11-22,Monthly,29.0,Cancelled
S006415,C05267,P03,2025-10-29,2025-12-28,Monthly,149.0,Cancelled
S006416,C05268,P01,2024-11-30,,Annual,29.0,Active
S006417,C05269,P01,2024-06-27,,Monthly,29.0,Active
S006418,C05270,P01,2025-03-27,,Monthly,29.0,Active
S006419,C05271,P02,2024-07-10,,Annual,79.0,Active
S006420,C05272,P01,2025-02-02,2025-12-18,Monthly,29.0,Cancelled
S006421,C05273,P02,2024-03-17,2024-10-31,Monthly,79.0,Cancelled
S006422,C05274,P01,2024-11-13,,Monthly,29.0,Active
S006423,C05275,P02,2024-12-05,,Monthly,79.0,Active
S006424,C05276,P02,2024-07-08,,Monthly,79.0,Active
S006425,C05276,P03,2025-05-22,,Monthly,149.0,Active
S006426,C05277,P01,2024-10-31,,Monthly,29.0,Active
S006427,C05277,P01,2025-03-26,,Monthly,29.0,Active
S006428,C05277,P01,2025-07-03,,Monthly,29.0,Active
S006429,C05278,P02,2025-04-21,2025-09-05,Monthly,79.0,Cancelled
S006430,C05278,P01,2025-09-05,2025-12-05,Monthly,29.0,Cancelled
S006431,C05279,P02,2025-01-15,,Monthly,79.0,Active
S006432,C05280,P02,2024-09-14,,Monthly,79.0,Active
S006433,C05281,P03,2025-11-13,,Monthly,149.0,Active
S006434,C05282,P01,2024-06-02,,Monthly,29.0,Active
S006435,C05283,P03,2024-05-25,,Monthly,149.0,Active
S006436,C05284,P01,2025-01-11,,Monthly,29.0,Active
S006437,C05285,P02,2025-05-02,,Annual,79.0,Active
S006438,C05286,P02,2024-07-10,,Annual,79.0,Active
S006439,C05287,P01,2025-07-06,,Monthly,29.0,Active
S006440,C05288,P02,2025-07-31,,Monthly,79.0,Active
S006441,C05289,P02,2025-08-10,,Monthly,79.0,Active
S006442,C05290,P02,2024-06-18,,Monthly,79.0,Active
S006443,C05291,P03,2024-03-01,,Annual,149.0,Active
S006444,C05292,P01,2024-02-16,,Monthly,29.0,Active
S006445,C05292,P02,2025-07-20,,Monthly,79.0,Active
S006446,C05293,P03,2024-09-25,,Monthly,149.0,Active
S006447,C05294,P01,2025-04-10,,Monthly,29.0,Active
S006448,C05295,P02,2025-03-20,,Monthly,79.0,Active
S006449,C05296,P03,2025-02-17,,Monthly,149.0,Active
S006450,C05296,P04,2025-12-25,,Annual,399.0,Active
S006451,C05297,P02,2024-05-03,,Monthly,79.0,Active
S006452,C05298,P03,2025-06-24,,Monthly,149.0,Active
S006453,C05299,P03,2025-05-05,,Monthly,149.0,Active
S006454,C05300,P01,2024-07-10,,Annual,29.0,Active
S006455,C05301,P02,2024-09-14,,Monthly,79.0,Active
S006456,C05302,P02,2025-06-02,,Annual,79.0,Active
S006457,C05303,P04,2024-05-09,,Annual,399.0,Active
S006458,C05304,P03,2024-06-15,,Monthly,149.0,Active
S006459,C05305,P04,2024-03-13,,Monthly,399.0,Active
S006460,C05306,P01,2024-11-25,2025-05-13,Annual,29.0,Cancelled
S006461,C05307,P02,2024-12-31,2025-12-15,Monthly,79.0,Cancelled
S006462,C05308,P01,2025-05-30,,Monthly,29.0,Active
S006463,C05309,P02,2025-04-19,,Annual,79.0,Active
S006464,C05309,P03,2025-08-10,,Monthly,149.0,Active
S006465,C05310,P02,2025-11-30,,Monthly,79.0,Active
S006466,C05311,P02,2024-06-13,,Monthly,79.0,Active
S006467,C05312,P03,2024-10-25,,Annual,149.0,Active
S006468,C05313,P01,2025-03-22,,Annual,29.0,Active
S006469,C05314,P03,2025-09-13,,Monthly,149.0,Active
S006470,C05315,P02,2024-09-25,,Monthly,79.0,Active
S006471,C05316,P02,2024-03-17,,Monthly,79.0,Active
S006472,C05317,P02,2024-05-27,,Monthly,79.0,Active
S006473,C05317,P01,2025-02-17,,Monthly,29.0,Active
S006474,C05318,P01,2024-02-03,,Monthly,29.0,Active
S006475,C05319,P02,2024-09-20,,Annual,79.0,Active
S006476,C05320,P02,2025-11-02,,Annual,79.0,Active
S006477,C05321,P03,2025-06-18,,Monthly,149.0,Active
S006478,C05322,P03,2024-04-02,,Monthly,149.0,Active
S006479,C05323,P01,2024-06-06,2025-10-11,Annual,29.0,Cancelled
S006480,C05323,P01,2025-10-11,2025-10-20,Monthly,29.0,Cancelled
S006481,C05323,P02,2025-10-20,2025-10-20,Annual,79.0,Cancelled
S006482,C05324,P01,2024-04-20,,Monthly,29.0,Active
S006483,C05324,P01,2024-12-05,,Monthly,29.0,Active
S006484,C05324,P01,2025-05-03,,Monthly,29.0,Active
S006485,C05325,P01,2024-09-22,2025-05-24,Monthly,29.0,Cancelled
S006486,C05326,P02,2024-05-22,,Monthly,79.0,Active
S006487,C05327,P02,2024-11-24,,Monthly,79.0,Active
S006488,C05328,P03,2024-10-19,,Monthly,149.0,Active
S006489,C05328,P04,2025-05-06,,Monthly,399.0,Active
S006490,C05329,P02,2025-08-29,,Monthly,79.0,Active
S006491,C05330,P01,2025-10-23,,Monthly,29.0,Active
S006492,C05331,P03,2024-03-12,,Monthly,149.0,Active
S006493,C05332,P03,2025-09-27,,Annual,149.0,Active
S006494,C05333,P04,2024-05-22,,Monthly,399.0,Active
S006495,C05334,P03,2024-04-20,,Monthly,149.0,Active
S006496,C05335,P01,2025-10-21,,Monthly,29.0,Active
S006497,C05336,P02,2025-11-18,,Monthly,79.0,Active
S006498,C05337,P01,2025-05-09,,Annual,29.0,Active
S006499,C05338,P01,2025-11-03,,Monthly,29.0,Active
S006500,C05339,P01,2024-06-22,,Monthly,29.0,Active
S006501,C05339,P02,2025-11-27,,Monthly,79.0,Active
S006502,C05340,P01,2024-07-13,,Monthly,29.0,Active
S006503,C05341,P02,2025-09-22,2025-12-10,Monthly,79.0,Cancelled
S006504,C05342,P02,2024-02-19,,Monthly,79.0,Active
S006505,C05342,P03,2025-07-24,,Annual,149.0,Active
S006506,C05342,P04,2025-12-21,,Monthly,399.0,Active
S006507,C05343,P02,2025-11-14,,Monthly,79.0,Active
S006508,C05344,P02,2024-09-23,2025-07-27,Annual,79.0,Cancelled
S006509,C05345,P02,2024-07-03,,Monthly,79.0,Active
S006510,C05346,P02,2025-05-04,2025-12-14,Monthly,79.0,Cancelled
S006511,C05347,P03,2025-07-10,,Monthly,149.0,Active
S006512,C05348,P01,2025-11-28,,Monthly,29.0,Active
S006513,C05349,P02,2024-06-25,,Monthly,79.0,Active
S006514,C05350,P03,2024-12-19,,Monthly,149.0,Active
S006515,C05351,P01,2024-10-03,,Monthly,29.0,Active
S006516,C05352,P02,2025-02-28,,Monthly,79.0,Active
S006517,C05353,P03,2024-07-19,,Annual,149.0,Active
S006518,C05354,P02,2024-07-25,,Monthly,79.0,Active
S006519,C05355,P03,2024-09-27,,Monthly,149.0,Active
S006520,C05356,P03,2025-02-13,,Monthly,149.0,Active
S006521,C05357,P03,2025-07-27,,Annual,149.0,Active
S006522,C05358,P01,2024-04-09,,Annual,29.0,Active
S006523,C05359,P01,2025-06-06,,Monthly,29.0,Active
S006524,C05360,P03,2024-08-04,,Annual,149.0,Active
S006525,C05360,P04,2025-12-12,,Monthly,399.0,Active
S006526,C05361,P03,2024-12-17,2025-05-28,Monthly,149.0,Cancelled
S006527,C05362,P02,2024-07-02,,Annual,79.0,Active
S006528,C05362,P01,2025-02-25,,Monthly,29.0,Active
S006529,C05363,P01,2025-01-14,,Monthly,29.0,Active
S006530,C05364,P03,2025-05-22,2025-11-03,Monthly,149.0,Cancelled
S006531,C05365,P01,2025-05-24,,Monthly,29.0,Active
S006532,C05366,P02,2025-01-18,,Monthly,79.0,Active
S006533,C05367,P03,2024-09-22,,Monthly,149.0,Active
S006534,C05368,P02,2024-06-05,,Monthly,79.0,Active
S006535,C05368,P03,2024-12-29,,Annual,149.0,Active
S006536,C05368,P04,2025-06-14,,Monthly,399.0,Active
S006537,C05369,P02,2025-06-24,,Monthly,79.0,Active
S006538,C05369,P01,2025-10-21,,Annual,29.0,Active
S006539,C05370,P01,2025-01-22,,Monthly,29.0,Active
S006540,C05371,P02,2024-12-12,,Annual,79.0,Active
S006541,C05371,P03,2025-03-24,,Monthly,149.0,Active
S006542,C05372,P04,2024-04-07,,Annual,399.0,Active
S006543,C05373,P02,2025-10-28,,Monthly,79.0,Active
S006544,C05374,P01,2024-01-18,,Monthly,29.0,Active
S006545,C05375,P01,2025-05-12,,Monthly,29.0,Active
S006546,C05376,P03,2025-04-24,,Monthly,149.0,Active
S006547,C05376,P04,2025-08-23,,Annual,399.0,Active
S006548,C05377,P01,2024-12-18,2025-02-17,Annual,29.0,Cancelled
S006549,C05378,P01,2025-04-01,,Monthly,29.0,Active
S006550,C05378,P02,2025-12-26,,Monthly,79.0,Active
S006551,C05379,P03,2024-08-09,2025-07-05,Monthly,149.0,Cancelled
S006552,C05380,P02,2024-06-07,,Monthly,79.0,Active
S006553,C05381,P03,2025-06-27,,Annual,149.0,Active
S006554,C05382,P02,2024-10-17,,Monthly,79.0,Active
S006555,C05382,P03,2025-11-21,,Monthly,149.0,Active
S006556,C05383,P04,2024-10-10,,Monthly,399.0,Active
S006557,C05384,P02,2025-01-22,,Monthly,79.0,Active
S006558,C05384,P01,2025-11-27,,Monthly,29.0,Active
S006559,C05385,P04,2024-02-29,,Monthly,399.0,Active
S006560,C05386,P02,2025-10-04,,Monthly,79.0,Active
S006561,C05387,P03,2024-08-03,2024-12-06,Monthly,149.0,Cancelled
S006562,C05387,P04,2024-12-06,2025-03-28,Monthly,399.0,Cancelled
S006563,C05387,P04,2025-03-28,2025-09-04,Monthly,399.0,Cancelled
S006564,C05388,P01,2025-07-10,,Monthly,29.0,Active
S006565,C05389,P01,2024-07-26,,Monthly,29.0,Active
S006566,C05390,P03,2024-08-29,,Monthly,149.0,Active
S006567,C05391,P02,2024-09-03,,Monthly,79.0,Active
S006568,C05392,P01,2025-06-09,,Monthly,29.0,Active
S006569,C05393,P03,2024-09-23,2024-12-20,Monthly,149.0,Cancelled
S006570,C05394,P01,2025-02-18,,Monthly,29.0,Active
S006571,C05395,P01,2025-02-14,2025-06-24,Monthly,29.0,Cancelled
S006572,C05396,P02,2024-12-24,,Annual,79.0,Active
S006573,C05397,P03,2025-05-31,,Annual,149.0,Active
S006574,C05397,P02,2025-10-04,,Monthly,79.0,Active
S006575,C05398,P02,2024-02-25,,Monthly,79.0,Active
S006576,C05399,P01,2024-02-09,,Annual,29.0,Active
S006577,C05400,P02,2024-04-17,,Annual,79.0,Active
S006578,C05401,P03,2024-08-29,,Monthly,149.0,Active
S006579,C05402,P02,2025-01-02,,Monthly,79.0,Active
S006580,C05402,P01,2025-08-29,,Monthly,29.0,Active
S006581,C05403,P03,2024-01-02,,Monthly,149.0,Active
S006582,C05404,P03,2025-05-25,,Monthly,149.0,Active
S006583,C05404,P02,2025-11-05,,Annual,79.0,Active
S006584,C05405,P01,2025-01-08,,Monthly,29.0,Active
S006585,C05406,P02,2025-10-19,,Monthly,79.0,Active
S006586,C05407,P04,2024-03-05,,Monthly,399.0,Active
S006587,C05407,P04,2025-02-20,,Monthly,399.0,Active
S006588,C05408,P01,2025-03-28,,Monthly,29.0,Active
S006589,C05409,P04,2025-08-08,,Monthly,399.0,Active
S006590,C05410,P03,2024-08-28,,Annual,149.0,Active
S006591,C05410,P04,2025-07-27,,Annual,399.0,Active
S006592,C05410,P03,2025-11-20,,Monthly,149.0,Active
S006593,C05411,P04,2025-11-11,,Monthly,399.0,Active
S006594,C05412,P02,2024-12-13,,Monthly,79.0,Active
S006595,C05413,P01,2024-04-27,,Monthly,29.0,Active
S006596,C05414,P02,2024-08-04,2025-08-04,Annual,79.0,Cancelled
S006597,C05415,P03,2024-10-24,,Annual,149.0,Active
S006598,C05416,P01,2024-02-23,2024-08-13,Annual,29.0,Cancelled
S006599,C05417,P03,2025-07-07,,Annual,149.0,Active
S006600,C05418,P03,2025-11-15,,Annual,149.0,Active
S006601,C05419,P03,2024-07-30,,Monthly,149.0,Active
S006602,C05420,P01,2024-12-25,,Monthly,29.0,Active
S006603,C05421,P02,2024-02-03,,Monthly,79.0,Active
S006604,C05422,P02,2024-11-28,,Monthly,79.0,Active
S006605,C05423,P01,2025-08-20,,Monthly,29.0,Active
S006606,C05424,P02,2024-07-15,,Monthly,79.0,Active
S006607,C05424,P01,2025-08-31,,Monthly,29.0,Active
S006608,C05425,P01,2024-03-11,,Monthly,29.0,Active
S006609,C05426,P02,2024-03-09,,Monthly,79.0,Active
S006610,C05427,P02,2024-12-06,2025-06-14,Annual,79.0,Cancelled
S006611,C05428,P01,2024-03-24,,Annual,29.0,Active
S006612,C05429,P04,2025-10-03,,Monthly,399.0,Active
S006613,C05430,P03,2025-04-12,,Monthly,149.0,Active
S006614,C05431,P03,2024-01-10,,Monthly,149.0,Active
S006615,C05432,P02,2024-10-13,,Monthly,79.0,Active
S006616,C05433,P01,2025-05-30,,Monthly,29.0,Active
S006617,C05433,P02,2025-12-09,,Annual,79.0,Active
S006618,C05434,P03,2025-01-23,,Monthly,149.0,Active
S006619,C05434,P02,2025-08-28,,Monthly,79.0,Active
S006620,C05435,P01,2025-11-18,,Annual,29.0,Active
S006621,C05436,P02,2024-11-30,,Monthly,79.0,Active
S006622,C05437,P03,2025-10-21,,Monthly,149.0,Active
S006623,C05438,P02,2024-12-17,,Monthly,79.0,Active
S006624,C05438,P03,2025-11-14,,Annual,149.0,Active
S006625,C05438,P02,2025-12-31,,Monthly,79.0,Active
S006626,C05439,P01,2024-02-02,,Monthly,29.0,Active
S006627,C05440,P03,2025-01-23,,Monthly,149.0,Active
S006628,C05441,P01,2024-01-23,,Monthly,29.0,Active
S006629,C05441,P02,2025-08-22,,Monthly,79.0,Active
S006630,C05441,P01,2025-12-09,,Monthly,29.0,Active
S006631,C05442,P02,2024-07-25,,Monthly,79.0,Active
S006632,C05443,P02,2025-01-24,,Annual,79.0,Active
S006633,C05444,P01,2025-08-07,,Annual,29.0,Active
S006634,C05445,P03,2024-08-23,,Monthly,149.0,Active
S006635,C05445,P04,2025-03-18,,Annual,399.0,Active
S006636,C05446,P03,2025-06-23,,Monthly,149.0,Active
S006637,C05447,P02,2024-10-09,,Monthly,79.0,Active
S006638,C05448,P03,2025-03-04,,Monthly,149.0,Active
S006639,C05449,P01,2024-07-12,2024-11-07,Monthly,29.0,Cancelled
S006640,C05450,P02,2024-04-05,,Monthly,79.0,Active
S006641,C05451,P01,2024-02-08,,Annual,29.0,Active
S006642,C05452,P01,2024-11-12,,Annual,29.0,Active
S006643,C05453,P04,2024-11-15,,Monthly,399.0,Active
S006644,C05454,P01,2024-06-29,,Monthly,29.0,Active
S006645,C05455,P01,2024-07-31,,Monthly,29.0,Active
S006646,C05456,P04,2025-09-04,,Monthly,399.0,Active
S006647,C05457,P01,2024-03-06,2025-03-16,Monthly,29.0,Cancelled
S006648,C05458,P04,2025-04-11,,Monthly,399.0,Active
S006649,C05459,P02,2024-01-11,,Monthly,79.0,Active
S006650,C05460,P03,2025-06-24,,Annual,149.0,Active
S006651,C05461,P01,2025-05-25,,Monthly,29.0,Active
S006652,C05462,P04,2025-08-09,,Monthly,399.0,Active
S006653,C05463,P03,2025-08-04,,Monthly,149.0,Active
S006654,C05464,P03,2025-07-12,,Monthly,149.0,Active
S006655,C05465,P01,2025-01-21,2025-06-21,Annual,29.0,Cancelled
S006656,C05466,P01,2025-12-01,,Monthly,29.0,Active
S006657,C05467,P02,2024-10-28,,Monthly,79.0,Active
S006658,C05468,P02,2024-05-24,,Annual,79.0,Active
S006659,C05468,P03,2025-04-09,,Annual,149.0,Active
S006660,C05468,P04,2025-07-10,,Monthly,399.0,Active
S006661,C05469,P04,2025-04-28,,Monthly,399.0,Active
S006662,C05470,P01,2025-09-08,,Annual,29.0,Active
S006663,C05471,P03,2024-10-04,,Annual,149.0,Active
S006664,C05471,P02,2025-04-29,,Monthly,79.0,Active
S006665,C05472,P04,2025-09-26,,Annual,399.0,Active
S006666,C05473,P02,2024-02-28,,Monthly,79.0,Active
S006667,C05473,P03,2024-06-27,,Monthly,149.0,Active
S006668,C05474,P02,2024-04-11,,Monthly,79.0,Active
S006669,C05475,P02,2025-09-24,2025-12-15,Annual,79.0,Cancelled
S006670,C05476,P02,2025-10-30,2025-12-29,Monthly,79.0,Cancelled
S006671,C05477,P02,2024-01-03,,Monthly,79.0,Active
S006672,C05478,P02,2024-05-15,,Monthly,79.0,Active
S006673,C05479,P02,2025-11-28,,Monthly,79.0,Active
S006674,C05480,P04,2025-05-11,,Monthly,399.0,Active
S006675,C05481,P02,2024-05-08,,Annual,79.0,Active
S006676,C05482,P02,2024-01-08,2024-09-19,Monthly,79.0,Cancelled
S006677,C05482,P03,2024-09-19,2025-01-06,Monthly,149.0,Cancelled
S006678,C05482,P04,2025-01-06,2025-02-26,Monthly,399.0,Cancelled
S006679,C05483,P01,2025-07-10,,Monthly,29.0,Active
S006680,C05484,P04,2024-04-07,,Monthly,399.0,Active
S006681,C05484,P04,2025-09-13,,Annual,399.0,Active
S006682,C05485,P02,2024-09-28,,Monthly,79.0,Active
S006683,C05485,P03,2025-02-05,,Annual,149.0,Active
S006684,C05486,P03,2024-10-27,2025-03-16,Annual,149.0,Cancelled
S006685,C05487,P01,2025-05-05,,Monthly,29.0,Active
S006686,C05487,P01,2025-08-21,,Monthly,29.0,Active
S006687,C05488,P02,2024-03-08,,Monthly,79.0,Active
S006688,C05488,P01,2025-06-30,,Annual,29.0,Active
S006689,C05488,P02,2025-10-02,,Monthly,79.0,Active
S006690,C05489,P02,2025-05-05,,Monthly,79.0,Active
S006691,C05490,P03,2025-10-13,,Monthly,149.0,Active
S006692,C05491,P03,2024-07-18,,Monthly,149.0,Active
S006693,C05492,P02,2024-09-26,,Monthly,79.0,Active
S006694,C05493,P01,2024-04-15,,Monthly,29.0,Active
S006695,C05493,P01,2024-09-19,,Annual,29.0,Active
S006696,C05494,P02,2024-01-25,2024-07-13,Monthly,79.0,Cancelled
S006697,C05495,P03,2025-04-01,,Annual,149.0,Active
S006698,C05496,P04,2024-12-17,2025-09-25,Annual,399.0,Cancelled
S006699,C05497,P04,2024-04-01,,Monthly,399.0,Active
S006700,C05498,P04,2025-10-10,,Annual,399.0,Active
S006701,C05499,P02,2025-10-18,,Monthly,79.0,Active
S006702,C05500,P03,2025-02-20,,Monthly,149.0,Active
S006703,C05501,P02,2024-10-25,,Monthly,79.0,Active
S006704,C05502,P01,2024-12-29,,Annual,29.0,Active
S006705,C05503,P03,2025-04-04,,Monthly,149.0,Active
S006706,C05504,P02,2024-05-26,2025-02-10,Monthly,79.0,Cancelled
S006707,C05505,P02,2024-05-09,,Monthly,79.0,Active
S006708,C05505,P01,2025-10-29,,Annual,29.0,Active
S006709,C05505,P02,2025-12-31,,Monthly,79.0,Active
S006710,C05506,P03,2024-10-08,,Monthly,149.0,Active
S006711,C05506,P02,2025-10-26,,Monthly,79.0,Active
S006712,C05507,P04,2024-03-30,,Annual,399.0,Active
S006713,C05507,P04,2025-11-12,,Monthly,399.0,Active
S006714,C05508,P01,2024-11-13,2025-12-17,Monthly,29.0,Cancelled
S006715,C05509,P02,2025-05-19,,Monthly,79.0,Active
S006716,C05509,P01,2025-12-04,,Monthly,29.0,Active
S006717,C05510,P01,2025-06-05,2025-12-24,Monthly,29.0,Cancelled
S006718,C05511,P02,2024-07-21,,Annual,79.0,Active
S006719,C05512,P02,2024-07-12,,Annual,79.0,Active
S006720,C05512,P03,2025-02-01,,Annual,149.0,Active
S006721,C05513,P03,2025-05-21,,Monthly,149.0,Active
S006722,C05514,P02,2025-09-11,,Monthly,79.0,Active
S006723,C05515,P02,2025-01-24,,Monthly,79.0,Active
S006724,C05515,P03,2025-06-26,,Monthly,149.0,Active
S006725,C05516,P01,2024-11-01,2025-11-03,Monthly,29.0,Cancelled
S006726,C05517,P02,2024-12-02,2025-11-10,Monthly,79.0,Cancelled
S006727,C05518,P03,2024-09-13,2025-11-16,Monthly,149.0,Cancelled
S006728,C05519,P03,2025-05-20,,Annual,149.0,Active
S006729,C05520,P01,2024-04-08,2025-02-12,Annual,29.0,Cancelled
S006730,C05521,P02,2025-03-17,,Monthly,79.0,Active
S006731,C05522,P01,2025-06-04,,Monthly,29.0,Active
S006732,C05523,P02,2025-01-26,2025-09-21,Monthly,79.0,Cancelled
S006733,C05524,P01,2024-10-18,,Monthly,29.0,Active
S006734,C05525,P01,2024-11-18,,Annual,29.0,Active
S006735,C05525,P02,2025-06-25,,Monthly,79.0,Active
S006736,C05526,P02,2024-05-09,,Monthly,79.0,Active
S006737,C05527,P02,2025-02-12,,Monthly,79.0,Active
S006738,C05528,P03,2024-08-27,,Monthly,149.0,Active
S006739,C05529,P02,2024-01-13,,Monthly,79.0,Active
S006740,C05530,P03,2025-11-29,,Monthly,149.0,Active
S006741,C05531,P03,2024-09-23,,Monthly,149.0,Active
S006742,C05531,P04,2025-11-04,,Monthly,399.0,Active
S006743,C05532,P03,2024-02-04,2025-01-25,Monthly,149.0,Cancelled
S006744,C05532,P04,2025-01-25,2025-06-22,Monthly,399.0,Cancelled
S006745,C05533,P03,2024-03-26,,Monthly,149.0,Active
S006746,C05533,P04,2025-02-07,,Monthly,399.0,Active
S006747,C05534,P01,2024-12-10,,Monthly,29.0,Active
S006748,C05535,P03,2025-08-21,,Monthly,149.0,Active
S006749,C05536,P01,2024-05-07,,Monthly,29.0,Active
S006750,C05536,P02,2025-11-24,,Monthly,79.0,Active
S006751,C05537,P01,2024-08-30,,Monthly,29.0,Active
S006752,C05538,P03,2024-04-30,,Annual,149.0,Active
S006753,C05539,P03,2025-08-04,,Annual,149.0,Active
S006754,C05540,P01,2025-04-02,,Monthly,29.0,Active
S006755,C05541,P01,2025-03-10,,Monthly,29.0,Active
S006756,C05542,P04,2024-06-29,,Monthly,399.0,Active
S006757,C05543,P04,2025-09-05,,Monthly,399.0,Active
S006758,C05544,P02,2024-11-22,,Monthly,79.0,Active
S006759,C05545,P03,2025-06-13,,Monthly,149.0,Active
S006760,C05546,P03,2025-01-26,,Monthly,149.0,Active
S006761,C05546,P04,2025-10-09,,Monthly,399.0,Active
S006762,C05547,P02,2025-06-02,,Monthly,79.0,Active
S006763,C05548,P02,2025-04-10,,Annual,79.0,Active
S006764,C05549,P02,2024-01-09,,Monthly,79.0,Active
S006765,C05550,P02,2025-10-19,,Monthly,79.0,Active
S006766,C05551,P03,2024-07-20,,Monthly,149.0,Active
S006767,C05552,P02,2025-05-31,,Monthly,79.0,Active
S006768,C05553,P01,2024-12-29,,Monthly,29.0,Active
S006769,C05554,P02,2024-05-09,,Monthly,79.0,Active
S006770,C05555,P02,2024-07-25,,Annual,79.0,Active
S006771,C05556,P03,2025-01-20,,Monthly,149.0,Active
S006772,C05557,P01,2024-08-29,,Monthly,29.0,Active
S006773,C05558,P01,2025-07-10,,Monthly,29.0,Active
S006774,C05559,P01,2024-09-03,,Monthly,29.0,Active
S006775,C05560,P02,2025-06-25,,Monthly,79.0,Active
S006776,C05561,P02,2024-02-04,,Monthly,79.0,Active
S006777,C05562,P02,2024-05-31,,Monthly,79.0,Active
S006778,C05563,P02,2024-12-18,,Monthly,79.0,Active
S006779,C05563,P03,2025-09-10,,Monthly,149.0,Active
S006780,C05564,P01,2024-05-01,,Monthly,29.0,Active
S006781,C05564,P02,2025-12-17,,Monthly,79.0,Active
S006782,C05565,P01,2024-09-01,,Monthly,29.0,Active
S006783,C05566,P01,2025-11-23,,Monthly,29.0,Active
S006784,C05567,P02,2025-04-22,,Monthly,79.0,Active
S006785,C05568,P04,2024-08-22,,Monthly,399.0,Active
S006786,C05568,P03,2025-06-19,,Monthly,149.0,Active
S006787,C05569,P02,2024-10-02,,Annual,79.0,Active
S006788,C05570,P04,2025-03-03,,Annual,399.0,Active
S006789,C05571,P02,2024-07-11,,Monthly,79.0,Active
S006790,C05571,P03,2025-01-26,,Monthly,149.0,Active
S006791,C05572,P01,2025-07-31,,Monthly,29.0,Active
S006792,C05573,P03,2025-05-18,,Monthly,149.0,Active
S006793,C05574,P04,2025-05-12,,Monthly,399.0,Active
S006794,C05575,P03,2025-05-09,,Monthly,149.0,Active
S006795,C05576,P03,2024-07-07,2025-06-13,Monthly,149.0,Cancelled
S006796,C05577,P03,2025-02-04,2025-05-06,Annual,149.0,Cancelled
S006797,C05578,P01,2024-01-29,,Monthly,29.0,Active
S006798,C05579,P01,2024-07-30,,Annual,29.0,Active
S006799,C05579,P02,2025-06-12,,Annual,79.0,Active
S006800,C05580,P02,2025-08-23,,Annual,79.0,Active
S006801,C05581,P01,2024-11-08,,Monthly,29.0,Active
S006802,C05581,P01,2025-08-10,,Annual,29.0,Active
S006803,C05582,P03,2025-03-10,,Monthly,149.0,Active
S006804,C05583,P02,2025-03-26,,Monthly,79.0,Active
S006805,C05584,P02,2024-11-01,,Annual,79.0,Active
S006806,C05584,P01,2025-03-23,,Annual,29.0,Active
S006807,C05585,P02,2025-10-11,,Monthly,79.0,Active
S006808,C05586,P02,2024-05-19,,Monthly,79.0,Active
S006809,C05586,P03,2025-07-08,,Annual,149.0,Active
S006810,C05587,P02,2025-06-24,,Monthly,79.0,Active
S006811,C05587,P01,2025-09-30,,Monthly,29.0,Active
S006812,C05588,P02,2024-03-25,,Annual,79.0,Active
S006813,C05588,P03,2025-05-27,,Monthly,149.0,Active
S006814,C05589,P02,2024-07-15,,Monthly,79.0,Active
S006815,C05589,P01,2025-02-02,,Monthly,29.0,Active
S006816,C05590,P03,2025-01-09,2025-11-18,Monthly,149.0,Cancelled
S006817,C05591,P02,2025-03-20,,Monthly,79.0,Active
S006818,C05591,P01,2025-07-14,,Monthly,29.0,Active
S006819,C05592,P03,2025-01-28,,Monthly,149.0,Active
S006820,C05593,P02,2025-08-12,,Monthly,79.0,Active
S006821,C05594,P03,2024-08-21,,Monthly,149.0,Active
S006822,C05594,P02,2025-09-20,,Annual,79.0,Active
S006823,C05595,P02,2024-08-17,2025-01-17,Monthly,79.0,Cancelled
S006824,C05596,P02,2024-06-16,,Annual,79.0,Active
S006825,C05597,P01,2024-11-14,,Annual,29.0,Active
S006826,C05598,P02,2024-09-24,,Monthly,79.0,Active
S006827,C05599,P02,2024-01-15,,Monthly,79.0,Active
S006828,C05600,P02,2025-03-03,,Monthly,79.0,Active
S006829,C05601,P01,2024-12-27,,Annual,29.0,Active
S006830,C05601,P01,2025-07-22,,Annual,29.0,Active
S006831,C05602,P03,2024-04-18,,Monthly,149.0,Active
S006832,C05603,P01,2025-10-14,,Monthly,29.0,Active
S006833,C05604,P02,2024-05-18,,Annual,79.0,Active
S006834,C05605,P02,2024-07-16,,Annual,79.0,Active
S006835,C05605,P01,2025-07-27,,Monthly,29.0,Active
S006836,C05606,P02,2025-04-13,,Monthly,79.0,Active
S006837,C05607,P01,2024-01-27,2024-12-08,Monthly,29.0,Cancelled
S006838,C05608,P02,2024-09-27,,Annual,79.0,Active
S006839,C05609,P03,2024-11-06,,Monthly,149.0,Active
S006840,C05609,P04,2025-03-24,,Monthly,399.0,Active
S006841,C05610,P01,2024-03-11,,Annual,29.0,Active
S006842,C05611,P03,2024-03-19,,Annual,149.0,Active
S006843,C05612,P02,2024-11-18,,Monthly,79.0,Active
S006844,C05613,P02,2025-10-20,,Annual,79.0,Active
S006845,C05614,P03,2024-09-06,2025-07-12,Annual,149.0,Cancelled
S006846,C05615,P01,2024-09-07,,Monthly,29.0,Active
S006847,C05616,P01,2025-11-10,,Monthly,29.0,Active
S006848,C05617,P03,2025-08-24,,Monthly,149.0,Active
S006849,C05618,P02,2025-10-24,,Monthly,79.0,Active
S006850,C05619,P02,2024-04-17,,Monthly,79.0,Active
S006851,C05620,P03,2025-08-01,,Monthly,149.0,Active
S006852,C05621,P01,2025-01-12,,Monthly,29.0,Active
S006853,C05622,P02,2025-03-28,,Monthly,79.0,Active
S006854,C05623,P02,2024-11-29,,Monthly,79.0,Active
S006855,C05623,P01,2025-07-08,,Annual,29.0,Active
S006856,C05624,P02,2025-04-05,,Annual,79.0,Active
S006857,C05625,P01,2025-10-28,,Annual,29.0,Active
S006858,C05626,P02,2024-09-17,,Annual,79.0,Active
S006859,C05626,P03,2025-11-15,,Monthly,149.0,Active
S006860,C05627,P02,2024-01-06,,Annual,79.0,Active
S006861,C05628,P04,2025-06-16,,Monthly,399.0,Active
S006862,C05629,P01,2024-02-14,,Monthly,29.0,Active
S006863,C05630,P01,2024-07-11,2025-08-23,Monthly,29.0,Cancelled
S006864,C05631,P01,2024-07-26,,Monthly,29.0,Active
S006865,C05631,P02,2025-07-01,,Monthly,79.0,Active
S006866,C05631,P01,2025-11-10,,Monthly,29.0,Active
S006867,C05632,P04,2024-04-05,,Monthly,399.0,Active
S006868,C05633,P02,2025-02-09,,Monthly,79.0,Active
S006869,C05634,P02,2024-11-03,,Monthly,79.0,Active
S006870,C05635,P02,2025-05-09,,Annual,79.0,Active
S006871,C05636,P01,2025-09-19,,Annual,29.0,Active
S006872,C05637,P02,2024-03-30,,Monthly,79.0,Active
S006873,C05638,P03,2024-06-18,,Monthly,149.0,Active
S006874,C05639,P02,2025-01-18,,Monthly,79.0,Active
S006875,C05640,P01,2025-02-26,2025-08-16,Monthly,29.0,Cancelled
S006876,C05641,P01,2024-02-16,2025-08-19,Monthly,29.0,Cancelled
S006877,C05642,P01,2024-03-18,,Monthly,29.0,Active
S006878,C05643,P01,2024-12-06,,Annual,29.0,Active
S006879,C05644,P01,2024-03-03,2024-07-19,Annual,29.0,Cancelled
S006880,C05645,P04,2024-10-08,,Monthly,399.0,Active
S006881,C05646,P02,2024-05-14,,Monthly,79.0,Active
S006882,C05647,P02,2025-09-26,,Monthly,79.0,Active
S006883,C05648,P03,2025-04-14,,Monthly,149.0,Active
S006884,C05649,P03,2024-05-08,,Monthly,149.0,Active
S006885,C05650,P01,2025-09-09,2025-12-26,Monthly,29.0,Cancelled
S006886,C05651,P02,2025-10-12,,Monthly,79.0,Active
S006887,C05652,P02,2025-10-23,,Monthly,79.0,Active
S006888,C05653,P03,2024-03-06,,Monthly,149.0,Active
S006889,C05654,P03,2024-11-16,,Monthly,149.0,Active
S006890,C05655,P02,2025-07-16,,Monthly,79.0,Active
S006891,C05656,P02,2024-10-30,,Monthly,79.0,Active
S006892,C05657,P01,2024-07-31,,Monthly,29.0,Active
S006893,C05658,P01,2025-04-28,,Annual,29.0,Active
S006894,C05658,P02,2025-09-05,,Monthly,79.0,Active
S006895,C05659,P01,2024-12-30,2025-11-29,Monthly,29.0,Cancelled
S006896,C05660,P03,2024-09-21,,Monthly,149.0,Active
S006897,C05660,P04,2024-12-26,,Monthly,399.0,Active
S006898,C05661,P01,2024-03-01,2024-10-17,Monthly,29.0,Cancelled
S006899,C05661,P02,2024-10-17,2025-02-09,Annual,79.0,Cancelled
S006900,C05662,P01,2024-12-19,,Monthly,29.0,Active
S006901,C05662,P02,2025-04-15,,Monthly,79.0,Active
S006902,C05663,P03,2025-11-11,,Monthly,149.0,Active
S006903,C05664,P03,2025-09-26,2025-12-14,Monthly,149.0,Cancelled
S006904,C05665,P04,2025-04-13,,Monthly,399.0,Active
S006905,C05666,P04,2024-04-27,,Annual,399.0,Active
S006906,C05667,P01,2024-11-22,,Monthly,29.0,Active
S006907,C05667,P01,2025-12-02,,Monthly,29.0,Active
S006908,C05668,P02,2025-07-03,,Monthly,79.0,Active
S006909,C05669,P01,2025-11-27,,Monthly,29.0,Active
S006910,C05670,P03,2024-07-19,,Monthly,149.0,Active
S006911,C05671,P02,2025-10-02,,Monthly,79.0,Active
S006912,C05672,P01,2025-10-19,,Monthly,29.0,Active
S006913,C05673,P01,2024-07-31,,Monthly,29.0,Active
S006914,C05674,P03,2024-06-02,,Monthly,149.0,Active
S006915,C05675,P01,2024-11-21,,Monthly,29.0,Active
S006916,C05676,P02,2025-08-04,2025-10-06,Monthly,79.0,Cancelled
S006917,C05677,P02,2025-02-26,,Monthly,79.0,Active
S006918,C05677,P03,2025-12-07,,Monthly,149.0,Active
S006919,C05678,P01,2025-08-15,,Monthly,29.0,Active
S006920,C05679,P02,2025-05-04,,Monthly,79.0,Active
S006921,C05680,P03,2024-12-08,2025-08-12,Monthly,149.0,Cancelled
S006922,C05681,P01,2025-02-12,,Annual,29.0,Active
S006923,C05681,P02,2025-05-21,,Monthly,79.0,Active
S006924,C05682,P02,2024-10-04,,Monthly,79.0,Active
S006925,C05683,P01,2024-01-13,,Monthly,29.0,Active
S006926,C05684,P03,2024-07-11,,Monthly,149.0,Active
S006927,C05685,P03,2025-09-17,,Monthly,149.0,Active
S006928,C05686,P01,2024-07-03,,Annual,29.0,Active
S006929,C05687,P01,2024-05-19,2025-03-27,Monthly,29.0,Cancelled
S006930,C05688,P03,2024-07-01,,Monthly,149.0,Active
S006931,C05689,P03,2024-08-10,,Monthly,149.0,Active
S006932,C05690,P02,2024-03-17,,Annual,79.0,Active
S006933,C05690,P03,2025-07-11,,Annual,149.0,Active
S006934,C05691,P03,2025-02-18,,Annual,149.0,Active
S006935,C05692,P01,2024-03-25,,Annual,29.0,Active
S006936,C05693,P02,2024-03-19,2025-06-15,Monthly,79.0,Cancelled
S006937,C05694,P03,2025-03-10,,Annual,149.0,Active
S006938,C05695,P01,2024-08-20,2025-11-25,Monthly,29.0,Cancelled
S006939,C05696,P02,2025-11-05,,Monthly,79.0,Active
S006940,C05697,P03,2025-04-21,,Annual,149.0,Active
S006941,C05698,P02,2024-06-17,,Monthly,79.0,Active
S006942,C05698,P03,2025-09-25,,Annual,149.0,Active
S006943,C05699,P04,2024-08-15,,Monthly,399.0,Active
S006944,C05700,P01,2024-05-28,,Monthly,29.0,Active
S006945,C05701,P01,2024-01-23,,Annual,29.0,Active
S006946,C05701,P01,2025-01-21,,Annual,29.0,Active
S006947,C05702,P02,2024-04-29,,Monthly,79.0,Active
S006948,C05703,P01,2024-09-02,,Monthly,29.0,Active
S006949,C05703,P02,2025-03-04,,Monthly,79.0,Active
S006950,C05704,P02,2024-10-02,,Monthly,79.0,Active
S006951,C05705,P02,2024-09-28,,Annual,79.0,Active
S006952,C05706,P02,2024-04-07,,Annual,79.0,Active
S006953,C05707,P03,2025-11-03,,Monthly,149.0,Active
S006954,C05708,P03,2025-10-10,,Annual,149.0,Active
S006955,C05709,P02,2024-03-29,,Monthly,79.0,Active
S006956,C05710,P03,2025-01-21,,Monthly,149.0,Active
S006957,C05710,P04,2025-11-02,,Monthly,399.0,Active
S006958,C05711,P01,2025-03-12,,Monthly,29.0,Active
S006959,C05712,P02,2025-08-18,,Monthly,79.0,Active
S006960,C05713,P02,2024-11-09,,Monthly,79.0,Active
S006961,C05714,P01,2024-10-17,,Monthly,29.0,Active
S006962,C05715,P01,2025-04-03,,Monthly,29.0,Active
S006963,C05716,P04,2025-05-16,,Monthly,399.0,Active
S006964,C05717,P03,2024-04-14,,Monthly,149.0,Active
S006965,C05717,P02,2024-11-16,,Monthly,79.0,Active
S006966,C05717,P01,2025-08-23,,Monthly,29.0,Active
S006967,C05718,P03,2024-07-29,2025-08-28,Monthly,149.0,Cancelled
S006968,C05719,P01,2024-08-26,,Annual,29.0,Active
S006969,C05720,P02,2025-01-28,,Monthly,79.0,Active
S006970,C05721,P01,2024-06-01,2025-06-13,Monthly,29.0,Cancelled
S006971,C05722,P04,2025-12-01,,Monthly,399.0,Active
S006972,C05723,P02,2025-09-28,,Monthly,79.0,Active
S006973,C05724,P03,2025-01-08,2025-12-21,Monthly,149.0,Cancelled
S006974,C05725,P03,2024-10-27,,Monthly,149.0,Active
S006975,C05726,P01,2025-09-10,2025-11-29,Annual,29.0,Cancelled
S006976,C05727,P01,2025-11-27,,Monthly,29.0,Active
S006977,C05728,P03,2025-03-12,,Monthly,149.0,Active
S006978,C05728,P04,2025-12-14,,Monthly,399.0,Active
S006979,C05729,P02,2024-12-03,,Annual,79.0,Active
S006980,C05729,P01,2025-04-21,,Annual,29.0,Active
S006981,C05730,P03,2024-03-25,,Monthly,149.0,Active
S006982,C05730,P04,2025-02-21,,Monthly,399.0,Active
S006983,C05731,P01,2024-05-09,,Monthly,29.0,Active
S006984,C05731,P02,2025-10-09,,Monthly,79.0,Active
S006985,C05732,P04,2025-06-21,2025-09-26,Monthly,399.0,Cancelled
S006986,C05733,P03,2025-10-08,2025-12-12,Monthly,149.0,Cancelled
S006987,C05734,P03,2025-03-07,,Monthly,149.0,Active
S006988,C05735,P04,2024-09-23,,Monthly,399.0,Active
S006989,C05736,P01,2025-07-26,,Annual,29.0,Active
S006990,C05737,P01,2024-01-13,,Annual,29.0,Active
S006991,C05738,P03,2024-03-15,,Annual,149.0,Active
S006992,C05739,P02,2025-07-28,,Monthly,79.0,Active
S006993,C05740,P01,2025-11-28,,Monthly,29.0,Active
S006994,C05741,P01,2024-12-26,2025-07-24,Annual,29.0,Cancelled
S006995,C05742,P03,2024-02-26,,Monthly,149.0,Active
S006996,C05742,P04,2024-11-09,,Monthly,399.0,Active
S006997,C05743,P04,2025-09-25,,Annual,399.0,Active
S006998,C05744,P03,2025-11-04,,Annual,149.0,Active
S006999,C05745,P03,2024-04-22,,Monthly,149.0,Active
S007000,C05746,P04,2025-05-13,,Annual,399.0,Active
S007001,C05747,P03,2025-08-13,2025-10-20,Monthly,149.0,Cancelled
S007002,C05748,P02,2025-10-27,,Monthly,79.0,Active
S007003,C05749,P01,2024-02-24,,Monthly,29.0,Active
S007004,C05750,P03,2024-05-25,,Annual,149.0,Active
S007005,C05751,P01,2025-05-30,,Monthly,29.0,Active
S007006,C05752,P02,2025-07-16,,Annual,79.0,Active
S007007,C05753,P01,2025-08-28,,Annual,29.0,Active
S007008,C05754,P03,2024-10-20,,Annual,149.0,Active
S007009,C05755,P03,2025-06-16,,Monthly,149.0,Active
S007010,C05755,P02,2025-11-01,,Annual,79.0,Active
S007011,C05756,P01,2025-07-26,,Monthly,29.0,Active
S007012,C05757,P03,2025-10-15,,Monthly,149.0,Active
S007013,C05758,P01,2025-02-24,,Annual,29.0,Active
S007014,C05758,P02,2025-09-30,,Monthly,79.0,Active
S007015,C05759,P04,2024-11-06,2025-12-07,Monthly,399.0,Cancelled
S007016,C05760,P02,2024-02-14,,Monthly,79.0,Active
S007017,C05761,P02,2025-08-26,,Monthly,79.0,Active
S007018,C05762,P01,2025-07-21,,Monthly,29.0,Active
S007019,C05763,P01,2024-09-13,,Monthly,29.0,Active
S007020,C05764,P02,2024-08-16,,Monthly,79.0,Active
S007021,C05765,P01,2024-06-22,,Monthly,29.0,Active
S007022,C05765,P01,2025-01-11,,Monthly,29.0,Active
S007023,C05765,P01,2025-07-02,,Monthly,29.0,Active
S007024,C05766,P03,2025-01-08,,Monthly,149.0,Active
S007025,C05767,P04,2025-01-29,,Monthly,399.0,Active
S007026,C05768,P04,2024-03-12,,Monthly,399.0,Active
S007027,C05769,P02,2025-06-01,,Monthly,79.0,Active
S007028,C05770,P02,2024-03-12,,Monthly,79.0,Active
S007029,C05771,P02,2025-03-12,,Monthly,79.0,Active
S007030,C05772,P01,2024-08-13,,Monthly,29.0,Active
S007031,C05773,P01,2024-11-02,,Monthly,29.0,Active
S007032,C05774,P02,2025-01-26,,Annual,79.0,Active
S007033,C05775,P02,2025-01-21,,Monthly,79.0,Active
S007034,C05776,P03,2024-08-03,,Monthly,149.0,Active
S007035,C05777,P04,2025-03-19,,Monthly,399.0,Active
S007036,C05778,P03,2025-11-27,,Monthly,149.0,Active
S007037,C05779,P03,2024-08-19,,Annual,149.0,Active
S007038,C05780,P01,2025-05-14,2025-07-24,Monthly,29.0,Cancelled
S007039,C05781,P01,2024-08-13,,Monthly,29.0,Active
S007040,C05782,P01,2024-09-05,2024-11-11,Monthly,29.0,Cancelled
S007041,C05783,P02,2024-09-02,,Annual,79.0,Active
S007042,C05783,P03,2025-01-06,,Monthly,149.0,Active
S007043,C05783,P04,2025-07-12,,Annual,399.0,Active
S007044,C05784,P01,2025-05-06,,Monthly,29.0,Active
S007045,C05785,P02,2025-11-13,,Annual,79.0,Active
S007046,C05786,P01,2024-06-22,,Monthly,29.0,Active
S007047,C05787,P03,2024-12-06,2025-03-30,Monthly,149.0,Cancelled
S007048,C05788,P01,2025-07-08,,Annual,29.0,Active
S007049,C05789,P02,2024-11-24,2025-06-25,Monthly,79.0,Cancelled
S007050,C05790,P02,2024-10-15,,Monthly,79.0,Active
S007051,C05790,P01,2025-04-06,,Monthly,29.0,Active
S007052,C05791,P04,2025-07-12,,Monthly,399.0,Active
S007053,C05792,P03,2024-11-14,,Monthly,149.0,Active
S007054,C05792,P04,2025-03-05,,Annual,399.0,Active
S007055,C05793,P03,2025-02-21,,Annual,149.0,Active
S007056,C05793,P04,2025-09-24,,Monthly,399.0,Active
S007057,C05794,P02,2024-09-14,,Annual,79.0,Active
S007058,C05795,P02,2025-11-18,,Monthly,79.0,Active
S007059,C05796,P02,2025-09-24,,Annual,79.0,Active
S007060,C05797,P04,2024-11-09,,Monthly,399.0,Active
S007061,C05797,P04,2025-07-01,,Annual,399.0,Active
S007062,C05798,P01,2025-08-22,,Annual,29.0,Active
S007063,C05799,P01,2025-02-20,,Monthly,29.0,Active
S007064,C05800,P02,2024-08-14,,Annual,79.0,Active
S007065,C05800,P01,2024-11-29,,Annual,29.0,Active
S007066,C05800,P02,2025-09-17,,Monthly,79.0,Active
S007067,C05801,P02,2025-08-29,2025-11-22,Monthly,79.0,Cancelled
S007068,C05802,P02,2024-05-02,2024-09-23,Monthly,79.0,Cancelled
S007069,C05803,P02,2025-01-13,,Monthly,79.0,Active
S007070,C05804,P03,2025-01-11,,Monthly,149.0,Active
S007071,C05805,P02,2024-01-12,,Annual,79.0,Active
S007072,C05806,P02,2024-03-05,,Annual,79.0,Active
S007073,C05807,P01,2024-01-19,,Monthly,29.0,Active
S007074,C05808,P04,2025-01-15,,Monthly,399.0,Active
S007075,C05809,P02,2025-04-07,,Monthly,79.0,Active
S007076,C05810,P01,2025-09-03,,Monthly,29.0,Active
S007077,C05811,P03,2025-02-12,,Monthly,149.0,Active
S007078,C05812,P02,2025-05-04,,Monthly,79.0,Active
S007079,C05812,P03,2025-12-10,,Monthly,149.0,Active
S007080,C05813,P01,2024-12-14,,Monthly,29.0,Active
S007081,C05814,P03,2024-06-20,,Annual,149.0,Active
S007082,C05815,P01,2024-03-25,,Monthly,29.0,Active
S007083,C05816,P01,2024-03-06,,Monthly,29.0,Active
S007084,C05816,P02,2024-07-21,,Monthly,79.0,Active
S007085,C05816,P01,2025-11-22,,Monthly,29.0,Active
S007086,C05817,P02,2025-09-05,2025-12-25,Monthly,79.0,Cancelled
S007087,C05818,P04,2024-11-19,,Monthly,399.0,Active
S007088,C05818,P04,2025-10-18,,Annual,399.0,Active
S007089,C05819,P01,2024-10-23,,Annual,29.0,Active
S007090,C05819,P01,2025-03-13,,Annual,29.0,Active
S007091,C05820,P01,2024-06-14,,Monthly,29.0,Active
S007092,C05821,P01,2025-03-14,,Monthly,29.0,Active
S007093,C05822,P01,2025-08-09,,Monthly,29.0,Active
S007094,C05823,P04,2024-09-09,,Monthly,399.0,Active
S007095,C05824,P03,2024-05-21,,Monthly,149.0,Active
S007096,C05824,P04,2025-02-23,,Monthly,399.0,Active
S007097,C05825,P02,2024-12-27,,Monthly,79.0,Active
S007098,C05825,P01,2025-04-28,,Monthly,29.0,Active
S007099,C05826,P02,2025-01-02,,Monthly,79.0,Active
S007100,C05827,P02,2024-01-07,,Monthly,79.0,Active
S007101,C05827,P01,2025-01-29,,Monthly,29.0,Active
S007102,C05827,P02,2025-11-05,,Monthly,79.0,Active
S007103,C05828,P02,2025-03-10,2025-11-15,Monthly,79.0,Cancelled
S007104,C05829,P01,2024-12-01,,Monthly,29.0,Active
S007105,C05830,P01,2024-08-21,,Monthly,29.0,Active
S007106,C05831,P01,2025-11-01,,Monthly,29.0,Active
S007107,C05832,P01,2025-08-13,,Monthly,29.0,Active
S007108,C05833,P03,2025-06-19,,Monthly,149.0,Active
S007109,C05833,P04,2025-12-27,,Annual,399.0,Active
S007110,C05834,P01,2024-01-02,,Annual,29.0,Active
S007111,C05835,P03,2024-01-17,,Monthly,149.0,Active
S007112,C05836,P01,2025-11-16,,Monthly,29.0,Active
S007113,C05837,P01,2024-05-23,,Monthly,29.0,Active
S007114,C05838,P03,2025-01-10,,Monthly,149.0,Active
S007115,C05839,P03,2024-02-08,,Annual,149.0,Active
S007116,C05840,P02,2024-01-21,,Monthly,79.0,Active
S007117,C05841,P04,2024-12-02,,Annual,399.0,Active
S007118,C05842,P02,2025-08-25,,Monthly,79.0,Active
S007119,C05843,P03,2024-02-27,,Monthly,149.0,Active
S007120,C05844,P03,2024-05-10,,Monthly,149.0,Active
S007121,C05845,P02,2025-03-07,,Monthly,79.0,Active
S007122,C05845,P03,2025-08-04,,Annual,149.0,Active
S007123,C05846,P03,2025-02-07,,Annual,149.0,Active
S007124,C05847,P02,2025-03-29,,Annual,79.0,Active
S007125,C05848,P01,2025-09-03,,Monthly,29.0,Active
S007126,C05849,P02,2025-03-07,,Monthly,79.0,Active
S007127,C05849,P03,2025-12-11,,Monthly,149.0,Active
S007128,C05850,P02,2025-01-07,,Annual,79.0,Active
S007129,C05851,P02,2025-04-16,,Monthly,79.0,Active
S007130,C05851,P01,2025-09-21,,Monthly,29.0,Active
S007131,C05852,P02,2025-05-09,2025-10-12,Annual,79.0,Cancelled
S007132,C05853,P02,2024-02-14,,Monthly,79.0,Active
S007133,C05854,P04,2024-05-01,,Annual,399.0,Active
S007134,C05854,P04,2025-10-28,,Monthly,399.0,Active
S007135,C05855,P01,2024-12-10,,Monthly,29.0,Active
S007136,C05856,P02,2025-09-27,2025-11-27,Monthly,79.0,Cancelled
S007137,C05857,P01,2024-01-03,,Monthly,29.0,Active
S007138,C05858,P02,2024-02-25,2024-07-21,Annual,79.0,Cancelled
S007139,C05859,P01,2024-10-15,,Annual,29.0,Active
S007140,C05860,P04,2024-02-15,,Monthly,399.0,Active
S007141,C05861,P01,2025-07-12,,Monthly,29.0,Active
S007142,C05862,P02,2024-08-04,,Annual,79.0,Active
S007143,C05863,P02,2024-04-10,2025-05-27,Monthly,79.0,Cancelled
S007144,C05864,P02,2025-08-27,,Monthly,79.0,Active
S007145,C05865,P01,2024-09-06,,Annual,29.0,Active
S007146,C05866,P02,2025-01-11,,Annual,79.0,Active
S007147,C05867,P01,2024-10-05,,Monthly,29.0,Active
S007148,C05868,P01,2024-08-20,,Annual,29.0,Active
S007149,C05869,P02,2025-05-30,,Monthly,79.0,Active
S007150,C05869,P01,2025-09-08,,Monthly,29.0,Active
S007151,C05870,P04,2025-06-24,,Monthly,399.0,Active
S007152,C05871,P02,2024-08-17,,Monthly,79.0,Active
S007153,C05871,P01,2024-11-17,,Monthly,29.0,Active
S007154,C05872,P02,2024-12-17,,Annual,79.0,Active
S007155,C05872,P03,2025-05-15,,Monthly,149.0,Active
S007156,C05873,P01,2024-09-04,,Monthly,29.0,Active
S007157,C05874,P04,2024-08-07,,Monthly,399.0,Active
S007158,C05875,P03,2025-07-13,,Monthly,149.0,Active
S007159,C05876,P03,2024-02-01,,Monthly,149.0,Active
S007160,C05877,P03,2024-07-29,,Monthly,149.0,Active
S007161,C05878,P02,2024-05-29,,Monthly,79.0,Active
S007162,C05879,P02,2024-06-27,,Monthly,79.0,Active
S007163,C05880,P02,2024-07-14,,Monthly,79.0,Active
S007164,C05881,P03,2024-12-28,,Monthly,149.0,Active
S007165,C05882,P02,2025-01-10,,Monthly,79.0,Active
S007166,C05883,P01,2024-11-04,2025-10-21,Monthly,29.0,Cancelled
S007167,C05884,P04,2024-03-23,,Monthly,399.0,Active
S007168,C05885,P03,2025-05-04,,Monthly,149.0,Active
S007169,C05886,P01,2025-11-25,,Monthly,29.0,Active
S007170,C05887,P03,2025-06-24,2025-10-20,Monthly,149.0,Cancelled
S007171,C05888,P03,2024-07-13,,Monthly,149.0,Active
S007172,C05889,P01,2025-11-06,,Annual,29.0,Active
S007173,C05890,P02,2024-05-22,,Monthly,79.0,Active
S007174,C05891,P04,2024-07-05,,Annual,399.0,Active
S007175,C05892,P01,2024-04-25,,Monthly,29.0,Active
S007176,C05892,P02,2025-05-20,,Annual,79.0,Active
S007177,C05893,P02,2024-11-22,,Monthly,79.0,Active
S007178,C05894,P02,2024-09-21,,Monthly,79.0,Active
S007179,C05895,P02,2025-01-03,,Annual,79.0,Active
S007180,C05896,P01,2024-05-30,2025-02-26,Annual,29.0,Cancelled
S007181,C05897,P04,2025-05-15,,Monthly,399.0,Active
S007182,C05898,P03,2025-07-25,,Monthly,149.0,Active
S007183,C05899,P01,2024-09-08,,Monthly,29.0,Active
S007184,C05900,P01,2025-05-22,2025-11-30,Monthly,29.0,Cancelled
S007185,C05901,P04,2024-11-20,,Monthly,399.0,Active
S007186,C05901,P04,2025-07-11,,Monthly,399.0,Active
S007187,C05902,P03,2024-03-26,2025-04-22,Annual,149.0,Cancelled
S007188,C05903,P03,2024-01-05,,Annual,149.0,Active
S007189,C05903,P04,2025-06-09,,Monthly,399.0,Active
S007190,C05904,P01,2025-07-30,,Monthly,29.0,Active
S007191,C05905,P01,2024-02-17,,Annual,29.0,Active
S007192,C05906,P02,2025-07-25,,Monthly,79.0,Active
S007193,C05907,P03,2024-04-30,,Monthly,149.0,Active
S007194,C05907,P02,2024-09-22,,Annual,79.0,Active
S007195,C05907,P01,2025-07-22,,Monthly,29.0,Active
S007196,C05908,P03,2024-07-27,,Annual,149.0,Active
S007197,C05908,P04,2025-03-24,,Monthly,399.0,Active
S007198,C05909,P04,2025-06-23,,Annual,399.0,Active
S007199,C05909,P04,2025-10-24,,Annual,399.0,Active
S007200,C05910,P03,2024-11-05,,Monthly,149.0,Active
S007201,C05911,P03,2024-10-27,,Annual,149.0,Active
S007202,C05911,P02,2025-10-26,,Monthly,79.0,Active
S007203,C05911,P03,2025-12-31,,Annual,149.0,Active
S007204,C05912,P02,2025-09-04,,Monthly,79.0,Active
S007205,C05913,P01,2025-04-15,,Annual,29.0,Active
S007206,C05914,P01,2024-04-28,,Annual,29.0,Active
S007207,C05915,P01,2024-12-31,,Annual,29.0,Active
S007208,C05916,P03,2025-06-06,,Monthly,149.0,Active
S007209,C05917,P03,2024-09-18,,Monthly,149.0,Active
S007210,C05918,P03,2024-01-28,,Monthly,149.0,Active
S007211,C05919,P02,2025-05-03,,Monthly,79.0,Active
S007212,C05920,P02,2024-01-21,,Monthly,79.0,Active
S007213,C05920,P01,2025-03-21,,Monthly,29.0,Active
S007214,C05921,P03,2025-10-09,,Monthly,149.0,Active
S007215,C05922,P01,2025-08-12,,Monthly,29.0,Active
S007216,C05923,P02,2025-02-12,,Monthly,79.0,Active
S007217,C05924,P02,2024-06-28,,Annual,79.0,Active
S007218,C05924,P03,2025-06-26,,Annual,149.0,Active
S007219,C05925,P01,2025-10-25,,Monthly,29.0,Active
S007220,C05926,P03,2024-12-24,,Monthly,149.0,Active
S007221,C05927,P01,2024-07-05,,Annual,29.0,Active
S007222,C05927,P01,2025-01-30,,Monthly,29.0,Active
S007223,C05928,P02,2024-08-19,,Monthly,79.0,Active
S007224,C05929,P01,2024-09-30,2025-05-19,Monthly,29.0,Cancelled
S007225,C05929,P01,2025-05-19,2025-09-11,Monthly,29.0,Cancelled
S007226,C05930,P03,2024-07-14,,Monthly,149.0,Active
S007227,C05930,P04,2024-10-25,,Annual,399.0,Active
S007228,C05931,P01,2024-03-21,,Monthly,29.0,Active
S007229,C05932,P01,2025-10-18,,Monthly,29.0,Active
S007230,C05933,P03,2025-08-20,,Annual,149.0,Active
S007231,C05934,P02,2025-11-18,,Monthly,79.0,Active
S007232,C05935,P03,2024-05-01,,Monthly,149.0,Active
S007233,C05936,P02,2025-05-14,,Monthly,79.0,Active
S007234,C05937,P02,2024-06-02,,Monthly,79.0,Active
S007235,C05938,P03,2024-04-24,,Monthly,149.0,Active
S007236,C05939,P02,2024-06-29,,Monthly,79.0,Active
S007237,C05940,P02,2025-03-28,,Annual,79.0,Active
S007238,C05941,P01,2024-02-16,,Monthly,29.0,Active
S007239,C05942,P03,2024-10-22,,Monthly,149.0,Active
S007240,C05942,P02,2025-02-14,,Monthly,79.0,Active
S007241,C05943,P03,2025-05-01,,Monthly,149.0,Active
S007242,C05944,P01,2024-09-22,,Monthly,29.0,Active
S007243,C05945,P01,2025-05-02,,Monthly,29.0,Active
S007244,C05946,P02,2025-11-10,,Monthly,79.0,Active
S007245,C05947,P02,2025-08-17,,Monthly,79.0,Active
S007246,C05948,P02,2024-01-30,,Monthly,79.0,Active
S007247,C05949,P01,2024-07-28,2025-07-10,Monthly,29.0,Cancelled
S007248,C05950,P02,2024-04-09,2024-08-27,Monthly,79.0,Cancelled
S007249,C05950,P03,2024-08-27,2024-11-15,Monthly,149.0,Cancelled
S007250,C05951,P03,2025-07-14,,Monthly,149.0,Active
S007251,C05952,P02,2024-05-18,,Monthly,79.0,Active
S007252,C05953,P03,2025-09-07,2025-11-27,Annual,149.0,Cancelled
S007253,C05954,P01,2025-08-04,,Monthly,29.0,Active
S007254,C05955,P02,2024-01-28,,Monthly,79.0,Active
S007255,C05956,P02,2025-10-25,,Monthly,79.0,Active
S007256,C05957,P02,2025-07-25,2025-11-19,Annual,79.0,Cancelled
S007257,C05958,P03,2024-10-28,,Annual,149.0,Active
S007258,C05958,P04,2025-03-19,,Monthly,399.0,Active
S007259,C05959,P02,2025-09-23,,Annual,79.0,Active
S007260,C05960,P03,2024-07-23,,Monthly,149.0,Active
S007261,C05961,P01,2025-04-18,2025-10-16,Annual,29.0,Cancelled
S007262,C05962,P02,2025-06-23,,Monthly,79.0,Active
S007263,C05963,P03,2024-09-14,,Monthly,149.0,Active
S007264,C05964,P02,2025-06-15,,Monthly,79.0,Active
S007265,C05965,P01,2025-01-19,2025-09-18,Monthly,29.0,Cancelled
S007266,C05966,P01,2024-01-07,,Monthly,29.0,Active
S007267,C05967,P03,2024-04-13,,Monthly,149.0,Active
S007268,C05967,P02,2024-09-28,,Monthly,79.0,Active
S007269,C05968,P02,2025-02-20,,Annual,79.0,Active
S007270,C05969,P01,2025-04-01,,Monthly,29.0,Active
S007271,C05969,P02,2025-09-21,,Monthly,79.0,Active
S007272,C05970,P02,2024-08-12,,Monthly,79.0,Active
S007273,C05970,P03,2025-02-20,,Monthly,149.0,Active
S007274,C05971,P03,2024-10-19,,Annual,149.0,Active
S007275,C05972,P03,2024-11-26,,Monthly,149.0,Active
S007276,C05972,P02,2025-10-18,,Monthly,79.0,Active
S007277,C05973,P01,2025-03-07,,Monthly,29.0,Active
S007278,C05974,P02,2025-07-29,,Annual,79.0,Active
S007279,C05975,P02,2025-03-21,,Monthly,79.0,Active
S007280,C05976,P01,2024-07-19,2025-10-01,Monthly,29.0,Cancelled
S007281,C05977,P02,2024-12-27,,Monthly,79.0,Active
S007282,C05978,P02,2025-11-19,,Monthly,79.0,Active
S007283,C05979,P01,2024-11-09,,Monthly,29.0,Active
S007284,C05980,P03,2025-01-04,,Annual,149.0,Active
S007285,C05981,P01,2024-11-09,,Monthly,29.0,Active
S007286,C05981,P01,2025-10-01,,Annual,29.0,Active
S007287,C05981,P01,2025-12-30,,Monthly,29.0,Active
S007288,C05982,P01,2025-06-09,,Monthly,29.0,Active
S007289,C05983,P02,2025-06-13,,Monthly,79.0,Active
S007290,C05984,P01,2024-04-11,,Annual,29.0,Active
S007291,C05985,P03,2025-06-19,,Monthly,149.0,Active
S007292,C05986,P02,2024-01-12,,Monthly,79.0,Active
S007293,C05986,P03,2025-04-03,,Monthly,149.0,Active
S007294,C05987,P03,2025-01-13,,Annual,149.0,Active
S007295,C05988,P04,2024-02-18,,Monthly,399.0,Active
S007296,C05989,P03,2024-12-22,,Monthly,149.0,Active
S007297,C05990,P01,2025-09-14,,Monthly,29.0,Active
S007298,C05991,P01,2025-06-21,,Annual,29.0,Active
S007299,C05992,P01,2025-11-25,,Monthly,29.0,Active
S007300,C05993,P02,2025-03-25,,Annual,79.0,Active
S007301,C05994,P04,2024-02-29,,Monthly,399.0,Active
S007302,C05995,P01,2025-05-07,,Monthly,29.0,Active
S007303,C05996,P02,2024-12-19,,Annual,79.0,Active
S007304,C05997,P01,2025-07-27,,Monthly,29.0,Active
S007305,C05998,P02,2025-11-14,,Monthly,79.0,Active
S007306,C05999,P01,2025-02-19,,Monthly,29.0,Active
S007307,C06000,P03,2025-04-08,,Monthly,149.0,Active
S007308,C06001,P01,2024-06-12,,Monthly,29.0,Active
S007309,C06001,P02,2025-09-20,,Annual,79.0,Active
S007310,C06002,P02,2025-09-23,,Monthly,79.0,Active
S007311,C06003,P02,2024-03-18,,Monthly,79.0,Active
S007312,C06004,P01,2025-08-04,,Monthly,29.0,Active
S007313,C06005,P02,2024-11-04,,Annual,79.0,Active
S007314,C06006,P03,2025-05-10,,Annual,149.0,Active
S007315,C06006,P04,2025-11-19,,Annual,399.0,Active
S007316,C06007,P02,2024-03-05,,Monthly,79.0,Active
S007317,C06008,P01,2025-10-22,,Monthly,29.0,Active
S007318,C06009,P03,2024-05-18,,Monthly,149.0,Active
S007319,C06010,P04,2024-07-19,,Annual,399.0,Active
S007320,C06011,P01,2025-03-09,,Monthly,29.0,Active
S007321,C06012,P01,2024-10-05,,Monthly,29.0,Active
S007322,C06012,P02,2025-03-03,,Monthly,79.0,Active
S007323,C06013,P01,2024-03-21,,Monthly,29.0,Active
S007324,C06014,P02,2025-10-07,,Monthly,79.0,Active
S007325,C06015,P02,2025-02-23,,Annual,79.0,Active
S007326,C06016,P01,2025-06-22,,Annual,29.0,Active
S007327,C06017,P01,2024-10-26,,Annual,29.0,Active
S007328,C06018,P02,2025-04-24,,Monthly,79.0,Active
S007329,C06019,P01,2024-08-14,,Monthly,29.0,Active
S007330,C06020,P02,2025-08-13,2025-11-12,Monthly,79.0,Cancelled
S007331,C06021,P02,2025-11-20,,Monthly,79.0,Active
S007332,C06022,P03,2024-03-26,,Annual,149.0,Active
S007333,C06023,P02,2024-09-03,,Monthly,79.0,Active
S007334,C06023,P03,2025-04-17,,Monthly,149.0,Active
S007335,C06023,P04,2025-07-21,,Annual,399.0,Active
S007336,C06024,P02,2024-10-31,,Monthly,79.0,Active
S007337,C06024,P03,2025-08-15,,Monthly,149.0,Active
S007338,C06024,P04,2025-12-28,,Monthly,399.0,Active
S007339,C06025,P02,2024-04-09,,Monthly,79.0,Active
S007340,C06026,P02,2025-03-06,,Monthly,79.0,Active
S007341,C06027,P01,2024-10-02,,Monthly,29.0,Active
S007342,C06028,P03,2024-12-29,,Monthly,149.0,Active
S007343,C06029,P01,2024-02-09,,Monthly,29.0,Active
S007344,C06030,P02,2024-11-13,,Monthly,79.0,Active
S007345,C06030,P03,2025-04-06,,Monthly,149.0,Active
S007346,C06031,P01,2024-10-11,,Annual,29.0,Active
S007347,C06032,P02,2024-06-25,,Monthly,79.0,Active
S007348,C06033,P02,2025-01-04,,Monthly,79.0,Active
S007349,C06033,P01,2025-09-23,,Monthly,29.0,Active
S007350,C06034,P02,2025-01-06,2025-10-26,Annual,79.0,Cancelled
S007351,C06035,P01,2025-10-12,,Monthly,29.0,Active
S007352,C06036,P02,2025-01-17,,Monthly,79.0,Active
S007353,C06036,P01,2025-06-13,,Monthly,29.0,Active
S007354,C06037,P01,2025-05-19,,Annual,29.0,Active
S007355,C06038,P01,2024-07-07,2025-04-15,Monthly,29.0,Cancelled
S007356,C06038,P02,2025-04-15,2025-06-29,Annual,79.0,Cancelled
S007357,C06039,P02,2024-12-28,,Monthly,79.0,Active
S007358,C06040,P04,2025-05-15,,Monthly,399.0,Active
S007359,C06041,P01,2025-03-06,,Monthly,29.0,Active
S007360,C06041,P02,2025-08-20,,Monthly,79.0,Active
S007361,C06042,P03,2024-02-14,,Monthly,149.0,Active
S007362,C06043,P04,2025-09-07,,Monthly,399.0,Active
S007363,C06044,P01,2024-09-21,,Monthly,29.0,Active
S007364,C06045,P03,2024-12-14,2025-11-10,Monthly,149.0,Cancelled
S007365,C06046,P01,2025-10-13,,Monthly,29.0,Active
S007366,C06047,P01,2025-07-28,,Monthly,29.0,Active
S007367,C06048,P01,2024-12-08,,Monthly,29.0,Active
S007368,C06049,P02,2024-04-03,,Monthly,79.0,Active
S007369,C06050,P01,2025-04-12,,Monthly,29.0,Active
S007370,C06051,P02,2024-10-09,2025-03-13,Monthly,79.0,Cancelled
S007371,C06052,P03,2025-09-11,,Monthly,149.0,Active
S007372,C06053,P01,2025-04-30,,Monthly,29.0,Active
S007373,C06053,P02,2025-12-17,,Monthly,79.0,Active
S007374,C06054,P01,2025-11-17,,Annual,29.0,Active
S007375,C06055,P01,2024-09-15,2025-06-16,Monthly,29.0,Cancelled
S007376,C06056,P03,2024-04-08,,Monthly,149.0,Active
S007377,C06057,P04,2024-11-19,,Annual,399.0,Active
S007378,C06058,P01,2025-04-08,2025-11-20,Monthly,29.0,Cancelled
S007379,C06059,P03,2025-08-28,,Annual,149.0,Active
S007380,C06060,P02,2024-10-21,,Annual,79.0,Active
S007381,C06060,P03,2025-11-19,,Monthly,149.0,Active
S007382,C06060,P04,2025-12-31,,Annual,399.0,Active
S007383,C06061,P03,2024-12-02,2025-12-07,Monthly,149.0,Cancelled
S007384,C06062,P01,2024-02-24,,Annual,29.0,Active
S007385,C06062,P01,2025-05-23,,Monthly,29.0,Active
S007386,C06062,P02,2025-12-28,,Monthly,79.0,Active
S007387,C06063,P01,2025-07-26,,Monthly,29.0,Active
S007388,C06064,P01,2024-08-12,,Monthly,29.0,Active
S007389,C06065,P03,2025-05-27,,Annual,149.0,Active
S007390,C06065,P02,2025-10-22,,Annual,79.0,Active
S007391,C06066,P02,2024-12-16,,Monthly,79.0,Active
S007392,C06067,P04,2024-09-21,,Monthly,399.0,Active
S007393,C06067,P03,2025-03-20,,Monthly,149.0,Active
S007394,C06068,P01,2025-08-23,,Monthly,29.0,Active
S007395,C06069,P01,2025-05-14,,Annual,29.0,Active
S007396,C06070,P01,2024-01-22,,Monthly,29.0,Active
S007397,C06071,P04,2025-10-31,,Monthly,399.0,Active
S007398,C06072,P02,2025-04-11,,Monthly,79.0,Active
S007399,C06073,P01,2025-08-02,,Annual,29.0,Active
S007400,C06074,P03,2025-11-04,,Monthly,149.0,Active
S007401,C06075,P02,2025-05-29,,Monthly,79.0,Active
S007402,C06076,P01,2024-10-17,2025-07-15,Monthly,29.0,Cancelled
S007403,C06077,P03,2025-04-24,,Annual,149.0,Active
S007404,C06077,P04,2025-10-22,,Monthly,399.0,Active
S007405,C06078,P01,2025-09-12,,Monthly,29.0,Active
S007406,C06079,P03,2025-06-10,,Monthly,149.0,Active
S007407,C06079,P02,2025-10-15,,Monthly,79.0,Active
S007408,C06080,P01,2025-03-23,,Monthly,29.0,Active
S007409,C06081,P02,2024-05-05,,Monthly,79.0,Active
S007410,C06082,P02,2025-01-05,,Monthly,79.0,Active
S007411,C06083,P02,2024-01-12,,Monthly,79.0,Active
S007412,C06084,P02,2025-07-24,,Monthly,79.0,Active
S007413,C06085,P01,2024-04-20,,Annual,29.0,Active
S007414,C06086,P04,2025-05-08,,Monthly,399.0,Active
S007415,C06087,P01,2025-08-30,2025-11-13,Monthly,29.0,Cancelled
S007416,C06088,P02,2024-10-01,2025-03-29,Monthly,79.0,Cancelled
S007417,C06088,P01,2025-03-29,2025-08-13,Monthly,29.0,Cancelled
S007418,C06089,P03,2025-05-26,,Monthly,149.0,Active
S007419,C06090,P02,2024-10-24,2025-08-04,Monthly,79.0,Cancelled
S007420,C06091,P03,2025-10-19,,Monthly,149.0,Active
S007421,C06092,P01,2025-01-03,2025-11-29,Monthly,29.0,Cancelled
S007422,C06093,P02,2024-08-18,,Monthly,79.0,Active
S007423,C06094,P01,2024-11-12,,Monthly,29.0,Active
S007424,C06095,P01,2025-04-03,,Monthly,29.0,Active
S007425,C06096,P03,2024-10-26,,Monthly,149.0,Active
S007426,C06096,P04,2025-09-21,,Annual,399.0,Active
S007427,C06097,P03,2024-09-03,,Monthly,149.0,Active
S007428,C06098,P02,2025-10-22,,Monthly,79.0,Active
S007429,C06099,P04,2025-11-12,,Monthly,399.0,Active
S007430,C06100,P01,2025-09-25,,Monthly,29.0,Active
S007431,C06101,P03,2024-05-11,,Monthly,149.0,Active
S007432,C06101,P04,2024-12-11,,Annual,399.0,Active
S007433,C06102,P03,2025-05-22,,Monthly,149.0,Active
S007434,C06102,P02,2025-11-03,,Monthly,79.0,Active
S007435,C06103,P03,2024-02-06,,Monthly,149.0,Active
S007436,C06104,P02,2025-05-12,,Monthly,79.0,Active
S007437,C06105,P02,2024-02-09,,Monthly,79.0,Active
S007438,C06105,P03,2024-08-10,,Annual,149.0,Active
S007439,C06106,P03,2025-01-17,,Annual,149.0,Active
S007440,C06107,P01,2025-11-10,,Monthly,29.0,Active
S007441,C06108,P02,2024-04-23,,Annual,79.0,Active
S007442,C06108,P01,2025-02-23,,Monthly,29.0,Active
S007443,C06108,P02,2025-06-12,,Monthly,79.0,Active
S007444,C06109,P01,2025-01-01,,Annual,29.0,Active
S007445,C06110,P01,2024-06-23,2024-10-20,Monthly,29.0,Cancelled
S007446,C06111,P01,2025-10-20,,Monthly,29.0,Active
S007447,C06112,P01,2025-10-19,,Annual,29.0,Active
S007448,C06113,P02,2025-02-19,,Monthly,79.0,Active
S007449,C06114,P02,2024-03-23,2025-11-10,Monthly,79.0,Cancelled
S007450,C06115,P01,2024-10-15,,Monthly,29.0,Active
S007451,C06116,P02,2025-01-16,,Monthly,79.0,Active
S007452,C06117,P04,2024-11-15,,Monthly,399.0,Active
S007453,C06118,P03,2024-09-13,2025-08-14,Monthly,149.0,Cancelled
S007454,C06119,P01,2025-06-06,,Annual,29.0,Active
S007455,C06120,P01,2024-03-21,,Annual,29.0,Active
S007456,C06121,P02,2025-06-23,,Monthly,79.0,Active
S007457,C06122,P01,2024-06-30,,Monthly,29.0,Active
S007458,C06123,P02,2024-08-23,2025-02-26,Monthly,79.0,Cancelled
S007459,C06124,P02,2025-05-09,,Monthly,79.0,Active
S007460,C06124,P01,2025-08-21,,Monthly,29.0,Active
S007461,C06125,P01,2025-04-18,,Monthly,29.0,Active
S007462,C06126,P01,2024-08-06,,Monthly,29.0,Active
S007463,C06127,P02,2024-03-22,,Monthly,79.0,Active
S007464,C06127,P03,2025-11-13,,Monthly,149.0,Active
S007465,C06128,P01,2025-12-01,,Monthly,29.0,Active
S007466,C06129,P04,2025-06-23,,Monthly,399.0,Active
S007467,C06130,P03,2024-03-03,,Monthly,149.0,Active
S007468,C06131,P01,2025-02-06,,Monthly,29.0,Active
S007469,C06132,P02,2025-01-20,,Monthly,79.0,Active
S007470,C06133,P03,2025-08-18,,Monthly,149.0,Active
S007471,C06134,P02,2024-12-13,2025-09-30,Monthly,79.0,Cancelled
S007472,C06135,P02,2024-05-05,,Annual,79.0,Active
S007473,C06136,P01,2025-03-30,,Annual,29.0,Active
S007474,C06137,P03,2024-05-25,,Monthly,149.0,Active
S007475,C06137,P02,2025-08-07,,Monthly,79.0,Active
S007476,C06138,P03,2024-04-11,2025-05-12,Monthly,149.0,Cancelled
S007477,C06139,P03,2024-07-18,2024-11-10,Annual,149.0,Cancelled
S007478,C06140,P03,2025-01-06,2025-04-02,Monthly,149.0,Cancelled
S007479,C06141,P03,2024-01-21,2024-08-14,Monthly,149.0,Cancelled
S007480,C06142,P02,2025-10-25,,Monthly,79.0,Active
S007481,C06143,P02,2025-11-15,,Monthly,79.0,Active
S007482,C06144,P02,2024-05-19,,Monthly,79.0,Active
S007483,C06145,P03,2025-01-22,,Monthly,149.0,Active
S007484,C06146,P02,2025-07-20,,Monthly,79.0,Active
S007485,C06147,P02,2024-03-15,,Monthly,79.0,Active
S007486,C06148,P02,2024-11-03,,Monthly,79.0,Active
S007487,C06149,P01,2025-03-05,,Monthly,29.0,Active
S007488,C06150,P03,2025-04-20,,Monthly,149.0,Active
S007489,C06151,P02,2024-06-15,,Annual,79.0,Active
S007490,C06151,P01,2025-11-11,,Monthly,29.0,Active
S007491,C06151,P02,2025-12-31,,Monthly,79.0,Active
S007492,C06152,P02,2025-08-22,,Monthly,79.0,Active
S007493,C06153,P02,2024-01-20,2025-02-05,Monthly,79.0,Cancelled
S007494,C06154,P01,2024-12-21,,Monthly,29.0,Active
S007495,C06155,P03,2025-07-15,,Annual,149.0,Active
S007496,C06156,P02,2025-11-25,,Monthly,79.0,Active
S007497,C06157,P01,2025-02-07,,Monthly,29.0,Active
S007498,C06158,P01,2024-10-07,,Monthly,29.0,Active
S007499,C06159,P02,2025-08-30,2025-12-19,Monthly,79.0,Cancelled
S007500,C06160,P03,2024-08-15,,Monthly,149.0,Active
S007501,C06161,P03,2025-01-09,,Monthly,149.0,Active
S007502,C06162,P03,2025-06-01,,Monthly,149.0,Active
S007503,C06163,P03,2025-04-09,,Monthly,149.0,Active
S007504,C06164,P02,2025-07-16,,Monthly,79.0,Active
S007505,C06165,P02,2025-05-22,,Monthly,79.0,Active
S007506,C06166,P03,2024-11-21,,Annual,149.0,Active
S007507,C06167,P02,2024-01-20,,Annual,79.0,Active
S007508,C06168,P03,2024-10-09,,Monthly,149.0,Active
S007509,C06168,P02,2025-07-17,,Monthly,79.0,Active
S007510,C06168,P01,2025-11-09,,Monthly,29.0,Active
S007511,C06169,P01,2025-05-08,,Monthly,29.0,Active
S007512,C06170,P02,2025-04-01,,Monthly,79.0,Active
S007513,C06171,P01,2025-11-25,,Monthly,29.0,Active
S007514,C06172,P01,2025-02-17,,Annual,29.0,Active
S007515,C06172,P02,2025-11-27,,Monthly,79.0,Active
S007516,C06173,P02,2024-11-14,,Annual,79.0,Active
S007517,C06173,P03,2025-06-11,,Monthly,149.0,Active
S007518,C06174,P04,2024-10-15,,Monthly,399.0,Active
S007519,C06175,P02,2024-08-12,,Monthly,79.0,Active
S007520,C06176,P01,2024-02-29,,Monthly,29.0,Active
S007521,C06177,P01,2025-11-16,,Monthly,29.0,Active
S007522,C06178,P01,2025-07-22,2025-09-20,Monthly,29.0,Cancelled
S007523,C06179,P03,2025-08-23,,Monthly,149.0,Active
S007524,C06180,P01,2024-08-30,2024-11-22,Monthly,29.0,Cancelled
S007525,C06181,P03,2025-06-15,,Monthly,149.0,Active
S007526,C06182,P01,2025-07-07,,Monthly,29.0,Active
S007527,C06183,P01,2024-04-09,2025-02-07,Monthly,29.0,Cancelled
S007528,C06184,P01,2024-05-18,,Monthly,29.0,Active
S007529,C06184,P01,2025-12-09,,Annual,29.0,Active
S007530,C06185,P01,2024-11-29,,Monthly,29.0,Active
S007531,C06186,P02,2025-04-06,,Monthly,79.0,Active
S007532,C06187,P02,2024-05-16,,Annual,79.0,Active
S007533,C06188,P04,2024-09-01,,Monthly,399.0,Active
S007534,C06188,P04,2025-04-13,,Monthly,399.0,Active
S007535,C06188,P04,2025-12-10,,Monthly,399.0,Active
S007536,C06189,P03,2024-10-08,,Monthly,149.0,Active
S007537,C06190,P04,2024-05-20,,Monthly,399.0,Active
S007538,C06191,P01,2025-04-19,,Monthly,29.0,Active
S007539,C06192,P01,2025-03-17,,Annual,29.0,Active
S007540,C06193,P02,2024-10-11,,Monthly,79.0,Active
S007541,C06193,P01,2025-12-02,,Annual,29.0,Active
S007542,C06194,P01,2024-01-03,2025-05-06,Annual,29.0,Cancelled
S007543,C06195,P01,2025-02-26,,Annual,29.0,Active
S007544,C06196,P01,2025-10-22,,Monthly,29.0,Active
S007545,C06197,P03,2025-03-22,,Monthly,149.0,Active
S007546,C06198,P04,2024-04-10,,Annual,399.0,Active
S007547,C06199,P01,2024-04-28,,Annual,29.0,Active
S007548,C06199,P02,2024-12-29,,Monthly,79.0,Active
S007549,C06199,P03,2025-12-11,,Monthly,149.0,Active
S007550,C06200,P01,2024-08-30,,Monthly,29.0,Active
S007551,C06201,P04,2025-07-13,,Monthly,399.0,Active
S007552,C06202,P02,2025-02-04,,Monthly,79.0,Active
S007553,C06203,P01,2025-09-10,,Annual,29.0,Active
S007554,C06204,P01,2025-02-26,,Monthly,29.0,Active
S007555,C06204,P01,2025-09-07,,Monthly,29.0,Active
S007556,C06205,P02,2024-08-04,,Annual,79.0,Active
S007557,C06205,P03,2025-11-23,,Monthly,149.0,Active
S007558,C06206,P01,2025-03-30,2025-10-23,Monthly,29.0,Cancelled
S007559,C06207,P02,2025-10-01,,Monthly,79.0,Active
S007560,C06208,P04,2024-03-10,,Monthly,399.0,Active
S007561,C06209,P03,2025-08-11,,Monthly,149.0,Active
S007562,C06210,P03,2025-04-04,,Monthly,149.0,Active
S007563,C06211,P01,2025-07-11,2025-10-31,Monthly,29.0,Cancelled
S007564,C06212,P01,2024-11-17,2025-03-16,Monthly,29.0,Cancelled
S007565,C06212,P02,2025-03-16,2025-07-12,Monthly,79.0,Cancelled
S007566,C06213,P02,2025-02-03,,Monthly,79.0,Active
S007567,C06214,P02,2025-06-30,,Monthly,79.0,Active
S007568,C06215,P02,2024-01-04,,Monthly,79.0,Active
S007569,C06216,P01,2024-05-18,,Monthly,29.0,Active
S007570,C06217,P02,2025-06-14,,Annual,79.0,Active
S007571,C06218,P02,2025-11-27,,Monthly,79.0,Active
S007572,C06219,P01,2024-08-30,2025-11-02,Monthly,29.0,Cancelled
S007573,C06220,P02,2024-09-05,,Monthly,79.0,Active
S007574,C06220,P03,2025-03-15,,Annual,149.0,Active
S007575,C06221,P01,2024-05-28,,Monthly,29.0,Active
S007576,C06222,P02,2024-01-01,,Annual,79.0,Active
S007577,C06222,P03,2024-10-16,,Monthly,149.0,Active
S007578,C06223,P02,2024-01-31,,Monthly,79.0,Active
S007579,C06224,P02,2024-03-03,,Monthly,79.0,Active
S007580,C06224,P03,2025-08-30,,Monthly,149.0,Active
S007581,C06225,P01,2025-07-28,,Monthly,29.0,Active
S007582,C06226,P03,2024-01-25,,Monthly,149.0,Active
S007583,C06226,P02,2025-05-03,,Monthly,79.0,Active
S007584,C06227,P01,2024-05-04,2025-01-16,Monthly,29.0,Cancelled
S007585,C06228,P03,2025-04-20,,Monthly,149.0,Active
S007586,C06228,P04,2025-10-02,,Monthly,399.0,Active
S007587,C06229,P01,2024-05-08,2024-09-07,Annual,29.0,Cancelled
S007588,C06229,P02,2024-09-07,2025-02-01,Monthly,79.0,Cancelled
S007589,C06230,P01,2024-07-14,,Monthly,29.0,Active
S007590,C06230,P02,2025-10-01,,Monthly,79.0,Active
S007591,C06231,P01,2025-01-20,,Monthly,29.0,Active
S007592,C06231,P02,2025-09-09,,Monthly,79.0,Active
S007593,C06232,P01,2025-04-26,,Monthly,29.0,Active
S007594,C06233,P03,2025-08-05,,Annual,149.0,Active
S007595,C06234,P04,2024-08-22,,Monthly,399.0,Active
S007596,C06234,P04,2025-06-06,,Monthly,399.0,Active
S007597,C06235,P01,2025-02-28,2025-07-08,Monthly,29.0,Cancelled
S007598,C06236,P03,2024-04-02,,Monthly,149.0,Active
S007599,C06237,P02,2025-02-14,,Monthly,79.0,Active
S007600,C06238,P01,2024-09-28,,Monthly,29.0,Active
S007601,C06239,P01,2025-11-19,,Monthly,29.0,Active
S007602,C06240,P02,2025-04-05,,Monthly,79.0,Active
S007603,C06240,P03,2025-10-08,,Monthly,149.0,Active
S007604,C06241,P03,2025-08-11,,Monthly,149.0,Active
S007605,C06242,P02,2024-09-06,2025-06-03,Monthly,79.0,Cancelled
S007606,C06243,P04,2025-10-26,,Monthly,399.0,Active
S007607,C06244,P03,2024-05-12,,Monthly,149.0,Active
S007608,C06245,P01,2025-09-09,,Monthly,29.0,Active
S007609,C06246,P01,2024-06-13,,Monthly,29.0,Active
S007610,C06247,P02,2025-04-30,2025-07-05,Monthly,79.0,Cancelled
S007611,C06248,P01,2025-11-15,,Monthly,29.0,Active
S007612,C06249,P03,2025-01-15,,Monthly,149.0,Active
S007613,C06250,P03,2025-11-04,,Annual,149.0,Active
S007614,C06251,P02,2024-09-27,,Annual,79.0,Active
S007615,C06252,P04,2025-01-10,,Monthly,399.0,Active
S007616,C06252,P04,2025-12-15,,Monthly,399.0,Active
S007617,C06253,P01,2024-08-24,,Annual,29.0,Active
S007618,C06253,P01,2025-08-17,,Monthly,29.0,Active
S007619,C06253,P02,2025-11-16,,Annual,79.0,Active
S007620,C06254,P02,2025-05-06,,Monthly,79.0,Active
S007621,C06255,P03,2025-04-27,,Monthly,149.0,Active
S007622,C06256,P04,2024-06-09,,Monthly,399.0,Active
S007623,C06257,P01,2025-08-23,,Monthly,29.0,Active
S007624,C06258,P03,2024-05-04,,Annual,149.0,Active
S007625,C06258,P02,2025-02-14,,Monthly,79.0,Active
S007626,C06259,P02,2024-07-24,,Annual,79.0,Active
S007627,C06260,P03,2024-07-17,2025-05-27,Monthly,149.0,Cancelled
S007628,C06261,P01,2024-09-10,,Monthly,29.0,Active
S007629,C06262,P02,2025-08-24,2025-12-02,Monthly,79.0,Cancelled
S007630,C06263,P02,2025-04-10,,Annual,79.0,Active
S007631,C06264,P02,2024-10-18,2025-03-10,Monthly,79.0,Cancelled
S007632,C06265,P02,2025-08-15,,Annual,79.0,Active
S007633,C06266,P02,2025-06-28,,Monthly,79.0,Active
S007634,C06266,P03,2025-12-30,,Monthly,149.0,Active
S007635,C06267,P03,2025-05-31,,Monthly,149.0,Active
S007636,C06268,P01,2024-06-17,,Monthly,29.0,Active
S007637,C06269,P03,2025-04-07,,Monthly,149.0,Active
S007638,C06270,P02,2025-01-11,2025-05-01,Monthly,79.0,Cancelled
S007639,C06271,P03,2024-01-19,,Monthly,149.0,Active
S007640,C06271,P02,2025-08-03,,Monthly,79.0,Active
S007641,C06272,P02,2025-01-21,,Monthly,79.0,Active
S007642,C06272,P03,2025-11-28,,Annual,149.0,Active
S007643,C06273,P01,2025-04-21,,Annual,29.0,Active
S007644,C06274,P03,2025-06-12,,Annual,149.0,Active
S007645,C06275,P01,2025-02-22,,Monthly,29.0,Active
S007646,C06275,P01,2025-11-11,,Monthly,29.0,Active
S007647,C06276,P02,2025-09-24,2025-12-14,Monthly,79.0,Cancelled
S007648,C06277,P03,2024-01-17,,Monthly,149.0,Active
S007649,C06278,P04,2024-04-23,,Monthly,399.0,Active
S007650,C06278,P03,2024-09-11,,Monthly,149.0,Active
S007651,C06278,P02,2025-04-24,,Annual,79.0,Active
S007652,C06279,P04,2024-07-17,,Monthly,399.0,Active
S007653,C06279,P03,2025-04-12,,Monthly,149.0,Active
S007654,C06280,P02,2024-08-22,,Monthly,79.0,Active
S007655,C06281,P02,2024-04-29,,Monthly,79.0,Active
S007656,C06282,P01,2024-12-02,,Monthly,29.0,Active
S007657,C06283,P04,2024-09-23,,Monthly,399.0,Active
S007658,C06284,P04,2024-04-06,,Monthly,399.0,Active
S007659,C06284,P04,2025-01-03,,Annual,399.0,Active
S007660,C06285,P03,2025-01-12,2025-05-27,Monthly,149.0,Cancelled
S007661,C06286,P03,2024-03-29,,Monthly,149.0,Active
S007662,C06286,P04,2025-03-08,,Annual,399.0,Active
S007663,C06287,P02,2025-09-23,,Monthly,79.0,Active
S007664,C06288,P04,2025-04-15,,Monthly,399.0,Active
S007665,C06289,P02,2024-07-26,,Monthly,79.0,Active
S007666,C06290,P02,2025-11-12,,Annual,79.0,Active
S007667,C06291,P02,2024-12-17,,Monthly,79.0,Active
S007668,C06292,P01,2024-05-10,,Monthly,29.0,Active
S007669,C06293,P03,2025-07-23,,Monthly,149.0,Active
S007670,C06294,P03,2025-09-12,,Monthly,149.0,Active
S007671,C06295,P04,2024-01-14,,Monthly,399.0,Active
S007672,C06296,P01,2025-11-28,,Monthly,29.0,Active
S007673,C06297,P02,2025-02-08,,Monthly,79.0,Active
S007674,C06298,P03,2025-08-20,,Monthly,149.0,Active
S007675,C06299,P03,2025-05-18,,Annual,149.0,Active
S007676,C06299,P04,2025-10-05,,Annual,399.0,Active
S007677,C06300,P01,2024-05-18,2025-01-28,Monthly,29.0,Cancelled
S007678,C06301,P01,2024-04-27,,Annual,29.0,Active
S007679,C06302,P01,2025-04-06,,Annual,29.0,Active
S007680,C06303,P03,2025-09-14,,Monthly,149.0,Active
S007681,C06304,P02,2024-04-13,,Monthly,79.0,Active
S007682,C06305,P01,2025-04-05,2025-08-29,Monthly,29.0,Cancelled
S007683,C06305,P02,2025-08-29,2025-11-16,Monthly,79.0,Cancelled
S007684,C06306,P01,2025-06-20,,Annual,29.0,Active
S007685,C06307,P02,2024-05-18,,Monthly,79.0,Active
S007686,C06308,P02,2025-01-06,2025-08-02,Monthly,79.0,Cancelled
S007687,C06309,P03,2025-01-16,,Monthly,149.0,Active
S007688,C06310,P04,2024-05-19,,Monthly,399.0,Active
S007689,C06310,P04,2025-01-09,,Monthly,399.0,Active
S007690,C06311,P01,2025-10-01,,Annual,29.0,Active
S007691,C06312,P03,2024-03-21,,Monthly,149.0,Active
S007692,C06313,P01,2024-06-25,,Annual,29.0,Active
S007693,C06314,P01,2025-04-14,,Monthly,29.0,Active
S007694,C06315,P01,2025-01-04,2025-07-12,Monthly,29.0,Cancelled
S007695,C06316,P04,2024-06-10,,Monthly,399.0,Active
S007696,C06317,P02,2025-04-15,,Monthly,79.0,Active
S007697,C06317,P01,2025-10-11,,Monthly,29.0,Active
S007698,C06318,P03,2025-08-15,,Monthly,149.0,Active
S007699,C06319,P03,2025-09-22,,Monthly,149.0,Active
S007700,C06320,P02,2024-11-18,2025-06-10,Monthly,79.0,Cancelled
S007701,C06320,P03,2025-06-10,2025-11-27,Monthly,149.0,Cancelled
S007702,C06321,P02,2024-03-28,,Annual,79.0,Active
S007703,C06321,P01,2025-03-30,,Monthly,29.0,Active
S007704,C06322,P01,2025-09-16,2025-11-24,Monthly,29.0,Cancelled
S007705,C06323,P01,2024-03-19,,Monthly,29.0,Active
S007706,C06323,P02,2025-08-28,,Monthly,79.0,Active
S007707,C06324,P02,2024-08-06,2025-10-03,Monthly,79.0,Cancelled
S007708,C06325,P01,2024-01-07,,Monthly,29.0,Active
S007709,C06326,P01,2024-08-11,,Monthly,29.0,Active
S007710,C06327,P03,2025-02-03,,Monthly,149.0,Active
S007711,C06327,P02,2025-11-30,,Monthly,79.0,Active
S007712,C06328,P02,2024-07-30,,Monthly,79.0,Active
S007713,C06329,P01,2024-09-14,,Monthly,29.0,Active
S007714,C06330,P03,2024-08-01,,Monthly,149.0,Active
S007715,C06331,P01,2025-03-20,2025-08-31,Monthly,29.0,Cancelled
S007716,C06332,P01,2025-03-11,,Monthly,29.0,Active
S007717,C06333,P02,2024-06-14,,Monthly,79.0,Active
S007718,C06333,P03,2025-09-10,,Monthly,149.0,Active
S007719,C06334,P02,2024-09-21,,Annual,79.0,Active
S007720,C06335,P02,2025-08-11,,Monthly,79.0,Active
S007721,C06336,P02,2025-05-15,,Annual,79.0,Active
S007722,C06337,P01,2025-09-16,,Monthly,29.0,Active
S007723,C06338,P03,2024-12-14,,Monthly,149.0,Active
S007724,C06339,P01,2025-10-11,,Monthly,29.0,Active
S007725,C06340,P02,2024-05-27,,Monthly,79.0,Active
S007726,C06340,P01,2025-02-26,,Monthly,29.0,Active
S007727,C06340,P01,2025-09-29,,Monthly,29.0,Active
S007728,C06341,P03,2024-09-06,,Monthly,149.0,Active
S007729,C06341,P04,2025-12-24,,Monthly,399.0,Active
S007730,C06341,P04,2025-12-31,,Annual,399.0,Active
S007731,C06342,P03,2024-10-05,,Monthly,149.0,Active
S007732,C06343,P02,2024-10-11,,Monthly,79.0,Active
S007733,C06344,P02,2024-01-07,,Monthly,79.0,Active
S007734,C06344,P03,2025-12-27,,Annual,149.0,Active
S007735,C06344,P02,2025-12-31,,Monthly,79.0,Active
S007736,C06345,P02,2024-08-07,,Monthly,79.0,Active
S007737,C06345,P03,2025-08-08,,Annual,149.0,Active
S007738,C06345,P04,2025-11-07,,Monthly,399.0,Active
S007739,C06346,P03,2024-11-02,,Monthly,149.0,Active
S007740,C06347,P02,2024-03-17,,Monthly,79.0,Active
S007741,C06348,P01,2025-10-16,2025-12-26,Monthly,29.0,Cancelled
S007742,C06349,P03,2024-10-11,,Annual,149.0,Active
S007743,C06350,P01,2024-08-02,,Annual,29.0,Active
S007744,C06351,P02,2025-09-08,,Annual,79.0,Active
S007745,C06352,P01,2025-03-08,,Monthly,29.0,Active
S007746,C06353,P02,2024-11-18,,Annual,79.0,Active
S007747,C06354,P01,2025-10-17,,Monthly,29.0,Active
S007748,C06355,P01,2024-01-25,,Monthly,29.0,Active
S007749,C06356,P02,2024-12-07,2025-02-19,Monthly,79.0,Cancelled
S007750,C06357,P02,2025-08-14,,Monthly,79.0,Active
S007751,C06358,P01,2025-10-22,,Monthly,29.0,Active
S007752,C06359,P01,2024-07-05,,Monthly,29.0,Active
S007753,C06360,P02,2024-05-28,,Monthly,79.0,Active
S007754,C06361,P02,2025-07-20,,Monthly,79.0,Active
S007755,C06362,P03,2025-04-08,,Monthly,149.0,Active
S007756,C06363,P03,2025-07-22,,Monthly,149.0,Active
S007757,C06364,P01,2024-02-08,,Monthly,29.0,Active
S007758,C06365,P01,2024-10-13,,Monthly,29.0,Active
S007759,C06366,P01,2025-07-24,,Annual,29.0,Active
S007760,C06367,P01,2025-11-15,,Monthly,29.0,Active
S007761,C06368,P01,2024-07-27,,Monthly,29.0,Active
S007762,C06369,P01,2024-09-07,,Annual,29.0,Active
S007763,C06369,P02,2025-05-23,,Monthly,79.0,Active
S007764,C06369,P03,2025-12-29,,Annual,149.0,Active
S007765,C06370,P02,2025-01-04,,Monthly,79.0,Active
S007766,C06370,P03,2025-06-01,,Monthly,149.0,Active
S007767,C06371,P03,2025-07-23,,Annual,149.0,Active
S007768,C06372,P01,2025-01-05,,Annual,29.0,Active
S007769,C06372,P02,2025-09-12,,Monthly,79.0,Active
S007770,C06373,P03,2024-06-27,,Monthly,149.0,Active
S007771,C06374,P02,2024-02-10,,Monthly,79.0,Active
S007772,C06375,P04,2025-05-03,,Monthly,399.0,Active
S007773,C06376,P01,2025-10-31,,Monthly,29.0,Active
S007774,C06377,P01,2024-04-15,,Monthly,29.0,Active
S007775,C06378,P02,2025-06-22,2025-08-26,Monthly,79.0,Cancelled
S007776,C06379,P01,2025-10-11,2025-12-20,Annual,29.0,Cancelled
S007777,C06380,P01,2024-11-29,,Monthly,29.0,Active
S007778,C06380,P01,2025-09-16,,Monthly,29.0,Active
S007779,C06381,P02,2025-11-27,,Monthly,79.0,Active
S007780,C06382,P03,2024-11-27,2025-03-20,Annual,149.0,Cancelled
S007781,C06383,P02,2024-08-08,,Monthly,79.0,Active
S007782,C06383,P01,2025-07-18,,Annual,29.0,Active
S007783,C06384,P03,2024-07-04,,Monthly,149.0,Active
S007784,C06385,P03,2024-06-25,,Monthly,149.0,Active
S007785,C06386,P03,2025-03-12,2025-10-06,Monthly,149.0,Cancelled
S007786,C06387,P03,2024-03-03,,Monthly,149.0,Active
S007787,C06388,P02,2024-11-21,,Monthly,79.0,Active
S007788,C06388,P03,2025-07-29,,Monthly,149.0,Active
S007789,C06389,P02,2024-05-21,,Monthly,79.0,Active
S007790,C06390,P01,2025-01-29,,Monthly,29.0,Active
S007791,C06391,P01,2025-07-31,,Monthly,29.0,Active
S007792,C06392,P02,2024-05-05,2025-06-25,Monthly,79.0,Cancelled
S007793,C06393,P02,2025-09-08,2025-11-25,Monthly,79.0,Cancelled
S007794,C06394,P03,2025-10-17,,Annual,149.0,Active
S007795,C06395,P03,2025-04-09,,Monthly,149.0,Active
S007796,C06396,P03,2024-05-24,,Monthly,149.0,Active
S007797,C06397,P02,2024-06-15,,Annual,79.0,Active
S007798,C06398,P01,2025-07-05,2025-10-16,Monthly,29.0,Cancelled
S007799,C06399,P03,2024-11-30,2025-02-07,Monthly,149.0,Cancelled
S007800,C06400,P01,2025-10-16,,Monthly,29.0,Active
S007801,C06401,P03,2024-11-17,,Annual,149.0,Active
S007802,C06402,P03,2025-04-10,,Annual,149.0,Active
S007803,C06402,P04,2025-11-06,,Annual,399.0,Active
S007804,C06403,P01,2025-11-27,,Annual,29.0,Active
S007805,C06404,P02,2024-11-12,,Monthly,79.0,Active
S007806,C06404,P03,2025-11-01,,Monthly,149.0,Active
S007807,C06405,P02,2024-12-29,,Monthly,79.0,Active
S007808,C06406,P01,2025-08-19,,Monthly,29.0,Active
S007809,C06407,P02,2025-03-27,,Annual,79.0,Active
S007810,C06408,P04,2024-05-24,,Monthly,399.0,Active
S007811,C06408,P03,2024-11-26,,Monthly,149.0,Active
S007812,C06409,P02,2025-03-03,,Annual,79.0,Active
S007813,C06410,P02,2024-05-04,,Monthly,79.0,Active
S007814,C06411,P02,2025-01-01,,Monthly,79.0,Active
S007815,C06412,P03,2024-08-21,,Monthly,149.0,Active
S007816,C06412,P04,2024-12-11,,Monthly,399.0,Active
S007817,C06413,P01,2025-02-22,,Annual,29.0,Active
S007818,C06414,P01,2025-09-23,,Monthly,29.0,Active
S007819,C06415,P02,2024-08-15,,Annual,79.0,Active
S007820,C06416,P01,2025-02-16,,Annual,29.0,Active
S007821,C06417,P02,2024-09-26,,Monthly,79.0,Active
S007822,C06418,P01,2025-07-25,,Monthly,29.0,Active
S007823,C06419,P02,2025-06-16,,Monthly,79.0,Active
S007824,C06420,P01,2025-06-21,,Annual,29.0,Active
S007825,C06421,P02,2025-02-09,,Monthly,79.0,Active
S007826,C06421,P03,2025-11-24,,Monthly,149.0,Active
S007827,C06422,P04,2024-01-16,,Annual,399.0,Active
S007828,C06423,P02,2025-06-09,,Annual,79.0,Active
S007829,C06424,P02,2024-08-04,,Monthly,79.0,Active
S007830,C06425,P02,2024-02-25,,Monthly,79.0,Active
S007831,C06426,P01,2024-01-22,,Monthly,29.0,Active
S007832,C06427,P02,2025-07-28,,Monthly,79.0,Active
S007833,C06428,P01,2025-11-16,,Annual,29.0,Active
S007834,C06429,P01,2025-07-07,,Monthly,29.0,Active
S007835,C06430,P03,2025-05-19,2025-11-21,Annual,149.0,Cancelled
S007836,C06431,P02,2024-07-04,,Monthly,79.0,Active
S007837,C06432,P02,2025-10-21,,Monthly,79.0,Active
S007838,C06433,P04,2024-09-03,,Monthly,399.0,Active
S007839,C06433,P04,2025-02-18,,Annual,399.0,Active
S007840,C06434,P02,2024-05-03,2024-12-27,Monthly,79.0,Cancelled
S007841,C06435,P04,2025-04-01,,Monthly,399.0,Active
S007842,C06436,P02,2025-05-13,,Monthly,79.0,Active
S007843,C06437,P01,2025-07-30,2025-12-13,Annual,29.0,Cancelled
S007844,C06438,P02,2025-05-22,,Monthly,79.0,Active
S007845,C06439,P02,2025-09-04,,Monthly,79.0,Active
S007846,C06440,P01,2024-11-19,,Monthly,29.0,Active
S007847,C06441,P02,2024-11-05,2025-02-21,Monthly,79.0,Cancelled
S007848,C06441,P01,2025-02-21,2025-08-28,Annual,29.0,Cancelled
S007849,C06442,P01,2024-05-05,,Monthly,29.0,Active
S007850,C06443,P02,2024-07-17,,Monthly,79.0,Active
S007851,C06444,P04,2024-11-15,,Monthly,399.0,Active
S007852,C06444,P04,2025-11-15,,Monthly,399.0,Active
S007853,C06444,P04,2025-12-31,,Monthly,399.0,Active
S007854,C06445,P01,2025-04-17,2025-09-28,Annual,29.0,Cancelled
S007855,C06446,P02,2025-10-02,,Monthly,79.0,Active
S007856,C06447,P03,2025-10-04,2025-12-03,Annual,149.0,Cancelled
S007857,C06448,P03,2025-08-07,2025-11-21,Monthly,149.0,Cancelled
S007858,C06449,P03,2024-01-27,,Monthly,149.0,Active
S007859,C06450,P01,2025-05-07,,Monthly,29.0,Active
S007860,C06451,P01,2024-01-28,2025-02-16,Annual,29.0,Cancelled
S007861,C06451,P01,2025-02-16,2025-04-21,Monthly,29.0,Cancelled
S007862,C06452,P02,2025-02-04,,Monthly,79.0,Active
S007863,C06453,P03,2024-11-17,,Monthly,149.0,Active
S007864,C06454,P01,2025-03-31,,Monthly,29.0,Active
S007865,C06455,P01,2024-02-10,,Monthly,29.0,Active
S007866,C06456,P02,2025-06-15,2025-12-15,Annual,79.0,Cancelled
S007867,C06457,P01,2024-12-06,,Monthly,29.0,Active
S007868,C06458,P03,2024-07-29,,Monthly,149.0,Active
S007869,C06459,P01,2024-05-12,,Monthly,29.0,Active
S007870,C06460,P02,2025-10-04,,Monthly,79.0,Active
S007871,C06461,P01,2024-07-09,,Monthly,29.0,Active
S007872,C06461,P01,2024-11-15,,Annual,29.0,Active
S007873,C06461,P01,2025-09-28,,Monthly,29.0,Active
S007874,C06462,P03,2024-06-18,,Monthly,149.0,Active
S007875,C06463,P01,2025-02-05,,Monthly,29.0,Active
S007876,C06464,P03,2025-09-01,,Monthly,149.0,Active
S007877,C06465,P01,2024-06-09,,Monthly,29.0,Active
S007878,C06466,P03,2024-06-06,,Monthly,149.0,Active
S007879,C06467,P01,2024-03-17,,Annual,29.0,Active
S007880,C06468,P01,2024-09-23,,Monthly,29.0,Active
S007881,C06469,P01,2025-11-15,,Monthly,29.0,Active
S007882,C06470,P03,2024-09-24,2025-01-15,Monthly,149.0,Cancelled
S007883,C06471,P03,2024-04-12,,Monthly,149.0,Active
S007884,C06472,P04,2024-06-28,,Monthly,399.0,Active
S007885,C06473,P02,2024-01-30,2025-05-16,Monthly,79.0,Cancelled
S007886,C06474,P02,2025-10-15,2025-12-26,Monthly,79.0,Cancelled
S007887,C06475,P02,2025-04-26,,Monthly,79.0,Active
S007888,C06476,P01,2024-03-04,,Monthly,29.0,Active
S007889,C06477,P02,2024-01-02,,Monthly,79.0,Active
S007890,C06477,P01,2025-08-06,,Monthly,29.0,Active
S007891,C06478,P01,2024-05-30,2024-11-09,Monthly,29.0,Cancelled
S007892,C06479,P01,2024-04-06,,Monthly,29.0,Active
S007893,C06480,P02,2024-03-07,,Annual,79.0,Active
S007894,C06481,P01,2025-11-01,,Monthly,29.0,Active
S007895,C06482,P02,2025-08-10,,Monthly,79.0,Active
S007896,C06483,P02,2024-08-10,,Annual,79.0,Active
S007897,C06484,P01,2024-01-02,,Monthly,29.0,Active
S007898,C06485,P02,2025-02-10,2025-06-04,Monthly,79.0,Cancelled
S007899,C06485,P01,2025-06-04,2025-11-25,Monthly,29.0,Cancelled
S007900,C06486,P04,2025-10-10,,Monthly,399.0,Active
S007901,C06487,P01,2024-01-18,,Monthly,29.0,Active
S007902,C06488,P02,2025-02-04,2025-04-21,Monthly,79.0,Cancelled
S007903,C06489,P03,2025-07-12,,Annual,149.0,Active
S007904,C06490,P01,2024-09-16,2025-01-29,Monthly,29.0,Cancelled
S007905,C06491,P02,2024-07-11,,Monthly,79.0,Active
S007906,C06492,P02,2025-03-28,,Annual,79.0,Active
S007907,C06493,P02,2024-02-10,,Monthly,79.0,Active
S007908,C06494,P01,2025-10-27,,Monthly,29.0,Active
S007909,C06495,P01,2025-07-19,,Monthly,29.0,Active
S007910,C06496,P02,2024-01-09,,Monthly,79.0,Active
S007911,C06497,P04,2024-07-17,,Monthly,399.0,Active
S007912,C06498,P02,2025-01-05,,Monthly,79.0,Active
S007913,C06499,P04,2024-03-30,,Monthly,399.0,Active
S007914,C06500,P01,2024-06-01,,Annual,29.0,Active
S007915,C06501,P03,2025-07-04,,Monthly,149.0,Active
S007916,C06502,P02,2024-03-19,,Annual,79.0,Active
S007917,C06503,P04,2024-03-17,,Monthly,399.0,Active
S007918,C06504,P02,2024-11-25,,Monthly,79.0,Active
S007919,C06505,P02,2024-06-27,,Annual,79.0,Active
S007920,C06506,P03,2024-03-14,,Monthly,149.0,Active
S007921,C06507,P03,2024-10-28,,Monthly,149.0,Active
S007922,C06507,P02,2025-07-18,,Annual,79.0,Active
S007923,C06507,P03,2025-10-28,,Annual,149.0,Active
S007924,C06508,P02,2025-06-21,,Annual,79.0,Active
S007925,C06508,P03,2025-12-04,,Monthly,149.0,Active
S007926,C06509,P03,2025-11-18,,Annual,149.0,Active
S007927,C06510,P03,2025-11-06,,Annual,149.0,Active
S007928,C06511,P02,2024-08-29,,Monthly,79.0,Active
S007929,C06511,P03,2025-04-02,,Monthly,149.0,Active
S007930,C06512,P01,2024-11-02,,Annual,29.0,Active
S007931,C06513,P03,2025-09-28,,Annual,149.0,Active
S007932,C06514,P02,2025-06-02,,Monthly,79.0,Active
S007933,C06515,P02,2025-04-05,,Annual,79.0,Active
S007934,C06516,P03,2025-07-03,,Monthly,149.0,Active
S007935,C06516,P04,2025-12-02,,Annual,399.0,Active
S007936,C06517,P01,2025-11-15,,Monthly,29.0,Active
S007937,C06518,P03,2025-03-21,,Monthly,149.0,Active
S007938,C06519,P02,2025-03-31,2025-07-23,Monthly,79.0,Cancelled
S007939,C06520,P03,2024-08-03,,Monthly,149.0,Active
S007940,C06521,P03,2024-07-08,,Monthly,149.0,Active
S007941,C06522,P02,2025-11-03,,Monthly,79.0,Active
S007942,C06523,P02,2025-10-03,,Monthly,79.0,Active
S007943,C06524,P03,2024-12-08,,Monthly,149.0,Active
S007944,C06525,P02,2025-08-18,,Monthly,79.0,Active
S007945,C06526,P02,2025-08-23,,Annual,79.0,Active
S007946,C06527,P04,2024-07-19,,Annual,399.0,Active
S007947,C06527,P04,2025-03-26,,Monthly,399.0,Active
S007948,C06528,P01,2024-12-08,,Annual,29.0,Active
S007949,C06529,P03,2024-04-26,,Monthly,149.0,Active
S007950,C06530,P03,2025-10-27,2025-12-26,Monthly,149.0,Cancelled
S007951,C06531,P04,2024-05-23,,Monthly,399.0,Active
S007952,C06532,P03,2024-08-06,,Monthly,149.0,Active
S007953,C06533,P03,2025-07-12,,Annual,149.0,Active
S007954,C06534,P03,2024-03-26,,Monthly,149.0,Active
S007955,C06535,P01,2025-05-27,,Monthly,29.0,Active
S007956,C06536,P03,2024-09-29,2025-12-17,Monthly,149.0,Cancelled
S007957,C06537,P01,2025-05-15,,Monthly,29.0,Active
S007958,C06538,P02,2024-02-15,,Annual,79.0,Active
S007959,C06539,P01,2024-07-08,,Monthly,29.0,Active
S007960,C06539,P02,2024-12-04,,Monthly,79.0,Active
S007961,C06540,P01,2024-04-20,,Monthly,29.0,Active
S007962,C06541,P01,2024-02-24,,Monthly,29.0,Active
S007963,C06541,P02,2024-06-21,,Monthly,79.0,Active
S007964,C06542,P04,2025-03-09,,Monthly,399.0,Active
S007965,C06543,P04,2024-02-17,,Monthly,399.0,Active
S007966,C06544,P04,2025-03-12,,Monthly,399.0,Active
S007967,C06544,P03,2025-06-24,,Monthly,149.0,Active
S007968,C06545,P01,2024-06-25,2024-10-18,Monthly,29.0,Cancelled
S007969,C06546,P01,2024-04-11,,Monthly,29.0,Active
S007970,C06547,P01,2024-11-18,2025-05-12,Monthly,29.0,Cancelled
S007971,C06548,P02,2024-06-13,,Monthly,79.0,Active
S007972,C06549,P02,2024-06-02,,Monthly,79.0,Active
S007973,C06550,P01,2025-08-12,,Annual,29.0,Active
S007974,C06551,P01,2024-10-13,,Monthly,29.0,Active
S007975,C06552,P03,2024-03-06,2024-10-30,Monthly,149.0,Cancelled
S007976,C06553,P01,2025-10-28,,Annual,29.0,Active
S007977,C06554,P02,2025-09-09,,Monthly,79.0,Active
S007978,C06555,P01,2024-08-02,,Monthly,29.0,Active
S007979,C06556,P03,2025-06-06,2025-11-28,Monthly,149.0,Cancelled
S007980,C06557,P01,2025-01-21,,Monthly,29.0,Active
S007981,C06557,P02,2025-06-14,,Monthly,79.0,Active
S007982,C06558,P02,2025-07-26,,Monthly,79.0,Active
S007983,C06559,P01,2025-05-31,,Annual,29.0,Active
S007984,C06560,P01,2024-03-30,,Monthly,29.0,Active
S007985,C06561,P01,2025-08-18,2025-11-23,Monthly,29.0,Cancelled
S007986,C06562,P01,2024-03-31,,Monthly,29.0,Active
S007987,C06562,P02,2025-11-16,,Monthly,79.0,Active
S007988,C06562,P03,2025-12-31,,Monthly,149.0,Active
S007989,C06563,P03,2024-08-24,,Monthly,149.0,Active
S007990,C06564,P02,2025-01-22,,Monthly,79.0,Active
S007991,C06564,P03,2025-11-28,,Monthly,149.0,Active
S007992,C06565,P02,2025-11-08,,Monthly,79.0,Active
S007993,C06566,P04,2025-06-21,,Annual,399.0,Active
S007994,C06567,P03,2025-09-01,,Annual,149.0,Active
S007995,C06568,P01,2025-07-04,2025-12-10,Monthly,29.0,Cancelled
S007996,C06569,P02,2025-05-03,,Monthly,79.0,Active
S007997,C06570,P04,2025-01-06,,Monthly,399.0,Active
S007998,C06571,P03,2024-12-04,,Monthly,149.0,Active
S007999,C06571,P04,2025-08-30,,Monthly,399.0,Active
S008000,C06572,P04,2025-06-07,,Monthly,399.0,Active
S008001,C06573,P01,2024-08-29,,Monthly,29.0,Active
S008002,C06574,P01,2024-01-02,,Monthly,29.0,Active
S008003,C06575,P04,2025-01-20,2025-11-28,Monthly,399.0,Cancelled
S008004,C06576,P04,2025-07-20,,Annual,399.0,Active
S008005,C06577,P02,2024-02-09,,Annual,79.0,Active
S008006,C06578,P02,2025-02-06,,Annual,79.0,Active
S008007,C06579,P02,2025-05-28,,Annual,79.0,Active
S008008,C06580,P04,2024-06-12,2024-09-20,Monthly,399.0,Cancelled
S008009,C06581,P01,2024-08-14,,Monthly,29.0,Active
S008010,C06582,P01,2025-07-17,,Annual,29.0,Active
S008011,C06583,P02,2024-02-16,2025-05-26,Annual,79.0,Cancelled
S008012,C06584,P01,2025-02-10,,Annual,29.0,Active
S008013,C06585,P01,2024-03-13,,Monthly,29.0,Active
S008014,C06586,P04,2025-08-04,,Monthly,399.0,Active
S008015,C06587,P03,2024-06-04,,Monthly,149.0,Active
S008016,C06588,P03,2025-02-09,,Annual,149.0,Active
S008017,C06588,P04,2025-05-16,,Monthly,399.0,Active
S008018,C06589,P02,2024-09-21,,Monthly,79.0,Active
S008019,C06589,P01,2025-06-11,,Annual,29.0,Active
S008020,C06589,P01,2025-12-06,,Monthly,29.0,Active
S008021,C06590,P02,2024-05-12,,Monthly,79.0,Active
S008022,C06591,P02,2025-01-19,2025-06-16,Annual,79.0,Cancelled
S008023,C06592,P02,2025-05-09,,Monthly,79.0,Active
S008024,C06593,P02,2024-02-10,,Annual,79.0,Active
S008025,C06594,P02,2025-07-12,2025-10-30,Monthly,79.0,Cancelled
S008026,C06595,P01,2024-02-26,,Monthly,29.0,Active
S008027,C06596,P03,2024-09-08,,Annual,149.0,Active
S008028,C06596,P04,2025-11-15,,Monthly,399.0,Active
S008029,C06597,P02,2024-12-13,,Monthly,79.0,Active
S008030,C06598,P03,2025-04-14,,Monthly,149.0,Active
S008031,C06599,P02,2024-02-20,,Monthly,79.0,Active
S008032,C06600,P01,2024-09-07,,Annual,29.0,Active
S008033,C06601,P02,2024-03-01,,Monthly,79.0,Active
S008034,C06602,P03,2025-09-08,2025-11-23,Monthly,149.0,Cancelled
S008035,C06603,P01,2024-05-31,,Monthly,29.0,Active
S008036,C06604,P01,2025-04-28,,Monthly,29.0,Active
S008037,C06605,P01,2024-10-22,,Monthly,29.0,Active
S008038,C06606,P04,2025-01-29,,Monthly,399.0,Active
S008039,C06607,P03,2025-04-21,,Monthly,149.0,Active
S008040,C06608,P01,2024-02-17,,Monthly,29.0,Active
S008041,C06609,P01,2025-11-20,,Monthly,29.0,Active
S008042,C06610,P02,2025-03-09,,Monthly,79.0,Active
S008043,C06611,P02,2025-07-16,,Monthly,79.0,Active
S008044,C06612,P04,2025-03-17,,Monthly,399.0,Active
S008045,C06612,P04,2025-06-28,,Monthly,399.0,Active
S008046,C06613,P02,2025-06-13,,Monthly,79.0,Active
S008047,C06614,P02,2024-02-26,,Monthly,79.0,Active
S008048,C06615,P02,2025-02-10,,Annual,79.0,Active
S008049,C06615,P03,2025-05-24,,Monthly,149.0,Active
S008050,C06616,P03,2025-03-28,,Monthly,149.0,Active
S008051,C06617,P01,2025-10-04,,Monthly,29.0,Active
S008052,C06618,P03,2025-01-08,,Monthly,149.0,Active
S008053,C06619,P02,2024-01-05,,Monthly,79.0,Active
S008054,C06619,P01,2024-08-15,,Monthly,29.0,Active
S008055,C06619,P01,2025-11-08,,Monthly,29.0,Active
S008056,C06620,P03,2025-02-27,,Annual,149.0,Active
S008057,C06621,P02,2024-08-24,,Monthly,79.0,Active
S008058,C06622,P02,2025-06-22,,Annual,79.0,Active
S008059,C06622,P03,2025-12-21,,Monthly,149.0,Active
S008060,C06623,P04,2024-05-05,2024-11-09,Monthly,399.0,Cancelled
S008061,C06624,P01,2025-06-29,,Annual,29.0,Active
S008062,C06624,P02,2025-10-02,,Monthly,79.0,Active
S008063,C06625,P04,2024-01-28,,Monthly,399.0,Active
S008064,C06625,P03,2025-09-30,,Monthly,149.0,Active
S008065,C06626,P03,2025-06-29,,Monthly,149.0,Active
S008066,C06627,P01,2025-03-09,,Annual,29.0,Active
S008067,C06627,P02,2025-07-18,,Monthly,79.0,Active
S008068,C06628,P01,2024-11-17,2025-10-01,Monthly,29.0,Cancelled
S008069,C06629,P01,2024-02-23,,Monthly,29.0,Active
S008070,C06630,P04,2024-09-28,,Monthly,399.0,Active
S008071,C06631,P04,2025-01-04,,Monthly,399.0,Active
S008072,C06631,P03,2025-09-20,,Annual,149.0,Active
S008073,C06632,P02,2024-08-04,,Monthly,79.0,Active
S008074,C06633,P01,2024-05-02,2025-11-09,Monthly,29.0,Cancelled
S008075,C06634,P03,2025-03-19,,Monthly,149.0,Active
S008076,C06635,P04,2024-08-24,,Monthly,399.0,Active
S008077,C06635,P04,2025-09-10,,Annual,399.0,Active
S008078,C06635,P04,2025-12-29,,Monthly,399.0,Active
S008079,C06636,P02,2025-10-19,,Monthly,79.0,Active
S008080,C06637,P01,2024-07-01,,Monthly,29.0,Active
S008081,C06638,P03,2024-10-19,,Annual,149.0,Active
S008082,C06639,P03,2024-02-18,2024-06-13,Annual,149.0,Cancelled
S008083,C06640,P02,2025-10-31,,Annual,79.0,Active
S008084,C06641,P02,2024-07-28,,Monthly,79.0,Active
S008085,C06641,P03,2025-02-14,,Monthly,149.0,Active
S008086,C06642,P01,2024-01-09,,Annual,29.0,Active
S008087,C06643,P03,2025-03-14,,Monthly,149.0,Active
S008088,C06644,P02,2024-04-17,,Monthly,79.0,Active
S008089,C06645,P02,2025-10-24,,Monthly,79.0,Active
S008090,C06646,P03,2024-09-21,,Monthly,149.0,Active
S008091,C06647,P03,2024-12-18,,Monthly,149.0,Active
S008092,C06648,P01,2024-03-20,2024-11-07,Monthly,29.0,Cancelled
S008093,C06649,P02,2025-07-10,,Monthly,79.0,Active
S008094,C06650,P01,2024-03-07,,Monthly,29.0,Active
S008095,C06650,P02,2024-11-28,,Monthly,79.0,Active
S008096,C06651,P02,2025-06-11,,Monthly,79.0,Active
S008097,C06652,P02,2025-05-19,,Monthly,79.0,Active
S008098,C06653,P01,2025-10-18,,Monthly,29.0,Active
S008099,C06654,P03,2025-02-08,,Monthly,149.0,Active
S008100,C06655,P01,2025-06-27,,Monthly,29.0,Active
S008101,C06656,P02,2024-04-01,,Monthly,79.0,Active
S008102,C06657,P02,2024-11-27,2025-11-13,Monthly,79.0,Cancelled
S008103,C06658,P03,2024-09-05,,Annual,149.0,Active
S008104,C06658,P02,2025-11-06,,Monthly,79.0,Active
S008105,C06659,P02,2025-11-30,,Monthly,79.0,Active
S008106,C06660,P02,2024-09-01,,Monthly,79.0,Active
S008107,C06661,P03,2025-07-20,2025-09-18,Monthly,149.0,Cancelled
S008108,C06662,P01,2025-06-20,,Monthly,29.0,Active
S008109,C06662,P02,2025-12-13,,Monthly,79.0,Active
S008110,C06663,P01,2025-06-04,2025-12-01,Monthly,29.0,Cancelled
S008111,C06664,P03,2024-01-06,,Annual,149.0,Active
S008112,C06665,P03,2024-12-29,,Monthly,149.0,Active
S008113,C06665,P02,2025-06-16,,Annual,79.0,Active
S008114,C06665,P03,2025-11-02,,Monthly,149.0,Active
S008115,C06666,P01,2024-02-23,,Monthly,29.0,Active
S008116,C06666,P02,2025-09-05,,Monthly,79.0,Active
S008117,C06667,P02,2024-12-08,2025-05-20,Monthly,79.0,Cancelled
S008118,C06667,P01,2025-05-20,2025-12-12,Monthly,29.0,Cancelled
S008119,C06668,P02,2025-01-11,,Monthly,79.0,Active
S008120,C06669,P01,2024-07-26,,Annual,29.0,Active
S008121,C06670,P02,2024-06-14,,Annual,79.0,Active
S008122,C06670,P03,2025-02-13,,Monthly,149.0,Active
S008123,C06670,P04,2025-11-10,,Monthly,399.0,Active
S008124,C06671,P02,2024-12-11,,Monthly,79.0,Active
S008125,C06672,P02,2024-01-16,,Annual,79.0,Active
S008126,C06673,P04,2025-11-10,,Monthly,399.0,Active
S008127,C06674,P02,2025-01-31,,Monthly,79.0,Active
S008128,C06675,P02,2025-08-19,,Monthly,79.0,Active
S008129,C06676,P04,2024-06-08,,Monthly,399.0,Active
S008130,C06676,P03,2025-04-27,,Monthly,149.0,Active
S008131,C06677,P01,2025-11-17,,Monthly,29.0,Active
S008132,C06678,P01,2025-01-20,,Monthly,29.0,Active
S008133,C06679,P03,2024-04-01,,Monthly,149.0,Active
S008134,C06680,P01,2025-10-02,,Monthly,29.0,Active
S008135,C06681,P01,2025-11-29,,Monthly,29.0,Active
S008136,C06682,P01,2024-06-06,2025-02-05,Monthly,29.0,Cancelled
S008137,C06683,P02,2025-07-14,,Monthly,79.0,Active
S008138,C06684,P04,2025-01-11,,Monthly,399.0,Active
S008139,C06685,P02,2024-07-17,,Monthly,79.0,Active
S008140,C06686,P01,2025-04-04,2025-07-12,Monthly,29.0,Cancelled
S008141,C06687,P01,2024-12-25,2025-12-27,Monthly,29.0,Cancelled
S008142,C06688,P03,2024-08-01,2025-01-02,Annual,149.0,Cancelled
S008143,C06689,P04,2024-12-09,,Monthly,399.0,Active
S008144,C06689,P03,2025-11-22,,Monthly,149.0,Active
S008145,C06690,P02,2025-07-29,,Annual,79.0,Active
S008146,C06691,P01,2024-05-17,2025-05-08,Annual,29.0,Cancelled
S008147,C06692,P01,2024-09-22,,Monthly,29.0,Active
S008148,C06693,P02,2025-09-20,,Monthly,79.0,Active
S008149,C06694,P03,2024-11-30,2025-11-22,Monthly,149.0,Cancelled
S008150,C06695,P01,2024-10-24,2025-05-16,Monthly,29.0,Cancelled
S008151,C06695,P02,2025-05-16,2025-07-13,Monthly,79.0,Cancelled
S008152,C06696,P02,2024-09-13,,Monthly,79.0,Active
S008153,C06697,P03,2025-01-27,,Monthly,149.0,Active
S008154,C06697,P04,2025-12-29,,Annual,399.0,Active
S008155,C06698,P02,2024-04-15,,Annual,79.0,Active
S008156,C06699,P02,2024-11-22,,Annual,79.0,Active
S008157,C06699,P01,2025-10-29,,Monthly,29.0,Active
S008158,C06700,P02,2024-05-11,,Monthly,79.0,Active
S008159,C06701,P02,2025-07-23,,Monthly,79.0,Active
S008160,C06702,P02,2024-03-07,,Monthly,79.0,Active
S008161,C06703,P04,2024-09-09,,Annual,399.0,Active
S008162,C06704,P04,2025-09-15,,Annual,399.0,Active
S008163,C06705,P01,2025-10-31,,Annual,29.0,Active
S008164,C06706,P01,2025-01-25,,Annual,29.0,Active
S008165,C06706,P01,2025-10-28,,Annual,29.0,Active
S008166,C06707,P01,2024-11-24,,Monthly,29.0,Active
S008167,C06708,P01,2024-01-22,,Monthly,29.0,Active
S008168,C06709,P02,2025-06-20,,Monthly,79.0,Active
S008169,C06709,P03,2025-10-06,,Monthly,149.0,Active
S008170,C06710,P02,2025-07-02,2025-09-14,Monthly,79.0,Cancelled
S008171,C06711,P03,2025-08-15,,Monthly,149.0,Active
S008172,C06712,P02,2024-03-13,,Monthly,79.0,Active
S008173,C06712,P03,2025-12-09,,Monthly,149.0,Active
S008174,C06713,P02,2025-07-19,2025-12-10,Monthly,79.0,Cancelled
S008175,C06714,P03,2024-09-17,,Annual,149.0,Active
S008176,C06714,P04,2025-01-03,,Monthly,399.0,Active
S008177,C06715,P02,2024-04-08,,Annual,79.0,Active
S008178,C06716,P02,2025-08-17,,Monthly,79.0,Active
S008179,C06717,P01,2024-04-26,,Monthly,29.0,Active
S008180,C06718,P02,2025-08-02,,Annual,79.0,Active
S008181,C06719,P02,2025-12-01,,Monthly,79.0,Active
S008182,C06720,P03,2024-06-28,,Monthly,149.0,Active
S008183,C06721,P02,2025-03-13,,Annual,79.0,Active
S008184,C06721,P03,2025-09-15,,Monthly,149.0,Active
S008185,C06722,P01,2025-07-10,,Monthly,29.0,Active
S008186,C06723,P02,2024-04-13,,Monthly,79.0,Active
S008187,C06723,P01,2025-08-16,,Monthly,29.0,Active
S008188,C06724,P01,2025-08-10,,Monthly,29.0,Active
S008189,C06725,P03,2025-05-02,,Annual,149.0,Active
S008190,C06726,P04,2024-08-01,,Annual,399.0,Active
S008191,C06726,P04,2025-01-14,,Monthly,399.0,Active
S008192,C06726,P04,2025-08-20,,Monthly,399.0,Active
S008193,C06727,P01,2025-05-27,,Monthly,29.0,Active
S008194,C06728,P04,2024-07-07,,Annual,399.0,Active
S008195,C06729,P03,2024-03-20,,Monthly,149.0,Active
S008196,C06730,P01,2024-11-15,,Annual,29.0,Active
S008197,C06731,P02,2024-12-28,,Monthly,79.0,Active
S008198,C06732,P01,2025-07-30,,Monthly,29.0,Active
S008199,C06733,P03,2025-01-16,,Monthly,149.0,Active
S008200,C06734,P02,2024-08-12,,Monthly,79.0,Active
S008201,C06735,P02,2024-12-31,,Monthly,79.0,Active
S008202,C06736,P03,2024-04-12,,Monthly,149.0,Active
S008203,C06736,P02,2025-05-19,,Monthly,79.0,Active
S008204,C06737,P02,2024-07-10,2025-12-24,Annual,79.0,Cancelled
S008205,C06738,P03,2025-02-11,,Monthly,149.0,Active
S008206,C06739,P02,2025-01-30,,Monthly,79.0,Active
S008207,C06740,P03,2024-08-24,,Annual,149.0,Active
S008208,C06741,P02,2024-09-02,,Monthly,79.0,Active
S008209,C06741,P03,2025-08-20,,Monthly,149.0,Active
S008210,C06742,P03,2025-09-14,,Monthly,149.0,Active
S008211,C06743,P02,2024-01-12,,Monthly,79.0,Active
S008212,C06743,P03,2024-05-04,,Monthly,149.0,Active
S008213,C06743,P04,2025-12-24,,Monthly,399.0,Active
S008214,C06744,P01,2025-10-06,2025-12-21,Monthly,29.0,Cancelled
S008215,C06745,P02,2025-09-14,,Monthly,79.0,Active
S008216,C06746,P02,2025-04-30,,Monthly,79.0,Active
S008217,C06746,P03,2025-12-08,,Monthly,149.0,Active
S008218,C06747,P03,2025-08-11,,Monthly,149.0,Active
S008219,C06748,P02,2025-04-05,,Monthly,79.0,Active
S008220,C06749,P03,2025-02-21,,Annual,149.0,Active
S008221,C06750,P02,2024-04-25,2025-01-11,Annual,79.0,Cancelled
S008222,C06751,P03,2025-04-16,,Annual,149.0,Active
S008223,C06751,P02,2025-11-23,,Monthly,79.0,Active
S008224,C06752,P01,2024-04-24,,Annual,29.0,Active
S008225,C06753,P02,2024-01-28,,Annual,79.0,Active
S008226,C06754,P01,2025-02-02,2025-05-03,Annual,29.0,Cancelled
S008227,C06755,P01,2025-01-25,,Monthly,29.0,Active
S008228,C06756,P02,2024-05-07,,Annual,79.0,Active
S008229,C06757,P03,2024-09-15,,Annual,149.0,Active
S008230,C06758,P01,2025-05-16,,Monthly,29.0,Active
S008231,C06759,P03,2025-06-27,,Annual,149.0,Active
S008232,C06760,P01,2024-04-30,,Monthly,29.0,Active
S008233,C06760,P01,2024-08-19,,Annual,29.0,Active
S008234,C06761,P01,2024-03-16,,Monthly,29.0,Active
S008235,C06762,P03,2024-02-16,,Monthly,149.0,Active
S008236,C06763,P01,2024-02-22,,Monthly,29.0,Active
S008237,C06764,P02,2025-05-05,,Monthly,79.0,Active
S008238,C06765,P01,2025-11-02,,Monthly,29.0,Active
S008239,C06766,P02,2024-01-20,,Monthly,79.0,Active
S008240,C06767,P04,2024-04-21,,Monthly,399.0,Active
S008241,C06768,P03,2024-07-03,,Monthly,149.0,Active
S008242,C06769,P01,2024-02-05,,Monthly,29.0,Active
S008243,C06770,P02,2024-10-12,2024-12-29,Monthly,79.0,Cancelled
S008244,C06771,P01,2024-08-17,,Monthly,29.0,Active
S008245,C06772,P02,2025-02-05,,Monthly,79.0,Active
S008246,C06773,P04,2024-11-26,,Monthly,399.0,Active
S008247,C06774,P02,2025-03-04,,Monthly,79.0,Active
S008248,C06774,P03,2025-12-11,,Monthly,149.0,Active
S008249,C06775,P01,2024-06-19,,Monthly,29.0,Active
S008250,C06776,P02,2024-05-29,,Monthly,79.0,Active
S008251,C06777,P02,2024-07-11,,Annual,79.0,Active
S008252,C06778,P01,2024-07-04,,Monthly,29.0,Active
S008253,C06779,P04,2024-10-11,,Monthly,399.0,Active
S008254,C06779,P04,2025-01-20,,Monthly,399.0,Active
S008255,C06779,P03,2025-07-09,,Monthly,149.0,Active
S008256,C06780,P01,2025-09-05,,Monthly,29.0,Active
S008257,C06781,P01,2025-10-26,,Annual,29.0,Active
S008258,C06782,P03,2025-03-19,,Monthly,149.0,Active
S008259,C06783,P02,2025-02-21,,Monthly,79.0,Active
S008260,C06784,P02,2024-06-02,,Monthly,79.0,Active
S008261,C06785,P03,2024-09-09,,Monthly,149.0,Active
S008262,C06786,P01,2025-08-11,,Annual,29.0,Active
S008263,C06787,P02,2025-01-03,,Monthly,79.0,Active
S008264,C06788,P02,2025-09-18,,Annual,79.0,Active
S008265,C06789,P02,2024-08-02,,Monthly,79.0,Active
S008266,C06790,P02,2025-08-23,,Annual,79.0,Active
S008267,C06791,P02,2024-05-27,2025-09-20,Annual,79.0,Cancelled
S008268,C06792,P02,2025-08-30,,Monthly,79.0,Active
S008269,C06793,P03,2025-06-07,,Monthly,149.0,Active
S008270,C06794,P04,2025-02-15,,Monthly,399.0,Active
S008271,C06795,P03,2024-08-25,,Monthly,149.0,Active
S008272,C06795,P04,2025-01-19,,Monthly,399.0,Active
S008273,C06796,P02,2025-09-19,2025-12-05,Monthly,79.0,Cancelled
S008274,C06797,P01,2024-01-04,,Monthly,29.0,Active
S008275,C06798,P01,2024-01-02,,Annual,29.0,Active
S008276,C06799,P02,2024-10-10,,Monthly,79.0,Active
S008277,C06799,P03,2025-12-27,,Monthly,149.0,Active
S008278,C06800,P03,2025-02-16,,Monthly,149.0,Active
S008279,C06801,P02,2025-01-30,,Annual,79.0,Active
S008280,C06802,P03,2024-02-09,,Monthly,149.0,Active
S008281,C06802,P02,2025-06-20,,Monthly,79.0,Active
S008282,C06803,P03,2025-08-21,,Annual,149.0,Active
S008283,C06804,P02,2024-07-25,,Monthly,79.0,Active
S008284,C06805,P04,2024-12-30,,Monthly,399.0,Active
S008285,C06805,P04,2025-05-18,,Monthly,399.0,Active
S008286,C06805,P03,2025-10-16,,Monthly,149.0,Active
S008287,C06806,P01,2024-04-29,2025-05-18,Monthly,29.0,Cancelled
S008288,C06807,P02,2024-10-05,,Monthly,79.0,Active
S008289,C06808,P01,2024-07-15,2025-12-14,Monthly,29.0,Cancelled
S008290,C06809,P02,2024-05-01,,Monthly,79.0,Active
S008291,C06810,P01,2024-06-11,,Monthly,29.0,Active
S008292,C06810,P01,2025-02-20,,Monthly,29.0,Active
S008293,C06811,P02,2024-12-30,,Monthly,79.0,Active
S008294,C06812,P02,2025-10-08,,Monthly,79.0,Active
S008295,C06813,P01,2025-11-25,,Monthly,29.0,Active
S008296,C06814,P01,2025-01-13,2025-05-06,Monthly,29.0,Cancelled
S008297,C06814,P01,2025-05-06,2025-12-07,Monthly,29.0,Cancelled
S008298,C06815,P04,2025-03-27,,Annual,399.0,Active
S008299,C06816,P01,2024-04-24,2025-06-14,Monthly,29.0,Cancelled
S008300,C06817,P03,2024-04-23,,Monthly,149.0,Active
S008301,C06817,P04,2024-09-24,,Monthly,399.0,Active
S008302,C06818,P04,2024-04-19,,Annual,399.0,Active
S008303,C06818,P03,2024-07-23,,Annual,149.0,Active
S008304,C06819,P02,2024-01-12,2024-08-31,Monthly,79.0,Cancelled
S008305,C06820,P02,2025-09-07,,Monthly,79.0,Active
S008306,C06821,P04,2024-12-16,2025-04-17,Annual,399.0,Cancelled
S008307,C06822,P03,2025-08-07,,Monthly,149.0,Active
S008308,C06823,P01,2025-05-13,,Annual,29.0,Active
S008309,C06824,P04,2025-01-03,,Annual,399.0,Active
S008310,C06825,P02,2024-12-06,,Monthly,79.0,Active
S008311,C06826,P03,2025-11-09,,Monthly,149.0,Active
S008312,C06827,P01,2025-10-09,,Monthly,29.0,Active
S008313,C06828,P03,2024-04-22,,Monthly,149.0,Active
S008314,C06828,P02,2025-07-24,,Monthly,79.0,Active
S008315,C06828,P03,2025-11-02,,Annual,149.0,Active
S008316,C06829,P01,2025-07-23,,Annual,29.0,Active
S008317,C06830,P03,2025-05-23,,Monthly,149.0,Active
S008318,C06831,P02,2025-09-08,,Annual,79.0,Active
S008319,C06832,P01,2024-12-26,,Monthly,29.0,Active
S008320,C06832,P02,2025-11-15,,Annual,79.0,Active
S008321,C06832,P03,2025-12-31,,Monthly,149.0,Active
S008322,C06833,P01,2024-01-01,,Monthly,29.0,Active
S008323,C06834,P02,2025-03-23,,Annual,79.0,Active
S008324,C06834,P01,2025-08-06,,Monthly,29.0,Active
S008325,C06835,P02,2024-12-30,,Annual,79.0,Active
S008326,C06835,P03,2025-10-08,,Annual,149.0,Active
S008327,C06836,P02,2025-11-09,,Monthly,79.0,Active
S008328,C06837,P01,2024-05-16,,Monthly,29.0,Active
S008329,C06838,P02,2025-11-14,,Annual,79.0,Active
S008330,C06839,P01,2024-12-08,,Annual,29.0,Active
S008331,C06840,P02,2024-08-21,,Monthly,79.0,Active
S008332,C06841,P03,2024-08-23,,Monthly,149.0,Active
S008333,C06842,P03,2025-02-16,2025-12-14,Monthly,149.0,Cancelled
S008334,C06843,P01,2024-08-23,2025-05-10,Monthly,29.0,Cancelled
S008335,C06844,P02,2025-08-12,2025-10-24,Annual,79.0,Cancelled
S008336,C06845,P02,2025-02-08,,Annual,79.0,Active
S008337,C06845,P03,2025-11-04,,Monthly,149.0,Active
S008338,C06846,P03,2025-03-31,,Monthly,149.0,Active
S008339,C06847,P02,2025-01-05,,Monthly,79.0,Active
S008340,C06848,P02,2025-05-20,,Monthly,79.0,Active
S008341,C06849,P01,2024-08-09,2025-03-29,Monthly,29.0,Cancelled
S008342,C06850,P03,2025-07-17,,Monthly,149.0,Active
S008343,C06851,P03,2024-09-06,,Monthly,149.0,Active
S008344,C06851,P04,2025-12-27,,Monthly,399.0,Active
S008345,C06852,P01,2024-01-21,2025-06-24,Monthly,29.0,Cancelled
S008346,C06853,P01,2024-02-27,,Annual,29.0,Active
S008347,C06854,P02,2025-11-12,,Monthly,79.0,Active
S008348,C06855,P03,2024-01-09,,Monthly,149.0,Active
S008349,C06856,P02,2025-04-10,,Monthly,79.0,Active
S008350,C06856,P03,2025-11-29,,Monthly,149.0,Active
S008351,C06857,P03,2024-05-09,,Monthly,149.0,Active
S008352,C06858,P01,2025-05-14,,Monthly,29.0,Active
S008353,C06859,P02,2024-02-23,,Monthly,79.0,Active
S008354,C06860,P04,2025-05-16,,Monthly,399.0,Active
S008355,C06861,P02,2025-09-24,,Monthly,79.0,Active
S008356,C06862,P03,2024-11-15,,Monthly,149.0,Active
S008357,C06863,P02,2024-05-26,,Annual,79.0,Active
S008358,C06864,P01,2025-06-12,,Annual,29.0,Active
S008359,C06865,P03,2025-10-12,,Annual,149.0,Active
S008360,C06866,P01,2024-02-18,2025-02-18,Monthly,29.0,Cancelled
S008361,C06866,P01,2025-02-18,2025-05-23,Monthly,29.0,Cancelled
S008362,C06867,P01,2024-03-21,,Monthly,29.0,Active
S008363,C06868,P02,2025-08-21,2025-12-05,Monthly,79.0,Cancelled
S008364,C06869,P01,2025-08-08,,Annual,29.0,Active
S008365,C06870,P02,2024-09-04,,Monthly,79.0,Active
S008366,C06871,P02,2025-02-19,,Monthly,79.0,Active
S008367,C06872,P02,2024-03-03,2024-07-01,Monthly,79.0,Cancelled
S008368,C06873,P03,2024-12-07,,Monthly,149.0,Active
S008369,C06874,P02,2025-01-23,,Monthly,79.0,Active
S008370,C06875,P02,2025-05-20,2025-11-14,Monthly,79.0,Cancelled
S008371,C06876,P02,2025-06-07,,Monthly,79.0,Active
S008372,C06877,P02,2025-10-03,,Annual,79.0,Active
S008373,C06878,P04,2025-11-12,,Monthly,399.0,Active
S008374,C06879,P01,2025-07-03,,Annual,29.0,Active
S008375,C06880,P02,2024-11-29,,Annual,79.0,Active
S008376,C06881,P02,2024-04-20,,Annual,79.0,Active
S008377,C06882,P04,2025-10-28,,Monthly,399.0,Active
S008378,C06883,P03,2025-01-06,,Annual,149.0,Active
S008379,C06884,P03,2025-11-21,,Monthly,149.0,Active
S008380,C06885,P03,2024-03-18,,Annual,149.0,Active
S008381,C06886,P03,2025-02-09,,Monthly,149.0,Active
S008382,C06887,P03,2025-05-18,,Monthly,149.0,Active
S008383,C06888,P02,2025-05-20,,Monthly,79.0,Active
S008384,C06888,P03,2025-12-07,,Monthly,149.0,Active
S008385,C06889,P02,2024-12-25,2025-10-24,Monthly,79.0,Cancelled
S008386,C06890,P02,2024-06-28,,Monthly,79.0,Active
S008387,C06891,P02,2024-09-23,,Monthly,79.0,Active
S008388,C06892,P03,2024-10-13,,Monthly,149.0,Active
S008389,C06893,P01,2025-06-12,,Monthly,29.0,Active
S008390,C06894,P04,2025-11-11,,Monthly,399.0,Active
S008391,C06895,P01,2024-03-29,,Monthly,29.0,Active
S008392,C06896,P02,2025-07-12,,Monthly,79.0,Active
S008393,C06897,P01,2025-08-24,,Monthly,29.0,Active
S008394,C06898,P02,2024-11-27,,Monthly,79.0,Active
S008395,C06899,P01,2025-07-12,,Monthly,29.0,Active
S008396,C06900,P03,2024-07-19,,Monthly,149.0,Active
S008397,C06901,P01,2025-04-10,,Monthly,29.0,Active
S008398,C06902,P03,2024-07-22,2025-03-23,Monthly,149.0,Cancelled
S008399,C06903,P01,2025-11-17,,Monthly,29.0,Active
S008400,C06904,P03,2024-08-28,,Monthly,149.0,Active
S008401,C06905,P01,2024-08-24,2025-01-01,Annual,29.0,Cancelled
S008402,C06906,P01,2025-06-21,,Monthly,29.0,Active
S008403,C06907,P02,2024-12-31,,Monthly,79.0,Active
S008404,C06908,P01,2025-02-14,,Monthly,29.0,Active
S008405,C06908,P01,2025-06-23,,Monthly,29.0,Active
S008406,C06909,P02,2024-06-09,,Monthly,79.0,Active
S008407,C06910,P02,2024-07-15,,Monthly,79.0,Active
S008408,C06910,P03,2025-05-28,,Monthly,149.0,Active
S008409,C06910,P04,2025-11-12,,Monthly,399.0,Active
S008410,C06911,P03,2025-03-07,,Annual,149.0,Active
S008411,C06912,P01,2024-02-10,,Monthly,29.0,Active
S008412,C06913,P02,2024-10-11,,Annual,79.0,Active
S008413,C06914,P02,2025-02-12,,Annual,79.0,Active
S008414,C06915,P01,2024-12-15,,Monthly,29.0,Active
S008415,C06916,P01,2024-06-07,,Monthly,29.0,Active
S008416,C06917,P01,2025-03-10,2025-06-24,Monthly,29.0,Cancelled
S008417,C06918,P02,2024-07-01,,Monthly,79.0,Active
S008418,C06918,P01,2025-11-27,,Monthly,29.0,Active
S008419,C06919,P02,2024-11-04,2025-05-27,Monthly,79.0,Cancelled
S008420,C06920,P01,2025-06-30,,Annual,29.0,Active
S008421,C06920,P02,2025-12-02,,Annual,79.0,Active
S008422,C06921,P04,2025-08-18,2025-11-29,Monthly,399.0,Cancelled
S008423,C06922,P03,2024-05-30,,Annual,149.0,Active
S008424,C06923,P01,2025-09-28,,Annual,29.0,Active
S008425,C06924,P04,2025-08-20,,Monthly,399.0,Active
S008426,C06925,P03,2024-08-07,2024-10-13,Monthly,149.0,Cancelled
S008427,C06926,P01,2025-04-16,,Monthly,29.0,Active
S008428,C06927,P04,2024-07-07,,Monthly,399.0,Active
S008429,C06927,P04,2024-10-05,,Monthly,399.0,Active
S008430,C06927,P04,2025-08-08,,Monthly,399.0,Active
S008431,C06928,P01,2024-11-05,,Monthly,29.0,Active
S008432,C06929,P03,2024-03-23,,Monthly,149.0,Active
S008433,C06930,P03,2024-03-12,2025-06-23,Monthly,149.0,Cancelled
S008434,C06931,P02,2024-06-24,,Monthly,79.0,Active
S008435,C06932,P03,2024-03-23,,Monthly,149.0,Active
S008436,C06933,P01,2025-06-28,,Monthly,29.0,Active
S008437,C06934,P03,2025-04-05,,Annual,149.0,Active
S008438,C06935,P03,2024-06-06,,Monthly,149.0,Active
S008439,C06936,P02,2025-09-03,,Monthly,79.0,Active
S008440,C06937,P01,2025-01-14,,Monthly,29.0,Active
S008441,C06938,P03,2025-06-23,,Monthly,149.0,Active
S008442,C06939,P01,2024-04-19,,Monthly,29.0,Active
S008443,C06939,P01,2025-09-07,,Monthly,29.0,Active
S008444,C06939,P02,2025-12-30,,Monthly,79.0,Active
S008445,C06940,P01,2025-09-22,,Annual,29.0,Active
S008446,C06941,P03,2025-10-13,,Monthly,149.0,Active
S008447,C06942,P03,2025-02-07,,Annual,149.0,Active
S008448,C06943,P02,2024-05-09,,Monthly,79.0,Active
S008449,C06943,P03,2025-01-04,,Monthly,149.0,Active
S008450,C06943,P02,2025-07-31,,Monthly,79.0,Active
S008451,C06944,P01,2025-06-09,,Monthly,29.0,Active
S008452,C06944,P01,2025-10-08,,Monthly,29.0,Active
S008453,C06945,P02,2025-03-23,,Monthly,79.0,Active
S008454,C06946,P02,2024-07-06,,Monthly,79.0,Active
S008455,C06947,P02,2024-10-14,,Monthly,79.0,Active
S008456,C06948,P02,2024-01-14,2024-12-12,Annual,79.0,Cancelled
S008457,C06949,P02,2025-11-27,,Monthly,79.0,Active
S008458,C06950,P03,2025-10-28,,Monthly,149.0,Active
S008459,C06951,P03,2025-07-20,,Monthly,149.0,Active
S008460,C06952,P03,2025-05-14,,Monthly,149.0,Active
S008461,C06953,P03,2025-06-14,,Annual,149.0,Active
S008462,C06954,P04,2025-10-18,,Monthly,399.0,Active
S008463,C06955,P03,2024-02-02,,Annual,149.0,Active
S008464,C06956,P01,2025-05-29,2025-09-16,Monthly,29.0,Cancelled
S008465,C06957,P03,2024-09-12,,Monthly,149.0,Active
S008466,C06958,P02,2024-09-03,,Monthly,79.0,Active
S008467,C06959,P02,2024-07-11,,Monthly,79.0,Active
S008468,C06960,P01,2025-10-22,,Monthly,29.0,Active
S008469,C06961,P02,2024-01-17,,Monthly,79.0,Active
S008470,C06962,P03,2025-05-16,,Annual,149.0,Active
S008471,C06963,P01,2025-08-16,,Monthly,29.0,Active
S008472,C06964,P03,2024-01-21,,Monthly,149.0,Active
S008473,C06965,P04,2025-05-03,,Monthly,399.0,Active
S008474,C06966,P01,2024-02-21,2024-08-03,Monthly,29.0,Cancelled
S008475,C06967,P03,2025-03-31,,Monthly,149.0,Active
S008476,C06968,P02,2024-10-06,,Monthly,79.0,Active
S008477,C06969,P03,2024-01-28,,Monthly,149.0,Active
S008478,C06970,P02,2025-04-14,,Annual,79.0,Active
S008479,C06971,P02,2025-05-10,,Monthly,79.0,Active
S008480,C06972,P02,2025-01-28,,Monthly,79.0,Active
S008481,C06973,P02,2024-08-12,,Monthly,79.0,Active
S008482,C06974,P01,2024-10-21,,Annual,29.0,Active
S008483,C06975,P01,2025-10-06,,Monthly,29.0,Active
S008484,C06976,P02,2024-10-15,,Annual,79.0,Active
S008485,C06977,P03,2024-04-25,,Monthly,149.0,Active
S008486,C06977,P04,2025-07-27,,Monthly,399.0,Active
S008487,C06977,P04,2025-10-29,,Annual,399.0,Active
S008488,C06978,P04,2024-08-09,,Monthly,399.0,Active
S008489,C06979,P02,2024-08-05,2024-12-19,Monthly,79.0,Cancelled
S008490,C06980,P02,2025-10-18,,Annual,79.0,Active
S008491,C06981,P03,2024-01-26,,Monthly,149.0,Active
S008492,C06982,P02,2024-09-05,,Monthly,79.0,Active
S008493,C06983,P02,2024-09-18,,Monthly,79.0,Active
S008494,C06984,P01,2024-06-24,,Monthly,29.0,Active
S008495,C06985,P02,2025-02-12,,Monthly,79.0,Active
S008496,C06986,P01,2025-04-08,2025-07-07,Annual,29.0,Cancelled
S008497,C06986,P01,2025-07-07,2025-11-10,Monthly,29.0,Cancelled
S008498,C06987,P03,2025-09-02,,Monthly,149.0,Active
S008499,C06988,P01,2025-01-27,,Monthly,29.0,Active
S008500,C06989,P01,2024-03-21,,Annual,29.0,Active
S008501,C06989,P01,2025-07-12,,Monthly,29.0,Active
S008502,C06989,P02,2025-10-10,,Monthly,79.0,Active
S008503,C06990,P01,2025-04-26,2025-07-16,Monthly,29.0,Cancelled
S008504,C06991,P01,2024-07-22,2025-02-11,Annual,29.0,Cancelled
S008505,C06991,P01,2025-02-11,2025-05-10,Monthly,29.0,Cancelled
S008506,C06992,P02,2024-04-22,2024-10-07,Annual,79.0,Cancelled
S008507,C06993,P01,2024-06-06,,Monthly,29.0,Active
S008508,C06993,P01,2024-11-08,,Monthly,29.0,Active
S008509,C06994,P03,2025-06-20,,Annual,149.0,Active
S008510,C06995,P01,2025-09-11,2025-12-21,Monthly,29.0,Cancelled
S008511,C06996,P02,2025-03-04,,Monthly,79.0,Active
S008512,C06997,P03,2024-12-25,,Annual,149.0,Active
S008513,C06998,P01,2024-02-15,,Monthly,29.0,Active
S008514,C06999,P03,2024-04-07,,Monthly,149.0,Active
S008515,C06999,P02,2024-10-21,,Monthly,79.0,Active
S008516,C07000,P01,2024-08-22,2025-10-23,Annual,29.0,Cancelled
S008517,C07001,P04,2024-01-11,,Monthly,399.0,Active
S008518,C07001,P04,2025-09-06,,Annual,399.0,Active
S008519,C07002,P01,2024-01-16,,Annual,29.0,Active
S008520,C07003,P01,2025-03-26,,Monthly,29.0,Active
S008521,C07004,P01,2025-08-18,,Monthly,29.0,Active
S008522,C07005,P03,2024-01-21,,Monthly,149.0,Active
S008523,C07006,P02,2025-07-11,,Monthly,79.0,Active
S008524,C07007,P01,2025-07-25,,Annual,29.0,Active
S008525,C07008,P01,2024-02-12,,Monthly,29.0,Active
S008526,C07009,P01,2024-04-28,,Annual,29.0,Active
S008527,C07010,P03,2024-06-24,,Annual,149.0,Active
S008528,C07011,P01,2024-07-10,,Monthly,29.0,Active
S008529,C07012,P01,2025-02-11,,Monthly,29.0,Active
S008530,C07013,P01,2024-01-21,,Monthly,29.0,Active
S008531,C07013,P02,2025-04-14,,Monthly,79.0,Active
S008532,C07014,P02,2024-02-02,,Annual,79.0,Active
S008533,C07014,P03,2025-06-06,,Monthly,149.0,Active
S008534,C07015,P04,2024-05-23,,Monthly,399.0,Active
S008535,C07016,P01,2024-08-31,,Monthly,29.0,Active
S008536,C07016,P01,2025-09-27,,Monthly,29.0,Active
S008537,C07017,P01,2025-03-07,,Monthly,29.0,Active
S008538,C07017,P02,2025-11-22,,Monthly,79.0,Active
S008539,C07018,P01,2024-11-16,2025-07-06,Monthly,29.0,Cancelled
S008540,C07019,P01,2024-12-24,,Monthly,29.0,Active
S008541,C07019,P02,2025-09-17,,Annual,79.0,Active
S008542,C07019,P01,2025-12-23,,Monthly,29.0,Active
S008543,C07020,P02,2024-06-27,2025-08-25,Monthly,79.0,Cancelled
S008544,C07021,P03,2025-04-24,,Monthly,149.0,Active
S008545,C07021,P04,2025-08-01,,Monthly,399.0,Active
S008546,C07022,P01,2024-06-04,,Monthly,29.0,Active
S008547,C07023,P03,2024-08-30,,Monthly,149.0,Active
S008548,C07023,P04,2025-03-17,,Annual,399.0,Active
S008549,C07023,P03,2025-09-29,,Monthly,149.0,Active
S008550,C07024,P01,2025-03-23,,Monthly,29.0,Active
S008551,C07024,P02,2025-11-17,,Annual,79.0,Active
S008552,C07025,P02,2024-03-12,,Monthly,79.0,Active
S008553,C07026,P01,2024-02-12,2024-12-11,Monthly,29.0,Cancelled
S008554,C07027,P02,2025-03-31,,Monthly,79.0,Active
S008555,C07027,P01,2025-12-08,,Monthly,29.0,Active
S008556,C07028,P01,2024-08-28,,Monthly,29.0,Active
S008557,C07029,P02,2024-09-04,,Annual,79.0,Active
S008558,C07030,P01,2024-05-06,,Monthly,29.0,Active
S008559,C07031,P02,2025-08-05,,Monthly,79.0,Active
S008560,C07032,P02,2024-10-28,2025-01-24,Monthly,79.0,Cancelled
S008561,C07033,P03,2024-06-02,,Monthly,149.0,Active
S008562,C07034,P03,2024-11-02,,Monthly,149.0,Active
S008563,C07034,P04,2025-03-30,,Annual,399.0,Active
S008564,C07034,P04,2025-07-06,,Monthly,399.0,Active
S008565,C07035,P02,2025-01-21,,Annual,79.0,Active
S008566,C07036,P03,2024-08-14,,Annual,149.0,Active
S008567,C07037,P01,2025-09-14,2025-12-15,Annual,29.0,Cancelled
S008568,C07038,P01,2025-07-05,2025-10-28,Monthly,29.0,Cancelled
S008569,C07039,P02,2024-03-13,,Monthly,79.0,Active
S008570,C07040,P03,2025-10-29,,Monthly,149.0,Active
S008571,C07041,P02,2025-08-10,,Monthly,79.0,Active
S008572,C07042,P02,2024-03-31,,Annual,79.0,Active
S008573,C07043,P02,2025-06-17,,Monthly,79.0,Active
S008574,C07044,P01,2024-12-27,2025-04-30,Monthly,29.0,Cancelled
S008575,C07045,P03,2024-06-28,,Monthly,149.0,Active
S008576,C07045,P04,2025-02-14,,Annual,399.0,Active
S008577,C07046,P01,2025-08-12,,Monthly,29.0,Active
S008578,C07047,P03,2025-05-03,2025-11-02,Monthly,149.0,Cancelled
S008579,C07048,P02,2024-02-09,,Monthly,79.0,Active
S008580,C07048,P03,2024-07-22,,Monthly,149.0,Active
S008581,C07049,P03,2025-09-29,,Annual,149.0,Active
S008582,C07050,P02,2024-08-09,,Monthly,79.0,Active
S008583,C07051,P03,2024-04-12,,Annual,149.0,Active
S008584,C07052,P02,2025-09-05,,Annual,79.0,Active
S008585,C07053,P03,2025-04-05,,Monthly,149.0,Active
S008586,C07054,P01,2025-06-23,,Monthly,29.0,Active
S008587,C07055,P02,2024-08-01,2025-03-17,Monthly,79.0,Cancelled
S008588,C07055,P03,2025-03-17,2025-06-16,Annual,149.0,Cancelled
S008589,C07056,P01,2025-01-22,2025-04-08,Annual,29.0,Cancelled
S008590,C07057,P01,2024-04-27,,Monthly,29.0,Active
S008591,C07058,P02,2024-10-04,,Monthly,79.0,Active
S008592,C07059,P04,2024-07-31,,Monthly,399.0,Active
S008593,C07060,P02,2025-10-09,,Monthly,79.0,Active
S008594,C07061,P02,2024-10-14,,Monthly,79.0,Active
S008595,C07062,P02,2024-06-19,,Annual,79.0,Active
S008596,C07063,P01,2024-07-26,,Monthly,29.0,Active
S008597,C07063,P02,2025-06-25,,Monthly,79.0,Active
S008598,C07064,P02,2024-11-18,,Monthly,79.0,Active
S008599,C07065,P03,2025-03-27,2025-06-19,Monthly,149.0,Cancelled
S008600,C07066,P02,2024-05-08,,Annual,79.0,Active
S008601,C07067,P02,2024-04-18,,Annual,79.0,Active
S008602,C07068,P01,2025-10-07,2025-12-18,Monthly,29.0,Cancelled
S008603,C07069,P02,2025-09-10,,Monthly,79.0,Active
S008604,C07070,P01,2024-07-09,,Monthly,29.0,Active
S008605,C07070,P02,2024-12-03,,Monthly,79.0,Active
S008606,C07071,P02,2024-06-18,,Monthly,79.0,Active
S008607,C07072,P01,2025-08-20,,Monthly,29.0,Active
S008608,C07073,P02,2025-01-03,,Monthly,79.0,Active
S008609,C07074,P02,2025-04-08,,Monthly,79.0,Active
S008610,C07075,P01,2024-06-15,,Monthly,29.0,Active
S008611,C07076,P01,2025-06-04,,Annual,29.0,Active
S008612,C07077,P01,2025-08-24,,Monthly,29.0,Active
S008613,C07078,P01,2024-02-05,2024-11-05,Monthly,29.0,Cancelled
S008614,C07079,P02,2024-04-02,,Monthly,79.0,Active
S008615,C07080,P01,2024-03-08,2024-11-12,Monthly,29.0,Cancelled
S008616,C07081,P04,2025-03-17,,Monthly,399.0,Active
S008617,C07082,P03,2025-01-30,,Monthly,149.0,Active
S008618,C07082,P04,2025-05-14,,Annual,399.0,Active
S008619,C07083,P01,2024-01-27,,Annual,29.0,Active
S008620,C07083,P01,2024-07-11,,Monthly,29.0,Active
S008621,C07084,P01,2025-05-22,,Annual,29.0,Active
S008622,C07085,P02,2025-05-19,,Annual,79.0,Active
S008623,C07086,P01,2025-10-04,,Monthly,29.0,Active
S008624,C07087,P03,2024-03-11,2024-12-02,Monthly,149.0,Cancelled
S008625,C07088,P02,2025-07-15,,Monthly,79.0,Active
S008626,C07089,P01,2024-07-03,,Annual,29.0,Active
S008627,C07090,P02,2024-10-28,,Annual,79.0,Active
S008628,C07091,P04,2025-11-21,,Monthly,399.0,Active
S008629,C07092,P02,2024-07-09,,Monthly,79.0,Active
S008630,C07093,P02,2025-10-31,,Annual,79.0,Active
S008631,C07094,P01,2025-10-28,,Annual,29.0,Active
S008632,C07095,P01,2024-06-05,,Monthly,29.0,Active
S008633,C07096,P03,2024-10-27,,Monthly,149.0,Active
S008634,C07097,P01,2025-08-01,,Monthly,29.0,Active
S008635,C07098,P02,2024-12-15,,Annual,79.0,Active
S008636,C07099,P02,2024-04-14,,Annual,79.0,Active
S008637,C07099,P03,2025-06-08,,Monthly,149.0,Active
S008638,C07100,P02,2025-10-10,,Monthly,79.0,Active
S008639,C07101,P02,2024-07-19,,Monthly,79.0,Active
S008640,C07102,P01,2024-07-11,,Monthly,29.0,Active
S008641,C07102,P02,2025-07-24,,Monthly,79.0,Active
S008642,C07103,P01,2025-01-29,,Monthly,29.0,Active
S008643,C07104,P01,2024-10-02,,Monthly,29.0,Active
S008644,C07105,P01,2024-03-09,,Monthly,29.0,Active
S008645,C07106,P03,2025-10-22,,Monthly,149.0,Active
S008646,C07107,P02,2024-02-07,,Monthly,79.0,Active
S008647,C07108,P02,2024-12-30,,Annual,79.0,Active
S008648,C07108,P03,2025-09-22,,Monthly,149.0,Active
S008649,C07109,P02,2024-07-05,2024-10-01,Monthly,79.0,Cancelled
S008650,C07110,P03,2024-10-02,,Monthly,149.0,Active
S008651,C07111,P02,2024-12-25,,Monthly,79.0,Active
S008652,C07112,P03,2025-04-20,,Monthly,149.0,Active
S008653,C07113,P04,2024-12-14,2025-03-23,Monthly,399.0,Cancelled
S008654,C07113,P03,2025-03-23,2025-10-30,Monthly,149.0,Cancelled
S008655,C07114,P02,2024-09-13,,Annual,79.0,Active
S008656,C07114,P01,2025-11-30,,Monthly,29.0,Active
S008657,C07115,P02,2024-02-03,,Monthly,79.0,Active
S008658,C07116,P02,2025-04-29,,Monthly,79.0,Active
S008659,C07117,P02,2025-08-31,,Monthly,79.0,Active
S008660,C07118,P02,2025-09-14,,Monthly,79.0,Active
S008661,C07119,P02,2024-05-27,,Monthly,79.0,Active
S008662,C07120,P01,2024-02-17,2025-04-03,Annual,29.0,Cancelled
S008663,C07121,P04,2024-03-15,,Annual,399.0,Active
S008664,C07122,P01,2024-04-29,,Monthly,29.0,Active
S008665,C07123,P02,2024-02-12,,Annual,79.0,Active
S008666,C07124,P02,2025-03-28,,Monthly,79.0,Active
S008667,C07125,P03,2025-03-10,,Monthly,149.0,Active
S008668,C07126,P02,2025-07-27,2025-10-24,Annual,79.0,Cancelled
S008669,C07127,P01,2025-02-08,,Annual,29.0,Active
S008670,C07128,P02,2024-02-28,,Monthly,79.0,Active
S008671,C07129,P02,2025-09-24,,Monthly,79.0,Active
S008672,C07130,P01,2024-09-18,,Annual,29.0,Active
S008673,C07131,P03,2025-08-05,,Monthly,149.0,Active
S008674,C07132,P02,2024-09-22,,Annual,79.0,Active
S008675,C07133,P03,2024-05-31,,Monthly,149.0,Active
S008676,C07134,P01,2025-01-21,,Monthly,29.0,Active
S008677,C07135,P01,2025-11-17,,Annual,29.0,Active
S008678,C07136,P02,2025-03-22,,Monthly,79.0,Active
S008679,C07137,P02,2024-05-15,,Monthly,79.0,Active
S008680,C07138,P01,2024-05-29,2024-10-22,Monthly,29.0,Cancelled
S008681,C07139,P03,2025-02-11,,Monthly,149.0,Active
S008682,C07140,P04,2025-07-31,,Annual,399.0,Active
S008683,C07141,P01,2024-08-10,,Monthly,29.0,Active
S008684,C07142,P01,2024-09-23,,Monthly,29.0,Active
S008685,C07143,P03,2024-08-11,2024-11-28,Monthly,149.0,Cancelled
S008686,C07143,P04,2024-11-28,2025-03-20,Monthly,399.0,Cancelled
S008687,C07144,P01,2025-01-10,,Monthly,29.0,Active
S008688,C07145,P02,2025-04-24,,Monthly,79.0,Active
S008689,C07146,P03,2025-06-13,2025-12-15,Monthly,149.0,Cancelled
S008690,C07147,P03,2025-07-25,,Monthly,149.0,Active
S008691,C07148,P01,2024-08-17,2024-12-26,Monthly,29.0,Cancelled
S008692,C07149,P02,2024-08-29,,Annual,79.0,Active
S008693,C07150,P02,2025-09-30,,Monthly,79.0,Active
S008694,C07151,P02,2025-11-05,,Monthly,79.0,Active
S008695,C07152,P01,2025-05-29,2025-11-01,Annual,29.0,Cancelled
S008696,C07153,P03,2024-07-01,,Annual,149.0,Active
S008697,C07154,P03,2024-07-31,,Monthly,149.0,Active
S008698,C07155,P03,2025-01-08,,Annual,149.0,Active
S008699,C07156,P01,2025-11-16,,Monthly,29.0,Active
S008700,C07157,P03,2025-11-13,,Annual,149.0,Active
S008701,C07158,P02,2025-07-06,,Monthly,79.0,Active
S008702,C07159,P03,2024-05-19,,Monthly,149.0,Active
S008703,C07159,P02,2024-11-18,,Monthly,79.0,Active
S008704,C07160,P01,2024-12-25,,Monthly,29.0,Active
S008705,C07160,P01,2025-03-26,,Monthly,29.0,Active
S008706,C07160,P02,2025-07-05,,Annual,79.0,Active
S008707,C07161,P02,2025-11-21,,Monthly,79.0,Active
S008708,C07162,P04,2025-09-08,,Annual,399.0,Active
S008709,C07163,P03,2024-01-12,,Annual,149.0,Active
S008710,C07164,P02,2025-10-23,,Monthly,79.0,Active
S008711,C07165,P01,2024-11-14,,Monthly,29.0,Active
S008712,C07166,P01,2025-08-19,,Monthly,29.0,Active
S008713,C07167,P01,2024-05-01,,Monthly,29.0,Active
S008714,C07168,P02,2025-04-02,,Monthly,79.0,Active
S008715,C07169,P04,2024-08-23,,Monthly,399.0,Active
S008716,C07169,P04,2025-08-25,,Monthly,399.0,Active
S008717,C07170,P03,2024-10-07,,Monthly,149.0,Active
S008718,C07170,P04,2025-06-18,,Annual,399.0,Active
S008719,C07171,P02,2025-02-10,,Annual,79.0,Active
S008720,C07172,P01,2024-12-02,2025-11-02,Monthly,29.0,Cancelled
S008721,C07173,P04,2025-01-27,,Annual,399.0,Active
S008722,C07174,P03,2024-07-28,,Monthly,149.0,Active
S008723,C07175,P04,2025-11-12,,Monthly,399.0,Active
S008724,C07176,P02,2024-10-26,,Monthly,79.0,Active
S008725,C07177,P03,2024-07-25,,Monthly,149.0,Active
S008726,C07177,P02,2025-11-23,,Monthly,79.0,Active
S008727,C07178,P04,2025-10-11,,Monthly,399.0,Active
S008728,C07179,P01,2025-01-28,,Monthly,29.0,Active
S008729,C07180,P01,2025-03-20,,Monthly,29.0,Active
S008730,C07181,P01,2025-11-05,,Annual,29.0,Active
S008731,C07182,P02,2025-03-12,,Monthly,79.0,Active
S008732,C07182,P01,2025-07-11,,Monthly,29.0,Active
S008733,C07183,P02,2025-04-29,,Monthly,79.0,Active
S008734,C07184,P02,2024-02-18,,Annual,79.0,Active
S008735,C07185,P01,2024-10-31,,Annual,29.0,Active
S008736,C07186,P03,2024-05-11,,Monthly,149.0,Active
S008737,C07186,P04,2025-10-30,,Monthly,399.0,Active
S008738,C07186,P03,2025-12-31,,Monthly,149.0,Active
S008739,C07187,P01,2025-06-25,,Monthly,29.0,Active
S008740,C07188,P02,2025-11-03,,Monthly,79.0,Active
S008741,C07189,P01,2024-06-05,,Monthly,29.0,Active
S008742,C07190,P04,2025-03-08,,Monthly,399.0,Active
S008743,C07190,P04,2025-08-08,,Annual,399.0,Active
S008744,C07191,P01,2024-06-28,,Monthly,29.0,Active
S008745,C07192,P01,2025-08-25,,Monthly,29.0,Active
S008746,C07193,P02,2024-07-02,,Monthly,79.0,Active
S008747,C07193,P01,2025-04-01,,Monthly,29.0,Active
S008748,C07194,P04,2024-12-11,,Annual,399.0,Active
S008749,C07195,P02,2024-05-28,,Monthly,79.0,Active
S008750,C07196,P01,2024-07-07,,Monthly,29.0,Active
S008751,C07196,P01,2025-01-25,,Monthly,29.0,Active
S008752,C07197,P01,2025-04-02,,Monthly,29.0,Active
S008753,C07198,P02,2024-10-27,,Monthly,79.0,Active
S008754,C07199,P01,2024-07-30,2025-01-26,Monthly,29.0,Cancelled
S008755,C07200,P02,2024-06-21,,Annual,79.0,Active
S008756,C07201,P03,2024-07-09,,Annual,149.0,Active
S008757,C07201,P02,2025-05-24,,Monthly,79.0,Active
S008758,C07202,P03,2025-06-19,,Monthly,149.0,Active
S008759,C07203,P02,2024-05-20,,Annual,79.0,Active
S008760,C07204,P04,2024-12-11,2025-03-24,Monthly,399.0,Cancelled
S008761,C07205,P03,2024-03-23,,Annual,149.0,Active
S008762,C07205,P04,2025-03-01,,Annual,399.0,Active
S008763,C07205,P04,2025-12-04,,Monthly,399.0,Active
S008764,C07206,P03,2025-08-06,,Monthly,149.0,Active
S008765,C07207,P01,2025-09-02,,Monthly,29.0,Active
S008766,C07208,P01,2025-10-16,,Monthly,29.0,Active
S008767,C07209,P01,2024-03-23,,Monthly,29.0,Active
S008768,C07210,P03,2024-09-18,,Monthly,149.0,Active
S008769,C07211,P03,2024-03-08,,Monthly,149.0,Active
S008770,C07211,P02,2024-10-06,,Monthly,79.0,Active
S008771,C07211,P01,2025-07-06,,Monthly,29.0,Active
S008772,C07212,P01,2024-10-27,,Monthly,29.0,Active
S008773,C07212,P02,2025-08-24,,Monthly,79.0,Active
S008774,C07213,P02,2025-08-28,,Monthly,79.0,Active
S008775,C07214,P02,2025-11-05,,Monthly,79.0,Active
S008776,C07215,P01,2024-01-22,,Monthly,29.0,Active
S008777,C07215,P02,2025-10-22,,Monthly,79.0,Active
S008778,C07216,P03,2024-04-15,,Annual,149.0,Active
S008779,C07217,P02,2024-11-30,,Monthly,79.0,Active
S008780,C07218,P02,2025-11-10,,Monthly,79.0,Active
S008781,C07219,P01,2024-10-23,,Monthly,29.0,Active
S008782,C07219,P02,2025-07-28,,Monthly,79.0,Active
S008783,C07219,P03,2025-12-02,,Monthly,149.0,Active
S008784,C07220,P03,2024-07-12,,Monthly,149.0,Active
S008785,C07221,P01,2024-07-19,,Annual,29.0,Active
S008786,C07222,P01,2024-11-21,2025-04-15,Annual,29.0,Cancelled
S008787,C07223,P01,2025-11-07,,Monthly,29.0,Active
S008788,C07224,P02,2024-07-10,2025-06-03,Annual,79.0,Cancelled
S008789,C07225,P01,2025-02-06,,Monthly,29.0,Active
S008790,C07226,P04,2025-11-06,,Monthly,399.0,Active
S008791,C07227,P01,2025-05-29,,Monthly,29.0,Active
S008792,C07228,P02,2025-01-28,,Monthly,79.0,Active
S008793,C07228,P01,2025-07-10,,Monthly,29.0,Active
S008794,C07229,P01,2025-02-16,,Monthly,29.0,Active
S008795,C07230,P03,2025-11-21,,Monthly,149.0,Active
S008796,C07231,P03,2024-07-29,,Monthly,149.0,Active
S008797,C07232,P01,2024-02-10,,Monthly,29.0,Active
S008798,C07233,P02,2025-11-18,,Monthly,79.0,Active
S008799,C07234,P02,2024-01-03,,Monthly,79.0,Active
S008800,C07235,P01,2024-08-06,,Monthly,29.0,Active
S008801,C07235,P01,2025-04-30,,Monthly,29.0,Active
S008802,C07235,P02,2025-10-21,,Monthly,79.0,Active
S008803,C07236,P02,2025-03-08,,Monthly,79.0,Active
S008804,C07237,P03,2024-05-29,,Monthly,149.0,Active
S008805,C07238,P01,2025-11-23,,Monthly,29.0,Active
S008806,C07239,P01,2025-09-24,,Monthly,29.0,Active
S008807,C07240,P03,2024-03-15,,Monthly,149.0,Active
S008808,C07240,P04,2024-08-01,,Monthly,399.0,Active
S008809,C07241,P03,2025-04-25,,Monthly,149.0,Active
S008810,C07242,P03,2024-05-30,2025-04-01,Monthly,149.0,Cancelled
S008811,C07243,P02,2025-11-28,,Monthly,79.0,Active
S008812,C07244,P03,2025-09-24,,Monthly,149.0,Active
S008813,C07245,P02,2025-08-21,,Monthly,79.0,Active
S008814,C07246,P01,2025-01-03,,Monthly,29.0,Active
S008815,C07247,P01,2024-02-21,,Monthly,29.0,Active
S008816,C07247,P02,2025-03-02,,Annual,79.0,Active
S008817,C07248,P02,2024-05-01,,Monthly,79.0,Active
S008818,C07249,P03,2024-08-04,,Annual,149.0,Active
S008819,C07250,P03,2025-09-04,,Monthly,149.0,Active
S008820,C07251,P02,2024-05-25,,Annual,79.0,Active
S008821,C07251,P01,2024-12-30,,Monthly,29.0,Active
S008822,C07251,P02,2025-08-06,,Monthly,79.0,Active
S008823,C07252,P01,2024-04-24,,Monthly,29.0,Active
S008824,C07253,P01,2024-12-16,2025-12-16,Monthly,29.0,Cancelled
S008825,C07254,P03,2025-06-15,,Monthly,149.0,Active
S008826,C07255,P03,2024-09-21,,Annual,149.0,Active
S008827,C07256,P02,2024-05-02,,Monthly,79.0,Active
S008828,C07257,P02,2025-11-16,,Monthly,79.0,Active
S008829,C07258,P02,2024-04-26,,Annual,79.0,Active
S008830,C07258,P01,2024-08-25,,Monthly,29.0,Active
S008831,C07259,P01,2024-07-30,2024-11-06,Monthly,29.0,Cancelled
S008832,C07259,P02,2024-11-06,2025-04-24,Monthly,79.0,Cancelled
S008833,C07259,P01,2025-04-24,2025-10-14,Monthly,29.0,Cancelled
S008834,C07260,P02,2025-11-16,,Monthly,79.0,Active
S008835,C07261,P01,2025-05-29,,Monthly,29.0,Active
S008836,C07262,P03,2025-07-30,,Monthly,149.0,Active
S008837,C07263,P03,2025-08-26,,Monthly,149.0,Active
S008838,C07264,P04,2024-05-10,,Monthly,399.0,Active
S008839,C07265,P01,2024-09-14,,Monthly,29.0,Active
S008840,C07266,P01,2025-09-29,,Annual,29.0,Active
S008841,C07267,P02,2025-09-10,,Monthly,79.0,Active
S008842,C07268,P02,2024-01-13,,Annual,79.0,Active
S008843,C07269,P02,2025-08-05,,Monthly,79.0,Active
S008844,C07270,P03,2025-05-04,,Monthly,149.0,Active
S008845,C07271,P01,2025-08-03,,Monthly,29.0,Active
S008846,C07272,P02,2025-10-12,2025-12-17,Monthly,79.0,Cancelled
S008847,C07273,P04,2025-02-03,2025-05-21,Monthly,399.0,Cancelled
S008848,C07274,P01,2024-06-18,,Monthly,29.0,Active
S008849,C07275,P03,2024-10-16,,Monthly,149.0,Active
S008850,C07276,P03,2024-12-11,,Monthly,149.0,Active
S008851,C07277,P04,2025-08-05,,Annual,399.0,Active
S008852,C07278,P03,2024-12-22,,Monthly,149.0,Active
S008853,C07279,P03,2025-02-04,,Monthly,149.0,Active
S008854,C07280,P04,2025-01-23,2025-12-02,Annual,399.0,Cancelled
S008855,C07281,P04,2025-01-30,,Annual,399.0,Active
S008856,C07282,P02,2024-11-04,2025-07-05,Monthly,79.0,Cancelled
S008857,C07283,P03,2025-03-11,,Monthly,149.0,Active
S008858,C07284,P03,2025-11-10,,Monthly,149.0,Active
S008859,C07285,P01,2024-02-14,,Monthly,29.0,Active
S008860,C07286,P02,2024-05-26,,Monthly,79.0,Active
S008861,C07287,P01,2024-03-03,,Monthly,29.0,Active
S008862,C07287,P02,2024-12-09,,Annual,79.0,Active
S008863,C07288,P02,2025-03-31,,Annual,79.0,Active
S008864,C07289,P03,2025-08-20,2025-11-06,Monthly,149.0,Cancelled
S008865,C07290,P02,2024-11-15,,Monthly,79.0,Active
S008866,C07291,P01,2024-07-18,,Annual,29.0,Active
S008867,C07292,P03,2024-04-11,,Annual,149.0,Active
S008868,C07292,P02,2024-10-10,,Monthly,79.0,Active
S008869,C07293,P04,2025-06-16,,Monthly,399.0,Active
S008870,C07294,P02,2024-01-08,,Monthly,79.0,Active
S008871,C07295,P01,2025-07-10,2025-09-12,Monthly,29.0,Cancelled
S008872,C07296,P02,2025-09-16,,Monthly,79.0,Active
S008873,C07297,P01,2024-02-23,,Monthly,29.0,Active
S008874,C07298,P02,2025-04-17,,Monthly,79.0,Active
S008875,C07299,P02,2025-06-05,,Annual,79.0,Active
S008876,C07299,P01,2025-10-26,,Monthly,29.0,Active
S008877,C07300,P03,2025-02-04,,Annual,149.0,Active
S008878,C07301,P01,2024-08-10,,Monthly,29.0,Active
S008879,C07302,P03,2025-08-26,,Monthly,149.0,Active
S008880,C07303,P02,2024-11-30,2025-08-03,Monthly,79.0,Cancelled
S008881,C07303,P03,2025-08-03,2025-11-04,Monthly,149.0,Cancelled
S008882,C07304,P04,2024-06-01,,Monthly,399.0,Active
S008883,C07305,P01,2025-09-15,,Monthly,29.0,Active
S008884,C07306,P02,2025-05-29,2025-11-10,Monthly,79.0,Cancelled
S008885,C07307,P02,2025-04-14,,Monthly,79.0,Active
S008886,C07307,P01,2025-08-21,,Monthly,29.0,Active
S008887,C07308,P01,2024-06-19,,Monthly,29.0,Active
S008888,C07309,P03,2024-11-06,,Monthly,149.0,Active
S008889,C07310,P02,2025-04-15,,Monthly,79.0,Active
S008890,C07311,P03,2024-05-13,,Monthly,149.0,Active
S008891,C07312,P01,2024-09-26,,Annual,29.0,Active
S008892,C07313,P02,2024-10-28,,Monthly,79.0,Active
S008893,C07314,P02,2025-03-16,,Annual,79.0,Active
S008894,C07315,P01,2025-01-24,,Monthly,29.0,Active
S008895,C07316,P01,2025-04-23,,Annual,29.0,Active
S008896,C07316,P02,2025-09-11,,Monthly,79.0,Active
S008897,C07317,P01,2025-05-13,,Monthly,29.0,Active
S008898,C07318,P02,2024-08-31,,Monthly,79.0,Active
S008899,C07319,P01,2025-10-07,,Annual,29.0,Active
S008900,C07320,P01,2024-11-05,,Monthly,29.0,Active
S008901,C07321,P01,2025-07-10,,Annual,29.0,Active
S008902,C07322,P03,2025-07-26,,Monthly,149.0,Active
S008903,C07323,P02,2025-05-12,,Monthly,79.0,Active
S008904,C07324,P01,2024-08-20,,Monthly,29.0,Active
S008905,C07324,P02,2025-01-06,,Annual,79.0,Active
S008906,C07324,P03,2025-10-01,,Monthly,149.0,Active
S008907,C07325,P02,2025-03-26,,Monthly,79.0,Active
S008908,C07326,P02,2025-06-09,,Annual,79.0,Active
S008909,C07327,P03,2024-02-05,,Monthly,149.0,Active
S008910,C07327,P04,2025-07-23,,Monthly,399.0,Active
S008911,C07328,P01,2025-08-20,,Monthly,29.0,Active
S008912,C07329,P02,2024-08-09,2024-10-30,Annual,79.0,Cancelled
S008913,C07330,P03,2024-12-27,,Annual,149.0,Active
S008914,C07331,P01,2025-01-26,,Monthly,29.0,Active
S008915,C07332,P02,2024-01-15,,Monthly,79.0,Active
S008916,C07333,P03,2024-10-19,2025-03-15,Monthly,149.0,Cancelled
S008917,C07334,P02,2024-12-15,,Annual,79.0,Active
S008918,C07335,P03,2025-10-02,2025-12-09,Monthly,149.0,Cancelled
S008919,C07336,P01,2025-08-29,,Monthly,29.0,Active
S008920,C07337,P02,2024-06-21,2025-08-18,Monthly,79.0,Cancelled
S008921,C07338,P02,2025-03-23,,Monthly,79.0,Active
S008922,C07339,P03,2025-02-15,,Monthly,149.0,Active
S008923,C07340,P03,2025-11-19,,Monthly,149.0,Active
S008924,C07341,P02,2025-09-03,,Monthly,79.0,Active
S008925,C07342,P04,2025-11-20,,Monthly,399.0,Active
S008926,C07343,P02,2025-02-25,,Monthly,79.0,Active
S008927,C07344,P01,2025-02-23,2025-08-07,Monthly,29.0,Cancelled
S008928,C07345,P02,2025-08-27,,Annual,79.0,Active
S008929,C07346,P01,2024-03-08,,Monthly,29.0,Active
S008930,C07347,P03,2025-08-22,,Monthly,149.0,Active
S008931,C07348,P01,2025-02-24,,Monthly,29.0,Active
S008932,C07349,P02,2025-01-13,2025-10-13,Monthly,79.0,Cancelled
S008933,C07350,P02,2024-08-24,,Monthly,79.0,Active
S008934,C07351,P01,2025-11-25,,Monthly,29.0,Active
S008935,C07352,P01,2025-05-18,,Monthly,29.0,Active
S008936,C07353,P01,2025-05-04,,Monthly,29.0,Active
S008937,C07354,P01,2024-10-27,,Monthly,29.0,Active
S008938,C07355,P01,2024-10-21,,Monthly,29.0,Active
S008939,C07356,P03,2024-10-12,,Monthly,149.0,Active
S008940,C07356,P04,2025-06-02,,Monthly,399.0,Active
S008941,C07357,P03,2024-04-25,,Monthly,149.0,Active
S008942,C07357,P02,2025-08-08,,Annual,79.0,Active
S008943,C07358,P03,2024-10-31,,Monthly,149.0,Active
S008944,C07358,P04,2025-09-14,,Monthly,399.0,Active
S008945,C07359,P01,2024-12-27,2025-06-01,Annual,29.0,Cancelled
S008946,C07360,P01,2025-05-04,,Monthly,29.0,Active
S008947,C07361,P03,2024-11-10,,Monthly,149.0,Active
S008948,C07362,P03,2025-03-11,,Monthly,149.0,Active
S008949,C07363,P03,2025-03-02,,Monthly,149.0,Active
S008950,C07363,P04,2025-11-08,,Monthly,399.0,Active
S008951,C07364,P01,2025-07-20,,Monthly,29.0,Active
S008952,C07365,P04,2024-02-18,,Monthly,399.0,Active
S008953,C07365,P04,2025-11-04,,Annual,399.0,Active
S008954,C07365,P04,2025-12-31,,Monthly,399.0,Active
S008955,C07366,P03,2025-06-28,,Monthly,149.0,Active
S008956,C07366,P04,2025-10-12,,Annual,399.0,Active
S008957,C07367,P03,2024-12-26,,Annual,149.0,Active
S008958,C07368,P02,2025-03-27,,Monthly,79.0,Active
S008959,C07368,P03,2025-09-11,,Monthly,149.0,Active
S008960,C07369,P02,2024-12-30,,Monthly,79.0,Active
S008961,C07369,P03,2025-09-30,,Monthly,149.0,Active
S008962,C07369,P04,2025-12-30,,Monthly,399.0,Active
S008963,C07370,P03,2025-09-27,2025-12-02,Monthly,149.0,Cancelled
S008964,C07371,P01,2025-07-05,,Monthly,29.0,Active
S008965,C07372,P03,2025-08-22,2025-10-31,Monthly,149.0,Cancelled
S008966,C07373,P02,2024-05-09,,Monthly,79.0,Active
S008967,C07374,P03,2025-08-13,,Monthly,149.0,Active
S008968,C07375,P03,2024-08-16,,Monthly,149.0,Active
S008969,C07376,P01,2025-10-29,,Monthly,29.0,Active
S008970,C07377,P01,2025-06-30,,Monthly,29.0,Active
S008971,C07378,P02,2025-06-10,,Monthly,79.0,Active
S008972,C07379,P03,2024-02-05,,Annual,149.0,Active
S008973,C07380,P01,2025-02-12,,Monthly,29.0,Active
S008974,C07381,P04,2025-01-02,,Annual,399.0,Active
S008975,C07382,P02,2025-02-17,,Monthly,79.0,Active
S008976,C07382,P03,2025-11-01,,Monthly,149.0,Active
S008977,C07383,P02,2025-03-26,,Annual,79.0,Active
S008978,C07383,P03,2025-06-29,,Annual,149.0,Active
S008979,C07384,P01,2024-01-16,,Monthly,29.0,Active
S008980,C07385,P01,2025-03-29,2025-11-02,Annual,29.0,Cancelled
S008981,C07386,P03,2025-05-28,,Monthly,149.0,Active
S008982,C07387,P01,2024-10-20,2025-06-11,Annual,29.0,Cancelled
S008983,C07387,P02,2025-06-11,2025-07-14,Monthly,79.0,Cancelled
S008984,C07388,P03,2025-07-08,,Monthly,149.0,Active
S008985,C07389,P01,2024-05-15,2025-02-14,Monthly,29.0,Cancelled
S008986,C07390,P02,2025-08-14,,Monthly,79.0,Active
S008987,C07391,P02,2024-01-01,,Monthly,79.0,Active
S008988,C07391,P03,2025-05-29,,Monthly,149.0,Active
S008989,C07391,P02,2025-12-16,,Monthly,79.0,Active
S008990,C07392,P02,2024-08-22,,Monthly,79.0,Active
S008991,C07393,P02,2024-12-19,2025-03-02,Monthly,79.0,Cancelled
S008992,C07394,P02,2025-11-09,,Annual,79.0,Active
S008993,C07395,P01,2025-06-06,,Monthly,29.0,Active
S008994,C07396,P01,2024-12-23,,Monthly,29.0,Active
S008995,C07397,P02,2025-11-04,,Annual,79.0,Active
S008996,C07398,P02,2025-11-19,,Monthly,79.0,Active
S008997,C07399,P02,2025-09-21,2025-12-21,Monthly,79.0,Cancelled
S008998,C07400,P02,2024-05-24,,Monthly,79.0,Active
S008999,C07401,P01,2024-11-17,,Monthly,29.0,Active
S009000,C07402,P03,2024-07-05,,Monthly,149.0,Active
S009001,C07403,P03,2024-05-29,,Monthly,149.0,Active
S009002,C07404,P01,2025-03-01,,Annual,29.0,Active
S009003,C07404,P02,2025-06-10,,Monthly,79.0,Active
S009004,C07405,P01,2024-01-06,,Monthly,29.0,Active
S009005,C07405,P02,2025-04-18,,Monthly,79.0,Active
S009006,C07405,P03,2025-11-02,,Annual,149.0,Active
S009007,C07406,P02,2024-11-19,,Annual,79.0,Active
S009008,C07406,P01,2025-04-20,,Monthly,29.0,Active
S009009,C07407,P03,2024-05-12,2025-01-03,Monthly,149.0,Cancelled
S009010,C07408,P03,2024-05-22,,Annual,149.0,Active
S009011,C07409,P02,2024-02-05,,Monthly,79.0,Active
S009012,C07410,P03,2024-11-02,2025-03-22,Annual,149.0,Cancelled
S009013,C07411,P01,2024-01-17,,Monthly,29.0,Active
S009014,C07412,P02,2024-09-15,,Monthly,79.0,Active
S009015,C07412,P03,2025-06-21,,Monthly,149.0,Active
S009016,C07413,P01,2025-01-31,,Monthly,29.0,Active
S009017,C07414,P02,2025-10-13,,Monthly,79.0,Active
S009018,C07415,P01,2025-04-02,,Annual,29.0,Active
S009019,C07416,P01,2025-10-06,,Annual,29.0,Active
S009020,C07417,P03,2025-08-14,,Monthly,149.0,Active
S009021,C07418,P03,2024-12-10,,Annual,149.0,Active
S009022,C07418,P04,2025-08-14,,Monthly,399.0,Active
S009023,C07418,P04,2025-12-20,,Annual,399.0,Active
S009024,C07419,P03,2025-08-03,,Monthly,149.0,Active
S009025,C07420,P02,2025-09-15,,Monthly,79.0,Active
S009026,C07421,P01,2024-05-20,,Monthly,29.0,Active
S009027,C07422,P01,2024-03-09,,Monthly,29.0,Active
S009028,C07423,P04,2024-06-28,,Annual,399.0,Active
S009029,C07423,P04,2025-02-21,,Annual,399.0,Active
S009030,C07424,P04,2024-05-22,,Monthly,399.0,Active
S009031,C07425,P03,2024-05-04,2024-08-30,Monthly,149.0,Cancelled
S009032,C07426,P03,2025-06-04,,Monthly,149.0,Active
S009033,C07427,P02,2025-08-11,2025-10-26,Monthly,79.0,Cancelled
S009034,C07428,P02,2024-08-28,,Monthly,79.0,Active
S009035,C07429,P01,2025-08-06,,Monthly,29.0,Active
S009036,C07430,P02,2024-06-17,,Annual,79.0,Active
S009037,C07431,P02,2025-03-18,2025-10-22,Monthly,79.0,Cancelled
S009038,C07432,P02,2024-09-27,,Monthly,79.0,Active
S009039,C07432,P03,2025-11-04,,Monthly,149.0,Active
S009040,C07433,P02,2025-03-17,,Monthly,79.0,Active
S009041,C07434,P02,2025-03-09,,Monthly,79.0,Active
S009042,C07435,P01,2024-05-11,,Monthly,29.0,Active
S009043,C07435,P01,2025-01-11,,Monthly,29.0,Active
S009044,C07436,P01,2024-01-06,,Monthly,29.0,Active
S009045,C07437,P01,2024-06-17,,Monthly,29.0,Active
S009046,C07438,P02,2025-08-19,,Annual,79.0,Active
S009047,C07439,P02,2024-03-06,,Monthly,79.0,Active
S009048,C07440,P02,2025-04-22,,Monthly,79.0,Active
S009049,C07440,P01,2025-10-10,,Monthly,29.0,Active
S009050,C07441,P02,2024-07-28,,Monthly,79.0,Active
S009051,C07442,P01,2025-04-14,,Monthly,29.0,Active
S009052,C07443,P03,2024-03-04,,Monthly,149.0,Active
S009053,C07444,P03,2025-04-17,,Monthly,149.0,Active
S009054,C07445,P01,2025-11-15,,Monthly,29.0,Active
S009055,C07446,P02,2024-01-30,,Monthly,79.0,Active
S009056,C07447,P01,2025-02-11,,Monthly,29.0,Active
S009057,C07448,P02,2024-10-15,,Monthly,79.0,Active
S009058,C07448,P01,2025-05-22,,Annual,29.0,Active
S009059,C07449,P04,2024-10-12,,Monthly,399.0,Active
S009060,C07450,P01,2024-06-11,2025-06-01,Monthly,29.0,Cancelled
S009061,C07451,P02,2025-08-10,,Annual,79.0,Active
S009062,C07452,P01,2024-08-28,,Monthly,29.0,Active
S009063,C07453,P03,2025-02-25,,Annual,149.0,Active
S009064,C07453,P04,2025-11-28,,Monthly,399.0,Active
S009065,C07454,P01,2025-03-13,,Monthly,29.0,Active
S009066,C07455,P01,2024-06-28,,Monthly,29.0,Active
S009067,C07455,P02,2025-07-30,,Annual,79.0,Active
S009068,C07456,P02,2024-04-10,,Monthly,79.0,Active
S009069,C07457,P01,2024-12-20,,Monthly,29.0,Active
S009070,C07458,P03,2025-06-02,,Monthly,149.0,Active
S009071,C07459,P03,2024-06-24,,Monthly,149.0,Active
S009072,C07459,P04,2024-11-08,,Monthly,399.0,Active
S009073,C07460,P01,2025-03-05,,Annual,29.0,Active
S009074,C07461,P03,2024-10-01,,Monthly,149.0,Active
S009075,C07461,P02,2025-02-04,,Monthly,79.0,Active
S009076,C07462,P01,2024-04-25,,Monthly,29.0,Active
S009077,C07462,P01,2025-10-22,,Monthly,29.0,Active
S009078,C07463,P01,2025-01-28,,Monthly,29.0,Active
S009079,C07464,P02,2025-02-15,,Monthly,79.0,Active
S009080,C07465,P01,2025-10-12,,Annual,29.0,Active
S009081,C07466,P04,2025-07-11,,Monthly,399.0,Active
S009082,C07467,P02,2025-09-03,,Annual,79.0,Active
S009083,C07468,P03,2024-05-18,2025-10-20,Monthly,149.0,Cancelled
S009084,C07469,P03,2025-02-09,,Monthly,149.0,Active
S009085,C07470,P01,2024-02-23,,Monthly,29.0,Active
S009086,C07470,P01,2025-04-05,,Monthly,29.0,Active
S009087,C07470,P01,2025-07-25,,Annual,29.0,Active
S009088,C07471,P03,2024-01-24,,Monthly,149.0,Active
S009089,C07471,P04,2024-07-03,,Monthly,399.0,Active
S009090,C07471,P03,2025-12-01,,Monthly,149.0,Active
S009091,C07472,P01,2025-09-19,,Monthly,29.0,Active
S009092,C07473,P03,2024-09-26,,Monthly,149.0,Active
S009093,C07474,P01,2024-05-28,2025-05-10,Monthly,29.0,Cancelled
S009094,C07475,P01,2025-10-27,,Monthly,29.0,Active
S009095,C07476,P02,2025-05-26,,Monthly,79.0,Active
S009096,C07477,P02,2024-10-22,2025-02-22,Monthly,79.0,Cancelled
S009097,C07478,P03,2025-08-10,,Monthly,149.0,Active
S009098,C07479,P01,2025-08-10,2025-12-18,Annual,29.0,Cancelled
S009099,C07480,P03,2025-05-21,,Monthly,149.0,Active
S009100,C07481,P02,2024-10-10,,Monthly,79.0,Active
S009101,C07482,P03,2025-06-26,,Monthly,149.0,Active
S009102,C07483,P03,2025-10-07,,Monthly,149.0,Active
S009103,C07484,P02,2025-01-25,,Annual,79.0,Active
S009104,C07484,P03,2025-05-09,,Monthly,149.0,Active
S009105,C07485,P01,2025-08-08,,Monthly,29.0,Active
S009106,C07486,P02,2025-07-17,,Monthly,79.0,Active
S009107,C07487,P02,2025-06-21,,Monthly,79.0,Active
S009108,C07488,P03,2024-05-09,,Monthly,149.0,Active
S009109,C07489,P01,2025-09-27,,Monthly,29.0,Active
S009110,C07490,P01,2025-07-21,,Monthly,29.0,Active
S009111,C07491,P02,2024-01-22,,Monthly,79.0,Active
S009112,C07491,P03,2025-09-06,,Monthly,149.0,Active
S009113,C07491,P02,2025-12-11,,Annual,79.0,Active
S009114,C07492,P01,2025-05-15,2025-09-23,Monthly,29.0,Cancelled
S009115,C07493,P01,2025-09-23,,Monthly,29.0,Active
S009116,C07494,P02,2025-08-26,,Monthly,79.0,Active
S009117,C07495,P03,2024-01-08,2025-03-14,Monthly,149.0,Cancelled
S009118,C07496,P02,2025-03-27,,Monthly,79.0,Active
S009119,C07497,P02,2025-01-06,,Annual,79.0,Active
S009120,C07498,P02,2025-01-29,,Annual,79.0,Active
S009121,C07499,P02,2025-09-14,,Annual,79.0,Active
S009122,C07500,P03,2024-06-18,,Annual,149.0,Active
S009123,C07501,P02,2025-06-03,,Monthly,79.0,Active
S009124,C07502,P02,2025-04-15,2025-08-17,Annual,79.0,Cancelled
S009125,C07503,P02,2024-11-26,,Monthly,79.0,Active
S009126,C07504,P01,2024-08-29,,Annual,29.0,Active
S009127,C07505,P01,2025-01-21,,Monthly,29.0,Active
S009128,C07506,P01,2025-03-31,,Monthly,29.0,Active
S009129,C07507,P03,2025-07-09,2025-12-02,Annual,149.0,Cancelled
S009130,C07508,P01,2024-01-26,,Annual,29.0,Active
S009131,C07508,P02,2025-03-26,,Monthly,79.0,Active
S009132,C07509,P01,2024-08-15,,Annual,29.0,Active
S009133,C07510,P01,2025-05-19,,Monthly,29.0,Active
S009134,C07511,P01,2025-03-02,,Monthly,29.0,Active
S009135,C07512,P03,2024-06-17,,Monthly,149.0,Active
S009136,C07513,P03,2025-10-22,,Monthly,149.0,Active
S009137,C07514,P02,2025-10-20,,Monthly,79.0,Active
S009138,C07515,P02,2025-03-04,,Annual,79.0,Active
S009139,C07516,P01,2024-02-04,,Monthly,29.0,Active
S009140,C07517,P02,2025-11-29,,Monthly,79.0,Active
S009141,C07518,P02,2024-06-10,,Monthly,79.0,Active
S009142,C07519,P02,2025-11-11,,Monthly,79.0,Active
S009143,C07520,P03,2025-03-18,,Monthly,149.0,Active
S009144,C07521,P03,2024-10-15,,Monthly,149.0,Active
S009145,C07522,P03,2024-12-27,,Monthly,149.0,Active
S009146,C07523,P03,2025-02-13,2025-06-29,Monthly,149.0,Cancelled
S009147,C07523,P04,2025-06-29,2025-11-08,Monthly,399.0,Cancelled
S009148,C07524,P01,2024-12-20,,Monthly,29.0,Active
S009149,C07524,P02,2025-12-10,,Monthly,79.0,Active
S009150,C07525,P02,2025-05-14,,Monthly,79.0,Active
S009151,C07526,P01,2025-03-05,,Monthly,29.0,Active
S009152,C07527,P03,2025-02-20,,Monthly,149.0,Active
S009153,C07528,P02,2025-02-16,2025-04-24,Monthly,79.0,Cancelled
S009154,C07529,P01,2025-11-02,,Monthly,29.0,Active
S009155,C07530,P02,2024-03-06,,Monthly,79.0,Active
S009156,C07531,P02,2024-09-15,,Monthly,79.0,Active
S009157,C07531,P03,2025-08-22,,Monthly,149.0,Active
S009158,C07532,P02,2024-01-07,,Monthly,79.0,Active
S009159,C07532,P03,2025-12-01,,Monthly,149.0,Active
S009160,C07533,P02,2024-07-29,,Monthly,79.0,Active
S009161,C07534,P01,2024-06-04,,Monthly,29.0,Active
S009162,C07535,P02,2025-01-28,,Monthly,79.0,Active
S009163,C07535,P03,2025-09-08,,Annual,149.0,Active
S009164,C07536,P03,2024-01-25,,Monthly,149.0,Active
S009165,C07537,P02,2025-08-13,,Annual,79.0,Active
S009166,C07538,P02,2025-10-20,,Monthly,79.0,Active
S009167,C07539,P02,2024-06-29,,Annual,79.0,Active
S009168,C07540,P01,2024-10-03,2025-03-19,Monthly,29.0,Cancelled
S009169,C07541,P04,2025-08-25,,Annual,399.0,Active
S009170,C07542,P01,2024-04-08,,Monthly,29.0,Active
S009171,C07542,P01,2025-09-08,,Annual,29.0,Active
S009172,C07543,P02,2024-12-08,,Annual,79.0,Active
S009173,C07544,P02,2024-09-11,2025-05-04,Monthly,79.0,Cancelled
S009174,C07545,P03,2024-09-25,2024-12-20,Monthly,149.0,Cancelled
S009175,C07546,P04,2024-11-18,,Monthly,399.0,Active
S009176,C07547,P01,2024-09-16,,Monthly,29.0,Active
S009177,C07548,P03,2025-04-25,,Monthly,149.0,Active
S009178,C07549,P01,2025-07-29,,Monthly,29.0,Active
S009179,C07550,P03,2025-08-15,,Monthly,149.0,Active
S009180,C07551,P01,2024-04-15,2025-04-17,Monthly,29.0,Cancelled
S009181,C07551,P01,2025-04-17,2025-05-23,Monthly,29.0,Cancelled
S009182,C07552,P01,2024-10-08,2025-05-17,Monthly,29.0,Cancelled
S009183,C07553,P02,2025-03-15,,Monthly,79.0,Active
S009184,C07554,P01,2024-07-12,,Monthly,29.0,Active
S009185,C07555,P02,2024-03-04,,Monthly,79.0,Active
S009186,C07556,P03,2025-01-29,,Monthly,149.0,Active
S009187,C07557,P02,2025-06-07,,Monthly,79.0,Active
S009188,C07558,P02,2024-06-19,,Monthly,79.0,Active
S009189,C07559,P02,2024-01-20,,Monthly,79.0,Active
S009190,C07560,P03,2024-02-24,,Monthly,149.0,Active
S009191,C07561,P02,2025-05-19,,Annual,79.0,Active
S009192,C07562,P01,2025-08-07,,Annual,29.0,Active
S009193,C07563,P01,2024-07-22,2025-05-25,Monthly,29.0,Cancelled
S009194,C07564,P04,2024-06-16,,Monthly,399.0,Active
S009195,C07565,P04,2025-01-29,,Annual,399.0,Active
S009196,C07566,P02,2024-04-15,,Annual,79.0,Active
S009197,C07566,P03,2025-05-25,,Monthly,149.0,Active
S009198,C07567,P02,2025-02-02,,Annual,79.0,Active
S009199,C07568,P01,2024-04-06,,Monthly,29.0,Active
S009200,C07569,P01,2024-06-03,,Annual,29.0,Active
S009201,C07570,P01,2025-12-01,,Monthly,29.0,Active
S009202,C07571,P02,2024-02-07,,Annual,79.0,Active
S009203,C07572,P02,2024-02-23,,Monthly,79.0,Active
S009204,C07573,P04,2024-08-13,,Annual,399.0,Active
S009205,C07574,P04,2024-10-25,,Annual,399.0,Active
S009206,C07575,P02,2025-01-17,,Monthly,79.0,Active
S009207,C07576,P01,2025-04-16,,Monthly,29.0,Active
S009208,C07576,P01,2025-11-14,,Monthly,29.0,Active
S009209,C07577,P01,2024-01-16,2025-04-30,Monthly,29.0,Cancelled
S009210,C07578,P02,2025-06-12,,Monthly,79.0,Active
S009211,C07579,P03,2025-10-14,2025-12-13,Monthly,149.0,Cancelled
S009212,C07580,P01,2024-07-10,2024-12-17,Monthly,29.0,Cancelled
S009213,C07581,P02,2025-06-05,,Monthly,79.0,Active
S009214,C07582,P02,2024-03-27,,Monthly,79.0,Active
S009215,C07583,P01,2025-11-28,,Annual,29.0,Active
S009216,C07584,P02,2024-11-22,,Monthly,79.0,Active
S009217,C07584,P01,2025-10-22,,Annual,29.0,Active
S009218,C07585,P02,2024-12-18,,Annual,79.0,Active
S009219,C07585,P01,2025-05-03,,Monthly,29.0,Active
S009220,C07586,P01,2024-11-25,,Monthly,29.0,Active
S009221,C07587,P04,2025-04-11,,Monthly,399.0,Active
S009222,C07588,P01,2025-10-15,,Annual,29.0,Active
S009223,C07589,P02,2024-07-05,2024-10-24,Monthly,79.0,Cancelled
S009224,C07589,P03,2024-10-24,2025-04-11,Annual,149.0,Cancelled
S009225,C07590,P01,2024-08-26,,Monthly,29.0,Active
S009226,C07591,P01,2024-06-11,,Monthly,29.0,Active
S009227,C07592,P04,2025-04-08,,Monthly,399.0,Active
S009228,C07593,P02,2025-10-20,,Annual,79.0,Active
S009229,C07594,P02,2024-01-08,,Monthly,79.0,Active
S009230,C07595,P01,2024-10-27,,Annual,29.0,Active
S009231,C07595,P01,2025-07-05,,Monthly,29.0,Active
S009232,C07596,P01,2024-01-02,2024-06-07,Monthly,29.0,Cancelled
S009233,C07597,P02,2025-01-12,,Monthly,79.0,Active
S009234,C07597,P01,2025-05-31,,Monthly,29.0,Active
S009235,C07598,P01,2025-11-09,,Monthly,29.0,Active
S009236,C07599,P01,2024-02-05,,Monthly,29.0,Active
S009237,C07600,P01,2024-06-19,2025-01-08,Monthly,29.0,Cancelled
S009238,C07601,P03,2024-12-11,,Annual,149.0,Active
S009239,C07602,P03,2024-09-25,,Annual,149.0,Active
S009240,C07603,P02,2024-12-06,2025-05-10,Annual,79.0,Cancelled
S009241,C07604,P03,2025-07-03,,Annual,149.0,Active
S009242,C07605,P01,2024-11-22,,Monthly,29.0,Active
S009243,C07606,P02,2024-02-03,,Monthly,79.0,Active
S009244,C07607,P02,2024-07-14,,Monthly,79.0,Active
S009245,C07608,P02,2025-11-12,,Monthly,79.0,Active
S009246,C07609,P02,2025-05-14,2025-11-17,Monthly,79.0,Cancelled
S009247,C07610,P04,2025-05-06,,Monthly,399.0,Active
S009248,C07611,P02,2024-05-05,,Annual,79.0,Active
S009249,C07612,P02,2025-08-17,2025-12-03,Annual,79.0,Cancelled
S009250,C07613,P03,2025-04-24,,Monthly,149.0,Active
S009251,C07614,P02,2024-09-26,,Monthly,79.0,Active
S009252,C07615,P03,2025-10-31,,Annual,149.0,Active
S009253,C07616,P02,2025-04-02,,Annual,79.0,Active
S009254,C07617,P01,2025-02-12,,Monthly,29.0,Active
S009255,C07618,P01,2025-10-21,,Monthly,29.0,Active
S009256,C07619,P02,2025-10-21,,Monthly,79.0,Active
S009257,C07620,P04,2024-12-15,,Annual,399.0,Active
S009258,C07621,P03,2024-11-29,,Annual,149.0,Active
S009259,C07622,P01,2025-11-19,,Annual,29.0,Active
S009260,C07623,P02,2024-05-26,,Annual,79.0,Active
S009261,C07624,P02,2024-05-18,,Monthly,79.0,Active
S009262,C07625,P03,2024-08-01,,Annual,149.0,Active
S009263,C07625,P04,2025-01-18,,Monthly,399.0,Active
S009264,C07626,P02,2025-09-11,,Annual,79.0,Active
S009265,C07627,P02,2025-07-07,,Monthly,79.0,Active
S009266,C07628,P02,2025-01-28,,Monthly,79.0,Active
S009267,C07629,P01,2024-01-04,,Monthly,29.0,Active
S009268,C07629,P02,2025-06-25,,Monthly,79.0,Active
S009269,C07630,P03,2024-03-10,,Monthly,149.0,Active
S009270,C07631,P04,2024-03-12,,Monthly,399.0,Active
S009271,C07631,P04,2025-02-17,,Monthly,399.0,Active
S009272,C07631,P04,2025-10-19,,Monthly,399.0,Active
S009273,C07632,P02,2025-04-26,,Monthly,79.0,Active
S009274,C07632,P01,2025-10-27,,Monthly,29.0,Active
S009275,C07633,P01,2024-02-19,,Monthly,29.0,Active
S009276,C07634,P02,2025-04-12,,Monthly,79.0,Active
S009277,C07634,P03,2025-08-05,,Monthly,149.0,Active
S009278,C07635,P01,2025-03-14,,Monthly,29.0,Active
S009279,C07636,P02,2025-06-29,,Monthly,79.0,Active
S009280,C07637,P02,2024-11-03,,Monthly,79.0,Active
S009281,C07638,P01,2024-12-01,,Annual,29.0,Active
S009282,C07639,P01,2025-01-27,,Monthly,29.0,Active
S009283,C07640,P04,2025-02-10,,Monthly,399.0,Active
S009284,C07641,P04,2025-01-14,,Annual,399.0,Active
S009285,C07641,P04,2025-12-05,,Monthly,399.0,Active
S009286,C07642,P03,2024-05-14,,Monthly,149.0,Active
S009287,C07643,P01,2025-04-27,,Monthly,29.0,Active
S009288,C07643,P01,2025-12-28,,Monthly,29.0,Active
S009289,C07644,P03,2024-05-10,,Annual,149.0,Active
S009290,C07645,P03,2024-02-01,,Annual,149.0,Active
S009291,C07645,P02,2024-05-03,,Annual,79.0,Active
S009292,C07646,P03,2025-05-29,,Monthly,149.0,Active
S009293,C07647,P01,2024-06-28,2025-04-27,Monthly,29.0,Cancelled
S009294,C07648,P03,2025-03-09,,Monthly,149.0,Active
S009295,C07649,P02,2025-03-14,2025-07-18,Monthly,79.0,Cancelled
S009296,C07650,P01,2025-08-09,,Monthly,29.0,Active
S009297,C07651,P01,2024-06-01,,Monthly,29.0,Active
S009298,C07652,P03,2024-09-06,,Monthly,149.0,Active
S009299,C07652,P02,2025-10-14,,Monthly,79.0,Active
S009300,C07652,P03,2025-12-31,,Monthly,149.0,Active
S009301,C07653,P02,2024-05-07,,Annual,79.0,Active
S009302,C07653,P03,2025-05-20,,Monthly,149.0,Active
S009303,C07654,P02,2025-04-28,,Monthly,79.0,Active
S009304,C07655,P02,2024-06-01,,Monthly,79.0,Active
S009305,C07656,P02,2024-05-02,,Annual,79.0,Active
S009306,C07657,P01,2025-06-20,,Monthly,29.0,Active
S009307,C07658,P01,2025-11-19,,Monthly,29.0,Active
S009308,C07659,P02,2024-12-04,,Monthly,79.0,Active
S009309,C07660,P01,2024-12-08,,Monthly,29.0,Active
S009310,C07661,P04,2024-03-30,2024-08-08,Monthly,399.0,Cancelled
S009311,C07661,P04,2024-08-08,2024-12-04,Monthly,399.0,Cancelled
S009312,C07662,P01,2024-12-17,2025-11-28,Annual,29.0,Cancelled
S009313,C07663,P02,2024-09-13,,Annual,79.0,Active
S009314,C07663,P01,2025-12-07,,Monthly,29.0,Active
S009315,C07664,P02,2024-01-18,,Monthly,79.0,Active
S009316,C07665,P02,2025-08-28,,Annual,79.0,Active
S009317,C07666,P03,2024-11-20,,Annual,149.0,Active
S009318,C07666,P02,2025-11-17,,Annual,79.0,Active
S009319,C07667,P02,2025-04-20,,Monthly,79.0,Active
S009320,C07668,P03,2024-01-03,,Monthly,149.0,Active
S009321,C07669,P04,2025-04-23,,Monthly,399.0,Active
S009322,C07670,P01,2024-05-14,2024-09-07,Monthly,29.0,Cancelled
S009323,C07670,P01,2024-09-07,2025-02-03,Monthly,29.0,Cancelled
S009324,C07670,P02,2025-02-03,2025-05-19,Annual,79.0,Cancelled
S009325,C07671,P01,2024-08-05,,Annual,29.0,Active
S009326,C07671,P01,2025-08-21,,Monthly,29.0,Active
S009327,C07672,P02,2024-04-26,,Monthly,79.0,Active
S009328,C07673,P02,2024-10-16,,Monthly,79.0,Active
S009329,C07674,P01,2024-06-24,,Monthly,29.0,Active
S009330,C07675,P02,2025-08-24,2025-12-28,Monthly,79.0,Cancelled
S009331,C07676,P02,2025-05-28,,Monthly,79.0,Active
S009332,C07676,P01,2025-10-18,,Annual,29.0,Active
S009333,C07677,P02,2024-10-24,,Monthly,79.0,Active
S009334,C07678,P01,2025-06-23,,Monthly,29.0,Active
S009335,C07679,P03,2025-11-28,,Monthly,149.0,Active
S009336,C07680,P01,2024-05-16,,Monthly,29.0,Active
S009337,C07681,P02,2024-09-23,,Monthly,79.0,Active
S009338,C07682,P02,2024-11-20,,Annual,79.0,Active
S009339,C07683,P03,2024-11-02,,Monthly,149.0,Active
S009340,C07683,P04,2025-06-18,,Monthly,399.0,Active
S009341,C07683,P04,2025-12-22,,Annual,399.0,Active
S009342,C07684,P04,2024-05-24,,Annual,399.0,Active
S009343,C07684,P03,2025-10-05,,Monthly,149.0,Active
S009344,C07684,P04,2025-12-31,,Monthly,399.0,Active
S009345,C07685,P03,2024-07-03,,Monthly,149.0,Active
S009346,C07686,P03,2025-07-21,,Monthly,149.0,Active
S009347,C07687,P03,2024-09-27,,Monthly,149.0,Active
S009348,C07687,P04,2025-03-12,,Annual,399.0,Active
S009349,C07687,P04,2025-10-06,,Monthly,399.0,Active
S009350,C07688,P04,2024-12-23,,Monthly,399.0,Active
S009351,C07688,P04,2025-03-24,,Monthly,399.0,Active
S009352,C07689,P01,2025-10-31,,Monthly,29.0,Active
S009353,C07690,P01,2025-09-23,,Monthly,29.0,Active
S009354,C07691,P01,2025-06-19,2025-11-19,Monthly,29.0,Cancelled
S009355,C07692,P02,2025-05-17,,Annual,79.0,Active
S009356,C07693,P03,2025-07-06,,Monthly,149.0,Active
S009357,C07694,P01,2025-08-10,,Annual,29.0,Active
S009358,C07695,P01,2025-05-26,,Monthly,29.0,Active
S009359,C07696,P02,2025-09-06,2025-11-10,Monthly,79.0,Cancelled
S009360,C07697,P03,2024-10-05,2025-05-27,Monthly,149.0,Cancelled
S009361,C07697,P04,2025-05-27,2025-09-07,Monthly,399.0,Cancelled
S009362,C07698,P01,2025-05-25,,Monthly,29.0,Active
S009363,C07699,P03,2024-02-05,,Monthly,149.0,Active
S009364,C07700,P01,2024-06-06,,Monthly,29.0,Active
S009365,C07701,P03,2024-06-26,,Monthly,149.0,Active
S009366,C07701,P04,2024-09-24,,Annual,399.0,Active
S009367,C07702,P02,2025-08-17,,Monthly,79.0,Active
S009368,C07703,P03,2024-10-18,,Monthly,149.0,Active
S009369,C07703,P04,2025-11-19,,Monthly,399.0,Active
S009370,C07704,P03,2024-06-29,,Monthly,149.0,Active
S009371,C07705,P02,2025-07-15,,Annual,79.0,Active
S009372,C07706,P01,2025-04-06,,Annual,29.0,Active
S009373,C07707,P01,2025-04-23,,Monthly,29.0,Active
S009374,C07708,P01,2025-06-16,,Monthly,29.0,Active
S009375,C07709,P03,2024-12-24,2025-03-09,Monthly,149.0,Cancelled
S009376,C07710,P01,2024-11-10,,Monthly,29.0,Active
S009377,C07711,P02,2025-07-22,,Monthly,79.0,Active
S009378,C07712,P02,2024-06-09,,Monthly,79.0,Active
S009379,C07713,P03,2025-01-20,,Monthly,149.0,Active
S009380,C07714,P02,2025-04-21,,Monthly,79.0,Active
S009381,C07715,P02,2025-07-03,,Annual,79.0,Active
S009382,C07716,P01,2024-03-01,,Monthly,29.0,Active
S009383,C07717,P02,2024-12-21,,Monthly,79.0,Active
S009384,C07718,P01,2025-09-13,,Annual,29.0,Active
S009385,C07719,P01,2025-05-29,,Monthly,29.0,Active
S009386,C07720,P01,2025-10-07,,Monthly,29.0,Active
S009387,C07721,P03,2024-08-10,,Monthly,149.0,Active
S009388,C07722,P04,2024-04-19,2024-08-08,Annual,399.0,Cancelled
S009389,C07723,P03,2025-10-17,,Annual,149.0,Active
S009390,C07724,P02,2024-02-12,,Monthly,79.0,Active
S009391,C07725,P02,2025-08-02,,Monthly,79.0,Active
S009392,C07726,P02,2025-09-01,2025-11-23,Monthly,79.0,Cancelled
S009393,C07727,P01,2025-05-22,,Monthly,29.0,Active
S009394,C07728,P03,2024-04-07,,Monthly,149.0,Active
S009395,C07729,P01,2025-11-24,,Monthly,29.0,Active
S009396,C07730,P02,2024-07-28,,Monthly,79.0,Active
S009397,C07731,P04,2025-03-16,,Monthly,399.0,Active
S009398,C07732,P04,2025-02-06,,Monthly,399.0,Active
S009399,C07733,P02,2024-10-21,,Annual,79.0,Active
S009400,C07734,P02,2024-09-06,,Annual,79.0,Active
S009401,C07735,P01,2024-02-18,2024-05-14,Annual,29.0,Cancelled
S009402,C07736,P02,2025-07-09,,Monthly,79.0,Active
S009403,C07737,P01,2024-03-27,,Monthly,29.0,Active
S009404,C07738,P02,2024-04-19,,Monthly,79.0,Active
S009405,C07739,P02,2024-10-11,,Monthly,79.0,Active
S009406,C07740,P01,2024-12-13,2025-05-20,Monthly,29.0,Cancelled
S009407,C07741,P01,2024-06-08,,Monthly,29.0,Active
S009408,C07742,P02,2024-09-22,,Annual,79.0,Active
S009409,C07742,P03,2025-08-06,,Monthly,149.0,Active
S009410,C07743,P03,2024-01-13,2025-05-16,Monthly,149.0,Cancelled
S009411,C07743,P04,2025-05-16,2025-07-26,Monthly,399.0,Cancelled
S009412,C07744,P03,2024-01-04,,Annual,149.0,Active
S009413,C07745,P04,2024-09-23,,Monthly,399.0,Active
S009414,C07745,P04,2025-01-31,,Monthly,399.0,Active
S009415,C07746,P03,2024-01-13,,Annual,149.0,Active
S009416,C07747,P02,2024-03-22,,Monthly,79.0,Active
S009417,C07748,P01,2025-09-14,,Monthly,29.0,Active
S009418,C07749,P01,2025-09-06,,Monthly,29.0,Active
S009419,C07750,P03,2025-10-24,,Monthly,149.0,Active
S009420,C07751,P01,2024-12-12,,Monthly,29.0,Active
S009421,C07752,P02,2025-04-18,,Monthly,79.0,Active
S009422,C07753,P02,2025-01-18,,Monthly,79.0,Active
S009423,C07754,P04,2024-08-04,,Monthly,399.0,Active
S009424,C07755,P03,2024-03-29,,Monthly,149.0,Active
S009425,C07756,P03,2024-10-05,,Monthly,149.0,Active
S009426,C07757,P02,2025-02-21,,Monthly,79.0,Active
S009427,C07758,P01,2025-09-14,,Monthly,29.0,Active
S009428,C07759,P03,2025-07-01,2025-11-20,Monthly,149.0,Cancelled
S009429,C07760,P01,2025-01-22,2025-09-28,Monthly,29.0,Cancelled
S009430,C07761,P04,2024-12-25,,Monthly,399.0,Active
S009431,C07761,P03,2025-07-08,,Monthly,149.0,Active
S009432,C07762,P01,2025-05-23,,Monthly,29.0,Active
S009433,C07762,P02,2025-10-23,,Monthly,79.0,Active
S009434,C07763,P01,2024-03-10,,Monthly,29.0,Active
S009435,C07764,P03,2024-02-08,,Monthly,149.0,Active
S009436,C07765,P03,2025-07-29,,Annual,149.0,Active
S009437,C07766,P01,2024-01-09,,Monthly,29.0,Active
S009438,C07767,P01,2025-04-06,,Monthly,29.0,Active
S009439,C07768,P02,2024-09-30,2025-10-03,Monthly,79.0,Cancelled
S009440,C07769,P03,2024-12-07,,Annual,149.0,Active
S009441,C07770,P02,2024-11-03,2025-01-18,Annual,79.0,Cancelled
S009442,C07771,P02,2025-09-17,,Monthly,79.0,Active
S009443,C07772,P01,2024-03-11,,Annual,29.0,Active
S009444,C07772,P01,2024-07-04,,Monthly,29.0,Active
S009445,C07773,P01,2025-01-04,2025-08-19,Monthly,29.0,Cancelled
S009446,C07774,P01,2025-11-22,,Monthly,29.0,Active
S009447,C07775,P02,2024-10-09,,Monthly,79.0,Active
S009448,C07776,P01,2024-03-16,,Monthly,29.0,Active
S009449,C07777,P03,2025-02-15,,Monthly,149.0,Active
S009450,C07777,P04,2025-11-18,,Annual,399.0,Active
S009451,C07778,P03,2024-06-12,,Monthly,149.0,Active
S009452,C07778,P02,2025-06-04,,Annual,79.0,Active
S009453,C07779,P01,2025-01-12,,Annual,29.0,Active
S009454,C07780,P04,2025-11-11,,Monthly,399.0,Active
S009455,C07781,P01,2024-11-19,,Monthly,29.0,Active
S009456,C07782,P03,2024-07-06,,Monthly,149.0,Active
S009457,C07783,P03,2024-09-29,,Monthly,149.0,Active
S009458,C07784,P03,2025-05-19,,Annual,149.0,Active
S009459,C07785,P02,2024-09-29,,Monthly,79.0,Active
S009460,C07786,P01,2024-02-13,,Monthly,29.0,Active
S009461,C07787,P03,2024-12-14,,Monthly,149.0,Active
S009462,C07787,P04,2025-04-26,,Monthly,399.0,Active
S009463,C07788,P01,2025-07-11,,Monthly,29.0,Active
S009464,C07789,P04,2024-08-28,,Monthly,399.0,Active
S009465,C07789,P03,2025-09-28,,Monthly,149.0,Active
S009466,C07790,P01,2025-09-15,,Monthly,29.0,Active
S009467,C07791,P02,2025-05-31,,Annual,79.0,Active
S009468,C07792,P02,2024-06-21,,Annual,79.0,Active
S009469,C07792,P01,2024-12-20,,Monthly,29.0,Active
S009470,C07792,P02,2025-05-25,,Monthly,79.0,Active
S009471,C07793,P02,2024-04-13,,Annual,79.0,Active
S009472,C07794,P01,2024-12-03,,Monthly,29.0,Active
S009473,C07795,P03,2025-07-11,,Monthly,149.0,Active
S009474,C07796,P02,2024-05-07,,Monthly,79.0,Active
S009475,C07797,P02,2025-08-03,,Monthly,79.0,Active
S009476,C07798,P03,2024-06-28,,Monthly,149.0,Active
S009477,C07799,P01,2024-08-30,,Monthly,29.0,Active
S009478,C07800,P01,2025-03-03,,Annual,29.0,Active
S009479,C07801,P02,2025-09-30,,Monthly,79.0,Active
S009480,C07802,P02,2025-03-03,,Monthly,79.0,Active
S009481,C07803,P01,2024-10-27,,Monthly,29.0,Active
S009482,C07803,P01,2025-03-15,,Monthly,29.0,Active
S009483,C07804,P03,2024-09-23,,Monthly,149.0,Active
S009484,C07805,P01,2024-01-11,,Monthly,29.0,Active
S009485,C07805,P02,2025-10-08,,Monthly,79.0,Active
S009486,C07806,P02,2024-08-21,,Monthly,79.0,Active
S009487,C07806,P01,2024-12-16,,Monthly,29.0,Active
S009488,C07807,P02,2024-06-10,,Monthly,79.0,Active
S009489,C07808,P02,2024-06-20,,Annual,79.0,Active
S009490,C07809,P01,2024-10-06,,Monthly,29.0,Active
S009491,C07809,P02,2025-12-17,,Annual,79.0,Active
S009492,C07810,P04,2024-09-23,,Monthly,399.0,Active
S009493,C07811,P01,2025-02-15,,Annual,29.0,Active
S009494,C07812,P02,2024-05-18,,Monthly,79.0,Active
S009495,C07813,P01,2025-02-19,,Monthly,29.0,Active
S009496,C07814,P02,2024-05-03,,Monthly,79.0,Active
S009497,C07814,P01,2025-02-18,,Monthly,29.0,Active
S009498,C07814,P02,2025-08-27,,Monthly,79.0,Active
S009499,C07815,P01,2024-03-15,2024-06-28,Monthly,29.0,Cancelled
S009500,C07816,P02,2024-02-13,,Monthly,79.0,Active
S009501,C07816,P03,2025-10-12,,Monthly,149.0,Active
S009502,C07817,P01,2025-10-16,,Monthly,29.0,Active
S009503,C07818,P01,2025-05-19,,Monthly,29.0,Active
S009504,C07818,P01,2025-12-08,,Monthly,29.0,Active
S009505,C07819,P01,2024-08-10,,Annual,29.0,Active
S009506,C07820,P01,2025-10-15,2025-12-24,Monthly,29.0,Cancelled
S009507,C07821,P03,2024-04-24,2025-09-03,Monthly,149.0,Cancelled
S009508,C07822,P03,2024-05-14,,Monthly,149.0,Active
S009509,C07822,P04,2024-10-05,,Annual,399.0,Active
S009510,C07822,P03,2025-11-15,,Annual,149.0,Active
S009511,C07823,P01,2024-07-23,,Annual,29.0,Active
S009512,C07824,P01,2025-09-12,2025-12-14,Monthly,29.0,Cancelled
S009513,C07825,P02,2025-08-31,,Monthly,79.0,Active
S009514,C07826,P01,2024-08-28,,Annual,29.0,Active
S009515,C07826,P01,2025-05-03,,Monthly,29.0,Active
S009516,C07827,P01,2024-10-03,2025-04-30,Monthly,29.0,Cancelled
S009517,C07827,P02,2025-04-30,2025-10-02,Monthly,79.0,Cancelled
S009518,C07828,P03,2025-03-25,,Monthly,149.0,Active
S009519,C07829,P01,2024-03-17,,Annual,29.0,Active
S009520,C07830,P02,2025-09-09,,Monthly,79.0,Active
S009521,C07831,P03,2025-03-04,,Monthly,149.0,Active
S009522,C07832,P03,2024-06-11,,Monthly,149.0,Active
S009523,C07833,P02,2024-12-27,2025-04-22,Monthly,79.0,Cancelled
S009524,C07834,P01,2024-01-16,,Monthly,29.0,Active
S009525,C07834,P02,2024-12-09,,Annual,79.0,Active
S009526,C07835,P04,2025-07-07,,Monthly,399.0,Active
S009527,C07836,P01,2025-05-14,,Monthly,29.0,Active
S009528,C07837,P03,2024-07-22,,Monthly,149.0,Active
S009529,C07838,P01,2025-06-25,2025-11-20,Monthly,29.0,Cancelled
S009530,C07839,P03,2025-11-05,,Monthly,149.0,Active
S009531,C07840,P01,2025-03-14,,Annual,29.0,Active
S009532,C07841,P02,2025-02-05,,Monthly,79.0,Active
S009533,C07841,P03,2025-10-28,,Monthly,149.0,Active
S009534,C07842,P01,2024-02-21,,Monthly,29.0,Active
S009535,C07842,P02,2025-07-03,,Annual,79.0,Active
S009536,C07843,P03,2025-10-20,,Monthly,149.0,Active
S009537,C07844,P02,2024-11-01,,Monthly,79.0,Active
S009538,C07845,P03,2025-04-28,,Monthly,149.0,Active
S009539,C07846,P04,2025-01-07,,Monthly,399.0,Active
S009540,C07847,P03,2025-02-20,,Monthly,149.0,Active
S009541,C07848,P03,2025-04-04,,Monthly,149.0,Active
S009542,C07848,P02,2025-12-25,,Monthly,79.0,Active
S009543,C07849,P01,2025-05-05,,Monthly,29.0,Active
S009544,C07850,P01,2024-09-28,2025-10-10,Monthly,29.0,Cancelled
S009545,C07851,P02,2024-09-03,,Monthly,79.0,Active
S009546,C07852,P02,2025-09-09,,Monthly,79.0,Active
S009547,C07853,P03,2024-04-14,,Monthly,149.0,Active
S009548,C07853,P04,2024-09-18,,Monthly,399.0,Active
S009549,C07853,P04,2025-07-01,,Monthly,399.0,Active
S009550,C07854,P02,2025-05-08,,Monthly,79.0,Active
S009551,C07855,P02,2024-11-12,,Monthly,79.0,Active
S009552,C07855,P01,2025-11-12,,Monthly,29.0,Active
S009553,C07856,P02,2024-07-03,,Monthly,79.0,Active
S009554,C07856,P03,2024-11-05,,Monthly,149.0,Active
S009555,C07856,P02,2025-05-07,,Monthly,79.0,Active
S009556,C07857,P02,2024-09-11,,Monthly,79.0,Active
S009557,C07858,P03,2024-10-11,,Monthly,149.0,Active
S009558,C07859,P01,2024-03-11,,Monthly,29.0,Active
S009559,C07860,P01,2025-05-12,2025-08-13,Annual,29.0,Cancelled
S009560,C07861,P01,2025-02-25,,Monthly,29.0,Active
S009561,C07862,P03,2025-11-24,,Monthly,149.0,Active
S009562,C07863,P02,2024-12-31,,Monthly,79.0,Active
S009563,C07863,P03,2025-08-01,,Annual,149.0,Active
S009564,C07864,P01,2025-11-05,,Monthly,29.0,Active
S009565,C07865,P01,2025-08-12,,Monthly,29.0,Active
S009566,C07866,P02,2025-04-07,2025-07-13,Annual,79.0,Cancelled
S009567,C07867,P02,2024-09-16,,Annual,79.0,Active
S009568,C07868,P01,2024-09-26,,Monthly,29.0,Active
S009569,C07869,P02,2025-02-17,2025-09-04,Annual,79.0,Cancelled
S009570,C07870,P03,2024-08-23,,Monthly,149.0,Active
S009571,C07871,P02,2025-01-04,,Monthly,79.0,Active
S009572,C07872,P02,2024-09-02,2025-09-09,Monthly,79.0,Cancelled
S009573,C07873,P03,2024-09-08,,Monthly,149.0,Active
S009574,C07874,P03,2024-06-27,,Monthly,149.0,Active
S009575,C07875,P02,2024-01-13,,Monthly,79.0,Active
S009576,C07876,P01,2024-04-30,,Annual,29.0,Active
S009577,C07877,P02,2025-02-15,,Annual,79.0,Active
S009578,C07877,P01,2025-06-23,,Monthly,29.0,Active
S009579,C07878,P04,2024-05-26,,Annual,399.0,Active
S009580,C07879,P01,2024-03-27,,Annual,29.0,Active
S009581,C07880,P02,2024-09-08,2025-12-02,Monthly,79.0,Cancelled
S009582,C07881,P01,2024-07-19,,Monthly,29.0,Active
S009583,C07882,P02,2024-09-14,,Monthly,79.0,Active
S009584,C07883,P01,2025-10-15,,Monthly,29.0,Active
S009585,C07884,P01,2024-09-24,,Monthly,29.0,Active
S009586,C07885,P02,2025-05-05,,Monthly,79.0,Active
S009587,C07886,P01,2024-01-16,,Monthly,29.0,Active
S009588,C07887,P03,2024-05-06,,Monthly,149.0,Active
S009589,C07888,P03,2024-10-10,,Monthly,149.0,Active
S009590,C07889,P02,2025-10-27,,Annual,79.0,Active
S009591,C07890,P02,2024-11-09,,Monthly,79.0,Active
S009592,C07891,P02,2024-02-24,,Monthly,79.0,Active
S009593,C07891,P03,2025-01-31,,Monthly,149.0,Active
S009594,C07892,P03,2024-05-28,,Annual,149.0,Active
S009595,C07893,P02,2025-10-28,2025-12-28,Monthly,79.0,Cancelled
S009596,C07894,P01,2024-07-23,,Annual,29.0,Active
S009597,C07895,P01,2025-09-13,,Monthly,29.0,Active
S009598,C07896,P01,2024-03-20,,Monthly,29.0,Active
S009599,C07897,P01,2025-01-05,,Monthly,29.0,Active
S009600,C07898,P03,2025-05-02,2025-10-08,Monthly,149.0,Cancelled
S009601,C07899,P02,2024-07-30,,Monthly,79.0,Active
S009602,C07900,P01,2025-09-12,,Monthly,29.0,Active
S009603,C07901,P01,2024-07-19,,Annual,29.0,Active
S009604,C07902,P02,2024-06-18,,Monthly,79.0,Active
S009605,C07902,P01,2025-01-05,,Annual,29.0,Active
S009606,C07903,P03,2025-11-26,,Monthly,149.0,Active
S009607,C07904,P03,2024-04-04,,Monthly,149.0,Active
S009608,C07905,P02,2024-11-04,2025-05-04,Annual,79.0,Cancelled
S009609,C07906,P02,2025-03-12,,Monthly,79.0,Active
S009610,C07906,P03,2025-08-23,,Monthly,149.0,Active
S009611,C07907,P04,2025-09-18,,Annual,399.0,Active
S009612,C07908,P02,2025-05-10,,Monthly,79.0,Active
S009613,C07908,P03,2025-11-24,,Monthly,149.0,Active
S009614,C07909,P03,2024-09-13,,Monthly,149.0,Active
S009615,C07910,P01,2025-06-06,,Monthly,29.0,Active
S009616,C07911,P02,2024-03-17,,Monthly,79.0,Active
S009617,C07911,P03,2024-09-25,,Monthly,149.0,Active
S009618,C07911,P04,2025-03-08,,Monthly,399.0,Active
S009619,C07912,P02,2025-04-16,,Monthly,79.0,Active
S009620,C07913,P01,2025-03-28,,Monthly,29.0,Active
S009621,C07914,P02,2025-02-22,,Annual,79.0,Active
S009622,C07915,P01,2025-04-07,,Monthly,29.0,Active
S009623,C07916,P01,2024-11-16,,Monthly,29.0,Active
S009624,C07916,P02,2025-09-06,,Monthly,79.0,Active
S009625,C07916,P03,2025-12-06,,Monthly,149.0,Active
S009626,C07917,P02,2025-04-13,,Monthly,79.0,Active
S009627,C07918,P03,2025-05-26,,Monthly,149.0,Active
S009628,C07919,P01,2025-08-14,,Annual,29.0,Active
S009629,C07920,P01,2025-02-10,,Annual,29.0,Active
S009630,C07921,P01,2024-03-14,,Monthly,29.0,Active
S009631,C07922,P02,2024-05-14,,Monthly,79.0,Active
S009632,C07922,P01,2025-12-25,,Monthly,29.0,Active
S009633,C07923,P03,2024-07-28,2024-12-28,Monthly,149.0,Cancelled
S009634,C07924,P04,2024-09-01,,Monthly,399.0,Active
S009635,C07924,P04,2025-06-15,,Annual,399.0,Active
S009636,C07924,P04,2025-12-26,,Annual,399.0,Active
S009637,C07925,P01,2024-07-08,,Monthly,29.0,Active
S009638,C07926,P02,2024-04-24,,Monthly,79.0,Active
S009639,C07927,P02,2025-10-28,,Annual,79.0,Active
S009640,C07928,P02,2024-05-20,2025-11-13,Annual,79.0,Cancelled
S009641,C07929,P03,2024-02-01,,Annual,149.0,Active
S009642,C07930,P03,2025-09-09,,Monthly,149.0,Active
S009643,C07931,P01,2025-11-24,,Monthly,29.0,Active
S009644,C07932,P02,2024-11-12,,Annual,79.0,Active
S009645,C07933,P01,2025-09-19,,Annual,29.0,Active
S009646,C07934,P01,2025-07-11,,Annual,29.0,Active
S009647,C07935,P01,2025-09-07,,Monthly,29.0,Active
S009648,C07936,P03,2025-03-02,,Monthly,149.0,Active
S009649,C07937,P01,2024-06-26,2025-12-15,Monthly,29.0,Cancelled
S009650,C07938,P04,2024-11-23,,Monthly,399.0,Active
S009651,C07938,P03,2025-03-09,,Monthly,149.0,Active
S009652,C07939,P01,2024-10-15,,Monthly,29.0,Active
S009653,C07940,P02,2024-04-23,,Monthly,79.0,Active
S009654,C07941,P02,2025-06-29,,Monthly,79.0,Active
S009655,C07942,P01,2024-02-16,,Annual,29.0,Active
S009656,C07943,P04,2024-09-19,,Monthly,399.0,Active
S009657,C07943,P04,2025-11-02,,Monthly,399.0,Active
S009658,C07943,P03,2025-12-31,,Monthly,149.0,Active
S009659,C07944,P01,2024-02-14,2024-04-23,Annual,29.0,Cancelled
S009660,C07945,P01,2025-06-25,,Monthly,29.0,Active
S009661,C07946,P03,2024-10-10,,Monthly,149.0,Active
S009662,C07946,P04,2025-05-24,,Monthly,399.0,Active
S009663,C07947,P03,2025-05-17,,Annual,149.0,Active
S009664,C07948,P03,2024-08-22,,Annual,149.0,Active
S009665,C07949,P01,2025-09-16,,Monthly,29.0,Active
S009666,C07950,P02,2024-09-10,2025-05-12,Monthly,79.0,Cancelled
S009667,C07950,P01,2025-05-12,2025-06-05,Annual,29.0,Cancelled
S009668,C07951,P02,2024-02-26,2024-08-29,Monthly,79.0,Cancelled
S009669,C07952,P03,2024-08-30,,Annual,149.0,Active
S009670,C07953,P02,2025-01-13,,Annual,79.0,Active
S009671,C07954,P01,2024-10-30,,Monthly,29.0,Active
S009672,C07955,P02,2025-09-21,,Monthly,79.0,Active
S009673,C07956,P02,2024-08-03,,Annual,79.0,Active
S009674,C07957,P02,2025-03-25,,Monthly,79.0,Active
S009675,C07958,P02,2025-08-15,,Monthly,79.0,Active
S009676,C07959,P04,2024-09-12,,Monthly,399.0,Active
S009677,C07959,P04,2025-06-02,,Monthly,399.0,Active
S009678,C07959,P04,2025-12-27,,Annual,399.0,Active
S009679,C07960,P03,2025-11-20,,Monthly,149.0,Active
S009680,C07961,P01,2024-07-28,2024-10-21,Annual,29.0,Cancelled
S009681,C07962,P02,2025-10-23,,Monthly,79.0,Active
S009682,C07963,P02,2025-07-24,,Monthly,79.0,Active
S009683,C07964,P02,2025-03-09,,Monthly,79.0,Active
S009684,C07965,P01,2024-10-08,2025-04-30,Annual,29.0,Cancelled
S009685,C07966,P03,2025-01-03,,Annual,149.0,Active
S009686,C07967,P01,2025-08-25,,Monthly,29.0,Active
S009687,C07968,P03,2025-01-16,,Annual,149.0,Active
S009688,C07969,P01,2024-12-30,,Annual,29.0,Active
S009689,C07970,P03,2024-06-18,,Monthly,149.0,Active
S009690,C07970,P04,2024-11-05,,Monthly,399.0,Active
S009691,C07971,P01,2024-11-12,,Annual,29.0,Active
S009692,C07972,P02,2025-06-04,,Monthly,79.0,Active
S009693,C07973,P04,2024-10-09,,Annual,399.0,Active
S009694,C07974,P02,2024-12-20,,Monthly,79.0,Active
S009695,C07974,P03,2025-10-15,,Monthly,149.0,Active
S009696,C07975,P02,2025-10-18,,Annual,79.0,Active
S009697,C07976,P03,2025-06-05,2025-08-10,Monthly,149.0,Cancelled
S009698,C07977,P03,2024-12-07,,Annual,149.0,Active
S009699,C07978,P02,2025-06-05,,Monthly,79.0,Active
S009700,C07979,P02,2024-08-02,,Monthly,79.0,Active
S009701,C07980,P02,2025-06-01,2025-07-31,Monthly,79.0,Cancelled
S009702,C07981,P02,2024-04-21,,Monthly,79.0,Active
S009703,C07982,P01,2025-09-18,,Annual,29.0,Active
S009704,C07983,P03,2025-05-10,,Monthly,149.0,Active
S009705,C07984,P03,2024-05-02,,Monthly,149.0,Active
S009706,C07984,P04,2025-09-15,,Annual,399.0,Active
S009707,C07984,P04,2025-12-25,,Monthly,399.0,Active
S009708,C07985,P01,2025-03-08,,Monthly,29.0,Active
S009709,C07986,P03,2024-06-22,,Monthly,149.0,Active
S009710,C07987,P01,2025-02-26,,Annual,29.0,Active
S009711,C07988,P02,2024-03-15,,Monthly,79.0,Active
S009712,C07989,P01,2025-03-20,2025-10-17,Monthly,29.0,Cancelled
S009713,C07990,P01,2024-11-02,,Annual,29.0,Active
S009714,C07991,P03,2024-01-28,,Monthly,149.0,Active
S009715,C07992,P03,2024-01-06,,Monthly,149.0,Active
S009716,C07992,P04,2025-02-27,,Annual,399.0,Active
S009717,C07992,P03,2025-12-25,,Monthly,149.0,Active
S009718,C07993,P02,2025-10-24,,Annual,79.0,Active
S009719,C07994,P04,2025-02-22,,Monthly,399.0,Active
S009720,C07994,P04,2025-08-28,,Monthly,399.0,Active
S009721,C07995,P02,2024-01-05,,Annual,79.0,Active
S009722,C07996,P02,2024-11-08,,Monthly,79.0,Active
S009723,C07997,P01,2025-09-17,,Monthly,29.0,Active
S009724,C07998,P02,2025-10-31,,Monthly,79.0,Active
S009725,C07999,P02,2024-12-15,,Monthly,79.0,Active
S009726,C07999,P01,2025-11-30,,Monthly,29.0,Active
S009727,C08000,P03,2024-04-28,,Monthly,149.0,Active
S009728,C08001,P02,2024-05-19,,Monthly,79.0,Active
S009729,C08001,P03,2024-10-06,,Monthly,149.0,Active
S009730,C08002,P01,2024-10-03,,Monthly,29.0,Active
S009731,C08003,P03,2025-02-12,,Monthly,149.0,Active
S009732,C08004,P02,2024-07-25,,Monthly,79.0,Active
S009733,C08005,P01,2025-07-08,,Monthly,29.0,Active
S009734,C08006,P01,2024-11-08,,Monthly,29.0,Active
S009735,C08007,P03,2025-04-11,,Monthly,149.0,Active
S009736,C08008,P01,2024-04-16,,Monthly,29.0,Active
S009737,C08008,P02,2025-07-05,,Monthly,79.0,Active
S009738,C08009,P01,2024-09-05,,Monthly,29.0,Active
S009739,C08010,P03,2025-08-28,2025-10-30,Annual,149.0,Cancelled
S009740,C08011,P02,2024-12-13,,Monthly,79.0,Active
S009741,C08011,P03,2025-10-24,,Monthly,149.0,Active
S009742,C08011,P04,2025-12-31,,Monthly,399.0,Active
S009743,C08012,P03,2024-07-19,,Annual,149.0,Active
S009744,C08012,P02,2024-12-11,,Monthly,79.0,Active
S009745,C08013,P02,2025-01-07,,Monthly,79.0,Active
S009746,C08014,P02,2025-01-07,,Annual,79.0,Active
S009747,C08015,P03,2024-10-29,2025-12-06,Annual,149.0,Cancelled
S009748,C08016,P01,2024-07-17,,Monthly,29.0,Active
S009749,C08017,P01,2025-07-23,,Monthly,29.0,Active
S009750,C08018,P03,2024-05-20,,Monthly,149.0,Active
S009751,C08018,P04,2025-05-15,,Monthly,399.0,Active
S009752,C08019,P03,2025-10-25,,Monthly,149.0,Active
S009753,C08020,P03,2025-02-09,,Monthly,149.0,Active
S009754,C08020,P04,2025-08-29,,Monthly,399.0,Active
S009755,C08021,P01,2025-03-22,,Annual,29.0,Active
S009756,C08022,P01,2024-12-25,2025-11-11,Monthly,29.0,Cancelled
S009757,C08023,P02,2024-03-05,,Monthly,79.0,Active
S009758,C08024,P03,2024-10-15,2025-11-14,Annual,149.0,Cancelled
S009759,C08025,P02,2024-04-11,,Monthly,79.0,Active
S009760,C08025,P03,2025-12-26,,Annual,149.0,Active
S009761,C08026,P01,2024-01-28,,Monthly,29.0,Active
S009762,C08027,P01,2025-06-08,,Monthly,29.0,Active
S009763,C08028,P02,2024-06-04,2024-11-29,Monthly,79.0,Cancelled
S009764,C08029,P04,2024-11-15,,Monthly,399.0,Active
S009765,C08030,P03,2024-04-08,,Monthly,149.0,Active
S009766,C08031,P03,2025-06-27,,Monthly,149.0,Active
S009767,C08032,P01,2024-11-04,,Annual,29.0,Active
S009768,C08033,P01,2024-07-26,,Annual,29.0,Active
S009769,C08034,P01,2025-10-02,,Monthly,29.0,Active
S009770,C08035,P02,2024-01-04,,Annual,79.0,Active
S009771,C08035,P03,2025-07-27,,Monthly,149.0,Active
S009772,C08036,P01,2025-11-27,,Monthly,29.0,Active
S009773,C08037,P02,2025-08-31,,Monthly,79.0,Active
S009774,C08038,P03,2024-09-02,,Monthly,149.0,Active
S009775,C08039,P01,2025-10-08,,Monthly,29.0,Active
S009776,C08040,P02,2024-11-19,,Monthly,79.0,Active
S009777,C08041,P03,2024-02-12,,Monthly,149.0,Active
S009778,C08041,P04,2024-09-03,,Monthly,399.0,Active
S009779,C08042,P03,2024-03-20,,Monthly,149.0,Active
S009780,C08043,P02,2025-05-28,,Monthly,79.0,Active
S009781,C08044,P02,2025-04-24,,Monthly,79.0,Active
S009782,C08045,P02,2024-12-15,,Monthly,79.0,Active
S009783,C08045,P03,2025-12-24,,Monthly,149.0,Active
S009784,C08046,P01,2024-10-16,,Monthly,29.0,Active
S009785,C08046,P02,2025-03-30,,Monthly,79.0,Active
S009786,C08046,P01,2025-06-29,,Monthly,29.0,Active
S009787,C08047,P02,2024-02-15,,Monthly,79.0,Active
S009788,C08047,P03,2025-08-09,,Monthly,149.0,Active
S009789,C08048,P01,2025-03-16,,Monthly,29.0,Active
S009790,C08049,P01,2025-09-28,,Monthly,29.0,Active
S009791,C08050,P01,2025-02-03,,Monthly,29.0,Active
S009792,C08050,P01,2025-11-28,,Monthly,29.0,Active
S009793,C08051,P02,2024-02-18,,Annual,79.0,Active
S009794,C08052,P03,2025-01-10,,Monthly,149.0,Active
S009795,C08053,P01,2024-07-09,,Annual,29.0,Active
S009796,C08054,P01,2024-01-11,2024-11-07,Monthly,29.0,Cancelled
S009797,C08055,P03,2025-08-05,,Monthly,149.0,Active
S009798,C08056,P04,2024-10-24,,Monthly,399.0,Active
S009799,C08057,P02,2025-04-06,,Monthly,79.0,Active
S009800,C08058,P01,2025-04-13,,Monthly,29.0,Active
S009801,C08059,P03,2024-04-03,,Monthly,149.0,Active
S009802,C08060,P03,2025-03-19,,Monthly,149.0,Active
S009803,C08060,P04,2025-12-15,,Annual,399.0,Active
S009804,C08061,P02,2024-11-30,,Monthly,79.0,Active
S009805,C08062,P03,2025-11-12,,Annual,149.0,Active
S009806,C08063,P02,2024-03-17,,Monthly,79.0,Active
S009807,C08063,P01,2025-06-28,,Monthly,29.0,Active
S009808,C08064,P04,2025-05-03,,Monthly,399.0,Active
S009809,C08064,P03,2025-09-26,,Monthly,149.0,Active
S009810,C08065,P01,2024-10-18,2025-06-01,Monthly,29.0,Cancelled
S009811,C08066,P03,2024-10-10,,Monthly,149.0,Active
S009812,C08067,P02,2024-03-08,,Monthly,79.0,Active
S009813,C08068,P01,2024-02-17,,Monthly,29.0,Active
S009814,C08069,P03,2024-11-30,,Monthly,149.0,Active
S009815,C08069,P04,2025-06-29,,Monthly,399.0,Active
S009816,C08069,P04,2025-12-25,,Monthly,399.0,Active
S009817,C08070,P01,2025-09-27,2025-12-03,Monthly,29.0,Cancelled
S009818,C08071,P02,2025-09-06,,Monthly,79.0,Active
S009819,C08072,P01,2025-05-07,,Monthly,29.0,Active
S009820,C08072,P02,2025-12-11,,Monthly,79.0,Active
S009821,C08073,P01,2025-04-23,,Annual,29.0,Active
S009822,C08074,P03,2025-11-05,,Annual,149.0,Active
S009823,C08075,P01,2025-12-01,,Monthly,29.0,Active
S009824,C08076,P02,2024-04-25,,Annual,79.0,Active
S009825,C08076,P01,2024-12-17,,Annual,29.0,Active
S009826,C08077,P02,2025-09-17,,Monthly,79.0,Active
S009827,C08078,P02,2025-06-19,,Monthly,79.0,Active
S009828,C08079,P04,2024-11-10,,Monthly,399.0,Active
S009829,C08080,P02,2025-04-05,2025-07-15,Monthly,79.0,Cancelled
S009830,C08081,P02,2024-10-20,2025-10-11,Annual,79.0,Cancelled
S009831,C08082,P02,2025-10-27,,Monthly,79.0,Active
S009832,C08083,P02,2024-07-23,,Monthly,79.0,Active
S009833,C08084,P01,2024-10-16,2025-06-07,Monthly,29.0,Cancelled
S009834,C08085,P01,2024-08-03,,Monthly,29.0,Active
S009835,C08085,P01,2025-10-22,,Monthly,29.0,Active
S009836,C08086,P02,2025-04-25,,Monthly,79.0,Active
S009837,C08086,P03,2025-10-28,,Monthly,149.0,Active
S009838,C08087,P02,2025-05-27,,Monthly,79.0,Active
S009839,C08088,P01,2025-01-27,,Monthly,29.0,Active
S009840,C08089,P02,2024-03-04,,Monthly,79.0,Active
S009841,C08089,P03,2025-09-11,,Annual,149.0,Active
S009842,C08090,P01,2025-03-17,2025-11-02,Monthly,29.0,Cancelled
S009843,C08091,P02,2024-05-29,,Annual,79.0,Active
S009844,C08091,P01,2025-01-10,,Monthly,29.0,Active
S009845,C08091,P02,2025-08-30,,Monthly,79.0,Active
S009846,C08092,P03,2024-05-14,,Monthly,149.0,Active
S009847,C08093,P01,2024-10-21,2025-01-28,Monthly,29.0,Cancelled
S009848,C08093,P01,2025-01-28,2025-12-29,Monthly,29.0,Cancelled
S009849,C08094,P03,2024-12-10,,Monthly,149.0,Active
S009850,C08094,P04,2025-11-22,,Monthly,399.0,Active
S009851,C08094,P03,2025-12-31,,Annual,149.0,Active
S009852,C08095,P04,2025-06-06,,Monthly,399.0,Active
S009853,C08095,P04,2025-11-03,,Annual,399.0,Active
S009854,C08096,P04,2024-10-30,,Monthly,399.0,Active
S009855,C08096,P03,2025-09-15,,Monthly,149.0,Active
S009856,C08096,P04,2025-12-29,,Monthly,399.0,Active
S009857,C08097,P01,2024-06-23,2025-08-29,Monthly,29.0,Cancelled
S009858,C08098,P02,2024-12-15,,Monthly,79.0,Active
S009859,C08098,P01,2025-06-05,,Monthly,29.0,Active
S009860,C08098,P02,2025-12-29,,Annual,79.0,Active
S009861,C08099,P02,2025-10-16,2025-12-17,Monthly,79.0,Cancelled
S009862,C08100,P01,2025-01-02,2025-06-11,Monthly,29.0,Cancelled
S009863,C08101,P02,2024-02-06,,Monthly,79.0,Active
S009864,C08102,P01,2024-12-24,,Monthly,29.0,Active
S009865,C08103,P02,2024-05-10,,Annual,79.0,Active
S009866,C08104,P01,2025-07-25,2025-09-25,Monthly,29.0,Cancelled
S009867,C08105,P02,2024-06-12,2024-11-21,Monthly,79.0,Cancelled
S009868,C08105,P03,2024-11-21,2025-02-06,Monthly,149.0,Cancelled
S009869,C08106,P03,2025-05-13,,Monthly,149.0,Active
S009870,C08107,P01,2024-03-23,,Monthly,29.0,Active
S009871,C08108,P02,2024-08-16,,Monthly,79.0,Active
S009872,C08109,P02,2025-09-06,2025-11-22,Monthly,79.0,Cancelled
S009873,C08110,P01,2025-05-19,2025-10-23,Monthly,29.0,Cancelled
S009874,C08111,P02,2024-04-27,,Monthly,79.0,Active
S009875,C08112,P03,2025-06-24,,Annual,149.0,Active
S009876,C08113,P03,2025-03-07,,Annual,149.0,Active
S009877,C08114,P02,2024-02-20,2025-09-10,Monthly,79.0,Cancelled
S009878,C08115,P02,2024-06-17,2024-10-03,Monthly,79.0,Cancelled
S009879,C08115,P03,2024-10-03,2025-01-23,Monthly,149.0,Cancelled
S009880,C08116,P01,2025-02-23,,Monthly,29.0,Active
S009881,C08117,P03,2025-03-23,,Annual,149.0,Active
S009882,C08118,P04,2024-05-15,,Monthly,399.0,Active
S009883,C08118,P03,2025-01-06,,Monthly,149.0,Active
S009884,C08118,P04,2025-06-21,,Monthly,399.0,Active
S009885,C08119,P02,2025-06-30,,Monthly,79.0,Active
S009886,C08120,P04,2024-10-20,,Monthly,399.0,Active
S009887,C08121,P01,2025-03-10,,Monthly,29.0,Active
S009888,C08122,P01,2025-08-19,,Monthly,29.0,Active
S009889,C08123,P04,2025-07-17,,Monthly,399.0,Active
S009890,C08124,P01,2024-05-05,,Monthly,29.0,Active
S009891,C08124,P01,2025-06-22,,Annual,29.0,Active
S009892,C08125,P03,2025-09-04,,Annual,149.0,Active
S009893,C08126,P02,2024-12-23,,Monthly,79.0,Active
S009894,C08127,P01,2025-08-14,,Monthly,29.0,Active
S009895,C08128,P02,2024-08-17,,Monthly,79.0,Active
S009896,C08128,P03,2025-01-15,,Monthly,149.0,Active
S009897,C08129,P04,2024-08-09,,Monthly,399.0,Active
S009898,C08130,P01,2024-03-26,,Annual,29.0,Active
S009899,C08131,P02,2024-08-07,2025-06-16,Annual,79.0,Cancelled
S009900,C08131,P03,2025-06-16,2025-06-30,Annual,149.0,Cancelled
S009901,C08132,P01,2024-12-29,,Annual,29.0,Active
S009902,C08133,P01,2024-12-05,2025-06-29,Annual,29.0,Cancelled
S009903,C08134,P04,2024-11-24,,Monthly,399.0,Active
S009904,C08135,P02,2024-02-19,,Monthly,79.0,Active
S009905,C08136,P03,2025-02-13,,Monthly,149.0,Active
S009906,C08137,P01,2024-03-29,2024-08-18,Monthly,29.0,Cancelled
S009907,C08138,P01,2025-09-09,,Monthly,29.0,Active
S009908,C08139,P01,2024-07-23,,Monthly,29.0,Active
S009909,C08140,P03,2025-10-20,,Annual,149.0,Active
S009910,C08141,P02,2024-07-16,2024-12-19,Monthly,79.0,Cancelled
S009911,C08141,P01,2024-12-19,2025-03-02,Annual,29.0,Cancelled
S009912,C08142,P01,2024-07-13,,Annual,29.0,Active
S009913,C08143,P02,2025-03-08,,Monthly,79.0,Active
S009914,C08144,P02,2024-01-02,,Monthly,79.0,Active
S009915,C08145,P02,2024-07-22,,Monthly,79.0,Active
S009916,C08146,P01,2025-08-24,2025-12-19,Monthly,29.0,Cancelled
S009917,C08147,P03,2025-05-20,,Annual,149.0,Active
S009918,C08148,P02,2025-10-17,,Annual,79.0,Active
S009919,C08149,P03,2025-01-11,,Monthly,149.0,Active
S009920,C08150,P02,2024-07-16,,Monthly,79.0,Active
S009921,C08151,P02,2025-03-16,,Monthly,79.0,Active
S009922,C08152,P01,2025-01-18,2025-08-11,Monthly,29.0,Cancelled
S009923,C08153,P01,2025-04-03,,Monthly,29.0,Active
S009924,C08154,P02,2025-07-03,,Monthly,79.0,Active
S009925,C08155,P02,2025-08-15,,Monthly,79.0,Active
S009926,C08156,P01,2024-08-20,,Monthly,29.0,Active
S009927,C08157,P03,2024-04-27,,Monthly,149.0,Active
S009928,C08158,P02,2024-11-12,,Monthly,79.0,Active
S009929,C08159,P02,2025-01-18,,Annual,79.0,Active
S009930,C08160,P02,2025-09-21,,Monthly,79.0,Active
S009931,C08161,P01,2024-04-25,2024-12-21,Monthly,29.0,Cancelled
S009932,C08162,P03,2024-07-30,,Monthly,149.0,Active
S009933,C08162,P04,2025-05-22,,Annual,399.0,Active
S009934,C08163,P02,2025-03-28,2025-11-29,Annual,79.0,Cancelled
S009935,C08164,P01,2024-03-23,,Monthly,29.0,Active
S009936,C08165,P02,2025-01-05,2025-10-07,Monthly,79.0,Cancelled
S009937,C08166,P01,2025-04-25,,Monthly,29.0,Active
S009938,C08167,P03,2024-03-05,,Monthly,149.0,Active
S009939,C08168,P04,2024-08-30,,Annual,399.0,Active
S009940,C08168,P04,2024-12-15,,Monthly,399.0,Active
S009941,C08168,P04,2025-10-06,,Annual,399.0,Active
S009942,C08169,P02,2024-10-26,,Monthly,79.0,Active
S009943,C08169,P03,2025-05-24,,Monthly,149.0,Active
S009944,C08170,P02,2024-02-29,,Monthly,79.0,Active
S009945,C08171,P03,2025-01-21,,Annual,149.0,Active
S009946,C08172,P02,2025-01-03,,Monthly,79.0,Active
S009947,C08172,P03,2025-12-19,,Monthly,149.0,Active
S009948,C08173,P02,2025-08-14,2025-11-28,Monthly,79.0,Cancelled
S009949,C08174,P04,2024-01-27,,Monthly,399.0,Active
S009950,C08174,P04,2024-05-17,,Monthly,399.0,Active
S009951,C08174,P03,2025-10-22,,Monthly,149.0,Active
S009952,C08175,P03,2025-01-08,,Annual,149.0,Active
S009953,C08176,P04,2025-09-15,,Monthly,399.0,Active
S009954,C08177,P02,2025-03-23,,Monthly,79.0,Active
S009955,C08178,P03,2024-11-28,,Annual,149.0,Active
S009956,C08179,P01,2025-08-06,,Monthly,29.0,Active
S009957,C08180,P03,2024-10-09,,Annual,149.0,Active
S009958,C08181,P01,2024-06-24,,Monthly,29.0,Active
S009959,C08182,P02,2025-10-20,,Monthly,79.0,Active
S009960,C08183,P01,2024-05-28,,Annual,29.0,Active
S009961,C08184,P03,2024-09-04,,Monthly,149.0,Active
S009962,C08185,P02,2025-01-01,,Monthly,79.0,Active
S009963,C08186,P02,2024-09-26,,Monthly,79.0,Active
S009964,C08187,P02,2024-06-05,,Monthly,79.0,Active
S009965,C08188,P03,2025-08-23,,Annual,149.0,Active
S009966,C08189,P02,2024-03-31,2025-08-31,Monthly,79.0,Cancelled
S009967,C08190,P02,2024-12-10,,Annual,79.0,Active
S009968,C08191,P02,2024-05-22,,Monthly,79.0,Active
S009969,C08192,P02,2025-06-13,,Monthly,79.0,Active
S009970,C08192,P03,2025-11-17,,Monthly,149.0,Active
S009971,C08193,P02,2025-03-17,,Monthly,79.0,Active
S009972,C08194,P02,2025-11-09,,Monthly,79.0,Active
S009973,C08195,P02,2025-02-25,,Annual,79.0,Active
S009974,C08196,P01,2024-02-26,,Annual,29.0,Active
S009975,C08196,P02,2024-09-16,,Annual,79.0,Active
S009976,C08196,P01,2025-08-26,,Monthly,29.0,Active
S009977,C08197,P02,2025-01-22,,Monthly,79.0,Active
S009978,C08198,P04,2025-02-22,,Monthly,399.0,Active
S009979,C08199,P03,2025-01-29,2025-04-30,Monthly,149.0,Cancelled
S009980,C08200,P03,2025-05-03,2025-11-25,Annual,149.0,Cancelled
S009981,C08201,P03,2024-08-30,,Annual,149.0,Active
S009982,C08202,P04,2024-09-28,2024-12-23,Monthly,399.0,Cancelled
S009983,C08203,P01,2024-12-06,,Monthly,29.0,Active
S009984,C08203,P02,2025-05-20,,Monthly,79.0,Active
S009985,C08203,P03,2025-08-25,,Monthly,149.0,Active
S009986,C08204,P01,2025-06-16,2025-08-23,Monthly,29.0,Cancelled
S009987,C08205,P03,2024-07-29,,Monthly,149.0,Active
S009988,C08206,P02,2025-08-13,,Annual,79.0,Active
S009989,C08207,P01,2024-07-08,,Monthly,29.0,Active
S009990,C08208,P01,2024-09-01,,Monthly,29.0,Active
S009991,C08209,P03,2024-04-02,,Monthly,149.0,Active
S009992,C08210,P01,2025-04-28,,Monthly,29.0,Active
S009993,C08211,P01,2025-08-03,,Annual,29.0,Active
S009994,C08212,P02,2024-04-04,2024-10-17,Annual,79.0,Cancelled
S009995,C08213,P02,2024-11-27,,Monthly,79.0,Active
S009996,C08214,P03,2024-12-27,2025-09-02,Monthly,149.0,Cancelled
S009997,C08215,P01,2025-02-27,,Annual,29.0,Active
S009998,C08216,P01,2025-10-14,,Monthly,29.0,Active
S009999,C08217,P01,2025-11-06,,Monthly,29.0,Active
S010000,C08218,P03,2025-10-31,,Monthly,149.0,Active
S010001,C08219,P02,2024-11-07,,Monthly,79.0,Active
S010002,C08219,P03,2025-10-21,,Monthly,149.0,Active
S010003,C08220,P01,2024-05-15,,Annual,29.0,Active
S010004,C08221,P01,2024-06-04,2024-09-03,Annual,29.0,Cancelled
S010005,C08222,P01,2025-04-16,2025-11-07,Monthly,29.0,Cancelled
S010006,C08223,P02,2025-03-28,,Annual,79.0,Active
S010007,C08224,P02,2025-02-07,2025-12-06,Monthly,79.0,Cancelled
S010008,C08225,P01,2025-06-01,2025-10-21,Monthly,29.0,Cancelled
S010009,C08226,P03,2025-08-30,,Monthly,149.0,Active
S010010,C08227,P02,2024-01-30,,Monthly,79.0,Active
S010011,C08227,P03,2025-11-05,,Monthly,149.0,Active
S010012,C08228,P02,2025-05-28,,Monthly,79.0,Active
S010013,C08229,P03,2024-05-13,2024-11-21,Monthly,149.0,Cancelled
S010014,C08230,P02,2024-10-02,2025-01-19,Monthly,79.0,Cancelled
S010015,C08231,P04,2025-01-03,,Monthly,399.0,Active
S010016,C08232,P01,2024-11-30,,Monthly,29.0,Active
S010017,C08233,P02,2025-07-22,,Annual,79.0,Active
S010018,C08234,P01,2025-04-23,,Monthly,29.0,Active
S010019,C08235,P03,2025-08-23,,Monthly,149.0,Active
S010020,C08236,P01,2024-05-19,,Monthly,29.0,Active
S010021,C08237,P01,2024-10-18,2025-03-25,Monthly,29.0,Cancelled
S010022,C08238,P03,2025-02-21,,Monthly,149.0,Active
S010023,C08239,P01,2024-08-29,,Monthly,29.0,Active
S010024,C08240,P03,2025-05-02,,Monthly,149.0,Active
S010025,C08241,P03,2024-10-07,,Annual,149.0,Active
S010026,C08241,P04,2025-10-18,,Monthly,399.0,Active
S010027,C08242,P02,2024-04-10,2024-11-26,Monthly,79.0,Cancelled
S010028,C08242,P01,2024-11-26,2025-11-15,Monthly,29.0,Cancelled
S010029,C08243,P01,2025-04-02,,Monthly,29.0,Active
S010030,C08244,P03,2025-03-05,,Annual,149.0,Active
S010031,C08245,P01,2024-12-21,2025-10-25,Monthly,29.0,Cancelled
S010032,C08245,P01,2025-10-25,2025-11-19,Monthly,29.0,Cancelled
S010033,C08246,P01,2025-10-01,,Monthly,29.0,Active
S010034,C08247,P02,2024-10-26,,Monthly,79.0,Active
S010035,C08248,P02,2025-06-19,,Monthly,79.0,Active
S010036,C08249,P03,2024-02-06,,Monthly,149.0,Active
S010037,C08250,P02,2025-02-02,,Monthly,79.0,Active
S010038,C08251,P04,2024-06-17,2024-10-13,Annual,399.0,Cancelled
S010039,C08252,P03,2024-07-03,2025-06-26,Annual,149.0,Cancelled
S010040,C08253,P02,2024-10-20,,Monthly,79.0,Active
S010041,C08254,P01,2025-01-15,,Annual,29.0,Active
S010042,C08255,P03,2025-09-13,,Monthly,149.0,Active
S010043,C08256,P03,2024-09-14,,Annual,149.0,Active
S010044,C08257,P02,2025-02-01,,Monthly,79.0,Active
S010045,C08257,P03,2025-10-02,,Monthly,149.0,Active
S010046,C08258,P03,2024-12-17,,Annual,149.0,Active
S010047,C08258,P04,2025-06-17,,Monthly,399.0,Active
S010048,C08259,P01,2024-08-08,,Monthly,29.0,Active
S010049,C08260,P01,2025-08-21,2025-11-04,Monthly,29.0,Cancelled
S010050,C08261,P02,2024-05-27,,Monthly,79.0,Active
S010051,C08262,P03,2024-03-15,,Monthly,149.0,Active
S010052,C08263,P04,2024-09-06,2025-05-06,Monthly,399.0,Cancelled
S010053,C08264,P03,2024-01-26,,Annual,149.0,Active
S010054,C08265,P02,2024-09-21,,Monthly,79.0,Active
S010055,C08266,P03,2024-07-13,,Monthly,149.0,Active
S010056,C08267,P01,2025-08-09,,Annual,29.0,Active
S010057,C08268,P01,2025-01-02,,Monthly,29.0,Active
S010058,C08268,P02,2025-06-28,,Monthly,79.0,Active
S010059,C08269,P02,2025-01-18,2025-04-22,Monthly,79.0,Cancelled
S010060,C08270,P01,2024-11-04,,Annual,29.0,Active
S010061,C08271,P02,2024-10-20,2025-03-29,Annual,79.0,Cancelled
S010062,C08272,P02,2024-11-14,,Monthly,79.0,Active
S010063,C08273,P01,2025-03-20,,Monthly,29.0,Active
S010064,C08274,P03,2024-02-13,,Monthly,149.0,Active
S010065,C08275,P01,2025-11-24,,Monthly,29.0,Active
S010066,C08276,P01,2024-01-24,,Annual,29.0,Active
S010067,C08277,P02,2024-02-15,,Monthly,79.0,Active
S010068,C08278,P01,2024-10-17,2025-07-16,Monthly,29.0,Cancelled
S010069,C08279,P02,2024-08-10,2025-03-18,Annual,79.0,Cancelled
S010070,C08280,P01,2024-08-22,2024-11-14,Monthly,29.0,Cancelled
S010071,C08281,P04,2024-06-24,,Annual,399.0,Active
S010072,C08282,P03,2024-11-24,,Monthly,149.0,Active
S010073,C08282,P04,2025-11-06,,Monthly,399.0,Active
S010074,C08282,P04,2025-12-31,,Monthly,399.0,Active
S010075,C08283,P02,2024-02-20,2025-09-19,Annual,79.0,Cancelled
S010076,C08284,P03,2024-12-25,,Monthly,149.0,Active
S010077,C08285,P04,2024-06-25,,Monthly,399.0,Active
S010078,C08285,P04,2025-02-20,,Monthly,399.0,Active
S010079,C08285,P04,2025-09-08,,Annual,399.0,Active
S010080,C08286,P01,2024-04-20,,Annual,29.0,Active
S010081,C08287,P02,2025-02-06,,Monthly,79.0,Active
S010082,C08288,P02,2025-10-08,,Annual,79.0,Active
S010083,C08289,P04,2025-04-16,,Monthly,399.0,Active
S010084,C08290,P04,2025-08-05,2025-10-13,Monthly,399.0,Cancelled
S010085,C08291,P04,2025-07-10,,Monthly,399.0,Active
S010086,C08292,P01,2024-12-15,2025-05-01,Monthly,29.0,Cancelled
S010087,C08293,P02,2024-06-29,2025-07-17,Monthly,79.0,Cancelled
S010088,C08294,P01,2024-11-30,,Monthly,29.0,Active
S010089,C08295,P01,2024-01-28,,Monthly,29.0,Active
S010090,C08296,P02,2025-06-30,,Monthly,79.0,Active
S010091,C08297,P04,2024-11-15,,Annual,399.0,Active
S010092,C08297,P04,2025-04-12,,Monthly,399.0,Active
S010093,C08298,P01,2025-03-21,,Annual,29.0,Active
S010094,C08298,P01,2025-07-20,,Annual,29.0,Active
S010095,C08299,P03,2024-10-30,2025-05-06,Monthly,149.0,Cancelled
S010096,C08300,P03,2025-11-15,,Monthly,149.0,Active
S010097,C08301,P04,2025-06-04,,Annual,399.0,Active
S010098,C08302,P04,2024-03-29,,Monthly,399.0,Active
S010099,C08303,P02,2024-01-23,,Monthly,79.0,Active
S010100,C08304,P03,2024-08-30,,Monthly,149.0,Active
S010101,C08305,P02,2024-09-12,,Monthly,79.0,Active
S010102,C08305,P03,2025-10-25,,Monthly,149.0,Active
S010103,C08306,P01,2025-03-19,,Annual,29.0,Active
S010104,C08307,P02,2024-01-12,,Annual,79.0,Active
S010105,C08308,P03,2025-08-09,,Monthly,149.0,Active
S010106,C08309,P02,2024-07-25,,Monthly,79.0,Active
S010107,C08310,P03,2025-07-18,,Monthly,149.0,Active
S010108,C08311,P01,2024-03-18,2024-12-24,Monthly,29.0,Cancelled
S010109,C08312,P02,2025-04-10,2025-09-05,Annual,79.0,Cancelled
S010110,C08313,P02,2024-06-12,,Monthly,79.0,Active
S010111,C08314,P02,2024-06-02,,Annual,79.0,Active
S010112,C08315,P04,2024-04-17,,Monthly,399.0,Active
S010113,C08316,P03,2024-12-12,,Annual,149.0,Active
S010114,C08316,P02,2025-11-19,,Monthly,79.0,Active
S010115,C08317,P01,2025-07-29,2025-11-16,Monthly,29.0,Cancelled
S010116,C08318,P01,2025-10-20,,Monthly,29.0,Active
S010117,C08319,P02,2025-02-06,,Annual,79.0,Active
S010118,C08319,P03,2025-09-19,,Monthly,149.0,Active
S010119,C08320,P03,2024-03-02,,Monthly,149.0,Active
S010120,C08321,P04,2025-03-27,,Monthly,399.0,Active
S010121,C08322,P01,2025-11-24,,Monthly,29.0,Active
S010122,C08323,P02,2025-11-25,,Monthly,79.0,Active
S010123,C08324,P03,2024-10-29,,Annual,149.0,Active
S010124,C08325,P03,2025-09-22,,Monthly,149.0,Active
S010125,C08326,P03,2025-01-23,,Monthly,149.0,Active
S010126,C08327,P02,2024-07-14,,Annual,79.0,Active
S010127,C08328,P03,2025-02-19,2025-06-07,Monthly,149.0,Cancelled
S010128,C08329,P02,2025-01-09,,Monthly,79.0,Active
S010129,C08329,P01,2025-09-17,,Monthly,29.0,Active
S010130,C08330,P02,2025-06-02,2025-09-04,Annual,79.0,Cancelled
S010131,C08331,P02,2025-07-18,,Annual,79.0,Active
S010132,C08332,P02,2025-10-28,,Annual,79.0,Active
S010133,C08333,P04,2025-05-16,,Monthly,399.0,Active
S010134,C08334,P04,2024-10-18,,Monthly,399.0,Active
S010135,C08334,P04,2025-03-26,,Annual,399.0,Active
S010136,C08335,P02,2024-12-26,,Monthly,79.0,Active
S010137,C08336,P02,2025-05-07,,Monthly,79.0,Active
S010138,C08337,P01,2024-08-17,,Monthly,29.0,Active
S010139,C08338,P04,2025-09-03,,Annual,399.0,Active
S010140,C08339,P03,2024-02-12,,Monthly,149.0,Active
S010141,C08340,P03,2025-10-27,,Monthly,149.0,Active
S010142,C08341,P02,2025-11-29,,Monthly,79.0,Active
S010143,C08342,P02,2024-12-11,,Monthly,79.0,Active
S010144,C08343,P02,2025-09-19,,Annual,79.0,Active
S010145,C08344,P01,2024-03-05,,Annual,29.0,Active
S010146,C08345,P01,2024-12-01,,Monthly,29.0,Active
S010147,C08346,P03,2025-09-01,2025-11-07,Monthly,149.0,Cancelled
S010148,C08347,P02,2025-04-22,2025-10-21,Monthly,79.0,Cancelled
S010149,C08347,P01,2025-10-21,2025-12-04,Monthly,29.0,Cancelled
S010150,C08348,P01,2025-09-29,2025-12-16,Monthly,29.0,Cancelled
S010151,C08349,P02,2025-08-17,,Monthly,79.0,Active
S010152,C08350,P03,2024-01-24,,Monthly,149.0,Active
S010153,C08351,P02,2024-03-16,,Monthly,79.0,Active
S010154,C08351,P03,2025-04-20,,Annual,149.0,Active
S010155,C08352,P02,2024-07-29,,Monthly,79.0,Active
S010156,C08353,P02,2024-10-18,,Monthly,79.0,Active
S010157,C08353,P01,2025-06-02,,Annual,29.0,Active
S010158,C08353,P02,2025-12-16,,Monthly,79.0,Active
S010159,C08354,P02,2025-12-01,,Monthly,79.0,Active
S010160,C08355,P02,2025-02-16,,Monthly,79.0,Active
S010161,C08356,P03,2025-05-14,,Annual,149.0,Active
S010162,C08356,P04,2025-12-13,,Monthly,399.0,Active
S010163,C08357,P01,2025-01-20,2025-05-13,Monthly,29.0,Cancelled
S010164,C08358,P02,2025-11-12,,Monthly,79.0,Active
S010165,C08359,P04,2025-11-24,,Monthly,399.0,Active
S010166,C08360,P01,2025-01-18,,Monthly,29.0,Active
S010167,C08361,P02,2024-04-25,,Monthly,79.0,Active
S010168,C08361,P03,2025-08-15,,Monthly,149.0,Active
S010169,C08362,P03,2024-07-11,,Monthly,149.0,Active
S010170,C08362,P04,2025-10-12,,Monthly,399.0,Active
S010171,C08363,P01,2024-06-01,,Monthly,29.0,Active
S010172,C08364,P02,2025-12-01,,Annual,79.0,Active
S010173,C08365,P01,2024-09-02,,Monthly,29.0,Active
S010174,C08366,P03,2025-01-03,,Monthly,149.0,Active
S010175,C08367,P02,2024-03-30,,Annual,79.0,Active
S010176,C08368,P03,2025-04-20,2025-09-24,Monthly,149.0,Cancelled
S010177,C08368,P04,2025-09-24,2025-11-21,Monthly,399.0,Cancelled
S010178,C08369,P01,2024-08-09,,Monthly,29.0,Active
S010179,C08370,P01,2024-08-21,,Monthly,29.0,Active
S010180,C08371,P03,2025-11-02,,Monthly,149.0,Active
S010181,C08372,P03,2024-09-05,,Monthly,149.0,Active
S010182,C08373,P04,2024-02-05,,Monthly,399.0,Active
S010183,C08374,P03,2025-05-23,,Annual,149.0,Active
S010184,C08374,P02,2025-12-05,,Monthly,79.0,Active
S010185,C08375,P02,2025-11-17,,Monthly,79.0,Active
S010186,C08376,P02,2024-06-15,2025-09-02,Annual,79.0,Cancelled
S010187,C08377,P02,2025-07-27,,Monthly,79.0,Active
S010188,C08378,P02,2024-06-04,,Monthly,79.0,Active
S010189,C08378,P01,2025-07-23,,Monthly,29.0,Active
S010190,C08379,P03,2024-07-04,,Annual,149.0,Active
S010191,C08380,P03,2024-04-25,,Monthly,149.0,Active
S010192,C08381,P04,2025-06-23,,Annual,399.0,Active
S010193,C08382,P02,2024-08-27,2024-10-29,Monthly,79.0,Cancelled
S010194,C08383,P01,2025-05-09,,Monthly,29.0,Active
S010195,C08384,P01,2025-04-18,,Monthly,29.0,Active
S010196,C08385,P01,2025-07-05,,Monthly,29.0,Active
S010197,C08386,P02,2025-10-05,,Annual,79.0,Active
S010198,C08387,P02,2025-10-16,,Monthly,79.0,Active
S010199,C08388,P01,2024-05-24,,Monthly,29.0,Active
S010200,C08389,P02,2024-05-12,,Annual,79.0,Active
S010201,C08389,P01,2025-06-28,,Annual,29.0,Active
S010202,C08390,P03,2024-04-26,,Monthly,149.0,Active
S010203,C08391,P01,2024-03-18,,Monthly,29.0,Active
S010204,C08392,P03,2025-10-30,,Monthly,149.0,Active
S010205,C08393,P02,2025-04-27,,Annual,79.0,Active
S010206,C08393,P03,2025-08-12,,Monthly,149.0,Active
S010207,C08394,P03,2025-01-23,,Monthly,149.0,Active
S010208,C08395,P02,2024-10-26,,Monthly,79.0,Active
S010209,C08396,P01,2025-07-28,2025-12-02,Monthly,29.0,Cancelled
S010210,C08397,P04,2024-02-21,,Monthly,399.0,Active
S010211,C08398,P02,2025-08-13,,Annual,79.0,Active
S010212,C08399,P02,2024-08-30,,Monthly,79.0,Active
S010213,C08400,P01,2024-06-11,,Annual,29.0,Active
S010214,C08401,P03,2025-01-11,,Annual,149.0,Active
S010215,C08402,P02,2025-03-15,2025-08-10,Monthly,79.0,Cancelled
S010216,C08403,P02,2024-11-28,,Monthly,79.0,Active
S010217,C08404,P01,2024-08-18,2024-12-27,Annual,29.0,Cancelled
S010218,C08405,P03,2024-07-21,,Monthly,149.0,Active
S010219,C08406,P04,2025-03-28,,Monthly,399.0,Active
S010220,C08407,P02,2024-05-29,,Annual,79.0,Active
S010221,C08408,P01,2025-06-26,,Annual,29.0,Active
S010222,C08409,P02,2025-05-30,2025-10-07,Monthly,79.0,Cancelled
S010223,C08410,P03,2024-11-06,,Monthly,149.0,Active
S010224,C08411,P01,2025-01-27,,Monthly,29.0,Active
S010225,C08412,P03,2024-10-17,,Monthly,149.0,Active
S010226,C08413,P01,2024-03-07,,Monthly,29.0,Active
S010227,C08414,P02,2024-02-06,,Monthly,79.0,Active
S010228,C08415,P03,2024-09-12,,Monthly,149.0,Active
S010229,C08416,P01,2024-11-02,,Monthly,29.0,Active
S010230,C08416,P01,2025-10-31,,Monthly,29.0,Active
S010231,C08417,P04,2025-03-16,,Monthly,399.0,Active
S010232,C08418,P02,2024-07-10,2024-11-24,Monthly,79.0,Cancelled
S010233,C08419,P03,2025-11-12,,Monthly,149.0,Active
S010234,C08420,P02,2025-07-16,,Monthly,79.0,Active
S010235,C08421,P03,2025-11-17,,Monthly,149.0,Active
S010236,C08422,P01,2025-04-20,2025-12-08,Monthly,29.0,Cancelled
S010237,C08423,P03,2024-02-26,,Monthly,149.0,Active
S010238,C08423,P02,2024-07-04,,Annual,79.0,Active
S010239,C08424,P03,2025-01-05,,Annual,149.0,Active
S010240,C08425,P01,2024-02-28,,Monthly,29.0,Active
S010241,C08426,P02,2024-03-25,,Monthly,79.0,Active
S010242,C08427,P03,2024-10-28,,Monthly,149.0,Active
S010243,C08427,P04,2025-09-03,,Monthly,399.0,Active
S010244,C08428,P02,2025-04-21,,Monthly,79.0,Active
S010245,C08429,P01,2025-10-09,,Monthly,29.0,Active
S010246,C08430,P03,2025-05-10,,Monthly,149.0,Active
S010247,C08430,P04,2025-11-29,,Monthly,399.0,Active
S010248,C08431,P03,2025-04-19,,Monthly,149.0,Active
S010249,C08432,P03,2024-04-01,,Monthly,149.0,Active
S010250,C08432,P04,2025-01-10,,Annual,399.0,Active
S010251,C08433,P03,2025-03-31,,Annual,149.0,Active
S010252,C08434,P02,2025-02-15,,Monthly,79.0,Active
S010253,C08434,P03,2025-09-19,,Monthly,149.0,Active
S010254,C08435,P02,2025-03-24,,Monthly,79.0,Active
S010255,C08436,P03,2025-01-13,,Annual,149.0,Active
S010256,C08437,P01,2024-10-04,,Monthly,29.0,Active
S010257,C08437,P02,2025-04-13,,Monthly,79.0,Active
S010258,C08438,P03,2025-10-13,,Monthly,149.0,Active
S010259,C08439,P01,2024-12-21,2025-06-02,Monthly,29.0,Cancelled
S010260,C08440,P01,2024-08-18,,Monthly,29.0,Active
S010261,C08441,P03,2024-05-04,,Annual,149.0,Active
S010262,C08442,P02,2024-12-28,,Annual,79.0,Active
S010263,C08443,P03,2025-03-31,,Monthly,149.0,Active
S010264,C08444,P02,2025-07-23,,Monthly,79.0,Active
S010265,C08445,P01,2024-12-29,,Monthly,29.0,Active
S010266,C08446,P01,2024-02-11,,Annual,29.0,Active
S010267,C08447,P01,2024-10-30,,Monthly,29.0,Active
S010268,C08448,P02,2025-08-29,,Monthly,79.0,Active
S010269,C08449,P02,2025-09-22,,Annual,79.0,Active
S010270,C08450,P02,2025-11-27,,Monthly,79.0,Active
S010271,C08451,P03,2025-08-24,,Monthly,149.0,Active
S010272,C08452,P03,2025-08-14,,Annual,149.0,Active
S010273,C08453,P02,2025-08-14,,Annual,79.0,Active
S010274,C08454,P03,2024-01-20,,Annual,149.0,Active
S010275,C08454,P02,2024-12-01,,Monthly,79.0,Active
S010276,C08455,P02,2024-05-05,,Monthly,79.0,Active
S010277,C08456,P02,2025-09-11,,Monthly,79.0,Active
S010278,C08457,P02,2024-06-08,,Annual,79.0,Active
S010279,C08458,P02,2025-11-18,,Annual,79.0,Active
S010280,C08459,P03,2025-09-26,,Monthly,149.0,Active
S010281,C08460,P02,2024-09-26,,Annual,79.0,Active
S010282,C08460,P03,2025-08-01,,Monthly,149.0,Active
S010283,C08461,P03,2024-07-18,,Monthly,149.0,Active
S010284,C08462,P03,2024-05-31,,Monthly,149.0,Active
S010285,C08462,P04,2025-03-28,,Monthly,399.0,Active
S010286,C08463,P02,2024-07-08,2024-11-10,Monthly,79.0,Cancelled
S010287,C08464,P02,2025-01-12,,Annual,79.0,Active
S010288,C08465,P02,2025-07-21,,Monthly,79.0,Active
S010289,C08466,P02,2025-01-08,,Annual,79.0,Active
S010290,C08466,P03,2025-12-19,,Monthly,149.0,Active
S010291,C08467,P01,2025-09-04,,Annual,29.0,Active
S010292,C08468,P01,2024-09-17,,Annual,29.0,Active
S010293,C08469,P04,2024-04-25,,Annual,399.0,Active
S010294,C08469,P04,2025-01-28,,Monthly,399.0,Active
S010295,C08470,P01,2024-12-01,,Monthly,29.0,Active
S010296,C08470,P02,2025-06-20,,Monthly,79.0,Active
S010297,C08471,P02,2025-03-25,2025-09-15,Monthly,79.0,Cancelled
S010298,C08471,P03,2025-09-15,2025-12-11,Monthly,149.0,Cancelled
S010299,C08472,P04,2024-12-13,,Annual,399.0,Active
S010300,C08473,P02,2025-03-19,2025-10-25,Monthly,79.0,Cancelled
S010301,C08474,P04,2025-01-30,,Annual,399.0,Active
S010302,C08474,P03,2025-07-18,,Annual,149.0,Active
S010303,C08475,P02,2025-07-28,2025-10-12,Monthly,79.0,Cancelled
S010304,C08476,P01,2025-05-31,2025-10-12,Annual,29.0,Cancelled
S010305,C08477,P02,2025-03-13,2025-12-24,Monthly,79.0,Cancelled
S010306,C08478,P01,2024-02-02,,Monthly,29.0,Active
S010307,C08479,P02,2025-11-22,,Monthly,79.0,Active
S010308,C08480,P02,2024-09-14,,Monthly,79.0,Active
S010309,C08481,P01,2024-07-27,2025-04-28,Monthly,29.0,Cancelled
S010310,C08482,P03,2024-03-26,,Annual,149.0,Active
S010311,C08483,P02,2024-01-09,,Annual,79.0,Active
S010312,C08484,P03,2024-09-21,,Annual,149.0,Active
S010313,C08485,P03,2025-07-21,2025-12-20,Annual,149.0,Cancelled
S010314,C08486,P02,2024-02-01,,Monthly,79.0,Active
S010315,C08486,P03,2024-08-05,,Monthly,149.0,Active
S010316,C08487,P03,2024-09-08,,Monthly,149.0,Active
S010317,C08488,P03,2025-06-28,,Monthly,149.0,Active
S010318,C08489,P01,2025-06-18,,Monthly,29.0,Active
S010319,C08490,P02,2024-03-14,,Monthly,79.0,Active
S010320,C08490,P03,2025-06-10,,Monthly,149.0,Active
S010321,C08490,P04,2025-09-20,,Monthly,399.0,Active
S010322,C08491,P02,2024-04-13,,Monthly,79.0,Active
S010323,C08492,P01,2024-09-17,,Monthly,29.0,Active
S010324,C08493,P01,2024-09-30,,Monthly,29.0,Active
S010325,C08494,P03,2025-01-31,,Monthly,149.0,Active
S010326,C08495,P01,2025-10-18,2025-12-18,Monthly,29.0,Cancelled
S010327,C08496,P03,2024-10-02,,Monthly,149.0,Active
S010328,C08497,P02,2024-01-11,,Monthly,79.0,Active
S010329,C08498,P01,2025-05-13,2025-08-06,Monthly,29.0,Cancelled
S010330,C08499,P03,2025-05-06,,Annual,149.0,Active
S010331,C08500,P01,2024-05-26,,Monthly,29.0,Active
S010332,C08500,P02,2025-11-22,,Annual,79.0,Active
S010333,C08501,P03,2024-01-07,,Monthly,149.0,Active
S010334,C08502,P04,2024-04-15,,Monthly,399.0,Active
S010335,C08503,P01,2025-06-27,,Annual,29.0,Active
S010336,C08504,P03,2024-02-11,2024-11-21,Monthly,149.0,Cancelled
S010337,C08505,P02,2025-09-27,,Monthly,79.0,Active
S010338,C08506,P01,2025-07-04,,Annual,29.0,Active
S010339,C08506,P02,2025-10-17,,Annual,79.0,Active
S010340,C08507,P01,2025-01-10,,Annual,29.0,Active
S010341,C08508,P01,2025-08-19,,Annual,29.0,Active
S010342,C08509,P01,2025-03-28,,Monthly,29.0,Active
S010343,C08510,P01,2024-07-10,,Monthly,29.0,Active
S010344,C08511,P02,2024-02-09,,Monthly,79.0,Active
S010345,C08512,P01,2024-11-25,,Monthly,29.0,Active
S010346,C08513,P03,2025-02-05,,Annual,149.0,Active
S010347,C08514,P03,2024-05-30,2025-01-15,Monthly,149.0,Cancelled
S010348,C08515,P01,2025-01-19,,Annual,29.0,Active
S010349,C08516,P03,2024-04-15,,Annual,149.0,Active
S010350,C08517,P01,2025-05-23,,Monthly,29.0,Active
S010351,C08518,P03,2024-01-09,,Annual,149.0,Active
S010352,C08519,P04,2024-01-19,2024-12-31,Monthly,399.0,Cancelled
S010353,C08520,P02,2024-01-06,2025-04-05,Monthly,79.0,Cancelled
S010354,C08521,P03,2025-01-20,,Monthly,149.0,Active
S010355,C08522,P01,2024-08-30,,Annual,29.0,Active
S010356,C08523,P04,2024-05-24,,Monthly,399.0,Active
S010357,C08523,P03,2025-04-11,,Monthly,149.0,Active
S010358,C08524,P02,2024-03-15,,Monthly,79.0,Active
S010359,C08524,P03,2024-07-24,,Monthly,149.0,Active
S010360,C08524,P04,2025-03-05,,Annual,399.0,Active
S010361,C08525,P03,2024-06-20,2025-06-27,Monthly,149.0,Cancelled
S010362,C08526,P03,2025-07-06,2025-10-13,Monthly,149.0,Cancelled
S010363,C08527,P01,2025-05-17,,Monthly,29.0,Active
S010364,C08528,P03,2025-04-02,,Annual,149.0,Active
S010365,C08529,P01,2025-09-12,,Annual,29.0,Active
S010366,C08530,P02,2024-06-21,2024-08-27,Monthly,79.0,Cancelled
S010367,C08531,P01,2025-01-03,2025-11-17,Monthly,29.0,Cancelled
S010368,C08532,P02,2024-09-15,,Monthly,79.0,Active
S010369,C08532,P03,2025-10-18,,Annual,149.0,Active
S010370,C08532,P04,2025-12-31,,Annual,399.0,Active
S010371,C08533,P03,2024-12-06,,Annual,149.0,Active
S010372,C08533,P02,2025-03-16,,Monthly,79.0,Active
S010373,C08534,P02,2025-01-08,,Monthly,79.0,Active
S010374,C08534,P01,2025-05-27,,Monthly,29.0,Active
S010375,C08535,P03,2024-07-17,2025-06-23,Monthly,149.0,Cancelled
S010376,C08536,P01,2024-11-20,,Monthly,29.0,Active
S010377,C08537,P01,2024-11-02,,Monthly,29.0,Active
S010378,C08538,P03,2025-11-08,,Monthly,149.0,Active
S010379,C08539,P02,2024-10-21,,Monthly,79.0,Active
S010380,C08540,P01,2025-01-14,,Monthly,29.0,Active
S010381,C08540,P02,2025-08-24,,Monthly,79.0,Active
S010382,C08541,P03,2024-01-29,,Annual,149.0,Active
S010383,C08541,P04,2024-09-09,,Annual,399.0,Active
S010384,C08542,P02,2025-09-25,,Monthly,79.0,Active
S010385,C08543,P02,2025-06-10,,Monthly,79.0,Active
S010386,C08544,P02,2025-04-16,2025-09-23,Annual,79.0,Cancelled
S010387,C08545,P02,2024-08-16,,Monthly,79.0,Active
S010388,C08546,P03,2025-06-28,,Annual,149.0,Active
S010389,C08547,P02,2024-09-15,,Monthly,79.0,Active
S010390,C08548,P02,2025-06-21,2025-09-20,Annual,79.0,Cancelled
S010391,C08549,P01,2024-03-29,,Monthly,29.0,Active
S010392,C08550,P02,2024-11-20,,Monthly,79.0,Active
S010393,C08551,P03,2024-11-05,,Monthly,149.0,Active
S010394,C08552,P02,2025-02-03,,Annual,79.0,Active
S010395,C08553,P02,2025-07-27,,Annual,79.0,Active
S010396,C08554,P02,2024-10-13,,Annual,79.0,Active
S010397,C08555,P02,2025-01-01,,Annual,79.0,Active
S010398,C08556,P02,2024-04-10,,Annual,79.0,Active
S010399,C08556,P03,2024-08-28,,Monthly,149.0,Active
S010400,C08556,P04,2025-11-06,,Monthly,399.0,Active
S010401,C08557,P01,2024-12-31,,Monthly,29.0,Active
S010402,C08558,P02,2024-11-30,2025-05-02,Monthly,79.0,Cancelled
S010403,C08558,P01,2025-05-02,2025-09-02,Monthly,29.0,Cancelled
S010404,C08559,P01,2024-11-25,,Monthly,29.0,Active
S010405,C08560,P02,2025-10-08,,Monthly,79.0,Active
S010406,C08561,P01,2025-07-08,,Monthly,29.0,Active
S010407,C08562,P02,2025-01-21,,Monthly,79.0,Active
S010408,C08562,P03,2025-10-27,,Monthly,149.0,Active
S010409,C08563,P01,2024-10-28,,Monthly,29.0,Active
S010410,C08564,P02,2025-02-17,,Monthly,79.0,Active
S010411,C08565,P04,2025-08-21,,Monthly,399.0,Active
S010412,C08566,P02,2024-02-17,,Monthly,79.0,Active
S010413,C08566,P03,2025-01-03,,Monthly,149.0,Active
S010414,C08566,P04,2025-06-14,,Monthly,399.0,Active
S010415,C08567,P01,2025-08-04,,Monthly,29.0,Active
S010416,C08568,P01,2025-10-26,2025-12-26,Monthly,29.0,Cancelled
S010417,C08569,P03,2024-03-31,,Monthly,149.0,Active
S010418,C08570,P03,2024-08-03,2025-04-06,Monthly,149.0,Cancelled
S010419,C08570,P04,2025-04-06,2025-05-17,Monthly,399.0,Cancelled
S010420,C08571,P01,2025-04-13,,Monthly,29.0,Active
S010421,C08572,P04,2024-06-30,,Monthly,399.0,Active
S010422,C08572,P04,2025-10-23,,Monthly,399.0,Active
S010423,C08573,P02,2025-01-27,,Monthly,79.0,Active
S010424,C08574,P01,2025-06-18,,Annual,29.0,Active
S010425,C08575,P03,2025-09-23,,Monthly,149.0,Active
S010426,C08576,P03,2025-04-06,,Monthly,149.0,Active
S010427,C08576,P04,2025-10-28,,Monthly,399.0,Active
S010428,C08577,P01,2024-11-29,2025-07-15,Monthly,29.0,Cancelled
S010429,C08577,P02,2025-07-15,2025-08-30,Annual,79.0,Cancelled
S010430,C08578,P02,2024-05-06,,Annual,79.0,Active
S010431,C08578,P03,2024-10-05,,Annual,149.0,Active
S010432,C08578,P04,2025-07-24,,Annual,399.0,Active
S010433,C08579,P02,2025-02-25,,Monthly,79.0,Active
S010434,C08580,P03,2024-03-18,,Monthly,149.0,Active
S010435,C08581,P01,2025-11-09,,Monthly,29.0,Active
S010436,C08582,P03,2025-02-05,,Annual,149.0,Active
S010437,C08583,P03,2025-06-05,,Monthly,149.0,Active
S010438,C08584,P02,2024-11-01,,Monthly,79.0,Active
S010439,C08585,P02,2025-04-15,,Monthly,79.0,Active
S010440,C08586,P01,2025-05-21,,Monthly,29.0,Active
S010441,C08587,P03,2025-09-21,,Monthly,149.0,Active
S010442,C08588,P01,2025-02-11,,Monthly,29.0,Active
S010443,C08588,P01,2025-11-06,,Monthly,29.0,Active
S010444,C08589,P01,2024-06-02,,Monthly,29.0,Active
S010445,C08589,P01,2025-09-26,,Monthly,29.0,Active
S010446,C08589,P01,2025-12-25,,Monthly,29.0,Active
S010447,C08590,P03,2025-03-21,,Annual,149.0,Active
S010448,C08591,P02,2025-04-03,,Monthly,79.0,Active
S010449,C08592,P03,2025-05-31,,Monthly,149.0,Active
S010450,C08593,P02,2024-10-27,,Annual,79.0,Active
S010451,C08594,P01,2024-05-02,,Monthly,29.0,Active
S010452,C08595,P01,2024-07-31,,Monthly,29.0,Active
S010453,C08596,P01,2024-05-08,2024-08-16,Monthly,29.0,Cancelled
S010454,C08597,P01,2024-07-08,,Annual,29.0,Active
S010455,C08598,P01,2024-11-29,,Annual,29.0,Active
S010456,C08599,P03,2024-04-08,,Monthly,149.0,Active
S010457,C08600,P01,2025-08-21,,Monthly,29.0,Active
S010458,C08601,P02,2025-10-25,,Monthly,79.0,Active
S010459,C08602,P02,2024-01-21,,Monthly,79.0,Active
S010460,C08603,P03,2024-04-22,,Monthly,149.0,Active
S010461,C08604,P03,2024-07-27,,Monthly,149.0,Active
S010462,C08605,P03,2025-01-24,,Annual,149.0,Active
S010463,C08606,P01,2024-01-28,2025-03-31,Annual,29.0,Cancelled
S010464,C08607,P03,2025-02-22,,Annual,149.0,Active
S010465,C08608,P01,2024-12-24,2025-12-18,Annual,29.0,Cancelled
S010466,C08609,P02,2024-08-31,,Monthly,79.0,Active
S010467,C08610,P02,2024-11-13,,Annual,79.0,Active
S010468,C08611,P03,2024-08-22,2024-11-12,Monthly,149.0,Cancelled
S010469,C08612,P01,2025-09-03,,Annual,29.0,Active
S010470,C08613,P03,2024-01-14,,Monthly,149.0,Active
S010471,C08613,P04,2024-10-14,,Monthly,399.0,Active
S010472,C08614,P01,2024-11-23,,Monthly,29.0,Active
S010473,C08615,P01,2024-04-24,,Monthly,29.0,Active
S010474,C08616,P01,2024-12-21,,Monthly,29.0,Active
S010475,C08617,P01,2024-10-18,,Annual,29.0,Active
S010476,C08617,P01,2025-03-31,,Monthly,29.0,Active
S010477,C08618,P02,2025-10-13,,Annual,79.0,Active
S010478,C08619,P02,2024-05-11,,Monthly,79.0,Active
S010479,C08620,P02,2025-10-21,,Monthly,79.0,Active
S010480,C08621,P01,2025-04-10,2025-06-24,Monthly,29.0,Cancelled
S010481,C08622,P03,2025-06-26,,Monthly,149.0,Active
S010482,C08622,P02,2025-12-20,,Monthly,79.0,Active
S010483,C08623,P01,2025-11-21,,Monthly,29.0,Active
S010484,C08624,P03,2024-03-07,,Monthly,149.0,Active
S010485,C08625,P04,2024-02-14,,Annual,399.0,Active
S010486,C08626,P04,2024-10-31,2025-09-26,Annual,399.0,Cancelled
S010487,C08627,P01,2024-06-09,,Monthly,29.0,Active
S010488,C08627,P02,2024-10-03,,Monthly,79.0,Active
S010489,C08628,P01,2025-03-02,,Monthly,29.0,Active
S010490,C08629,P01,2025-06-03,,Annual,29.0,Active
S010491,C08630,P02,2025-08-06,,Monthly,79.0,Active
S010492,C08631,P01,2025-02-08,2025-07-10,Monthly,29.0,Cancelled
S010493,C08632,P02,2025-01-24,,Annual,79.0,Active
S010494,C08632,P01,2025-05-13,,Monthly,29.0,Active
S010495,C08633,P01,2024-11-07,,Monthly,29.0,Active
S010496,C08634,P02,2024-05-05,,Monthly,79.0,Active
S010497,C08634,P03,2025-12-08,,Monthly,149.0,Active
S010498,C08634,P04,2025-12-31,,Monthly,399.0,Active
S010499,C08635,P02,2025-11-10,,Annual,79.0,Active
S010500,C08636,P04,2024-03-14,,Annual,399.0,Active
S010501,C08637,P01,2025-10-12,,Monthly,29.0,Active
S010502,C08638,P02,2025-09-25,2025-12-30,Annual,79.0,Cancelled
S010503,C08639,P02,2024-06-08,,Monthly,79.0,Active
S010504,C08639,P01,2024-11-03,,Annual,29.0,Active
S010505,C08640,P01,2025-04-06,,Monthly,29.0,Active
S010506,C08641,P04,2025-02-22,2025-06-02,Monthly,399.0,Cancelled
S010507,C08642,P01,2024-01-26,,Monthly,29.0,Active
S010508,C08643,P03,2025-09-24,,Annual,149.0,Active
S010509,C08644,P02,2024-03-16,,Monthly,79.0,Active
S010510,C08645,P03,2024-10-24,,Monthly,149.0,Active
S010511,C08646,P01,2025-11-01,,Monthly,29.0,Active
S010512,C08647,P02,2024-08-30,,Monthly,79.0,Active
S010513,C08648,P02,2025-03-15,,Monthly,79.0,Active
S010514,C08648,P03,2025-06-13,,Monthly,149.0,Active
S010515,C08649,P02,2024-06-27,,Monthly,79.0,Active
S010516,C08650,P02,2024-03-08,,Monthly,79.0,Active
S010517,C08651,P02,2024-06-05,,Monthly,79.0,Active
S010518,C08652,P01,2025-02-02,,Monthly,29.0,Active
S010519,C08652,P01,2025-06-13,,Monthly,29.0,Active
S010520,C08653,P04,2024-03-24,,Monthly,399.0,Active
S010521,C08654,P02,2024-06-18,,Monthly,79.0,Active
S010522,C08655,P02,2025-03-24,,Monthly,79.0,Active
S010523,C08656,P03,2024-04-27,,Monthly,149.0,Active
S010524,C08656,P04,2025-08-17,,Monthly,399.0,Active
S010525,C08657,P01,2024-12-09,,Monthly,29.0,Active
S010526,C08658,P02,2025-01-16,,Annual,79.0,Active
S010527,C08659,P02,2025-03-12,,Monthly,79.0,Active
S010528,C08659,P01,2025-07-14,,Monthly,29.0,Active
S010529,C08660,P02,2024-08-13,,Monthly,79.0,Active
S010530,C08661,P01,2025-10-15,,Monthly,29.0,Active
S010531,C08662,P04,2025-08-04,,Annual,399.0,Active
S010532,C08663,P02,2024-05-21,,Annual,79.0,Active
S010533,C08663,P03,2024-10-24,,Monthly,149.0,Active
S010534,C08664,P01,2025-08-25,,Monthly,29.0,Active
S010535,C08665,P02,2025-08-03,,Monthly,79.0,Active
S010536,C08666,P01,2024-11-23,,Monthly,29.0,Active
S010537,C08667,P01,2025-02-13,,Annual,29.0,Active
S010538,C08668,P04,2025-05-05,,Annual,399.0,Active
S010539,C08669,P01,2024-04-22,,Monthly,29.0,Active
S010540,C08670,P01,2024-07-03,,Monthly,29.0,Active
S010541,C08671,P02,2025-03-21,,Monthly,79.0,Active
S010542,C08672,P03,2025-02-20,,Monthly,149.0,Active
S010543,C08673,P02,2024-08-18,,Monthly,79.0,Active
S010544,C08674,P01,2024-07-26,,Monthly,29.0,Active
S010545,C08675,P03,2025-01-06,,Monthly,149.0,Active
S010546,C08676,P02,2025-02-23,,Monthly,79.0,Active
S010547,C08677,P03,2025-09-10,,Annual,149.0,Active
S010548,C08678,P02,2024-03-23,,Monthly,79.0,Active
S010549,C08679,P01,2024-10-10,,Monthly,29.0,Active
S010550,C08680,P03,2025-01-13,,Monthly,149.0,Active
S010551,C08680,P02,2025-09-28,,Annual,79.0,Active
S010552,C08681,P02,2024-08-02,,Monthly,79.0,Active
S010553,C08682,P02,2025-07-29,,Monthly,79.0,Active
S010554,C08683,P02,2024-07-01,,Annual,79.0,Active
S010555,C08684,P03,2024-07-03,,Monthly,149.0,Active
S010556,C08685,P01,2024-07-17,,Monthly,29.0,Active
S010557,C08686,P02,2024-10-24,2025-12-10,Monthly,79.0,Cancelled
S010558,C08687,P02,2024-06-21,,Annual,79.0,Active
S010559,C08688,P02,2024-03-12,,Monthly,79.0,Active
S010560,C08689,P03,2024-12-10,,Monthly,149.0,Active
S010561,C08690,P03,2025-08-17,,Monthly,149.0,Active
S010562,C08691,P01,2024-04-18,,Monthly,29.0,Active
S010563,C08692,P03,2024-05-24,,Monthly,149.0,Active
S010564,C08692,P04,2025-03-28,,Monthly,399.0,Active
S010565,C08693,P01,2024-03-18,2025-08-10,Monthly,29.0,Cancelled
S010566,C08694,P02,2024-01-28,,Monthly,79.0,Active
S010567,C08695,P01,2025-06-27,,Monthly,29.0,Active
S010568,C08696,P01,2025-03-19,,Monthly,29.0,Active
S010569,C08697,P03,2024-04-02,,Monthly,149.0,Active
S010570,C08698,P03,2024-09-09,,Monthly,149.0,Active
S010571,C08699,P03,2024-12-19,,Monthly,149.0,Active
S010572,C08699,P04,2025-10-23,,Monthly,399.0,Active
S010573,C08700,P01,2024-05-17,,Annual,29.0,Active
S010574,C08701,P01,2025-01-18,,Annual,29.0,Active
S010575,C08702,P01,2024-02-24,,Annual,29.0,Active
S010576,C08703,P01,2024-08-24,2025-06-27,Monthly,29.0,Cancelled
S010577,C08704,P04,2024-12-09,2025-12-03,Monthly,399.0,Cancelled
S010578,C08705,P03,2025-03-07,,Monthly,149.0,Active
S010579,C08706,P03,2024-02-19,,Monthly,149.0,Active
S010580,C08707,P01,2024-09-15,,Annual,29.0,Active
S010581,C08708,P02,2024-03-13,,Annual,79.0,Active
S010582,C08709,P02,2025-10-31,,Monthly,79.0,Active
S010583,C08710,P03,2024-12-24,,Monthly,149.0,Active
S010584,C08711,P03,2025-10-10,,Monthly,149.0,Active
S010585,C08712,P02,2024-04-27,,Monthly,79.0,Active
S010586,C08712,P03,2024-12-07,,Monthly,149.0,Active
S010587,C08713,P02,2024-05-20,,Monthly,79.0,Active
S010588,C08714,P03,2024-10-09,,Monthly,149.0,Active
S010589,C08715,P04,2024-04-16,,Monthly,399.0,Active
S010590,C08715,P03,2024-09-19,,Annual,149.0,Active
S010591,C08715,P02,2025-07-21,,Monthly,79.0,Active
S010592,C08716,P02,2024-04-23,,Monthly,79.0,Active
S010593,C08717,P01,2024-03-31,,Monthly,29.0,Active
S010594,C08717,P02,2024-07-20,,Monthly,79.0,Active
S010595,C08718,P02,2024-01-27,,Monthly,79.0,Active
S010596,C08718,P03,2025-05-29,,Monthly,149.0,Active
S010597,C08719,P01,2025-02-04,,Monthly,29.0,Active
S010598,C08719,P01,2025-08-08,,Monthly,29.0,Active
S010599,C08720,P03,2025-05-01,,Monthly,149.0,Active
S010600,C08721,P02,2024-02-10,,Annual,79.0,Active
S010601,C08722,P03,2025-03-24,,Annual,149.0,Active
S010602,C08723,P01,2024-07-07,,Annual,29.0,Active
S010603,C08724,P02,2024-10-04,2024-12-08,Monthly,79.0,Cancelled
S010604,C08725,P01,2025-05-24,,Annual,29.0,Active
S010605,C08726,P02,2025-11-06,,Monthly,79.0,Active
S010606,C08727,P01,2024-01-13,2025-05-27,Monthly,29.0,Cancelled
S010607,C08728,P02,2024-06-19,,Monthly,79.0,Active
S010608,C08729,P03,2025-10-18,,Monthly,149.0,Active
S010609,C08730,P02,2025-06-05,,Monthly,79.0,Active
S010610,C08731,P02,2024-04-05,,Monthly,79.0,Active
S010611,C08732,P04,2025-07-08,,Monthly,399.0,Active
S010612,C08733,P03,2025-08-25,,Annual,149.0,Active
S010613,C08734,P03,2024-12-09,2025-06-21,Monthly,149.0,Cancelled
S010614,C08735,P02,2024-12-09,,Monthly,79.0,Active
S010615,C08735,P03,2025-08-07,,Annual,149.0,Active
S010616,C08736,P01,2025-01-15,,Monthly,29.0,Active
S010617,C08737,P03,2025-11-14,,Monthly,149.0,Active
S010618,C08738,P03,2025-08-20,,Monthly,149.0,Active
S010619,C08739,P01,2024-06-11,2025-09-30,Monthly,29.0,Cancelled
S010620,C08740,P01,2025-05-31,,Annual,29.0,Active
S010621,C08741,P03,2025-10-31,2025-12-30,Annual,149.0,Cancelled
S010622,C08742,P01,2024-02-06,,Monthly,29.0,Active
S010623,C08742,P02,2025-11-29,,Monthly,79.0,Active
S010624,C08743,P04,2025-01-30,,Annual,399.0,Active
S010625,C08744,P03,2025-01-01,,Monthly,149.0,Active
S010626,C08745,P02,2025-10-27,,Monthly,79.0,Active
S010627,C08746,P04,2025-02-12,,Monthly,399.0,Active
S010628,C08747,P02,2024-03-18,2025-03-27,Monthly,79.0,Cancelled
S010629,C08748,P02,2024-03-17,,Monthly,79.0,Active
S010630,C08748,P01,2025-11-21,,Monthly,29.0,Active
S010631,C08748,P01,2025-12-31,,Monthly,29.0,Active
S010632,C08749,P01,2024-10-28,,Monthly,29.0,Active
S010633,C08750,P03,2024-08-08,,Annual,149.0,Active
S010634,C08751,P02,2024-08-04,,Monthly,79.0,Active
S010635,C08752,P01,2025-11-30,,Monthly,29.0,Active
S010636,C08753,P01,2025-10-26,,Monthly,29.0,Active
S010637,C08754,P02,2024-04-01,,Monthly,79.0,Active
S010638,C08755,P01,2025-09-22,,Monthly,29.0,Active
S010639,C08756,P02,2025-06-17,,Monthly,79.0,Active
S010640,C08757,P01,2024-09-23,,Monthly,29.0,Active
S010641,C08758,P02,2025-11-30,,Monthly,79.0,Active
S010642,C08759,P01,2025-10-31,,Annual,29.0,Active
S010643,C08760,P02,2024-02-13,2025-06-27,Monthly,79.0,Cancelled
S010644,C08761,P02,2025-03-09,2025-06-23,Annual,79.0,Cancelled
S010645,C08762,P02,2025-09-26,2025-11-26,Annual,79.0,Cancelled
S010646,C08763,P02,2025-04-28,,Monthly,79.0,Active
S010647,C08763,P03,2025-11-27,,Annual,149.0,Active
S010648,C08764,P02,2025-08-21,,Monthly,79.0,Active
S010649,C08765,P01,2024-08-30,2025-10-17,Monthly,29.0,Cancelled
S010650,C08766,P02,2024-11-08,,Annual,79.0,Active
S010651,C08767,P03,2025-05-21,2025-08-17,Monthly,149.0,Cancelled
S010652,C08768,P03,2024-05-31,,Monthly,149.0,Active
S010653,C08769,P01,2025-01-23,,Monthly,29.0,Active
S010654,C08770,P01,2024-01-15,2024-12-08,Monthly,29.0,Cancelled
S010655,C08771,P02,2024-02-19,,Monthly,79.0,Active
S010656,C08772,P02,2025-05-24,,Annual,79.0,Active
S010657,C08772,P01,2025-11-29,,Monthly,29.0,Active
S010658,C08773,P02,2024-08-09,2025-11-01,Monthly,79.0,Cancelled
S010659,C08774,P03,2025-01-12,,Monthly,149.0,Active
S010660,C08775,P01,2024-06-10,,Monthly,29.0,Active
S010661,C08776,P03,2024-09-03,2025-02-17,Annual,149.0,Cancelled
S010662,C08777,P02,2024-09-21,,Monthly,79.0,Active
S010663,C08778,P01,2025-07-24,,Monthly,29.0,Active
S010664,C08779,P03,2025-02-17,,Monthly,149.0,Active
S010665,C08780,P02,2024-02-07,,Monthly,79.0,Active
S010666,C08780,P03,2024-10-12,,Monthly,149.0,Active
S010667,C08780,P04,2025-03-28,,Monthly,399.0,Active
S010668,C08781,P03,2024-06-06,,Annual,149.0,Active
S010669,C08782,P04,2025-12-01,,Monthly,399.0,Active
S010670,C08783,P02,2025-02-09,,Annual,79.0,Active
S010671,C08784,P03,2024-11-16,2025-05-02,Monthly,149.0,Cancelled
S010672,C08784,P04,2025-05-02,2025-11-08,Monthly,399.0,Cancelled
S010673,C08785,P02,2025-08-03,,Monthly,79.0,Active
S010674,C08786,P01,2024-12-07,,Monthly,29.0,Active
S010675,C08787,P03,2024-09-26,,Monthly,149.0,Active
S010676,C08788,P03,2024-03-19,,Monthly,149.0,Active
S010677,C08789,P02,2025-08-15,2025-12-11,Monthly,79.0,Cancelled
S010678,C08790,P01,2025-06-13,,Annual,29.0,Active
S010679,C08791,P03,2025-06-02,,Monthly,149.0,Active
S010680,C08792,P04,2024-02-05,,Annual,399.0,Active
S010681,C08792,P03,2025-05-14,,Annual,149.0,Active
S010682,C08792,P02,2025-09-26,,Monthly,79.0,Active
S010683,C08793,P01,2024-04-13,,Annual,29.0,Active
S010684,C08793,P02,2025-02-25,,Monthly,79.0,Active
S010685,C08794,P01,2025-05-12,,Monthly,29.0,Active
S010686,C08794,P02,2025-12-04,,Monthly,79.0,Active
S010687,C08795,P04,2025-02-14,,Monthly,399.0,Active
S010688,C08796,P01,2025-05-01,,Monthly,29.0,Active
S010689,C08797,P02,2025-09-24,,Annual,79.0,Active
S010690,C08798,P01,2025-02-13,,Monthly,29.0,Active
S010691,C08799,P03,2024-05-20,,Monthly,149.0,Active
S010692,C08800,P01,2025-10-15,2025-12-24,Monthly,29.0,Cancelled
S010693,C08801,P04,2025-07-04,,Monthly,399.0,Active
S010694,C08802,P01,2024-05-30,,Monthly,29.0,Active
S010695,C08802,P02,2025-11-30,,Annual,79.0,Active
S010696,C08803,P02,2024-02-17,,Annual,79.0,Active
S010697,C08804,P01,2024-07-17,2024-12-13,Monthly,29.0,Cancelled
S010698,C08804,P02,2024-12-13,2025-05-18,Monthly,79.0,Cancelled
S010699,C08805,P02,2025-04-29,,Annual,79.0,Active
S010700,C08806,P02,2025-05-02,,Monthly,79.0,Active
S010701,C08806,P03,2025-12-27,,Monthly,149.0,Active
S010702,C08807,P01,2025-11-05,,Monthly,29.0,Active
S010703,C08808,P01,2024-10-21,2024-12-27,Annual,29.0,Cancelled
S010704,C08809,P03,2025-08-22,2025-11-16,Annual,149.0,Cancelled
S010705,C08810,P02,2025-06-24,,Monthly,79.0,Active
S010706,C08810,P01,2025-12-17,,Monthly,29.0,Active
S010707,C08811,P02,2025-02-11,,Monthly,79.0,Active
S010708,C08811,P03,2025-11-29,,Monthly,149.0,Active
S010709,C08812,P04,2025-06-15,,Annual,399.0,Active
S010710,C08813,P02,2025-02-09,2025-08-04,Monthly,79.0,Cancelled
S010711,C08814,P01,2025-07-28,,Monthly,29.0,Active
S010712,C08815,P01,2025-09-10,,Monthly,29.0,Active
S010713,C08816,P01,2024-08-21,2025-02-03,Monthly,29.0,Cancelled
S010714,C08817,P01,2024-01-21,,Monthly,29.0,Active
S010715,C08817,P02,2025-05-18,,Monthly,79.0,Active
S010716,C08817,P03,2025-11-25,,Monthly,149.0,Active
S010717,C08818,P02,2024-02-08,,Monthly,79.0,Active
S010718,C08819,P03,2024-06-24,,Monthly,149.0,Active
S010719,C08820,P02,2025-02-10,,Monthly,79.0,Active
S010720,C08820,P03,2025-12-29,,Monthly,149.0,Active
S010721,C08821,P03,2024-04-04,,Annual,149.0,Active
S010722,C08822,P03,2025-11-03,,Annual,149.0,Active
S010723,C08823,P01,2024-02-16,,Monthly,29.0,Active
S010724,C08824,P01,2024-06-21,,Monthly,29.0,Active
S010725,C08824,P02,2025-04-24,,Monthly,79.0,Active
S010726,C08825,P03,2025-10-20,,Monthly,149.0,Active
S010727,C08826,P04,2024-03-01,,Monthly,399.0,Active
S010728,C08827,P03,2024-05-17,,Annual,149.0,Active
S010729,C08827,P02,2024-12-12,,Annual,79.0,Active
S010730,C08828,P03,2024-05-05,,Monthly,149.0,Active
S010731,C08828,P02,2025-09-10,,Annual,79.0,Active
S010732,C08829,P03,2024-05-03,,Monthly,149.0,Active
S010733,C08830,P02,2025-07-24,,Monthly,79.0,Active
S010734,C08831,P01,2025-07-30,,Monthly,29.0,Active
S010735,C08832,P03,2025-11-05,,Monthly,149.0,Active
S010736,C08833,P01,2025-03-20,,Monthly,29.0,Active
S010737,C08834,P02,2025-07-23,,Annual,79.0,Active
S010738,C08835,P03,2024-03-14,,Annual,149.0,Active
S010739,C08836,P02,2025-02-02,,Monthly,79.0,Active
S010740,C08837,P01,2024-06-22,,Monthly,29.0,Active
S010741,C08838,P03,2025-06-21,,Monthly,149.0,Active
S010742,C08839,P04,2024-05-10,,Annual,399.0,Active
S010743,C08840,P01,2024-07-11,2025-05-12,Monthly,29.0,Cancelled
S010744,C08841,P04,2024-05-20,,Monthly,399.0,Active
S010745,C08842,P01,2024-09-25,2025-09-20,Annual,29.0,Cancelled
S010746,C08843,P03,2024-08-02,,Monthly,149.0,Active
S010747,C08844,P02,2024-08-29,2024-11-09,Monthly,79.0,Cancelled
S010748,C08845,P02,2024-01-19,,Monthly,79.0,Active
S010749,C08846,P02,2024-02-04,,Monthly,79.0,Active
S010750,C08847,P01,2024-01-24,2024-07-16,Monthly,29.0,Cancelled
S010751,C08848,P03,2025-04-09,,Annual,149.0,Active
S010752,C08848,P04,2025-09-05,,Monthly,399.0,Active
S010753,C08849,P01,2024-08-21,,Monthly,29.0,Active
S010754,C08850,P03,2024-12-20,,Monthly,149.0,Active
S010755,C08851,P01,2025-10-07,,Monthly,29.0,Active
S010756,C08852,P01,2024-06-12,,Annual,29.0,Active
S010757,C08852,P01,2025-05-11,,Monthly,29.0,Active
S010758,C08853,P02,2024-06-19,2024-10-03,Monthly,79.0,Cancelled
S010759,C08853,P03,2024-10-03,2025-10-24,Monthly,149.0,Cancelled
S010760,C08854,P01,2024-05-01,2025-02-28,Monthly,29.0,Cancelled
S010761,C08855,P02,2024-05-03,,Monthly,79.0,Active
S010762,C08856,P02,2025-01-05,,Monthly,79.0,Active
S010763,C08856,P03,2025-11-18,,Annual,149.0,Active
S010764,C08857,P03,2025-07-14,,Monthly,149.0,Active
S010765,C08858,P01,2025-05-28,2025-11-30,Annual,29.0,Cancelled
S010766,C08859,P01,2024-04-22,,Monthly,29.0,Active
S010767,C08860,P03,2025-04-13,,Monthly,149.0,Active
S010768,C08861,P03,2025-10-02,,Monthly,149.0,Active
S010769,C08862,P01,2025-08-28,,Monthly,29.0,Active
S010770,C08863,P04,2025-06-02,2025-10-20,Annual,399.0,Cancelled
S010771,C08864,P03,2025-08-17,,Annual,149.0,Active
S010772,C08865,P01,2024-05-25,,Monthly,29.0,Active
S010773,C08866,P04,2024-09-21,,Monthly,399.0,Active
S010774,C08867,P03,2025-08-01,,Annual,149.0,Active
S010775,C08868,P01,2025-05-26,,Annual,29.0,Active
S010776,C08869,P04,2025-04-10,,Monthly,399.0,Active
S010777,C08870,P04,2024-04-25,,Monthly,399.0,Active
S010778,C08871,P02,2024-08-12,,Monthly,79.0,Active
S010779,C08872,P02,2025-11-02,,Annual,79.0,Active
S010780,C08873,P01,2025-06-28,2025-09-09,Monthly,29.0,Cancelled
S010781,C08874,P02,2024-12-24,2025-10-22,Monthly,79.0,Cancelled
S010782,C08874,P03,2025-10-22,2025-10-30,Monthly,149.0,Cancelled
S010783,C08875,P02,2024-03-17,,Annual,79.0,Active
S010784,C08876,P02,2025-01-22,,Annual,79.0,Active
S010785,C08877,P01,2024-11-02,,Monthly,29.0,Active
S010786,C08878,P02,2025-06-29,2025-11-02,Monthly,79.0,Cancelled
S010787,C08879,P02,2025-04-24,,Monthly,79.0,Active
S010788,C08880,P03,2025-02-01,,Monthly,149.0,Active
S010789,C08881,P02,2025-05-18,,Monthly,79.0,Active
S010790,C08882,P02,2025-01-24,2025-11-22,Annual,79.0,Cancelled
S010791,C08883,P03,2024-12-30,,Monthly,149.0,Active
S010792,C08884,P02,2025-10-06,,Monthly,79.0,Active
S010793,C08885,P03,2024-12-02,,Monthly,149.0,Active
S010794,C08886,P02,2024-12-29,,Annual,79.0,Active
S010795,C08886,P01,2025-11-07,,Monthly,29.0,Active
S010796,C08886,P02,2025-12-31,,Monthly,79.0,Active
S010797,C08887,P03,2024-12-15,,Monthly,149.0,Active
S010798,C08887,P04,2025-08-01,,Monthly,399.0,Active
S010799,C08888,P02,2025-02-13,,Monthly,79.0,Active
S010800,C08889,P01,2024-06-09,,Annual,29.0,Active
S010801,C08890,P01,2025-08-05,,Monthly,29.0,Active
S010802,C08891,P02,2025-05-26,,Monthly,79.0,Active
S010803,C08891,P03,2025-10-24,,Monthly,149.0,Active
S010804,C08892,P02,2024-08-01,,Monthly,79.0,Active
S010805,C08892,P03,2025-09-07,,Annual,149.0,Active
S010806,C08893,P01,2025-09-16,,Monthly,29.0,Active
S010807,C08894,P02,2025-06-13,,Annual,79.0,Active
S010808,C08895,P01,2024-05-04,,Monthly,29.0,Active
S010809,C08895,P01,2025-02-17,,Monthly,29.0,Active
S010810,C08896,P02,2025-10-11,,Monthly,79.0,Active
S010811,C08897,P03,2024-07-17,,Monthly,149.0,Active
S010812,C08897,P04,2025-10-04,,Annual,399.0,Active
S010813,C08898,P02,2024-12-10,,Monthly,79.0,Active
S010814,C08899,P02,2024-02-01,2024-09-03,Monthly,79.0,Cancelled
S010815,C08899,P03,2024-09-03,2025-05-05,Monthly,149.0,Cancelled
S010816,C08900,P01,2024-09-08,2025-07-07,Monthly,29.0,Cancelled
S010817,C08901,P02,2024-09-01,,Monthly,79.0,Active
S010818,C08902,P02,2025-04-13,,Annual,79.0,Active
S010819,C08902,P03,2025-12-27,,Monthly,149.0,Active
S010820,C08903,P01,2025-01-12,2025-05-28,Monthly,29.0,Cancelled
S010821,C08904,P01,2024-08-10,2025-10-15,Monthly,29.0,Cancelled
S010822,C08905,P01,2024-06-18,,Monthly,29.0,Active
S010823,C08905,P02,2025-01-16,,Monthly,79.0,Active
S010824,C08906,P01,2025-06-04,,Annual,29.0,Active
S010825,C08907,P02,2025-06-16,,Monthly,79.0,Active
S010826,C08908,P01,2024-01-25,,Monthly,29.0,Active
S010827,C08909,P02,2025-09-16,2025-12-04,Annual,79.0,Cancelled
S010828,C08910,P01,2024-07-01,,Monthly,29.0,Active
S010829,C08911,P01,2025-02-17,,Annual,29.0,Active
S010830,C08912,P01,2024-06-11,,Monthly,29.0,Active
S010831,C08913,P02,2025-07-21,,Monthly,79.0,Active
S010832,C08914,P03,2024-08-18,,Monthly,149.0,Active
S010833,C08915,P04,2024-06-08,,Monthly,399.0,Active
S010834,C08916,P04,2024-09-12,,Monthly,399.0,Active
S010835,C08917,P01,2024-02-03,,Monthly,29.0,Active
S010836,C08918,P03,2025-03-04,,Annual,149.0,Active
S010837,C08919,P03,2025-09-08,,Annual,149.0,Active
S010838,C08920,P02,2024-05-02,,Annual,79.0,Active
S010839,C08921,P03,2024-12-03,,Monthly,149.0,Active
S010840,C08922,P03,2024-12-05,,Monthly,149.0,Active
S010841,C08923,P01,2024-12-01,,Monthly,29.0,Active
S010842,C08924,P03,2025-11-11,,Monthly,149.0,Active
S010843,C08925,P02,2025-11-30,,Monthly,79.0,Active
S010844,C08926,P01,2024-07-27,,Monthly,29.0,Active
S010845,C08927,P02,2025-09-05,,Monthly,79.0,Active
S010846,C08928,P02,2025-09-28,,Monthly,79.0,Active
S010847,C08929,P02,2024-08-24,,Monthly,79.0,Active
S010848,C08930,P01,2025-01-25,,Monthly,29.0,Active
S010849,C08931,P02,2024-11-22,,Annual,79.0,Active
S010850,C08932,P03,2025-09-28,,Monthly,149.0,Active
S010851,C08933,P03,2024-08-08,,Monthly,149.0,Active
S010852,C08934,P01,2025-02-22,,Monthly,29.0,Active
S010853,C08935,P03,2025-11-06,,Annual,149.0,Active
S010854,C08936,P02,2024-06-09,,Monthly,79.0,Active
S010855,C08937,P02,2025-08-29,,Monthly,79.0,Active
S010856,C08938,P02,2024-11-02,,Monthly,79.0,Active
S010857,C08939,P02,2025-09-10,,Monthly,79.0,Active
S010858,C08940,P01,2024-03-01,,Monthly,29.0,Active
S010859,C08940,P01,2025-02-21,,Monthly,29.0,Active
S010860,C08941,P02,2025-07-14,,Monthly,79.0,Active
S010861,C08942,P03,2025-07-25,,Monthly,149.0,Active
S010862,C08943,P02,2024-06-22,2024-09-19,Annual,79.0,Cancelled
S010863,C08944,P03,2024-06-17,,Annual,149.0,Active
S010864,C08945,P03,2024-05-03,2024-10-24,Monthly,149.0,Cancelled
S010865,C08946,P01,2025-01-06,,Monthly,29.0,Active
S010866,C08947,P03,2024-08-08,,Annual,149.0,Active
S010867,C08948,P04,2025-11-09,,Monthly,399.0,Active
S010868,C08949,P01,2024-08-14,2025-03-18,Monthly,29.0,Cancelled
S010869,C08949,P01,2025-03-18,2025-05-07,Monthly,29.0,Cancelled
S010870,C08950,P03,2025-04-16,,Monthly,149.0,Active
S010871,C08950,P04,2025-07-18,,Monthly,399.0,Active
S010872,C08951,P03,2025-05-15,,Monthly,149.0,Active
S010873,C08952,P03,2024-03-28,,Monthly,149.0,Active
S010874,C08953,P01,2025-04-04,,Annual,29.0,Active
S010875,C08954,P01,2025-08-09,,Monthly,29.0,Active
S010876,C08955,P02,2025-04-17,,Monthly,79.0,Active
S010877,C08956,P02,2025-06-28,,Monthly,79.0,Active
S010878,C08957,P01,2025-08-16,,Monthly,29.0,Active
S010879,C08958,P03,2024-12-19,,Monthly,149.0,Active
S010880,C08959,P02,2025-06-27,2025-12-10,Monthly,79.0,Cancelled
S010881,C08960,P03,2024-09-09,,Monthly,149.0,Active
S010882,C08961,P02,2025-06-24,,Annual,79.0,Active
S010883,C08962,P01,2024-12-29,,Monthly,29.0,Active
S010884,C08963,P03,2024-09-11,,Annual,149.0,Active
S010885,C08964,P01,2024-02-08,,Monthly,29.0,Active
S010886,C08965,P02,2025-05-25,,Annual,79.0,Active
S010887,C08966,P01,2025-08-06,,Monthly,29.0,Active
S010888,C08967,P03,2025-05-27,,Monthly,149.0,Active
S010889,C08968,P01,2025-10-12,,Monthly,29.0,Active
S010890,C08969,P01,2024-12-23,,Monthly,29.0,Active
S010891,C08969,P01,2025-07-13,,Monthly,29.0,Active
S010892,C08969,P01,2025-12-26,,Annual,29.0,Active
S010893,C08970,P03,2024-11-08,,Annual,149.0,Active
S010894,C08971,P02,2025-09-30,2025-12-19,Monthly,79.0,Cancelled
S010895,C08972,P04,2025-01-21,,Monthly,399.0,Active
S010896,C08973,P02,2025-11-01,,Annual,79.0,Active
S010897,C08974,P02,2024-12-15,,Monthly,79.0,Active
S010898,C08975,P01,2024-03-11,,Monthly,29.0,Active
S010899,C08976,P02,2024-03-07,,Monthly,79.0,Active
S010900,C08977,P01,2025-03-30,,Annual,29.0,Active
S010901,C08978,P03,2024-12-19,,Monthly,149.0,Active
S010902,C08978,P04,2025-11-24,,Monthly,399.0,Active
S010903,C08979,P02,2025-06-07,,Monthly,79.0,Active
S010904,C08980,P02,2025-11-06,,Monthly,79.0,Active
S010905,C08981,P04,2025-10-01,,Monthly,399.0,Active
S010906,C08982,P03,2025-01-15,,Monthly,149.0,Active
S010907,C08983,P01,2025-01-11,,Annual,29.0,Active
S010908,C08983,P02,2025-05-13,,Monthly,79.0,Active
S010909,C08984,P01,2024-09-25,2025-04-18,Monthly,29.0,Cancelled
S010910,C08985,P02,2025-08-29,,Monthly,79.0,Active
S010911,C08986,P02,2024-07-20,,Monthly,79.0,Active
S010912,C08987,P03,2025-03-07,,Monthly,149.0,Active
S010913,C08988,P02,2024-01-03,,Monthly,79.0,Active
S010914,C08988,P03,2024-09-01,,Annual,149.0,Active
S010915,C08989,P02,2025-10-27,,Monthly,79.0,Active
S010916,C08990,P01,2025-05-14,,Annual,29.0,Active
S010917,C08991,P02,2024-05-19,,Annual,79.0,Active
S010918,C08992,P01,2024-01-07,,Monthly,29.0,Active
S010919,C08993,P02,2024-05-12,,Monthly,79.0,Active
S010920,C08993,P03,2024-10-26,,Monthly,149.0,Active
S010921,C08993,P04,2025-02-09,,Monthly,399.0,Active
S010922,C08994,P02,2025-03-20,,Annual,79.0,Active
S010923,C08994,P03,2025-09-16,,Annual,149.0,Active
S010924,C08995,P02,2025-03-11,,Monthly,79.0,Active
S010925,C08995,P01,2025-09-27,,Monthly,29.0,Active
S010926,C08996,P02,2025-11-15,,Annual,79.0,Active
S010927,C08997,P02,2025-04-04,,Monthly,79.0,Active
S010928,C08998,P02,2024-07-26,,Annual,79.0,Active
S010929,C08999,P01,2024-04-27,,Monthly,29.0,Active
S010930,C09000,P04,2025-02-14,2025-10-03,Annual,399.0,Cancelled
S010931,C09001,P02,2025-04-10,2025-09-19,Monthly,79.0,Cancelled
S010932,C09002,P01,2024-02-19,,Monthly,29.0,Active
S010933,C09003,P02,2025-05-16,,Monthly,79.0,Active
S010934,C09004,P02,2024-04-04,,Monthly,79.0,Active
S010935,C09005,P02,2025-07-04,,Monthly,79.0,Active
S010936,C09006,P02,2025-09-25,,Annual,79.0,Active
S010937,C09007,P03,2024-06-09,2025-01-24,Monthly,149.0,Cancelled
S010938,C09008,P03,2025-02-16,2025-04-20,Monthly,149.0,Cancelled
S010939,C09009,P02,2025-03-13,,Monthly,79.0,Active
S010940,C09009,P03,2025-06-28,,Monthly,149.0,Active
S010941,C09010,P01,2025-11-16,,Monthly,29.0,Active
S010942,C09011,P03,2024-09-24,,Monthly,149.0,Active
S010943,C09012,P03,2025-08-10,,Monthly,149.0,Active
S010944,C09013,P01,2025-08-26,,Annual,29.0,Active
S010945,C09014,P04,2024-12-19,,Monthly,399.0,Active
S010946,C09015,P01,2025-02-13,2025-05-28,Monthly,29.0,Cancelled
S010947,C09016,P04,2024-06-26,,Monthly,399.0,Active
S010948,C09017,P02,2024-08-23,,Monthly,79.0,Active
S010949,C09018,P04,2025-08-23,,Annual,399.0,Active
S010950,C09019,P02,2025-01-01,,Monthly,79.0,Active
S010951,C09019,P03,2025-08-30,,Monthly,149.0,Active
S010952,C09020,P02,2024-12-02,2025-05-19,Monthly,79.0,Cancelled
S010953,C09021,P01,2024-11-23,,Monthly,29.0,Active
S010954,C09021,P02,2025-09-02,,Monthly,79.0,Active
S010955,C09022,P03,2024-01-05,,Annual,149.0,Active
S010956,C09023,P02,2024-06-22,,Monthly,79.0,Active
S010957,C09024,P02,2025-12-01,,Monthly,79.0,Active
S010958,C09025,P01,2025-06-25,2025-08-25,Annual,29.0,Cancelled
S010959,C09026,P03,2025-11-22,,Monthly,149.0,Active
S010960,C09027,P02,2024-10-07,,Monthly,79.0,Active
S010961,C09028,P02,2024-11-06,,Monthly,79.0,Active
S010962,C09029,P03,2025-05-19,,Monthly,149.0,Active
S010963,C09030,P01,2024-04-04,,Monthly,29.0,Active
S010964,C09030,P02,2024-12-28,,Monthly,79.0,Active
S010965,C09031,P01,2024-12-27,,Annual,29.0,Active
S010966,C09031,P01,2025-12-02,,Monthly,29.0,Active
S010967,C09031,P02,2025-12-31,,Annual,79.0,Active
S010968,C09032,P01,2025-05-07,2025-07-26,Monthly,29.0,Cancelled
S010969,C09033,P01,2025-12-01,,Monthly,29.0,Active
S010970,C09034,P03,2024-12-31,,Annual,149.0,Active
S010971,C09035,P01,2025-02-15,,Monthly,29.0,Active
S010972,C09036,P02,2024-06-04,,Monthly,79.0,Active
S010973,C09037,P02,2024-09-15,,Annual,79.0,Active
S010974,C09038,P01,2024-01-13,2024-05-22,Annual,29.0,Cancelled
S010975,C09038,P02,2024-05-22,2025-01-06,Monthly,79.0,Cancelled
S010976,C09039,P01,2024-02-24,,Annual,29.0,Active
S010977,C09040,P01,2024-10-06,,Monthly,29.0,Active
S010978,C09041,P02,2025-01-07,,Monthly,79.0,Active
S010979,C09042,P02,2024-05-31,2025-12-06,Monthly,79.0,Cancelled
S010980,C09043,P01,2024-12-24,,Monthly,29.0,Active
S010981,C09044,P02,2025-06-13,,Annual,79.0,Active
S010982,C09044,P03,2025-11-15,,Monthly,149.0,Active
S010983,C09045,P01,2025-07-30,,Annual,29.0,Active
S010984,C09046,P01,2024-07-01,,Monthly,29.0,Active
S010985,C09047,P03,2025-09-13,,Monthly,149.0,Active
S010986,C09048,P01,2025-06-18,,Monthly,29.0,Active
S010987,C09049,P02,2025-02-06,2025-05-20,Monthly,79.0,Cancelled
S010988,C09050,P03,2024-08-30,,Monthly,149.0,Active
S010989,C09050,P02,2025-10-29,,Annual,79.0,Active
S010990,C09051,P03,2024-06-22,,Annual,149.0,Active
S010991,C09051,P02,2025-01-31,,Monthly,79.0,Active
S010992,C09052,P01,2024-03-11,,Annual,29.0,Active
S010993,C09053,P02,2025-01-17,,Monthly,79.0,Active
S010994,C09053,P03,2025-06-18,,Annual,149.0,Active
S010995,C09054,P02,2025-09-04,,Monthly,79.0,Active
S010996,C09055,P01,2024-12-02,,Monthly,29.0,Active
S010997,C09056,P02,2025-06-28,2025-08-30,Monthly,79.0,Cancelled
S010998,C09057,P02,2024-04-01,,Monthly,79.0,Active
S010999,C09058,P03,2025-05-30,,Monthly,149.0,Active
S011000,C09059,P02,2024-05-28,,Monthly,79.0,Active
S011001,C09060,P02,2025-06-13,,Monthly,79.0,Active
S011002,C09061,P03,2025-11-18,,Annual,149.0,Active
S011003,C09062,P01,2024-03-17,,Annual,29.0,Active
S011004,C09063,P03,2024-04-01,,Monthly,149.0,Active
S011005,C09064,P01,2024-05-05,,Monthly,29.0,Active
S011006,C09065,P01,2024-09-15,,Monthly,29.0,Active
S011007,C09066,P01,2024-06-06,,Monthly,29.0,Active
S011008,C09067,P02,2025-09-30,,Monthly,79.0,Active
S011009,C09068,P01,2024-10-22,2025-02-25,Monthly,29.0,Cancelled
S011010,C09069,P03,2025-07-21,,Monthly,149.0,Active
S011011,C09070,P02,2024-05-17,2024-11-19,Annual,79.0,Cancelled
S011012,C09071,P02,2025-11-02,,Annual,79.0,Active
S011013,C09072,P02,2024-01-08,,Monthly,79.0,Active
S011014,C09072,P01,2025-08-14,,Monthly,29.0,Active
S011015,C09072,P02,2025-11-17,,Monthly,79.0,Active
S011016,C09073,P03,2025-07-01,,Monthly,149.0,Active
S011017,C09074,P04,2024-09-05,,Monthly,399.0,Active
S011018,C09075,P02,2025-06-17,,Monthly,79.0,Active
S011019,C09076,P03,2025-10-08,,Monthly,149.0,Active
S011020,C09077,P03,2025-03-27,,Monthly,149.0,Active
S011021,C09077,P04,2025-07-13,,Monthly,399.0,Active
S011022,C09078,P02,2025-11-16,,Monthly,79.0,Active
S011023,C09079,P02,2024-01-25,,Monthly,79.0,Active
S011024,C09080,P02,2024-05-28,,Annual,79.0,Active
S011025,C09080,P03,2025-06-28,,Monthly,149.0,Active
S011026,C09080,P04,2025-12-26,,Monthly,399.0,Active
S011027,C09081,P02,2025-01-20,,Monthly,79.0,Active
S011028,C09082,P02,2025-06-05,2025-08-06,Monthly,79.0,Cancelled
S011029,C09083,P03,2025-10-10,,Monthly,149.0,Active
S011030,C09084,P02,2025-06-06,,Annual,79.0,Active
S011031,C09084,P03,2025-12-19,,Monthly,149.0,Active
S011032,C09085,P03,2024-02-01,,Monthly,149.0,Active
S011033,C09086,P02,2024-04-27,,Monthly,79.0,Active
S011034,C09086,P03,2025-08-09,,Monthly,149.0,Active
S011035,C09087,P02,2024-05-08,,Monthly,79.0,Active
S011036,C09088,P02,2024-05-04,,Monthly,79.0,Active
S011037,C09089,P04,2024-04-12,,Monthly,399.0,Active
S011038,C09090,P01,2024-08-11,,Annual,29.0,Active
S011039,C09091,P02,2024-09-13,,Monthly,79.0,Active
S011040,C09092,P02,2025-01-07,,Annual,79.0,Active
S011041,C09093,P03,2024-04-20,,Annual,149.0,Active
S011042,C09094,P04,2024-12-08,,Monthly,399.0,Active
S011043,C09095,P01,2024-12-28,,Monthly,29.0,Active
S011044,C09096,P01,2025-07-01,2025-10-11,Monthly,29.0,Cancelled
S011045,C09097,P01,2024-03-19,,Monthly,29.0,Active
S011046,C09098,P02,2025-08-28,2025-11-17,Monthly,79.0,Cancelled
S011047,C09099,P02,2025-11-28,,Monthly,79.0,Active
S011048,C09100,P02,2024-10-31,,Monthly,79.0,Active
S011049,C09101,P01,2024-03-06,,Annual,29.0,Active
S011050,C09102,P01,2024-08-23,2024-11-30,Monthly,29.0,Cancelled
S011051,C09103,P02,2024-11-16,,Monthly,79.0,Active
S011052,C09104,P03,2025-11-05,,Annual,149.0,Active
S011053,C09105,P04,2024-11-19,,Annual,399.0,Active
S011054,C09105,P04,2025-06-26,,Annual,399.0,Active
S011055,C09105,P04,2025-10-20,,Monthly,399.0,Active
S011056,C09106,P02,2024-10-12,,Monthly,79.0,Active
S011057,C09107,P03,2025-11-01,,Monthly,149.0,Active
S011058,C09108,P03,2025-06-16,,Monthly,149.0,Active
S011059,C09109,P03,2024-02-15,,Monthly,149.0,Active
S011060,C09109,P04,2025-09-28,,Monthly,399.0,Active
S011061,C09110,P01,2025-10-08,,Annual,29.0,Active
S011062,C09111,P03,2024-07-02,,Monthly,149.0,Active
S011063,C09111,P02,2025-03-05,,Monthly,79.0,Active
S011064,C09112,P01,2025-10-03,,Annual,29.0,Active
S011065,C09113,P01,2024-09-24,,Monthly,29.0,Active
S011066,C09113,P02,2025-09-05,,Annual,79.0,Active
S011067,C09114,P02,2024-06-01,,Monthly,79.0,Active
S011068,C09115,P01,2025-11-01,,Annual,29.0,Active
S011069,C09116,P02,2024-12-03,,Annual,79.0,Active
S011070,C09116,P01,2025-04-13,,Monthly,29.0,Active
S011071,C09117,P01,2024-06-18,,Annual,29.0,Active
S011072,C09117,P01,2025-11-14,,Monthly,29.0,Active
S011073,C09118,P01,2025-08-05,,Monthly,29.0,Active
S011074,C09119,P03,2024-02-05,,Monthly,149.0,Active
S011075,C09120,P01,2024-05-01,,Monthly,29.0,Active
S011076,C09121,P01,2024-03-26,,Annual,29.0,Active
S011077,C09121,P01,2025-12-19,,Monthly,29.0,Active
S011078,C09122,P01,2025-01-26,,Monthly,29.0,Active
S011079,C09123,P04,2024-11-05,,Monthly,399.0,Active
S011080,C09124,P03,2024-12-12,,Monthly,149.0,Active
S011081,C09125,P02,2025-02-23,,Monthly,79.0,Active
S011082,C09126,P03,2025-05-28,,Monthly,149.0,Active
S011083,C09127,P02,2024-10-01,,Annual,79.0,Active
S011084,C09128,P01,2024-12-04,,Monthly,29.0,Active
S011085,C09129,P03,2025-03-28,,Monthly,149.0,Active
S011086,C09130,P02,2024-12-13,,Annual,79.0,Active
S011087,C09131,P02,2024-02-27,,Annual,79.0,Active
S011088,C09132,P02,2024-11-18,,Monthly,79.0,Active
S011089,C09133,P03,2025-03-12,,Monthly,149.0,Active
S011090,C09134,P02,2025-04-13,2025-12-11,Monthly,79.0,Cancelled
S011091,C09135,P03,2025-02-14,,Annual,149.0,Active
S011092,C09136,P01,2025-04-12,,Monthly,29.0,Active
S011093,C09136,P01,2025-09-21,,Monthly,29.0,Active
S011094,C09137,P02,2025-06-11,2025-10-25,Monthly,79.0,Cancelled
S011095,C09138,P04,2024-11-27,,Monthly,399.0,Active
S011096,C09138,P04,2025-04-24,,Annual,399.0,Active
S011097,C09139,P01,2025-08-11,,Monthly,29.0,Active
S011098,C09140,P01,2024-11-14,,Monthly,29.0,Active
S011099,C09141,P02,2024-03-20,,Monthly,79.0,Active
S011100,C09141,P03,2025-05-22,,Monthly,149.0,Active
S011101,C09141,P02,2025-10-24,,Monthly,79.0,Active
S011102,C09142,P03,2025-08-24,,Annual,149.0,Active
S011103,C09143,P03,2025-01-30,,Monthly,149.0,Active
S011104,C09144,P01,2024-08-27,2025-03-18,Monthly,29.0,Cancelled
S011105,C09145,P02,2025-03-30,,Annual,79.0,Active
S011106,C09146,P01,2025-11-03,,Annual,29.0,Active
S011107,C09147,P03,2025-11-07,,Annual,149.0,Active
S011108,C09148,P03,2024-02-18,,Monthly,149.0,Active
S011109,C09148,P04,2024-06-03,,Monthly,399.0,Active
S011110,C09149,P02,2025-05-06,,Monthly,79.0,Active
S011111,C09149,P01,2025-09-04,,Monthly,29.0,Active
S011112,C09150,P01,2025-10-15,,Monthly,29.0,Active
S011113,C09151,P03,2024-12-12,2025-07-24,Annual,149.0,Cancelled
S011114,C09152,P02,2024-03-13,,Monthly,79.0,Active
S011115,C09153,P02,2024-02-06,,Annual,79.0,Active
S011116,C09154,P03,2024-07-20,,Monthly,149.0,Active
S011117,C09155,P01,2024-10-07,2025-03-08,Monthly,29.0,Cancelled
S011118,C09156,P02,2025-01-08,,Monthly,79.0,Active
S011119,C09157,P02,2025-03-16,,Annual,79.0,Active
S011120,C09158,P01,2024-07-01,,Monthly,29.0,Active
S011121,C09159,P01,2025-04-12,,Annual,29.0,Active
S011122,C09160,P02,2025-06-20,,Monthly,79.0,Active
S011123,C09161,P02,2024-10-17,2025-01-11,Monthly,79.0,Cancelled
S011124,C09162,P02,2024-05-22,2024-12-01,Monthly,79.0,Cancelled
S011125,C09163,P02,2025-01-02,,Monthly,79.0,Active
S011126,C09164,P02,2025-08-25,,Monthly,79.0,Active
S011127,C09165,P02,2025-07-28,,Monthly,79.0,Active
S011128,C09166,P02,2025-02-02,,Annual,79.0,Active
S011129,C09167,P02,2025-05-13,,Annual,79.0,Active
S011130,C09167,P03,2025-08-31,,Annual,149.0,Active
S011131,C09168,P02,2024-03-01,,Monthly,79.0,Active
S011132,C09169,P01,2024-10-22,,Monthly,29.0,Active
S011133,C09170,P03,2024-07-06,,Monthly,149.0,Active
S011134,C09171,P04,2024-11-20,,Monthly,399.0,Active
S011135,C09172,P02,2024-04-16,,Monthly,79.0,Active
S011136,C09173,P01,2024-01-30,2024-12-13,Monthly,29.0,Cancelled
S011137,C09174,P02,2024-11-30,,Monthly,79.0,Active
S011138,C09175,P02,2024-05-13,,Monthly,79.0,Active
S011139,C09176,P01,2024-01-29,,Monthly,29.0,Active
S011140,C09177,P02,2025-05-15,,Monthly,79.0,Active
S011141,C09178,P02,2024-10-10,,Monthly,79.0,Active
S011142,C09178,P03,2025-11-14,,Annual,149.0,Active
S011143,C09179,P02,2024-11-25,2025-06-14,Monthly,79.0,Cancelled
S011144,C09180,P02,2024-10-21,,Annual,79.0,Active
S011145,C09181,P01,2025-09-30,,Monthly,29.0,Active
S011146,C09182,P01,2024-01-18,,Monthly,29.0,Active
S011147,C09182,P02,2025-08-08,,Monthly,79.0,Active
S011148,C09182,P03,2025-11-22,,Monthly,149.0,Active
S011149,C09183,P02,2024-04-09,,Monthly,79.0,Active
S011150,C09184,P02,2024-11-04,,Monthly,79.0,Active
S011151,C09185,P02,2025-05-27,,Monthly,79.0,Active
S011152,C09185,P01,2025-09-16,,Annual,29.0,Active
S011153,C09186,P02,2025-07-12,,Monthly,79.0,Active
S011154,C09187,P03,2025-06-05,,Monthly,149.0,Active
S011155,C09188,P01,2024-10-26,2025-02-12,Monthly,29.0,Cancelled
S011156,C09189,P01,2025-03-02,,Monthly,29.0,Active
S011157,C09190,P02,2024-12-07,,Monthly,79.0,Active
S011158,C09190,P03,2025-09-15,,Monthly,149.0,Active
S011159,C09190,P04,2025-12-16,,Monthly,399.0,Active
S011160,C09191,P03,2024-11-22,,Annual,149.0,Active
S011161,C09192,P04,2024-07-26,,Annual,399.0,Active
S011162,C09193,P03,2024-08-02,,Monthly,149.0,Active
S011163,C09194,P02,2024-04-18,,Monthly,79.0,Active
S011164,C09195,P01,2024-12-15,,Monthly,29.0,Active
S011165,C09196,P01,2025-01-20,,Annual,29.0,Active
S011166,C09197,P01,2024-04-03,,Annual,29.0,Active
S011167,C09198,P03,2025-04-07,,Monthly,149.0,Active
S011168,C09199,P03,2024-10-01,,Monthly,149.0,Active
S011169,C09200,P03,2024-08-15,,Monthly,149.0,Active
S011170,C09201,P02,2024-02-24,,Monthly,79.0,Active
S011171,C09202,P02,2024-11-28,,Monthly,79.0,Active
S011172,C09202,P03,2025-08-27,,Monthly,149.0,Active
S011173,C09203,P01,2025-07-02,,Monthly,29.0,Active
S011174,C09203,P01,2025-11-05,,Monthly,29.0,Active
S011175,C09204,P01,2024-11-30,,Monthly,29.0,Active
S011176,C09204,P02,2025-04-27,,Monthly,79.0,Active
S011177,C09205,P03,2025-03-22,,Annual,149.0,Active
S011178,C09206,P02,2024-01-02,,Monthly,79.0,Active
S011179,C09207,P01,2024-04-22,2025-08-26,Monthly,29.0,Cancelled
S011180,C09208,P03,2024-07-22,2025-10-13,Monthly,149.0,Cancelled
S011181,C09209,P02,2025-08-14,,Annual,79.0,Active
S011182,C09210,P03,2025-04-01,,Monthly,149.0,Active
S011183,C09211,P01,2024-06-02,,Annual,29.0,Active
S011184,C09212,P04,2024-08-26,,Monthly,399.0,Active
S011185,C09213,P04,2024-09-25,,Monthly,399.0,Active
S011186,C09213,P04,2025-10-15,,Monthly,399.0,Active
S011187,C09214,P03,2024-12-22,,Monthly,149.0,Active
S011188,C09215,P01,2024-02-18,,Monthly,29.0,Active
S011189,C09215,P02,2024-05-28,,Monthly,79.0,Active
S011190,C09216,P03,2024-01-19,2024-11-21,Annual,149.0,Cancelled
S011191,C09217,P02,2024-11-30,,Monthly,79.0,Active
S011192,C09218,P04,2025-06-11,,Monthly,399.0,Active
S011193,C09218,P04,2025-12-01,,Monthly,399.0,Active
S011194,C09219,P02,2024-11-24,,Monthly,79.0,Active
S011195,C09219,P01,2025-06-22,,Monthly,29.0,Active
S011196,C09219,P02,2025-11-02,,Monthly,79.0,Active
S011197,C09220,P02,2024-11-16,2025-07-04,Monthly,79.0,Cancelled
S011198,C09221,P01,2024-12-15,,Monthly,29.0,Active
S011199,C09222,P02,2025-04-12,,Monthly,79.0,Active
S011200,C09223,P01,2024-06-24,,Monthly,29.0,Active
S011201,C09224,P01,2025-09-07,2025-12-28,Monthly,29.0,Cancelled
S011202,C09225,P02,2025-01-18,,Monthly,79.0,Active
S011203,C09226,P02,2025-06-01,,Monthly,79.0,Active
S011204,C09227,P02,2025-05-28,2025-09-18,Monthly,79.0,Cancelled
S011205,C09228,P02,2024-03-22,,Monthly,79.0,Active
S011206,C09229,P01,2025-09-19,,Monthly,29.0,Active
S011207,C09230,P02,2024-02-05,,Monthly,79.0,Active
S011208,C09231,P02,2024-03-16,,Monthly,79.0,Active
S011209,C09231,P03,2024-07-13,,Monthly,149.0,Active
S011210,C09232,P02,2025-03-15,,Monthly,79.0,Active
S011211,C09233,P03,2025-10-31,,Monthly,149.0,Active
S011212,C09234,P01,2024-12-20,,Monthly,29.0,Active
S011213,C09235,P01,2025-03-08,,Monthly,29.0,Active
S011214,C09235,P01,2025-11-05,,Annual,29.0,Active
S011215,C09236,P01,2025-08-06,,Monthly,29.0,Active
S011216,C09237,P02,2024-07-03,,Monthly,79.0,Active
S011217,C09237,P03,2024-10-18,,Annual,149.0,Active
S011218,C09238,P02,2024-11-22,,Annual,79.0,Active
S011219,C09239,P01,2024-06-23,,Monthly,29.0,Active
S011220,C09239,P02,2024-12-23,,Monthly,79.0,Active
S011221,C09239,P03,2025-07-03,,Annual,149.0,Active
S011222,C09240,P02,2024-12-05,,Monthly,79.0,Active
S011223,C09240,P03,2025-09-26,,Annual,149.0,Active
S011224,C09241,P04,2024-06-15,,Annual,399.0,Active
S011225,C09241,P04,2024-11-01,,Monthly,399.0,Active
S011226,C09242,P03,2025-02-02,,Monthly,149.0,Active
S011227,C09243,P03,2025-05-19,,Monthly,149.0,Active
S011228,C09244,P03,2024-03-31,,Monthly,149.0,Active
S011229,C09245,P01,2025-05-24,,Monthly,29.0,Active
S011230,C09245,P02,2025-10-04,,Monthly,79.0,Active
S011231,C09246,P03,2024-03-08,,Annual,149.0,Active
S011232,C09247,P02,2024-04-10,2024-08-30,Monthly,79.0,Cancelled
S011233,C09248,P02,2025-10-17,,Monthly,79.0,Active
S011234,C09249,P03,2024-10-06,,Annual,149.0,Active
S011235,C09249,P04,2025-10-12,,Monthly,399.0,Active
S011236,C09250,P01,2025-11-01,,Annual,29.0,Active
S011237,C09251,P01,2025-09-03,,Monthly,29.0,Active
S011238,C09252,P02,2025-11-14,,Monthly,79.0,Active
S011239,C09253,P02,2025-11-17,,Monthly,79.0,Active
S011240,C09254,P03,2024-11-03,,Monthly,149.0,Active
S011241,C09254,P04,2025-04-21,,Annual,399.0,Active
S011242,C09255,P03,2024-04-15,2024-07-25,Monthly,149.0,Cancelled
S011243,C09256,P03,2025-06-18,2025-11-21,Annual,149.0,Cancelled
S011244,C09257,P01,2025-02-17,,Monthly,29.0,Active
S011245,C09258,P02,2025-01-21,2025-06-26,Annual,79.0,Cancelled
S011246,C09259,P02,2024-07-11,,Monthly,79.0,Active
S011247,C09260,P01,2025-04-05,,Monthly,29.0,Active
S011248,C09261,P03,2024-11-23,,Monthly,149.0,Active
S011249,C09262,P02,2024-09-04,,Monthly,79.0,Active
S011250,C09263,P02,2025-11-30,,Annual,79.0,Active
S011251,C09264,P03,2025-09-28,,Monthly,149.0,Active
S011252,C09265,P02,2024-01-26,,Monthly,79.0,Active
S011253,C09266,P03,2025-05-16,2025-07-16,Monthly,149.0,Cancelled
S011254,C09267,P01,2025-01-07,,Monthly,29.0,Active
S011255,C09268,P03,2025-03-16,,Monthly,149.0,Active
S011256,C09269,P03,2025-06-25,,Monthly,149.0,Active
S011257,C09270,P02,2025-04-04,,Annual,79.0,Active
S011258,C09270,P03,2025-10-10,,Monthly,149.0,Active
S011259,C09271,P01,2025-03-21,2025-08-11,Annual,29.0,Cancelled
S011260,C09271,P02,2025-08-11,2025-10-19,Monthly,79.0,Cancelled
S011261,C09272,P01,2024-05-04,2025-04-13,Annual,29.0,Cancelled
S011262,C09272,P01,2025-04-13,2025-10-07,Annual,29.0,Cancelled
S011263,C09273,P03,2025-08-27,,Annual,149.0,Active
S011264,C09274,P02,2025-07-21,,Annual,79.0,Active
S011265,C09275,P03,2025-10-10,,Monthly,149.0,Active
S011266,C09276,P03,2024-08-09,,Annual,149.0,Active
S011267,C09276,P02,2025-03-14,,Monthly,79.0,Active
S011268,C09277,P01,2025-01-20,,Monthly,29.0,Active
S011269,C09277,P02,2025-10-03,,Monthly,79.0,Active
S011270,C09278,P02,2025-11-24,,Monthly,79.0,Active
S011271,C09279,P04,2024-12-10,,Annual,399.0,Active
S011272,C09280,P01,2025-06-16,2025-09-23,Monthly,29.0,Cancelled
S011273,C09281,P02,2025-02-16,,Monthly,79.0,Active
S011274,C09282,P03,2024-03-15,,Monthly,149.0,Active
S011275,C09283,P03,2025-04-04,,Monthly,149.0,Active
S011276,C09284,P02,2025-04-24,,Monthly,79.0,Active
S011277,C09285,P03,2024-04-28,,Monthly,149.0,Active
S011278,C09286,P03,2024-07-21,,Monthly,149.0,Active
S011279,C09287,P01,2024-11-06,,Monthly,29.0,Active
S011280,C09287,P02,2025-09-10,,Monthly,79.0,Active
S011281,C09287,P03,2025-12-28,,Monthly,149.0,Active
S011282,C09288,P02,2024-03-03,,Monthly,79.0,Active
S011283,C09289,P02,2025-06-06,2025-12-30,Annual,79.0,Cancelled
S011284,C09290,P01,2024-03-07,,Monthly,29.0,Active
S011285,C09291,P02,2025-08-13,,Monthly,79.0,Active
S011286,C09292,P03,2024-12-22,,Annual,149.0,Active
S011287,C09293,P02,2024-07-16,,Monthly,79.0,Active
S011288,C09294,P04,2024-09-16,,Monthly,399.0,Active
S011289,C09295,P02,2025-06-10,,Monthly,79.0,Active
S011290,C09295,P03,2025-11-18,,Monthly,149.0,Active
S011291,C09296,P02,2025-08-14,,Annual,79.0,Active
S011292,C09297,P01,2025-02-01,2025-09-22,Annual,29.0,Cancelled
S011293,C09298,P03,2025-05-06,,Annual,149.0,Active
S011294,C09299,P03,2024-04-29,,Monthly,149.0,Active
S011295,C09300,P02,2025-10-03,,Monthly,79.0,Active
S011296,C09301,P01,2025-09-29,,Annual,29.0,Active
S011297,C09302,P03,2025-04-19,2025-11-29,Monthly,149.0,Cancelled
S011298,C09303,P04,2025-09-13,,Annual,399.0,Active
S011299,C09304,P03,2024-10-19,,Annual,149.0,Active
S011300,C09305,P03,2024-04-14,,Annual,149.0,Active
S011301,C09306,P01,2024-02-19,,Monthly,29.0,Active
S011302,C09307,P02,2025-06-28,,Annual,79.0,Active
S011303,C09307,P03,2025-11-23,,Monthly,149.0,Active
S011304,C09308,P03,2024-04-04,,Monthly,149.0,Active
S011305,C09309,P01,2024-12-02,,Monthly,29.0,Active
S011306,C09309,P02,2025-11-24,,Annual,79.0,Active
S011307,C09309,P03,2025-12-31,,Monthly,149.0,Active
S011308,C09310,P03,2024-09-30,,Monthly,149.0,Active
S011309,C09310,P02,2025-02-24,,Monthly,79.0,Active
S011310,C09311,P03,2024-12-09,,Monthly,149.0,Active
S011311,C09312,P01,2024-03-16,,Annual,29.0,Active
S011312,C09312,P01,2025-02-14,,Annual,29.0,Active
S011313,C09313,P03,2024-10-31,,Monthly,149.0,Active
S011314,C09314,P01,2025-07-26,,Monthly,29.0,Active
S011315,C09315,P03,2024-08-04,2025-01-28,Monthly,149.0,Cancelled
S011316,C09316,P01,2025-01-19,,Annual,29.0,Active
S011317,C09317,P01,2025-09-04,,Annual,29.0,Active
S011318,C09318,P01,2025-04-21,,Monthly,29.0,Active
S011319,C09318,P02,2025-09-18,,Monthly,79.0,Active
S011320,C09319,P02,2025-08-16,,Monthly,79.0,Active
S011321,C09320,P02,2025-05-01,,Annual,79.0,Active
S011322,C09321,P01,2025-02-25,,Monthly,29.0,Active
S011323,C09322,P03,2025-03-17,2025-11-16,Monthly,149.0,Cancelled
S011324,C09323,P03,2025-09-20,,Annual,149.0,Active
S011325,C09324,P03,2025-02-06,,Annual,149.0,Active
S011326,C09325,P02,2024-06-08,,Monthly,79.0,Active
S011327,C09325,P01,2025-07-27,,Monthly,29.0,Active
S011328,C09326,P01,2024-06-03,2024-12-29,Monthly,29.0,Cancelled
S011329,C09326,P02,2024-12-29,2025-01-31,Monthly,79.0,Cancelled
S011330,C09327,P02,2025-02-27,,Monthly,79.0,Active
S011331,C09328,P03,2024-08-11,,Annual,149.0,Active
S011332,C09328,P02,2025-08-04,,Monthly,79.0,Active
S011333,C09329,P02,2025-07-05,,Monthly,79.0,Active
S011334,C09330,P01,2024-06-19,,Monthly,29.0,Active
S011335,C09331,P03,2025-10-18,2025-12-28,Monthly,149.0,Cancelled
S011336,C09332,P04,2025-06-17,,Monthly,399.0,Active
S011337,C09333,P01,2024-02-21,,Monthly,29.0,Active
S011338,C09334,P02,2024-04-13,,Monthly,79.0,Active
S011339,C09335,P03,2024-07-15,2025-12-09,Monthly,149.0,Cancelled
S011340,C09336,P02,2025-04-17,,Monthly,79.0,Active
S011341,C09337,P01,2025-02-02,,Annual,29.0,Active
S011342,C09338,P04,2025-03-02,2025-09-05,Monthly,399.0,Cancelled
S011343,C09339,P01,2024-11-08,2025-08-17,Monthly,29.0,Cancelled
S011344,C09340,P03,2025-03-01,,Monthly,149.0,Active
S011345,C09341,P04,2024-06-30,,Monthly,399.0,Active
S011346,C09342,P01,2025-05-25,,Monthly,29.0,Active
S011347,C09343,P02,2024-07-02,,Annual,79.0,Active
S011348,C09344,P03,2025-10-25,,Monthly,149.0,Active
S011349,C09345,P01,2024-07-31,2025-04-03,Monthly,29.0,Cancelled
S011350,C09346,P01,2024-09-26,,Monthly,29.0,Active
S011351,C09347,P01,2024-06-24,,Monthly,29.0,Active
S011352,C09348,P02,2024-10-25,2025-02-26,Monthly,79.0,Cancelled
S011353,C09348,P03,2025-02-26,2025-06-20,Monthly,149.0,Cancelled
S011354,C09349,P01,2025-10-28,2025-12-28,Annual,29.0,Cancelled
S011355,C09350,P04,2025-06-08,,Monthly,399.0,Active
S011356,C09351,P04,2024-04-11,,Monthly,399.0,Active
S011357,C09352,P02,2024-02-13,,Monthly,79.0,Active
S011358,C09352,P01,2025-05-20,,Monthly,29.0,Active
S011359,C09352,P02,2025-10-24,,Annual,79.0,Active
S011360,C09353,P02,2024-04-17,,Monthly,79.0,Active
S011361,C09354,P03,2025-07-31,,Monthly,149.0,Active
S011362,C09355,P04,2024-03-19,,Annual,399.0,Active
S011363,C09356,P01,2025-11-01,,Annual,29.0,Active
S011364,C09357,P02,2025-04-21,,Monthly,79.0,Active
S011365,C09357,P03,2025-08-03,,Monthly,149.0,Active
S011366,C09358,P02,2025-08-16,,Monthly,79.0,Active
S011367,C09359,P01,2024-11-30,2025-11-09,Monthly,29.0,Cancelled
S011368,C09360,P03,2024-06-03,,Monthly,149.0,Active
S011369,C09361,P02,2024-02-09,,Annual,79.0,Active
S011370,C09362,P03,2025-03-09,,Monthly,149.0,Active
S011371,C09363,P04,2024-04-09,,Annual,399.0,Active
S011372,C09363,P04,2025-12-23,,Annual,399.0,Active
S011373,C09364,P02,2024-09-13,,Monthly,79.0,Active
S011374,C09365,P01,2024-10-09,,Monthly,29.0,Active
S011375,C09366,P02,2025-04-03,,Monthly,79.0,Active
S011376,C09367,P01,2024-03-23,,Monthly,29.0,Active
S011377,C09368,P02,2025-01-30,2025-10-14,Monthly,79.0,Cancelled
S011378,C09369,P02,2024-08-01,,Monthly,79.0,Active
S011379,C09370,P03,2024-12-17,,Monthly,149.0,Active
S011380,C09371,P03,2025-08-12,,Monthly,149.0,Active
S011381,C09372,P01,2025-10-05,,Monthly,29.0,Active
S011382,C09373,P03,2025-08-03,2025-12-01,Annual,149.0,Cancelled
S011383,C09374,P01,2024-08-06,,Annual,29.0,Active
S011384,C09375,P02,2024-01-12,,Monthly,79.0,Active
S011385,C09376,P02,2024-09-10,,Monthly,79.0,Active
S011386,C09377,P03,2024-01-25,,Monthly,149.0,Active
S011387,C09378,P03,2024-07-13,,Monthly,149.0,Active
S011388,C09379,P01,2024-08-04,,Monthly,29.0,Active
S011389,C09380,P01,2025-11-05,,Monthly,29.0,Active
S011390,C09381,P02,2024-06-15,,Monthly,79.0,Active
S011391,C09382,P02,2024-10-08,,Monthly,79.0,Active
S011392,C09383,P03,2025-08-22,2025-12-28,Monthly,149.0,Cancelled
S011393,C09384,P03,2024-03-09,,Monthly,149.0,Active
S011394,C09385,P03,2025-07-23,2025-10-09,Monthly,149.0,Cancelled
S011395,C09386,P02,2025-07-15,,Monthly,79.0,Active
S011396,C09387,P01,2024-09-07,,Monthly,29.0,Active
S011397,C09387,P02,2025-01-23,,Monthly,79.0,Active
S011398,C09388,P01,2025-02-28,2025-05-30,Annual,29.0,Cancelled
S011399,C09389,P02,2024-05-11,,Monthly,79.0,Active
S011400,C09390,P02,2024-08-05,,Monthly,79.0,Active
S011401,C09391,P02,2024-04-23,,Annual,79.0,Active
S011402,C09391,P03,2025-03-17,,Monthly,149.0,Active
S011403,C09392,P02,2025-04-26,,Monthly,79.0,Active
S011404,C09393,P04,2025-11-09,,Annual,399.0,Active
S011405,C09394,P03,2025-04-15,,Monthly,149.0,Active
S011406,C09395,P04,2025-06-27,,Monthly,399.0,Active
S011407,C09395,P03,2025-10-11,,Monthly,149.0,Active
S011408,C09396,P01,2024-05-23,,Monthly,29.0,Active
S011409,C09397,P01,2024-08-28,,Monthly,29.0,Active
S011410,C09398,P01,2025-06-26,,Monthly,29.0,Active
S011411,C09399,P02,2025-06-02,,Monthly,79.0,Active
S011412,C09400,P01,2024-10-11,,Monthly,29.0,Active
S011413,C09401,P01,2025-08-02,,Monthly,29.0,Active
S011414,C09402,P01,2025-02-15,2025-09-25,Monthly,29.0,Cancelled
S011415,C09403,P03,2025-03-10,,Monthly,149.0,Active
S011416,C09403,P04,2025-09-10,,Monthly,399.0,Active
S011417,C09404,P02,2024-01-14,2024-04-27,Monthly,79.0,Cancelled
S011418,C09404,P01,2024-04-27,2024-12-04,Annual,29.0,Cancelled
S011419,C09405,P02,2024-05-06,,Monthly,79.0,Active
S011420,C09406,P02,2024-03-05,2025-06-03,Monthly,79.0,Cancelled
S011421,C09407,P02,2024-08-16,2025-07-06,Monthly,79.0,Cancelled
S011422,C09408,P04,2024-06-04,,Monthly,399.0,Active
S011423,C09409,P03,2024-12-07,,Monthly,149.0,Active
S011424,C09410,P01,2024-03-28,2025-09-09,Monthly,29.0,Cancelled
S011425,C09411,P02,2024-10-27,,Monthly,79.0,Active
S011426,C09412,P03,2024-03-31,,Annual,149.0,Active
S011427,C09413,P01,2024-01-31,,Monthly,29.0,Active
S011428,C09414,P01,2024-12-15,,Annual,29.0,Active
S011429,C09415,P01,2025-07-28,,Monthly,29.0,Active
S011430,C09416,P01,2024-12-12,,Monthly,29.0,Active
S011431,C09417,P02,2024-12-03,,Annual,79.0,Active
S011432,C09418,P01,2025-11-13,,Annual,29.0,Active
S011433,C09419,P04,2025-01-08,,Monthly,399.0,Active
S011434,C09420,P01,2024-12-26,,Monthly,29.0,Active
S011435,C09421,P02,2024-08-20,2025-04-11,Monthly,79.0,Cancelled
S011436,C09422,P02,2025-11-23,,Annual,79.0,Active
S011437,C09423,P02,2024-10-28,,Annual,79.0,Active
S011438,C09423,P03,2025-05-17,,Monthly,149.0,Active
S011439,C09424,P04,2025-08-13,,Monthly,399.0,Active
S011440,C09425,P02,2025-08-12,,Monthly,79.0,Active
S011441,C09426,P03,2025-04-29,2025-07-30,Monthly,149.0,Cancelled
S011442,C09427,P02,2025-01-21,,Annual,79.0,Active
S011443,C09428,P02,2024-03-23,2024-08-20,Monthly,79.0,Cancelled
S011444,C09429,P01,2025-07-05,,Annual,29.0,Active
S011445,C09430,P03,2025-07-03,,Monthly,149.0,Active
S011446,C09431,P01,2024-05-27,,Monthly,29.0,Active
S011447,C09431,P01,2025-11-09,,Annual,29.0,Active
S011448,C09431,P02,2025-12-31,,Annual,79.0,Active
S011449,C09432,P02,2025-09-18,,Annual,79.0,Active
S011450,C09433,P02,2025-06-14,,Annual,79.0,Active
S011451,C09434,P02,2024-10-24,,Monthly,79.0,Active
S011452,C09434,P03,2025-03-13,,Monthly,149.0,Active
S011453,C09435,P01,2024-09-01,,Monthly,29.0,Active
S011454,C09436,P03,2024-09-05,,Monthly,149.0,Active
S011455,C09437,P02,2025-07-12,2025-10-25,Monthly,79.0,Cancelled
S011456,C09438,P04,2025-07-28,,Monthly,399.0,Active
S011457,C09439,P03,2025-10-01,2025-12-02,Monthly,149.0,Cancelled
S011458,C09440,P02,2024-02-28,2024-08-23,Monthly,79.0,Cancelled
S011459,C09441,P02,2025-08-06,,Annual,79.0,Active
S011460,C09442,P01,2024-04-08,,Annual,29.0,Active
S011461,C09443,P02,2024-01-26,,Annual,79.0,Active
S011462,C09443,P03,2024-10-18,,Monthly,149.0,Active
S011463,C09443,P04,2025-03-16,,Annual,399.0,Active
S011464,C09444,P01,2025-09-20,,Monthly,29.0,Active
S011465,C09445,P02,2025-04-06,,Monthly,79.0,Active
S011466,C09445,P03,2025-07-27,,Monthly,149.0,Active
S011467,C09446,P03,2024-08-25,,Monthly,149.0,Active
S011468,C09447,P03,2024-06-30,2024-12-21,Annual,149.0,Cancelled
S011469,C09448,P02,2025-09-12,,Monthly,79.0,Active
S011470,C09449,P04,2025-09-24,,Monthly,399.0,Active
S011471,C09450,P02,2024-07-18,,Monthly,79.0,Active
S011472,C09451,P03,2024-09-07,,Annual,149.0,Active
S011473,C09451,P04,2025-12-26,,Monthly,399.0,Active
S011474,C09451,P03,2025-12-31,,Monthly,149.0,Active
S011475,C09452,P02,2024-05-05,,Monthly,79.0,Active
S011476,C09453,P02,2024-09-19,2025-04-08,Annual,79.0,Cancelled
S011477,C09454,P03,2024-02-03,,Monthly,149.0,Active
S011478,C09454,P04,2025-11-01,,Monthly,399.0,Active
S011479,C09455,P02,2024-06-05,2024-11-10,Monthly,79.0,Cancelled
S011480,C09456,P02,2024-03-16,2024-12-29,Monthly,79.0,Cancelled
S011481,C09457,P02,2025-09-04,,Monthly,79.0,Active
S011482,C09458,P03,2025-07-24,,Monthly,149.0,Active
S011483,C09459,P03,2025-02-05,,Monthly,149.0,Active
S011484,C09460,P03,2024-02-09,,Monthly,149.0,Active
S011485,C09460,P02,2025-06-29,,Annual,79.0,Active
S011486,C09461,P01,2024-04-01,,Annual,29.0,Active
S011487,C09461,P02,2025-03-01,,Monthly,79.0,Active
S011488,C09462,P03,2024-11-01,,Annual,149.0,Active
S011489,C09463,P03,2024-03-11,,Monthly,149.0,Active
S011490,C09464,P02,2025-11-18,,Monthly,79.0,Active
S011491,C09465,P03,2024-08-26,,Monthly,149.0,Active
S011492,C09465,P02,2025-02-23,,Monthly,79.0,Active
S011493,C09466,P03,2024-04-12,2025-01-05,Annual,149.0,Cancelled
S011494,C09467,P03,2025-09-01,,Annual,149.0,Active
S011495,C09468,P03,2024-03-02,,Annual,149.0,Active
S011496,C09469,P01,2024-02-17,,Annual,29.0,Active
S011497,C09470,P03,2025-05-28,,Annual,149.0,Active
S011498,C09470,P04,2025-09-09,,Annual,399.0,Active
S011499,C09471,P02,2025-02-12,,Monthly,79.0,Active
S011500,C09472,P03,2024-09-25,,Monthly,149.0,Active
S011501,C09473,P01,2024-10-05,,Monthly,29.0,Active
S011502,C09474,P04,2025-05-21,,Monthly,399.0,Active
S011503,C09475,P04,2024-02-18,,Annual,399.0,Active
S011504,C09476,P01,2024-04-10,,Monthly,29.0,Active
S011505,C09477,P03,2025-02-28,2025-10-27,Monthly,149.0,Cancelled
S011506,C09478,P02,2024-06-13,,Monthly,79.0,Active
S011507,C09479,P02,2024-11-26,,Monthly,79.0,Active
S011508,C09480,P01,2025-09-11,,Monthly,29.0,Active
S011509,C09481,P02,2025-06-30,,Monthly,79.0,Active
S011510,C09481,P01,2025-12-25,,Annual,29.0,Active
S011511,C09482,P01,2024-06-22,,Monthly,29.0,Active
S011512,C09482,P02,2025-04-11,,Monthly,79.0,Active
S011513,C09482,P01,2025-11-21,,Monthly,29.0,Active
S011514,C09483,P03,2025-05-24,,Monthly,149.0,Active
S011515,C09484,P01,2024-03-29,,Annual,29.0,Active
S011516,C09485,P01,2024-02-17,,Monthly,29.0,Active
S011517,C09486,P01,2025-02-27,,Monthly,29.0,Active
S011518,C09486,P02,2025-06-09,,Monthly,79.0,Active
S011519,C09487,P02,2025-10-20,,Monthly,79.0,Active
S011520,C09488,P02,2025-11-03,,Monthly,79.0,Active
S011521,C09489,P04,2025-10-10,,Annual,399.0,Active
S011522,C09490,P01,2024-12-04,,Monthly,29.0,Active
S011523,C09491,P02,2024-07-23,,Monthly,79.0,Active
S011524,C09492,P02,2025-08-11,2025-12-20,Annual,79.0,Cancelled
S011525,C09493,P03,2024-09-29,,Monthly,149.0,Active
S011526,C09494,P04,2024-02-11,2024-07-30,Monthly,399.0,Cancelled
S011527,C09494,P03,2024-07-30,2024-08-30,Monthly,149.0,Cancelled
S011528,C09495,P01,2025-11-22,,Monthly,29.0,Active
S011529,C09496,P03,2025-01-26,,Annual,149.0,Active
S011530,C09497,P02,2025-04-01,,Annual,79.0,Active
S011531,C09497,P03,2025-08-16,,Annual,149.0,Active
S011532,C09498,P02,2024-02-12,,Monthly,79.0,Active
S011533,C09498,P03,2025-08-27,,Monthly,149.0,Active
S011534,C09499,P02,2024-04-16,,Monthly,79.0,Active
S011535,C09500,P01,2025-07-12,,Monthly,29.0,Active
S011536,C09501,P03,2024-08-23,,Monthly,149.0,Active
S011537,C09502,P04,2024-12-15,,Monthly,399.0,Active
S011538,C09503,P02,2025-10-28,,Monthly,79.0,Active
S011539,C09504,P02,2024-07-30,,Monthly,79.0,Active
S011540,C09505,P01,2025-02-14,,Monthly,29.0,Active
S011541,C09506,P03,2025-11-14,,Monthly,149.0,Active
S011542,C09507,P03,2024-07-10,,Monthly,149.0,Active
S011543,C09508,P01,2024-03-30,2025-03-22,Annual,29.0,Cancelled
S011544,C09509,P01,2024-03-22,2024-06-29,Monthly,29.0,Cancelled
S011545,C09510,P01,2025-04-03,,Monthly,29.0,Active
S011546,C09511,P03,2025-08-05,,Annual,149.0,Active
S011547,C09512,P02,2024-09-25,,Monthly,79.0,Active
S011548,C09513,P02,2025-11-08,,Monthly,79.0,Active
S011549,C09514,P01,2025-11-09,,Monthly,29.0,Active
S011550,C09515,P02,2024-09-10,,Annual,79.0,Active
S011551,C09516,P03,2024-02-29,,Annual,149.0,Active
S011552,C09516,P04,2025-10-26,,Monthly,399.0,Active
S011553,C09517,P02,2024-06-01,,Monthly,79.0,Active
S011554,C09518,P02,2025-03-23,,Monthly,79.0,Active
S011555,C09519,P03,2025-07-07,,Monthly,149.0,Active
S011556,C09520,P02,2024-06-10,2025-11-26,Monthly,79.0,Cancelled
S011557,C09520,P03,2025-11-26,2025-12-07,Annual,149.0,Cancelled
S011558,C09520,P04,2025-12-07,2025-12-07,Annual,399.0,Cancelled
S011559,C09521,P01,2024-11-27,,Monthly,29.0,Active
S011560,C09522,P02,2024-07-28,,Annual,79.0,Active
S011561,C09523,P03,2025-07-15,2025-11-20,Monthly,149.0,Cancelled
S011562,C09524,P02,2025-11-01,,Monthly,79.0,Active
S011563,C09525,P03,2024-07-03,,Monthly,149.0,Active
S011564,C09526,P01,2024-10-14,,Monthly,29.0,Active
S011565,C09527,P02,2025-08-29,,Annual,79.0,Active
S011566,C09528,P02,2024-07-12,,Monthly,79.0,Active
S011567,C09528,P03,2025-12-12,,Monthly,149.0,Active
S011568,C09528,P02,2025-12-31,,Monthly,79.0,Active
S011569,C09529,P01,2025-05-19,,Annual,29.0,Active
S011570,C09530,P02,2025-06-22,,Monthly,79.0,Active
S011571,C09530,P03,2025-11-19,,Monthly,149.0,Active
S011572,C09531,P03,2025-07-08,,Annual,149.0,Active
S011573,C09532,P01,2024-04-02,,Monthly,29.0,Active
S011574,C09533,P01,2025-05-03,,Annual,29.0,Active
S011575,C09534,P02,2024-08-22,,Annual,79.0,Active
S011576,C09535,P02,2025-06-26,2025-10-01,Monthly,79.0,Cancelled
S011577,C09536,P03,2024-11-16,,Monthly,149.0,Active
S011578,C09537,P03,2025-03-24,,Monthly,149.0,Active
S011579,C09538,P01,2024-01-19,,Monthly,29.0,Active
S011580,C09539,P01,2024-12-29,,Monthly,29.0,Active
S011581,C09540,P03,2024-11-11,,Monthly,149.0,Active
S011582,C09541,P01,2025-03-15,,Monthly,29.0,Active
S011583,C09542,P03,2024-03-08,,Annual,149.0,Active
S011584,C09543,P02,2025-05-29,,Monthly,79.0,Active
S011585,C09544,P04,2025-01-14,,Monthly,399.0,Active
S011586,C09545,P02,2025-11-24,,Monthly,79.0,Active
S011587,C09546,P03,2025-05-13,,Monthly,149.0,Active
S011588,C09547,P01,2025-11-09,,Monthly,29.0,Active
S011589,C09548,P02,2025-09-18,,Monthly,79.0,Active
S011590,C09549,P02,2025-09-09,,Annual,79.0,Active
S011591,C09550,P01,2024-11-30,,Monthly,29.0,Active
S011592,C09551,P03,2024-04-06,,Monthly,149.0,Active
S011593,C09552,P01,2024-08-03,2024-11-14,Monthly,29.0,Cancelled
S011594,C09553,P02,2025-01-25,,Monthly,79.0,Active
S011595,C09554,P01,2025-05-22,2025-09-10,Monthly,29.0,Cancelled
S011596,C09555,P02,2024-06-14,,Monthly,79.0,Active
S011597,C09555,P01,2025-07-26,,Monthly,29.0,Active
S011598,C09555,P02,2025-11-08,,Monthly,79.0,Active
S011599,C09556,P02,2025-02-25,,Monthly,79.0,Active
S011600,C09557,P03,2025-04-26,,Monthly,149.0,Active
S011601,C09558,P03,2025-10-24,,Annual,149.0,Active
S011602,C09559,P03,2025-05-03,,Annual,149.0,Active
S011603,C09560,P01,2025-08-21,,Monthly,29.0,Active
S011604,C09561,P02,2024-11-03,,Monthly,79.0,Active
S011605,C09562,P01,2025-10-30,,Monthly,29.0,Active
S011606,C09563,P01,2024-09-04,2025-01-02,Monthly,29.0,Cancelled
S011607,C09564,P02,2024-07-02,,Monthly,79.0,Active
S011608,C09565,P03,2024-02-12,,Annual,149.0,Active
S011609,C09566,P01,2025-01-23,,Annual,29.0,Active
S011610,C09567,P03,2024-07-24,,Monthly,149.0,Active
S011611,C09568,P01,2025-05-10,,Annual,29.0,Active
S011612,C09569,P04,2024-02-05,,Annual,399.0,Active
S011613,C09569,P03,2024-05-18,,Monthly,149.0,Active
S011614,C09570,P02,2024-01-18,,Monthly,79.0,Active
S011615,C09571,P03,2024-04-22,,Monthly,149.0,Active
S011616,C09571,P04,2025-02-14,,Monthly,399.0,Active
S011617,C09571,P03,2025-08-01,,Annual,149.0,Active
S011618,C09572,P02,2024-02-23,,Monthly,79.0,Active
S011619,C09573,P01,2025-03-13,,Annual,29.0,Active
S011620,C09574,P01,2025-11-21,,Annual,29.0,Active
S011621,C09575,P04,2024-10-09,2025-08-24,Monthly,399.0,Cancelled
S011622,C09575,P03,2025-08-24,2025-11-01,Monthly,149.0,Cancelled
S011623,C09576,P02,2024-11-11,,Monthly,79.0,Active
S011624,C09577,P02,2024-08-08,,Monthly,79.0,Active
S011625,C09578,P01,2024-03-16,,Monthly,29.0,Active
S011626,C09579,P01,2025-09-17,,Annual,29.0,Active
S011627,C09580,P02,2025-07-07,,Monthly,79.0,Active
S011628,C09581,P02,2024-02-05,,Monthly,79.0,Active
S011629,C09582,P01,2025-04-10,,Monthly,29.0,Active
S011630,C09583,P02,2024-09-07,2025-03-09,Monthly,79.0,Cancelled
S011631,C09584,P03,2025-04-13,2025-08-09,Monthly,149.0,Cancelled
S011632,C09585,P01,2024-05-12,,Annual,29.0,Active
S011633,C09586,P03,2025-08-08,,Annual,149.0,Active
S011634,C09587,P04,2025-07-13,,Monthly,399.0,Active
S011635,C09588,P03,2024-12-12,,Monthly,149.0,Active
S011636,C09589,P02,2024-06-25,,Monthly,79.0,Active
S011637,C09590,P04,2025-10-01,,Monthly,399.0,Active
S011638,C09591,P04,2025-07-01,,Monthly,399.0,Active
S011639,C09592,P02,2024-10-19,,Monthly,79.0,Active
S011640,C09593,P01,2024-12-07,,Monthly,29.0,Active
S011641,C09593,P02,2025-05-07,,Monthly,79.0,Active
S011642,C09594,P02,2025-10-27,2025-12-26,Monthly,79.0,Cancelled
S011643,C09595,P02,2025-09-24,,Monthly,79.0,Active
S011644,C09596,P04,2024-05-06,,Monthly,399.0,Active
S011645,C09597,P03,2024-09-11,,Annual,149.0,Active
S011646,C09597,P02,2025-03-07,,Monthly,79.0,Active
S011647,C09598,P03,2024-09-03,,Monthly,149.0,Active
S011648,C09598,P04,2025-08-03,,Monthly,399.0,Active
S011649,C09598,P04,2025-12-16,,Monthly,399.0,Active
S011650,C09599,P01,2025-01-03,,Monthly,29.0,Active
S011651,C09599,P02,2025-05-04,,Monthly,79.0,Active
S011652,C09600,P01,2024-12-13,2025-03-03,Monthly,29.0,Cancelled
S011653,C09601,P01,2024-01-05,,Annual,29.0,Active
S011654,C09602,P03,2024-07-15,,Annual,149.0,Active
S011655,C09603,P02,2025-08-12,,Monthly,79.0,Active
S011656,C09604,P02,2025-08-04,,Monthly,79.0,Active
S011657,C09605,P01,2025-03-04,,Monthly,29.0,Active
S011658,C09606,P04,2025-04-04,,Monthly,399.0,Active
S011659,C09606,P03,2025-12-17,,Monthly,149.0,Active
S011660,C09607,P03,2025-08-31,,Monthly,149.0,Active
S011661,C09608,P02,2025-07-29,2025-11-04,Monthly,79.0,Cancelled
S011662,C09609,P02,2025-02-20,,Monthly,79.0,Active
S011663,C09610,P02,2025-03-16,,Monthly,79.0,Active
S011664,C09611,P02,2025-05-08,,Annual,79.0,Active
S011665,C09612,P02,2025-06-28,,Monthly,79.0,Active
S011666,C09613,P03,2025-06-10,,Monthly,149.0,Active
S011667,C09614,P02,2025-10-23,,Annual,79.0,Active
S011668,C09615,P02,2025-11-26,,Monthly,79.0,Active
S011669,C09616,P03,2024-10-15,,Monthly,149.0,Active
S011670,C09617,P03,2024-02-26,,Monthly,149.0,Active
S011671,C09618,P02,2025-06-22,2025-10-17,Monthly,79.0,Cancelled
S011672,C09619,P03,2024-11-12,,Annual,149.0,Active
S011673,C09620,P04,2024-03-26,,Monthly,399.0,Active
S011674,C09621,P03,2025-05-24,,Monthly,149.0,Active
S011675,C09622,P01,2025-11-15,,Monthly,29.0,Active
S011676,C09623,P04,2025-07-30,,Annual,399.0,Active
S011677,C09624,P02,2025-09-08,,Annual,79.0,Active
S011678,C09625,P02,2025-06-01,,Monthly,79.0,Active
S011679,C09625,P03,2025-11-13,,Monthly,149.0,Active
S011680,C09626,P03,2025-08-03,,Monthly,149.0,Active
S011681,C09627,P03,2025-02-07,,Monthly,149.0,Active
S011682,C09627,P04,2025-10-01,,Monthly,399.0,Active
S011683,C09628,P02,2025-05-20,,Monthly,79.0,Active
S011684,C09629,P02,2024-10-15,,Monthly,79.0,Active
S011685,C09630,P01,2024-01-15,,Monthly,29.0,Active
S011686,C09631,P04,2025-11-13,,Monthly,399.0,Active
S011687,C09632,P03,2024-03-23,2025-03-12,Annual,149.0,Cancelled
S011688,C09633,P01,2024-11-06,,Monthly,29.0,Active
S011689,C09633,P01,2025-11-22,,Monthly,29.0,Active
S011690,C09633,P01,2025-12-31,,Monthly,29.0,Active
S011691,C09634,P01,2025-11-13,,Monthly,29.0,Active
S011692,C09635,P01,2025-04-15,,Monthly,29.0,Active
S011693,C09636,P02,2024-08-09,,Annual,79.0,Active
S011694,C09637,P03,2025-05-17,,Monthly,149.0,Active
S011695,C09638,P02,2024-10-09,,Annual,79.0,Active
S011696,C09639,P02,2025-05-19,,Monthly,79.0,Active
S011697,C09639,P03,2025-08-27,,Monthly,149.0,Active
S011698,C09640,P01,2024-05-30,2025-06-27,Monthly,29.0,Cancelled
S011699,C09641,P04,2024-12-16,,Monthly,399.0,Active
S011700,C09642,P01,2025-06-10,2025-11-08,Monthly,29.0,Cancelled
S011701,C09643,P02,2025-09-07,,Monthly,79.0,Active
S011702,C09644,P04,2024-05-07,,Monthly,399.0,Active
S011703,C09645,P01,2025-08-10,,Annual,29.0,Active
S011704,C09646,P01,2024-08-02,,Monthly,29.0,Active
S011705,C09646,P01,2025-04-09,,Monthly,29.0,Active
S011706,C09646,P01,2025-07-22,,Annual,29.0,Active
S011707,C09647,P03,2025-05-01,,Annual,149.0,Active
S011708,C09648,P02,2024-03-16,,Monthly,79.0,Active
S011709,C09648,P01,2024-09-16,,Monthly,29.0,Active
S011710,C09649,P03,2025-11-02,,Monthly,149.0,Active
S011711,C09650,P03,2025-10-03,,Monthly,149.0,Active
S011712,C09651,P02,2025-03-02,,Monthly,79.0,Active
S011713,C09652,P04,2025-08-22,,Monthly,399.0,Active
S011714,C09653,P01,2025-10-21,,Monthly,29.0,Active
S011715,C09654,P02,2025-06-11,,Annual,79.0,Active
S011716,C09655,P01,2024-03-25,2024-12-18,Monthly,29.0,Cancelled
S011717,C09656,P02,2025-09-05,,Annual,79.0,Active
S011718,C09657,P02,2024-03-31,,Annual,79.0,Active
S011719,C09658,P02,2025-06-11,,Monthly,79.0,Active
S011720,C09659,P01,2025-03-19,,Monthly,29.0,Active
S011721,C09660,P01,2024-06-18,,Monthly,29.0,Active
S011722,C09660,P02,2025-03-06,,Monthly,79.0,Active
S011723,C09661,P01,2024-10-24,,Monthly,29.0,Active
S011724,C09662,P03,2024-12-11,,Monthly,149.0,Active
S011725,C09663,P04,2024-01-17,,Annual,399.0,Active
S011726,C09664,P02,2025-09-06,,Monthly,79.0,Active
S011727,C09665,P02,2024-05-20,,Monthly,79.0,Active
S011728,C09666,P02,2025-01-09,,Monthly,79.0,Active
S011729,C09667,P02,2025-09-24,,Monthly,79.0,Active
S011730,C09668,P02,2024-06-14,,Monthly,79.0,Active
S011731,C09669,P01,2025-04-04,,Monthly,29.0,Active
S011732,C09669,P02,2025-12-08,,Monthly,79.0,Active
S011733,C09670,P01,2024-11-23,,Monthly,29.0,Active
S011734,C09670,P02,2025-06-23,,Annual,79.0,Active
S011735,C09671,P03,2024-08-13,,Monthly,149.0,Active
S011736,C09672,P01,2024-11-26,,Monthly,29.0,Active
S011737,C09672,P02,2025-05-17,,Monthly,79.0,Active
S011738,C09673,P03,2024-01-06,,Monthly,149.0,Active
S011739,C09673,P02,2025-04-29,,Annual,79.0,Active
S011740,C09674,P01,2025-05-08,,Annual,29.0,Active
S011741,C09674,P01,2025-11-28,,Monthly,29.0,Active
S011742,C09675,P02,2024-01-16,2024-11-22,Annual,79.0,Cancelled
S011743,C09675,P03,2024-11-22,2025-07-31,Monthly,149.0,Cancelled
S011744,C09676,P02,2025-02-19,,Monthly,79.0,Active
S011745,C09677,P01,2025-02-02,,Monthly,29.0,Active
S011746,C09678,P01,2025-08-19,,Monthly,29.0,Active
S011747,C09679,P03,2025-07-28,,Monthly,149.0,Active
S011748,C09680,P02,2024-01-06,2024-11-04,Monthly,79.0,Cancelled
S011749,C09681,P03,2024-03-25,2025-06-05,Monthly,149.0,Cancelled
S011750,C09682,P02,2024-12-16,,Monthly,79.0,Active
S011751,C09683,P03,2024-07-06,,Monthly,149.0,Active
S011752,C09684,P02,2025-08-22,,Monthly,79.0,Active
S011753,C09685,P01,2025-07-08,,Monthly,29.0,Active
S011754,C09686,P03,2024-03-17,,Monthly,149.0,Active
S011755,C09687,P03,2024-01-12,,Monthly,149.0,Active
S011756,C09687,P04,2025-07-03,,Monthly,399.0,Active
S011757,C09688,P02,2024-05-30,,Monthly,79.0,Active
S011758,C09689,P02,2025-06-16,,Monthly,79.0,Active
S011759,C09690,P04,2025-10-28,,Monthly,399.0,Active
S011760,C09691,P03,2025-10-23,2025-12-26,Annual,149.0,Cancelled
S011761,C09692,P04,2025-04-22,,Monthly,399.0,Active
S011762,C09693,P01,2024-11-27,,Monthly,29.0,Active
S011763,C09694,P01,2025-11-29,,Monthly,29.0,Active
S011764,C09695,P02,2024-03-21,,Monthly,79.0,Active
S011765,C09696,P02,2024-02-20,,Monthly,79.0,Active
S011766,C09697,P03,2024-05-25,2025-10-13,Monthly,149.0,Cancelled
S011767,C09698,P02,2024-10-21,,Annual,79.0,Active
S011768,C09698,P03,2025-12-21,,Annual,149.0,Active
S011769,C09699,P01,2024-11-08,2025-11-26,Monthly,29.0,Cancelled
S011770,C09699,P02,2025-11-26,2025-12-22,Monthly,79.0,Cancelled
S011771,C09700,P02,2024-05-26,,Monthly,79.0,Active
S011772,C09700,P03,2025-10-22,,Monthly,149.0,Active
S011773,C09700,P04,2025-12-31,,Monthly,399.0,Active
S011774,C09701,P02,2025-02-14,,Annual,79.0,Active
S011775,C09701,P03,2025-05-26,,Monthly,149.0,Active
S011776,C09702,P03,2025-09-30,,Monthly,149.0,Active
S011777,C09703,P01,2025-08-29,,Monthly,29.0,Active
S011778,C09704,P04,2025-09-17,,Monthly,399.0,Active
S011779,C09705,P01,2024-01-09,,Monthly,29.0,Active
S011780,C09705,P02,2024-06-20,,Annual,79.0,Active
S011781,C09706,P02,2025-06-26,,Annual,79.0,Active
S011782,C09707,P01,2024-04-02,,Monthly,29.0,Active
S011783,C09708,P01,2025-10-03,,Monthly,29.0,Active
S011784,C09709,P03,2024-05-01,,Annual,149.0,Active
S011785,C09710,P01,2025-05-01,,Monthly,29.0,Active
S011786,C09711,P01,2024-03-30,,Annual,29.0,Active
S011787,C09711,P01,2025-05-08,,Monthly,29.0,Active
S011788,C09711,P02,2025-09-15,,Monthly,79.0,Active
S011789,C09712,P01,2025-11-28,,Monthly,29.0,Active
S011790,C09713,P03,2025-06-15,,Monthly,149.0,Active
S011791,C09713,P04,2025-09-30,,Annual,399.0,Active
S011792,C09714,P01,2024-02-23,,Annual,29.0,Active
S011793,C09715,P01,2025-03-19,,Monthly,29.0,Active
S011794,C09716,P02,2024-07-26,,Monthly,79.0,Active
S011795,C09716,P03,2025-05-02,,Monthly,149.0,Active
S011796,C09717,P01,2024-11-14,,Monthly,29.0,Active
S011797,C09717,P01,2025-05-03,,Monthly,29.0,Active
S011798,C09717,P01,2025-08-25,,Monthly,29.0,Active
S011799,C09718,P01,2024-04-23,,Monthly,29.0,Active
S011800,C09719,P02,2024-01-29,,Monthly,79.0,Active
S011801,C09720,P01,2024-05-12,,Monthly,29.0,Active
S011802,C09721,P02,2025-11-17,,Monthly,79.0,Active
S011803,C09722,P01,2024-05-02,,Annual,29.0,Active
S011804,C09723,P01,2024-12-30,,Monthly,29.0,Active
S011805,C09724,P03,2024-06-23,2025-01-23,Monthly,149.0,Cancelled
S011806,C09725,P02,2024-03-09,,Monthly,79.0,Active
S011807,C09725,P01,2025-02-25,,Monthly,29.0,Active
S011808,C09726,P02,2025-02-14,,Monthly,79.0,Active
S011809,C09727,P01,2024-12-28,,Monthly,29.0,Active
S011810,C09728,P03,2025-11-30,,Monthly,149.0,Active
S011811,C09729,P02,2025-08-11,,Monthly,79.0,Active
S011812,C09730,P01,2025-07-14,,Annual,29.0,Active
S011813,C09731,P01,2024-07-24,,Monthly,29.0,Active
S011814,C09732,P01,2024-05-16,,Monthly,29.0,Active
S011815,C09733,P03,2024-12-29,,Monthly,149.0,Active
S011816,C09733,P04,2025-10-13,,Monthly,399.0,Active
S011817,C09734,P02,2024-01-12,,Monthly,79.0,Active
S011818,C09735,P02,2024-05-02,,Annual,79.0,Active
S011819,C09736,P04,2024-06-22,,Monthly,399.0,Active
S011820,C09737,P01,2025-06-11,,Annual,29.0,Active
S011821,C09737,P01,2025-10-25,,Monthly,29.0,Active
S011822,C09738,P03,2025-11-17,,Monthly,149.0,Active
S011823,C09739,P02,2025-08-20,2025-10-19,Monthly,79.0,Cancelled
S011824,C09740,P02,2025-02-13,,Monthly,79.0,Active
S011825,C09741,P01,2025-02-25,,Annual,29.0,Active
S011826,C09742,P02,2024-11-13,,Monthly,79.0,Active
S011827,C09742,P03,2025-03-29,,Monthly,149.0,Active
S011828,C09743,P01,2024-12-26,2025-08-12,Annual,29.0,Cancelled
S011829,C09744,P03,2025-01-18,,Annual,149.0,Active
S011830,C09745,P02,2024-03-25,,Monthly,79.0,Active
S011831,C09745,P03,2024-10-05,,Annual,149.0,Active
S011832,C09746,P03,2025-02-23,,Monthly,149.0,Active
S011833,C09747,P02,2025-06-17,,Annual,79.0,Active
S011834,C09748,P03,2024-08-21,,Monthly,149.0,Active
S011835,C09749,P02,2024-11-10,,Monthly,79.0,Active
S011836,C09750,P02,2024-11-21,,Annual,79.0,Active
S011837,C09751,P01,2024-01-18,,Monthly,29.0,Active
S011838,C09752,P02,2025-06-01,,Monthly,79.0,Active
S011839,C09753,P01,2024-03-17,,Monthly,29.0,Active
S011840,C09754,P04,2024-04-11,,Monthly,399.0,Active
S011841,C09754,P03,2025-03-07,,Monthly,149.0,Active
S011842,C09755,P03,2025-03-07,,Monthly,149.0,Active
S011843,C09755,P02,2025-08-11,,Annual,79.0,Active
S011844,C09756,P03,2024-03-25,,Annual,149.0,Active
S011845,C09757,P02,2025-06-17,,Monthly,79.0,Active
S011846,C09758,P01,2024-03-31,2025-04-28,Monthly,29.0,Cancelled
S011847,C09758,P02,2025-04-28,2025-06-17,Monthly,79.0,Cancelled
S011848,C09759,P01,2025-03-22,,Monthly,29.0,Active
S011849,C09760,P01,2025-08-20,,Monthly,29.0,Active
S011850,C09761,P02,2025-01-07,,Monthly,79.0,Active
S011851,C09762,P01,2024-04-19,,Monthly,29.0,Active
S011852,C09762,P02,2024-12-26,,Monthly,79.0,Active
S011853,C09763,P04,2024-04-16,,Annual,399.0,Active
S011854,C09763,P04,2025-04-25,,Monthly,399.0,Active
S011855,C09764,P03,2025-03-14,,Monthly,149.0,Active
S011856,C09765,P02,2024-01-28,,Monthly,79.0,Active
S011857,C09766,P01,2024-07-12,,Monthly,29.0,Active
S011858,C09766,P02,2025-09-11,,Monthly,79.0,Active
S011859,C09766,P01,2025-12-17,,Annual,29.0,Active
S011860,C09767,P01,2024-09-03,,Monthly,29.0,Active
S011861,C09767,P02,2025-03-26,,Monthly,79.0,Active
S011862,C09768,P04,2025-01-08,,Monthly,399.0,Active
S011863,C09768,P03,2025-10-12,,Monthly,149.0,Active
S011864,C09769,P03,2024-06-05,2025-07-22,Monthly,149.0,Cancelled
S011865,C09770,P01,2024-08-31,,Annual,29.0,Active
S011866,C09771,P03,2025-03-04,,Annual,149.0,Active
S011867,C09772,P03,2025-09-04,,Monthly,149.0,Active
S011868,C09773,P02,2024-10-13,,Monthly,79.0,Active
S011869,C09774,P02,2025-06-02,,Monthly,79.0,Active
S011870,C09774,P03,2025-09-09,,Monthly,149.0,Active
S011871,C09775,P02,2025-10-10,,Monthly,79.0,Active
S011872,C09776,P02,2024-08-29,2025-04-04,Annual,79.0,Cancelled
S011873,C09776,P01,2025-04-04,2025-04-06,Monthly,29.0,Cancelled
S011874,C09777,P04,2024-08-31,,Monthly,399.0,Active
S011875,C09778,P01,2025-10-11,,Monthly,29.0,Active
S011876,C09779,P01,2024-05-15,,Annual,29.0,Active
S011877,C09780,P01,2024-12-26,,Annual,29.0,Active
S011878,C09780,P02,2025-04-30,,Annual,79.0,Active
S011879,C09781,P01,2024-12-27,,Monthly,29.0,Active
S011880,C09782,P01,2024-03-08,2025-07-25,Monthly,29.0,Cancelled
S011881,C09783,P01,2024-09-16,,Monthly,29.0,Active
S011882,C09783,P02,2025-10-15,,Annual,79.0,Active
S011883,C09783,P01,2025-12-31,,Monthly,29.0,Active
S011884,C09784,P01,2025-09-16,,Monthly,29.0,Active
S011885,C09785,P03,2025-04-26,,Monthly,149.0,Active
S011886,C09786,P04,2024-05-04,,Monthly,399.0,Active
S011887,C09787,P02,2024-04-03,,Monthly,79.0,Active
S011888,C09788,P03,2025-04-19,,Monthly,149.0,Active
S011889,C09789,P02,2025-04-23,2025-08-26,Monthly,79.0,Cancelled
S011890,C09790,P03,2024-05-23,,Monthly,149.0,Active
S011891,C09791,P02,2024-11-02,,Annual,79.0,Active
S011892,C09792,P02,2025-03-09,,Monthly,79.0,Active
S011893,C09793,P01,2024-09-14,,Monthly,29.0,Active
S011894,C09794,P02,2025-09-10,,Monthly,79.0,Active
S011895,C09795,P03,2024-11-28,,Monthly,149.0,Active
S011896,C09795,P04,2025-10-28,,Monthly,399.0,Active
S011897,C09795,P03,2025-12-31,,Monthly,149.0,Active
S011898,C09796,P01,2024-08-15,2025-02-28,Annual,29.0,Cancelled
S011899,C09797,P03,2025-09-25,,Monthly,149.0,Active
S011900,C09798,P02,2024-11-17,,Monthly,79.0,Active
S011901,C09798,P01,2025-10-03,,Monthly,29.0,Active
S011902,C09798,P02,2025-12-31,,Monthly,79.0,Active
S011903,C09799,P02,2024-11-03,,Monthly,79.0,Active
S011904,C09800,P03,2024-09-28,,Annual,149.0,Active
S011905,C09800,P04,2025-07-29,,Monthly,399.0,Active
S011906,C09800,P03,2025-12-09,,Monthly,149.0,Active
S011907,C09801,P01,2025-08-06,,Annual,29.0,Active
S011908,C09802,P03,2025-08-05,,Monthly,149.0,Active
S011909,C09803,P01,2024-02-22,,Annual,29.0,Active
S011910,C09804,P03,2025-10-20,,Annual,149.0,Active
S011911,C09805,P02,2025-01-09,,Monthly,79.0,Active
S011912,C09806,P03,2025-03-06,,Monthly,149.0,Active
S011913,C09807,P01,2025-10-22,,Monthly,29.0,Active
S011914,C09808,P02,2025-08-27,,Monthly,79.0,Active
S011915,C09809,P01,2024-08-07,,Monthly,29.0,Active
S011916,C09810,P02,2025-05-23,,Monthly,79.0,Active
S011917,C09810,P03,2025-10-22,,Annual,149.0,Active
S011918,C09811,P04,2025-08-10,,Monthly,399.0,Active
S011919,C09812,P01,2024-09-10,,Monthly,29.0,Active
S011920,C09812,P02,2025-06-27,,Monthly,79.0,Active
S011921,C09813,P02,2025-10-31,,Monthly,79.0,Active
S011922,C09814,P03,2025-06-03,,Monthly,149.0,Active
S011923,C09815,P01,2025-08-21,2025-10-31,Annual,29.0,Cancelled
S011924,C09816,P03,2024-11-03,,Monthly,149.0,Active
S011925,C09817,P01,2024-06-17,,Monthly,29.0,Active
S011926,C09817,P02,2025-08-02,,Monthly,79.0,Active
S011927,C09818,P02,2024-10-01,,Annual,79.0,Active
S011928,C09818,P01,2025-01-06,,Monthly,29.0,Active
S011929,C09819,P02,2024-06-02,,Monthly,79.0,Active
S011930,C09819,P01,2024-09-09,,Monthly,29.0,Active
S011931,C09820,P03,2025-03-18,,Monthly,149.0,Active
S011932,C09820,P04,2025-07-06,,Annual,399.0,Active
S011933,C09821,P03,2025-09-28,,Monthly,149.0,Active
S011934,C09822,P03,2024-01-05,2024-03-16,Monthly,149.0,Cancelled
S011935,C09823,P02,2025-06-01,,Annual,79.0,Active
S011936,C09824,P02,2025-06-04,,Annual,79.0,Active
S011937,C09825,P01,2024-09-18,,Monthly,29.0,Active
S011938,C09826,P04,2024-10-20,,Monthly,399.0,Active
S011939,C09826,P03,2025-09-01,,Annual,149.0,Active
S011940,C09827,P03,2025-08-12,,Monthly,149.0,Active
S011941,C09828,P03,2025-05-08,,Monthly,149.0,Active
S011942,C09829,P02,2024-10-04,,Monthly,79.0,Active
S011943,C09830,P03,2025-03-22,,Monthly,149.0,Active
S011944,C09830,P02,2025-07-08,,Monthly,79.0,Active
S011945,C09831,P02,2024-08-18,,Annual,79.0,Active
S011946,C09832,P03,2024-05-06,,Annual,149.0,Active
S011947,C09833,P03,2024-05-30,,Monthly,149.0,Active
S011948,C09834,P02,2025-05-01,,Annual,79.0,Active
S011949,C09835,P01,2024-03-24,,Annual,29.0,Active
S011950,C09836,P03,2024-04-14,,Monthly,149.0,Active
S011951,C09836,P02,2025-09-07,,Monthly,79.0,Active
S011952,C09837,P04,2024-09-17,,Monthly,399.0,Active
S011953,C09838,P04,2024-11-06,,Annual,399.0,Active
S011954,C09839,P02,2024-06-25,,Annual,79.0,Active
S011955,C09840,P01,2025-11-17,,Monthly,29.0,Active
S011956,C09841,P01,2024-02-12,,Monthly,29.0,Active
S011957,C09841,P01,2024-06-22,,Monthly,29.0,Active
S011958,C09842,P02,2024-11-02,,Monthly,79.0,Active
S011959,C09843,P04,2024-04-25,,Annual,399.0,Active
S011960,C09844,P02,2025-01-24,,Monthly,79.0,Active
S011961,C09845,P03,2024-05-26,,Monthly,149.0,Active
S011962,C09846,P02,2024-09-23,,Monthly,79.0,Active
S011963,C09847,P03,2024-01-09,,Monthly,149.0,Active
S011964,C09848,P02,2024-07-10,,Annual,79.0,Active
S011965,C09849,P03,2024-04-29,,Monthly,149.0,Active
S011966,C09849,P02,2025-04-04,,Annual,79.0,Active
S011967,C09849,P03,2025-08-24,,Annual,149.0,Active
S011968,C09850,P03,2025-11-04,,Monthly,149.0,Active
S011969,C09851,P03,2024-12-17,,Annual,149.0,Active
S011970,C09852,P02,2025-04-04,,Annual,79.0,Active
S011971,C09853,P01,2024-03-31,,Monthly,29.0,Active
S011972,C09854,P03,2025-09-12,,Annual,149.0,Active
S011973,C09855,P03,2024-10-20,,Monthly,149.0,Active
S011974,C09855,P02,2025-01-21,,Monthly,79.0,Active
S011975,C09856,P02,2025-03-30,,Monthly,79.0,Active
S011976,C09857,P01,2025-08-02,2025-10-03,Annual,29.0,Cancelled
S011977,C09858,P03,2025-07-08,,Monthly,149.0,Active
S011978,C09859,P03,2024-05-18,2025-04-02,Monthly,149.0,Cancelled
S011979,C09860,P01,2025-06-02,,Annual,29.0,Active
S011980,C09861,P02,2024-07-27,,Monthly,79.0,Active
S011981,C09862,P01,2025-01-22,,Monthly,29.0,Active
S011982,C09863,P01,2025-03-03,,Annual,29.0,Active
S011983,C09864,P01,2024-12-27,,Annual,29.0,Active
S011984,C09865,P01,2024-11-21,,Monthly,29.0,Active
S011985,C09866,P02,2025-03-12,,Monthly,79.0,Active
S011986,C09867,P03,2024-03-01,,Monthly,149.0,Active
S011987,C09868,P01,2024-06-17,,Annual,29.0,Active
S011988,C09868,P02,2025-02-16,,Monthly,79.0,Active
S011989,C09868,P01,2025-09-30,,Annual,29.0,Active
S011990,C09869,P02,2025-08-13,,Monthly,79.0,Active
S011991,C09870,P03,2024-08-13,,Monthly,149.0,Active
S011992,C09871,P01,2025-01-17,,Monthly,29.0,Active
S011993,C09872,P01,2025-09-24,,Monthly,29.0,Active
S011994,C09873,P02,2025-06-07,,Annual,79.0,Active
S011995,C09874,P03,2024-10-13,,Monthly,149.0,Active
S011996,C09875,P03,2024-08-06,,Annual,149.0,Active
S011997,C09876,P03,2024-12-22,2025-10-30,Monthly,149.0,Cancelled
S011998,C09877,P03,2025-01-14,,Monthly,149.0,Active
S011999,C09877,P02,2025-08-15,,Annual,79.0,Active
S012000,C09878,P04,2025-02-07,,Annual,399.0,Active
S012001,C09879,P01,2025-02-05,,Monthly,29.0,Active
S012002,C09880,P02,2024-02-12,2024-09-04,Monthly,79.0,Cancelled
S012003,C09880,P03,2024-09-04,2025-08-26,Monthly,149.0,Cancelled
S012004,C09881,P03,2025-05-15,,Monthly,149.0,Active
S012005,C09881,P04,2025-09-12,,Monthly,399.0,Active
S012006,C09882,P01,2024-01-03,,Monthly,29.0,Active
S012007,C09882,P01,2024-12-19,,Monthly,29.0,Active
S012008,C09882,P02,2025-03-27,,Monthly,79.0,Active
S012009,C09883,P04,2025-06-21,,Annual,399.0,Active
S012010,C09884,P04,2024-11-17,,Annual,399.0,Active
S012011,C09885,P02,2025-10-10,,Monthly,79.0,Active
S012012,C09886,P03,2025-01-04,,Monthly,149.0,Active
S012013,C09887,P04,2025-05-06,,Monthly,399.0,Active
S012014,C09888,P03,2024-01-20,,Monthly,149.0,Active
S012015,C09889,P04,2024-04-09,,Monthly,399.0,Active
S012016,C09889,P04,2024-10-10,,Monthly,399.0,Active
S012017,C09890,P02,2025-06-13,,Monthly,79.0,Active
S012018,C09891,P02,2025-06-11,,Monthly,79.0,Active
S012019,C09892,P02,2025-09-09,,Annual,79.0,Active
S012020,C09893,P04,2024-11-01,,Monthly,399.0,Active
S012021,C09894,P02,2024-07-31,,Monthly,79.0,Active
S012022,C09895,P02,2024-03-23,,Monthly,79.0,Active
S012023,C09895,P03,2025-04-25,,Monthly,149.0,Active
S012024,C09895,P04,2025-11-29,,Annual,399.0,Active
S012025,C09896,P01,2025-09-08,2025-11-11,Monthly,29.0,Cancelled
S012026,C09897,P03,2025-02-08,,Monthly,149.0,Active
S012027,C09898,P02,2024-06-24,,Monthly,79.0,Active
S012028,C09899,P03,2025-01-09,2025-07-02,Monthly,149.0,Cancelled
S012029,C09900,P02,2024-07-27,,Monthly,79.0,Active
S012030,C09901,P03,2024-06-06,,Monthly,149.0,Active
S012031,C09901,P04,2025-02-03,,Monthly,399.0,Active
S012032,C09901,P04,2025-10-13,,Annual,399.0,Active
S012033,C09902,P03,2025-06-02,,Monthly,149.0,Active
S012034,C09902,P04,2025-10-09,,Monthly,399.0,Active
S012035,C09903,P03,2024-02-17,,Monthly,149.0,Active
S012036,C09904,P01,2024-05-03,,Monthly,29.0,Active
S012037,C09905,P03,2024-08-18,,Monthly,149.0,Active
S012038,C09906,P01,2025-08-27,,Monthly,29.0,Active
S012039,C09907,P02,2025-05-23,,Monthly,79.0,Active
S012040,C09908,P02,2025-02-09,,Monthly,79.0,Active
S012041,C09909,P01,2025-03-28,,Annual,29.0,Active
S012042,C09910,P02,2025-08-12,2025-10-16,Monthly,79.0,Cancelled
S012043,C09911,P02,2024-07-03,,Monthly,79.0,Active
S012044,C09912,P01,2024-08-30,,Annual,29.0,Active
S012045,C09912,P02,2025-01-13,,Annual,79.0,Active
S012046,C09913,P03,2025-09-12,,Annual,149.0,Active
S012047,C09914,P02,2024-06-08,,Monthly,79.0,Active
S012048,C09914,P01,2025-09-20,,Monthly,29.0,Active
S012049,C09915,P03,2025-03-01,,Monthly,149.0,Active
S012050,C09916,P04,2025-03-06,,Annual,399.0,Active
S012051,C09917,P01,2025-09-19,,Monthly,29.0,Active
S012052,C09918,P01,2025-04-06,,Monthly,29.0,Active
S012053,C09919,P01,2025-11-18,,Monthly,29.0,Active
S012054,C09920,P04,2024-06-26,,Annual,399.0,Active
S012055,C09920,P04,2025-06-20,,Monthly,399.0,Active
S012056,C09921,P01,2025-05-09,,Monthly,29.0,Active
S012057,C09922,P01,2024-12-09,,Monthly,29.0,Active
S012058,C09923,P03,2024-12-29,,Monthly,149.0,Active
S012059,C09924,P03,2025-03-28,,Monthly,149.0,Active
S012060,C09925,P01,2024-12-30,,Monthly,29.0,Active
S012061,C09925,P01,2025-05-24,,Monthly,29.0,Active
S012062,C09925,P02,2025-12-27,,Annual,79.0,Active
S012063,C09926,P03,2024-08-15,,Annual,149.0,Active
S012064,C09927,P03,2025-07-06,,Annual,149.0,Active
S012065,C09928,P04,2025-11-09,,Monthly,399.0,Active
S012066,C09929,P01,2025-08-04,,Annual,29.0,Active
S012067,C09930,P01,2024-11-03,,Monthly,29.0,Active
S012068,C09930,P02,2025-06-22,,Monthly,79.0,Active
S012069,C09931,P01,2025-03-31,,Monthly,29.0,Active
S012070,C09932,P01,2024-10-07,,Monthly,29.0,Active
S012071,C09933,P02,2025-01-29,,Annual,79.0,Active
S012072,C09933,P03,2025-12-21,,Monthly,149.0,Active
S012073,C09934,P02,2025-10-23,2025-12-28,Monthly,79.0,Cancelled
S012074,C09935,P01,2025-10-07,,Monthly,29.0,Active
S012075,C09936,P01,2024-12-02,2025-09-14,Annual,29.0,Cancelled
S012076,C09937,P01,2024-11-01,,Annual,29.0,Active
S012077,C09937,P01,2025-04-02,,Monthly,29.0,Active
S012078,C09937,P01,2025-10-23,,Monthly,29.0,Active
S012079,C09938,P02,2025-05-05,,Monthly,79.0,Active
S012080,C09939,P01,2025-02-11,,Monthly,29.0,Active
S012081,C09940,P01,2024-02-13,2025-01-24,Monthly,29.0,Cancelled
S012082,C09941,P01,2025-08-29,,Monthly,29.0,Active
S012083,C09942,P03,2024-02-14,,Annual,149.0,Active
S012084,C09943,P03,2025-05-31,,Monthly,149.0,Active
S012085,C09944,P01,2024-09-14,,Annual,29.0,Active
S012086,C09945,P01,2024-09-05,,Annual,29.0,Active
S012087,C09946,P02,2024-01-03,,Monthly,79.0,Active
S012088,C09947,P02,2024-12-05,,Monthly,79.0,Active
S012089,C09948,P03,2025-02-11,2025-10-19,Monthly,149.0,Cancelled
S012090,C09949,P01,2024-11-22,,Monthly,29.0,Active
S012091,C09950,P03,2024-04-13,,Monthly,149.0,Active
S012092,C09950,P04,2025-09-11,,Monthly,399.0,Active
S012093,C09951,P02,2025-11-08,,Monthly,79.0,Active
S012094,C09952,P04,2025-06-27,,Monthly,399.0,Active
S012095,C09952,P04,2025-11-27,,Monthly,399.0,Active
S012096,C09953,P02,2025-09-05,,Annual,79.0,Active
S012097,C09954,P02,2024-04-16,,Annual,79.0,Active
S012098,C09955,P01,2024-01-11,,Annual,29.0,Active
S012099,C09956,P02,2024-04-12,,Monthly,79.0,Active
S012100,C09957,P02,2024-06-23,,Monthly,79.0,Active
S012101,C09957,P03,2025-01-19,,Annual,149.0,Active
S012102,C09958,P03,2025-11-01,,Monthly,149.0,Active
S012103,C09959,P02,2024-11-29,,Monthly,79.0,Active
S012104,C09959,P03,2025-06-17,,Monthly,149.0,Active
S012105,C09960,P03,2024-02-14,,Monthly,149.0,Active
S012106,C09960,P04,2025-03-15,,Monthly,399.0,Active
S012107,C09961,P01,2024-02-27,,Monthly,29.0,Active
S012108,C09962,P04,2025-08-20,,Monthly,399.0,Active
S012109,C09963,P02,2025-11-29,,Monthly,79.0,Active
S012110,C09964,P03,2025-02-14,,Annual,149.0,Active
S012111,C09965,P02,2024-08-18,2024-11-12,Annual,79.0,Cancelled
S012112,C09966,P01,2025-02-18,,Annual,29.0,Active
S012113,C09967,P01,2024-04-27,,Monthly,29.0,Active
S012114,C09968,P02,2025-02-24,,Monthly,79.0,Active
S012115,C09969,P04,2024-03-16,,Annual,399.0,Active
S012116,C09970,P01,2025-04-13,2025-11-28,Monthly,29.0,Cancelled
S012117,C09971,P02,2024-10-03,,Monthly,79.0,Active
S012118,C09972,P02,2024-01-29,,Annual,79.0,Active
S012119,C09973,P04,2024-07-22,,Monthly,399.0,Active
S012120,C09974,P04,2024-01-14,,Annual,399.0,Active
S012121,C09975,P03,2025-04-18,,Monthly,149.0,Active
S012122,C09976,P02,2025-05-30,,Monthly,79.0,Active
S012123,C09977,P03,2024-10-26,,Monthly,149.0,Active
S012124,C09978,P02,2025-04-03,,Annual,79.0,Active
S012125,C09978,P01,2025-12-20,,Annual,29.0,Active
S012126,C09979,P02,2025-06-05,,Monthly,79.0,Active
S012127,C09980,P02,2024-03-30,,Monthly,79.0,Active
S012128,C09980,P03,2025-10-16,,Monthly,149.0,Active
S012129,C09981,P02,2024-06-10,,Monthly,79.0,Active
S012130,C09982,P01,2025-08-16,,Monthly,29.0,Active
S012131,C09983,P02,2025-06-20,2025-08-30,Monthly,79.0,Cancelled
S012132,C09984,P02,2024-09-14,,Monthly,79.0,Active
S012133,C09985,P03,2024-12-17,,Monthly,149.0,Active
S012134,C09986,P02,2024-09-30,,Monthly,79.0,Active
S012135,C09986,P03,2025-02-09,,Monthly,149.0,Active
S012136,C09987,P02,2025-06-17,,Monthly,79.0,Active
S012137,C09988,P03,2025-10-14,,Monthly,149.0,Active
S012138,C09989,P02,2025-11-04,,Monthly,79.0,Active
S012139,C09990,P01,2025-03-31,,Monthly,29.0,Active
S012140,C09991,P02,2024-12-31,,Annual,79.0,Active
S012141,C09992,P01,2025-07-30,2025-11-03,Monthly,29.0,Cancelled
S012142,C09993,P04,2025-06-28,2025-09-06,Annual,399.0,Cancelled
S012143,C09994,P01,2025-08-11,,Monthly,29.0,Active
S012144,C09995,P02,2025-08-08,,Monthly,79.0,Active
S012145,C09996,P01,2025-04-26,,Monthly,29.0,Active
S012146,C09996,P02,2025-11-28,,Monthly,79.0,Active
S012147,C09997,P03,2024-09-08,2024-12-04,Monthly,149.0,Cancelled
S012148,C09998,P02,2024-11-27,2025-05-30,Annual,79.0,Cancelled
S012149,C09999,P04,2024-12-24,2025-04-01,Monthly,399.0,Cancelled
S012150,C10000,P01,2024-10-23,2025-06-06,Monthly,29.0,Cancelled
